time,seconds_elapsed,z,y,x
1789483391009381600,0.047381591796875,0.36972295470833777,-0.2630835848715156,0.08853226993381977
1789483391019431700,0.057431640625,0.3361123615294695,-0.1057506773687899,0.13497165728658436
1789483391029480700,0.067480712890625,0.6773878049105405,0.02692074015140533,0.4367768216751516
1789483391039529500,0.077529541015625,1.2261919000059365,0.09704992291033267,0.7777809007689356
1789483391049578800,0.087578857421875,1.7158920642256736,0.08454802260324358,1.092519781010598
1789483391059628500,0.097628662109375,1.4878671524494886,0.01558583779707551,1.5133433928810058
1789483391069677600,0.107677490234375,0.9309282662153243,-0.06614581221118569,1.312492465364933
1789483391079726600,0.1177265625,0.3433779686182737,-0.17345745528638362,0.8215005077689885
1789483391089776600,0.127776611328125,-1.912405400928855,-0.10743073941022158,-0.07487623115554451
1789483391099825700,0.13782568359375,-2.4375632474988698,-0.231130184315145,-0.5682812412425875
1789483391109874400,0.14787451171875,-2.937798249736428,-0.6311690745711326,-0.789041130451858
1789483391119923700,0.157923828125,-2.857659714138508,-1.0711313944146037,-0.795218065521121
1789483391129973800,0.167973876953125,-2.832166376441717,-1.2377338692396878,-0.8650564486399293
1789483391140022500,0.1780224609375,-2.5857968296796083,-1.297503278286755,-0.7391358205541968
1789483391150071600,0.188071533203125,-4.679369529619812,-0.7819327597513794,-0.6223034849397838
1789483391160121600,0.19812158203125,-4.31439406169951,-0.4637091061338782,-0.3191017516262829
1789483391170170600,0.208170654296875,-2.937513587576151,-0.7801260025903582,0.011052578281611204
1789483391180219600,0.2182197265625,-2.418621231141686,-0.9749974173054099,-0.1452614345021546
1789483391190268400,0.228268310546875,-1.5513742867201565,-1.045017002210021,-0.3698340138673782
1789483391200318500,0.238318359375,-1.1635106951653957,-1.205562368953228,-0.45882250313609835
1789483391210367700,0.24836767578125,-1.2400491604447363,-1.2966142204925417,-0.4425806856483221
1789483391220416500,0.25841650390625,-1.8534236351281403,-1.1474886579081416,-0.4611726464588195
1789483391230465500,0.268465576171875,-1.9819220047473907,-0.8343101588509977,-1.1122672685317694
1789483391240515600,0.278515625,-0.7580769601285458,-0.54665188549757,-1.5882891821414231
1789483391250564600,0.288564697265625,-0.809423701006174,-0.36667291948795316,-1.6746562368653715
1789483391260613600,0.298613525390625,2.786801632583141,-0.02686637961566448,0.33775786371417343
1789483391270663400,0.308663330078125,3.3919431164503098,0.14694778015390036,0.8432454527176916
1789483391280712700,0.318712646484375,3.0754309429258107,0.21489859596043823,1.1164139398824422
1789483391290761500,0.328761474609375,2.4330969157397746,0.14941095539703964,1.0164541208747773
1789483391300810500,0.338810546875,1.4551958859473466,0.08315320724397897,0.6784799109961838
1789483391310860500,0.348860595703125,0.6694488286048174,0.15569398118928074,1.1897434530526398
1789483391320909600,0.35890966796875,0.3302466843664646,0.0445605878688395,2.11140996992588
1789483391330958600,0.36895849609375,-0.060703767287731164,-0.0441150360584259,2.2427887172870338
1789483391341008600,0.379008544921875,-0.3701099081993103,0.14117562649324536,1.6965866213835774
1789483391351057400,0.389057373046875,-0.35601883900463577,0.09130889504030347,1.593379198756814
1789483391361106700,0.399106689453125,-0.3778624220222235,0.4303536567598581,0.9515482257220893
1789483391371155500,0.409155517578125,-0.5743284124523401,0.3609631635390222,0.6986486196041107
1789483391381205500,0.41920556640625,-0.5925269169658423,-0.01574219740256667,0.6960030004661529
1789483391391254800,0.4292548828125,-0.9365437680095433,-0.3350938321366906,0.8230427687749267
1789483391401303600,0.439303466796875,-1.4186638523638249,-0.37924788503125306,0.7990586665973067
1789483391411352600,0.4493525390625,-1.5651830318421125,-0.07503259076103568,0.6352742448676377
1789483391421402600,0.459402587890625,-1.5874328575730323,0.2656291046358645,0.360334071855247
1789483391431451600,0.46945166015625,-1.7443261315494776,0.7536037602372467,0.32726591499000784
1789483391441500700,0.479500732421875,-1.9269319389313457,1.1228522293016314,0.20111330477930603
1789483391451550500,0.489550537109375,-1.9557430228739976,1.0777467209011315,-0.1511281345784664
1789483391461600300,0.499600341796875,-2.03789231377244,0.8334989885985851,-0.19688786910399794
1789483391471649500,0.5096494140625,-2.534712539130449,0.3999211090952158,-0.13690218695774672
1789483391481698300,0.5196982421875,-3.015235709682107,-0.1973547559633851,0.2328631455875933
1789483391491748400,0.529748291015625,-3.7163679627954957,-0.92503365521878,0.8264717203103006
1789483391501797400,0.53979736328125,-4.482566854581236,-1.8240718684375286,1.0190892186187208
1789483391511846400,0.549846435546875,-4.879463647419214,-2.714132409952581,0.815927091550827
1789483391521896400,0.559896484375,-5.3965089146822685,-2.942850564689934,0.28487580302804705
1789483391531945200,0.5699453125,-5.748369464963674,-2.9648350174829363,-0.4638771561771631
1789483391541994200,0.579994140625,-5.900432834565639,-2.942781591106951,-0.5918807280167937
1789483391552043500,0.59004345703125,-5.567846309074759,-2.064183523848653,0.13242723350077867
1789483391562093300,0.60009326171875,-4.648174765411019,-1.3350623168304563,0.9583341595351695
1789483391572142300,0.610142333984375,-3.7036347379505634,-1.3359864459380506,1.782720159612596
1789483391582191000,0.620191162109375,-2.8183669836699963,-1.3313880122318864,2.783351199868321
1789483391592240400,0.630240478515625,-1.9121885433077812,-1.0766878594979643,3.1190257545024154
1789483391602290400,0.64029052734375,-1.5902654506504534,-1.0640490349382161,2.7116724495798348
1789483391612339200,0.650339111328125,-0.06779401780962943,-0.7046227255776524,2.9322359394341704
1789483391622388500,0.660388427734375,0.1875233900398016,-1.1221896737396717,2.25040869077146
1789483391632438500,0.6704384765625,-0.7749754879593849,-2.4124776138201356,0.452340447640419
1789483391642487300,0.6804873046875,-2.283800088241696,-3.3954005634278057,-0.5452133771270513
1789483391652536300,0.690536376953125,-3.3681583362370726,-4.119544566555321,-0.5323457122474908
1789483391662585300,0.70058544921875,-3.6040304543823,-4.640879347705841,-0.45739597746431826
1789483391672635400,0.710635498046875,-3.341016062289476,-5.017797182354331,-0.7192921791821718
1789483391682684400,0.720684326171875,-2.723097514435649,-5.355790535324812,-0.5753834744632244
1789483391692733200,0.730733154296875,-1.800053279468417,-5.775476083076,-0.08795300874114036
1789483391702782500,0.740782470703125,-0.6617828240215778,-6.058506258237362,0.647664282298088
1789483391712832300,0.750832275390625,0.9432575864344834,-6.200850197857618,1.616324021014571
1789483391722881300,0.76088134765625,2.928720040267706,-6.468105296260118,2.2170137861698866
1789483391732930300,0.770930419921875,4.053457352663576,-6.708487000784277,2.4574410834014415
1789483391742980400,0.78098046875,3.765346805498004,-6.75911711782515,3.076780603969097
1789483391753029400,0.791029296875,3.5054140128076074,-6.724090812629461,3.4306232679784294
1789483391763078100,0.801078125,3.3564871876657008,-6.52388388210535,3.436457965481281
1789483391773127400,0.81112744140625,2.807050639885664,-6.098519704195857,3.842779004746675
1789483391783177500,0.821177490234375,2.297166350293159,-5.640815683695673,4.600713926056027
1789483391793226200,0.831226318359375,2.3647873496234415,-4.987573893526196,5.512108639761805
1789483391803275300,0.841275146484375,2.733386853259802,-3.776099962441623,6.48227644495368
1789483391813325300,0.8513251953125,2.547534611302614,-2.585760589322448,7.96883485289216
1789483391823374300,0.861374267578125,2.5243594874203206,-1.2091693074040115,9.6728155300498
1789483391833423400,0.87142333984375,2.9489129334688187,0.5918515019223094,10.952294199085236
1789483391843472100,0.88147216796875,2.8873031572520733,2.728649303343892,12.24314883313775
1789483391853522200,0.891522216796875,1.7898633093655107,4.499239172440767,13.237799337679148
1789483391863571500,0.901571533203125,0.4653939539482817,5.803839423251151,13.933783706510066
1789483391873620200,0.9116201171875,-0.6056214494038373,6.63231678429544,14.574515559196472
1789483391883669500,0.92166943359375,-1.7314070287436245,7.482775091001391,15.246898103165625
1789483391893719600,0.931719482421875,-3.4351386995762585,8.795394397616386,15.448885487365722
1789483391903768300,0.941768310546875,-5.399242139038443,10.166558832180499,14.418448214650153
1789483391913817300,0.9518173828125,-7.108333291077614,11.087691680568456,12.570578121995926
1789483391923867100,0.9618671875,-8.398608663937448,10.8259486235857,10.649905827981232
1789483391933916400,0.97191650390625,-8.86027106667459,9.734664960241318,8.672593362855912
1789483391943965400,0.98196533203125,-9.545624735897778,8.32344967031777,6.763998460125923
1789483391954014200,0.99201416015625,-9.978891065233945,7.001614791589975,5.211296139672398
1789483391964064300,1.002064208984375,-10.134003301012516,5.527928724706173,3.5000182912439106
1789483391974113300,1.01211328125,-10.185306787270306,3.9019630151212215,1.702444553631544
1789483391984162300,1.022162353515625,-11.487383072561025,0.9082154991477728,-0.9673919107377529
1789483391994212400,1.03221240234375,-11.179282753551005,-2.237546578849852,-3.5573341696590184
1789483392004261400,1.042261474609375,-8.410921033021808,-3.5814857373580335,-4.503089418128132
1789483392014310400,1.052310302734375,-5.9822945406943555,-2.1261796690344807,-4.365020087087154
1789483392024359200,1.062359130859375,-2.8625390106126662,-0.6216209095031022,-2.791561394330859
1789483392034409200,1.0724091796875,-1.8118566761173307,-0.53300943685323,-2.886621020206809
1789483392044458500,1.08245849609375,-1.289440967862308,-0.4467936271682381,-2.8236703507751226
1789483392054507300,1.09250732421875,-1.5838970846623182,-0.37891222333610053,-2.5688474484443664
1789483392064557300,1.102557373046875,-1.386845549429208,-1.4337816342577336,-4.16808355653584
1789483392074606300,1.1126064453125,-0.9187643656909465,-2.4064666829675434,-5.064429754191637
1789483392084655400,1.1226552734375,0.08070376826524735,-3.684453944401443,-5.686023191165924
1789483392094704400,1.132704345703125,0.06633505117297173,-4.602974272203445,-5.844217610868811
1789483392104754400,1.14275439453125,-0.9113760090053081,-5.079269595926999,-6.145481946378946
1789483392114803200,1.15280322265625,-0.8336702535122632,-5.11185026153624,-6.170933783021569
1789483392124852500,1.1628525390625,-0.8748945365652442,-3.602462182152271,-4.890080903023481
1789483392134901200,1.1729013671875,-1.4881928772725164,-2.6450381231993436,-4.125608688899875
1789483392144951300,1.182951416015625,-2.7475357901215554,-0.8983348872549831,-2.140922480136156
1789483392155000600,1.19300048828125,-3.6036528532415626,2.8263638276427985,1.1140677420824765
1789483392165049300,1.20304931640625,-2.4305806951351463,6.09165040294826,4.176015518578887
1789483392175099400,1.213099365234375,-2.2078327008485794,9.993284332245588,7.253535542738438
1789483392185148200,1.223148193359375,2.963918194898963,12.670116354590654,7.832127457854151
1789483392195197400,1.233197509765625,2.8264433226197956,10.371413880771398,5.50792229398787
1789483392205246500,1.24324658203125,-1.0387141026735305,6.918216961935162,4.204363076663017
1789483392215296300,1.253296142578125,-2.422819851875305,5.491102092090249,1.4015654180467128
1789483392225345300,1.26334521484375,-3.5728409508705137,2.5423288593530655,-3.5722932538598773
1789483392235394300,1.273394287109375,-2.748942149788141,-0.569329435121268,-6.013215748658776
1789483392245444400,1.2834443359375,0.38245040739960967,-2.635428583332896,-5.106154095721244
1789483392255493400,1.293493408203125,1.7278699406586586,-3.04169409301877,-4.763042669084668
1789483392265542100,1.303542236328125,1.5772795662187038,-1.9370333539679645,-4.983143802124261
1789483392275591400,1.31359130859375,1.0441010564088822,-1.333107967892289,-5.066248201790452
1789483392285641500,1.323641357421875,-2.4207553205609322,-1.5802359318062662,-4.158924683046341
1789483392295690200,1.333690185546875,-4.651427629727125,-2.036318196323514,-4.031913921636343
1789483392305739500,1.343739501953125,-3.5813249938383698,-3.3900469274401663,-3.673050799116492
1789483392315788300,1.353788330078125,-0.7872806966505944,-5.4152434257686135,-5.129951150894165
1789483392325838300,1.36383837890625,1.2775208129659295,-7.079839602521061,-6.996807683569193
1789483392335887400,1.373887451171875,2.476013681924343,-7.424708101958036,-5.398882073554397
1789483392345936400,1.383936279296875,2.844082147423923,-5.894923715755343,-1.286076167604327
1789483392355986400,1.393986328125,3.3423730298563834,-5.404200638228654,-0.7871165921300649
1789483392366035200,1.40403515625,3.5917353286936877,-5.19641128975153,-0.7017571070134639
1789483392376084200,1.414084228515625,-3.9059889096364375,-5.328267737627029,-3.433052540951967
1789483392386133500,1.424133544921875,7.71929661296606,0.5119311391197144,14.712497796475887
1789483392396183300,1.434183349609375,-1.4595453133285046,6.3337459256529804,19.963643715977668
1789483392406232300,1.444232421875,-2.6080209364473816,8.498227560552953,9.92518636305332
1789483392416281300,1.45428125,-3.844294085484743,7.770058831954002,8.615148889625072
1789483392426331400,1.464331298828125,-4.063696714866161,5.133737099173665,10.910470488834381
1789483392436380400,1.47438037109375,-1.714834079605341,3.890536781221628,10.266752898335456
1789483392446429200,1.48442919921875,-3.3909719333305954,3.836697346745431,9.582340309354663
1789483392456478500,1.494478515625,-4.7730990759357805,3.41514279025197,9.81379051940441
1789483392466527700,1.50452783203125,-3.920556364171207,3.1495220150530336,8.473662443616986
1789483392476576500,1.514576416015625,-2.3530104025900362,4.138604948595166,7.357646490076184
1789483392486625800,1.524625732421875,0.45612902626842255,6.551819352257251,6.940548036208749
1789483392496674600,1.534674560546875,1.1960276478886605,8.862114064192772,6.41686903001964
1789483392506724600,1.544724609375,0.011854103922843933,8.030275702282786,4.92592846147418
1789483392516773600,1.554773681640625,-2.4913503672659396,4.328214497259259,1.5270125834017991
1789483392526822700,1.56482275390625,-2.925899137628078,4.347326609486341,1.450239724844694
1789483392536872700,1.574872802734375,-3.045196548181772,-1.7968141514167189,-4.111826247262955
1789483392546921700,1.584921630859375,-3.4531787986576554,-1.7066406901471316,-4.134973314094543
1789483392556970500,1.594970458984375,-2.0746704310715196,-5.277616577798128,-9.859588978505133
1789483392567019800,1.605019775390625,-0.9134136523127555,-7.486956760600209,-13.848976594579218
1789483392577069600,1.615069580078125,0.17341244710087775,-8.460792440649866,-15.55674146645069
1789483392587118600,1.62511865234375,-0.2427572014838457,-7.951735249531269,-15.738636495214699
1789483392597167600,1.635167724609375,-1.9186299745321274,-6.003029285687208,-14.096508755379915
1789483392607217700,1.6452177734375,-3.3519279169261456,-3.368914707562327,-11.421648909890651
1789483392617266700,1.6552666015625,-3.3006846364229916,-0.9445055406689643,-9.566880289894343
1789483392627315500,1.6653154296875,-2.668883109167218,1.0019488448560236,-7.565251129636168
1789483392637364700,1.67536474609375,-2.121554347321391,2.3717045816659925,-5.295187305802107
1789483392647414800,1.685414794921875,-1.2949800434194505,2.6930197715580464,-2.7247096258074044
1789483392657463600,1.695463623046875,0.7733902645945548,2.6350533202797175,0.12485796729028224
1789483392667512600,1.7055126953125,1.9395237094789741,1.3774135580867528,2.7646844933211803
1789483392677562600,1.715562744140625,-0.7586129667013883,-0.5736211409658193,4.740086156389117
1789483392687611600,1.725611572265625,-0.7485077522724867,-1.9966110398352146,4.956939685809612
1789483392697660700,1.73566064453125,1.4030425048619508,-0.48785190600454803,4.368814218673109
1789483392707709400,1.74570947265625,3.1316455821007487,0.4085457295775413,3.3245348830878734
1789483392717759500,1.755759521484375,4.793974398443103,-0.3615080840706825,2.0664929698348042
1789483392727808800,1.765808837890625,5.85365647034347,0.5612514887362718,1.0382435625523327
1789483392737857500,1.775857421875,5.42539423290491,2.2070669771730898,0.004916413614153862
1789483392747906600,1.785906494140625,3.791756088995933,2.022087426397204,-0.46893911574184893
1789483392757956600,1.79595654296875,0.6221352887660264,1.090390513896942,-0.2891518729120493
1789483392768005600,1.806005615234375,-1.4449106387764215,1.1625263603031635,-0.4433326730594039
1789483392778054700,1.8160546875,-2.755337403783202,1.444362941765785,-0.6140533968582749
1789483392788104400,1.8261044921875,-3.6018887661784884,1.5491192012697457,0.19671236640661954
1789483392798153700,1.83615380859375,-3.292410729074478,1.1365917085796593,1.2184934544578194
1789483392808202500,1.846202392578125,-2.244829429334402,1.0772364332914353,1.5373267644062638
1789483392818251500,1.85625146484375,-2.119059023374319,2.0485142455518246,1.736896858331561
1789483392828301600,1.866301513671875,-2.981201922655105,3.676885847234726,1.0905106331452727
1789483392838350600,1.8763505859375,-2.8978233822226525,4.1026223655879495,1.1210445953577757
1789483392848399600,1.886399658203125,-1.9285890584886074,4.646352226158976,2.328078790429234
1789483392858449700,1.89644970703125,-0.3551648525238037,4.438588596644998,3.3251951005622744
1789483392868498700,1.906498779296875,2.5499860961079595,3.7575960452407595,3.539484624713659
1789483392878547700,1.916547607421875,2.3810838199079036,3.2048025882482527,3.6712887578800317
1789483392888596500,1.926596435546875,2.8602415473252534,3.1759792293459177,3.909987039361894
1789483392898646500,1.936646484375,4.054939407914877,2.8328292242646214,3.818401227076351
1789483392908695800,1.94669580078125,4.969723764058947,1.3190847032368183,3.2318735505253073
1789483392918744600,1.95674462890625,5.31004526771605,-1.9261814128249883,2.351241054829955
1789483392928794600,1.966794677734375,5.8600406184226275,-6.456741606202721,0.8219551196686923
1789483392938843600,1.97684375,5.006311911743879,-11.797018346053362,-1.7098313028819858
1789483392948892700,1.986892578125,6.381319577732682,-17.563856364643573,-6.107733522742986
1789483392958941700,1.996941650390625,0.972195438561961,-5.571405462861061,-1.6487005423538386
1789483392968991500,2.006991455078125,-0.6714731009740382,-5.540208945086598,-8.07303230946958
1789483392979040500,2.01704052734375,-5.917101645293831,-3.928724765318632,-11.228450396823883
1789483392989089800,2.02708984375,-6.080249888011813,-0.8020294991016388,-8.994610563537478
1789483392999138600,2.037138671875,-3.528701949414611,1.3058546347856521,-5.959806230032443
1789483393009188600,2.047188720703125,-1.7647458192437886,1.7289122893184423,-4.251162821760773
1789483393019237600,2.057237548828125,-1.7870646185576915,1.7182143696933985,-4.177885111843049
1789483393029286700,2.06728662109375,1.7652385711967944,1.070875081565976,-1.2050376144267618
1789483393039336700,2.077336669921875,2.4719243667840956,0.3200900320112705,-0.7895397276237607
1789483393049385500,2.087385498046875,2.9652444750666618,-0.1442968272536993,-0.8520905840829014
1789483393059434800,2.097434814453125,3.2256355329185724,-0.1303320147871971,-0.5850967669650912
1789483393069483500,2.1074833984375,2.5396096635222434,0.12402853072881698,-0.03475128764659166
1789483393079533600,2.117533447265625,1.5320786346197128,0.26035657106041904,0.48994347145631906
1789483393089582600,2.12758251953125,0.6409083782970905,0.27434301083683965,0.8382660568699241
1789483393099631600,2.137631591796875,-0.20206454108953475,0.2514572252899408,0.8805990318171679
1789483393109681700,2.147681640625,-0.7731476149450988,0.36268121950328347,0.6533440815001725
1789483393119730700,2.157730712890625,-0.8062386412292718,0.363224824860692,0.6345043564736843
1789483393129779500,2.167779541015625,-0.7305149994641542,0.5439350277543068,0.20094532780125737
1789483393139828700,2.177828857421875,-1.1663556362677365,0.5659288328975439,0.2723288945354521
1789483393149878800,2.187878662109375,-1.6013041465371847,0.34012978047728537,0.3541710191808641
1789483393159927600,2.197927490234375,-1.4320347905904054,-0.25528584366738793,0.2434640345789492
1789483393169976800,2.207976806640625,-1.1389840836089105,-0.8518325176686048,0.25710429126620293
1789483393180026600,2.218026611328125,-0.4893686672430485,-1.327214818200469,0.23647972864955663
1789483393190075600,2.22807568359375,-0.43092239655852316,-0.9839520003944635,0.6925207843735813
1789483393200124700,2.238124755859375,-0.4942880034666508,-0.42633448424637316,1.2320942559175192
1789483393210173700,2.248173583984375,-0.02504146574344486,0.05381751490533351,1.4753364644393323
1789483393220223700,2.2582236328125,0.6391769513946026,0.31468963427245616,1.549545609988272
1789483393230272500,2.2682724609375,1.2688947311788796,0.3288257116526365,1.7026397839426994
1789483393240321500,2.278321533203125,1.6493436625629663,0.1391027657419443,1.5793490659691392
1789483393250370600,2.28837060546875,1.6314409261256455,0.14121288976371288,1.5571049393266438
1789483393260420600,2.298420654296875,1.249966158825159,-0.12901976314485072,1.1981903788805006
1789483393270469600,2.3084697265625,0.7334055332738906,-0.2644961550831795,0.9903549993045627
1789483393280518700,2.3185185546875,0.157830335630849,-0.421312272170186,0.5848569668598472
1789483393290568700,2.328568603515625,-0.44252519260142,-0.5786667339175939,0.13152195522412657
1789483393300617700,2.33861767578125,-0.9187760561287402,-0.631179595965147,-0.1899477676425129
1789483393310666500,2.34866650390625,-1.152189748271182,-0.6763502785563469,-0.401631858535856
1789483393320715800,2.3587158203125,-1.2222013690650462,-0.7001391504228115,-0.4019436278987676
1789483393330765800,2.368765869140625,-1.0451093566685914,-0.6224836638122797,-0.2986671586237848
1789483393340814600,2.378814697265625,-0.9000561580896377,-0.43611938067972655,-0.1795431318756193
1789483393350863600,2.388863525390625,-0.8091039675325155,-0.21906126859784125,0.19001016535423695
1789483393360913400,2.398913330078125,-0.6729940269310027,-0.03777355807721615,0.49873592278622086
1789483393370962700,2.408962646484375,-0.47303895227611065,0.00538052399456501,0.6259548470541835
1789483393381011700,2.41901171875,-0.2556114954251796,-0.013463292685151099,0.5363019755925983
1789483393391060500,2.429060546875,-0.11826229535229503,0.058230070650577545,0.7102751253161579
1789483393401110500,2.439110595703125,-0.2834866867572069,-0.07411445300281047,0.6564402939498424
1789483393411159600,2.44915966796875,-0.38079438382089137,-0.029808862808346746,0.4255261635381728
1789483393421208600,2.45920849609375,-0.3673743457555771,0.12021978609561919,0.14799202850982546
1789483393431258600,2.469258544921875,-0.3942676864434033,0.28122809417545797,-0.10422405232340097
1789483393441307600,2.4793076171875,-0.41834063594825566,0.346165553510189,-0.20723244524672627
1789483393451356700,2.489356689453125,-0.4564706793129444,0.3264315099924803,-0.21656755208596587
1789483393461405400,2.499405517578125,-0.5736579658448696,0.18576573271751404,-0.4149379878979176
1789483393471456300,2.509456298828125,-0.5710912571620196,0.18714520437717436,-0.4289272772185504
1789483393481505300,2.51950537109375,-0.7904401835948228,0.09827274270355701,-0.4789301292065531
1789483393491554300,2.52955419921875,-0.98403324893713,0.15475860003530978,-0.3733468442939222
1789483393501603000,2.53960302734375,-1.1568974145054816,0.2394768646389246,-0.14741875866651535
1789483393511653000,2.549653076171875,-1.304150168955326,0.33346389284729955,0.15965075599104164
1789483393521702400,2.559702392578125,-1.4797446362704039,0.4241799365609884,0.42154776142649353
1789483393531751200,2.569751220703125,-1.733454024401307,0.4850198974490165,0.5832762004744261
1789483393541801200,2.57980126953125,-1.954254245620966,0.4762772035449743,0.6475121604762971
1789483393551850200,2.589850341796875,-1.8977882620334625,0.3734107033103704,0.5830589775271713
1789483393561899300,2.599899169921875,-1.7107962023913859,0.24456395864486694,0.5272127332732081
1789483393571948300,2.6099482421875,-1.689091151061654,0.25332535724937916,0.5539134009331464
1789483393581998000,2.619998046875,-1.6367559836685657,0.3703612526118755,0.610678513597697
1789483393592047000,2.630047119140625,-1.3695172518789767,0.4775596445709467,0.6184378224875777
1789483393602096400,2.640096435546875,-1.0052999088495969,0.547187307548523,0.6207637812171131
1789483393612146200,2.650146240234375,-0.877214796206355,0.501063854277134,0.5775195366438478
1789483393622195200,2.6601953125,-1.2935258990883827,0.3887129018604755,0.5793791930358857
1789483393632244200,2.670244140625,-2.0894284397423264,0.6258563551157713,0.7306877987477928
1789483393642293200,2.680293212890625,-2.1244331176280973,0.9656962127357721,0.8504800801463425
1789483393652343300,2.69034326171875,-1.3758826952576637,1.2024684945911168,0.7941380882646888
1789483393662392000,2.70039208984375,-0.5634416922569274,1.7044669993698596,0.6754922734875232
1789483393672441300,2.71044140625,0.044750995874404904,2.5279665720015765,0.6381091760326176
1789483393682490000,2.720489990234375,0.050141493273712694,3.4263527510523795,0.6368043039791286
1789483393692540200,2.7305400390625,-0.726115230135247,4.1022313204437495,0.43879999806582926
1789483393702589200,2.740589111328125,-1.4318682018518447,4.391926214191317,-0.2720741891220212
1789483393712638200,2.75063818359375,-0.9050913757778704,4.124864592534303,-1.3345948454491794
1789483393722688300,2.760688232421875,0.2594318574309349,3.7683617694050073,-1.771058363391459
1789483393732737300,2.7707373046875,0.9337012380599975,3.359408628070354,-1.8806296219617127
1789483393742786000,2.7807861328125,0.9095793348468839,2.76181273727715,-1.9553033162824809
1789483393752835300,2.79083544921875,0.8955554856695235,1.790993190178275,-1.9205895841673015
1789483393762885000,2.800885009765625,1.3645137445032596,0.6302671572953462,-1.6024284743919968
1789483393772934100,2.81093408203125,1.3861761257350445,-0.35947745502591133,-1.114752071084827
1789483393782983400,2.8209833984375,0.9346084160327911,-0.7855752079069614,-0.31610373885408044
1789483393793033200,2.831033203125,0.4472073225356638,-0.6899994492024183,0.6372466409191488
1789483393803082200,2.841082275390625,-0.5674257934570313,-0.21242869871556758,1.4391750177338718
1789483393813131000,2.851131103515625,-1.3138767593301832,0.21653964116573332,1.8582132074922322
1789483393823180300,2.86118017578125,-0.775942141034454,0.34407354966700077,2.192119729540497
1789483393833230300,2.871230224609375,0.09492986201643944,0.3031500031262636,2.716397724536061
1789483393843279000,2.881279052734375,0.1026911436676979,0.47801147999167437,3.3410841590896245
1789483393853328100,2.891328125,0.0031999650850892064,0.7300257546424865,3.707745388139784
1789483393863377200,2.901377197265625,0.045531624858081335,0.9577116437226534,3.5874528290688987
1789483393873427200,2.91142724609375,-0.6912579248309135,1.323266372835636,3.126609926021099
1789483393883476200,2.921476318359375,-1.6838810151979327,0.9047896163523197,2.3813610294140872
1789483393893525200,2.931525146484375,-1.7792253032341598,-0.4022077587276697,1.6945497087284922
1789483393903575300,2.9415751953125,-0.8400782208584249,-0.8019277922928333,2.009316499890387
1789483393913624300,2.951624267578125,-0.8174947792589664,-0.8086147227108478,2.0183323116473852
1789483393923673000,2.961673095703125,0.4707935114368796,-0.8856634755998849,2.1252426804453135
1789483393933722400,2.971722412109375,0.6431285385645925,-0.9841589211434125,1.8956896823190152
1789483393943772400,2.9817724609375,0.42793782778978345,-1.4602104992389677,1.436274620117247
1789483393953821200,2.9918212890625,-0.3548876430176198,-2.4490596240252254,0.6450294037498533
1789483393963870200,3.0018701171875,-1.405923320995271,-3.716311848694086,-0.06717837012931704
1789483393973920000,3.011919921875,-2.2451719591617585,-5.020021872666478,-0.2916378445088863
1789483393983969300,3.02196923828125,-2.4590020491078493,-7.024345094314217,-0.4611287342518568
1789483393994018300,3.032018310546875,-2.743803617855906,-9.064299601313472,-0.6530947829142213
1789483394004067000,3.042067138671875,-3.3851299293041226,-10.789514205157756,-1.2193943488202987
1789483394014117000,3.0521171875,-3.3036016929134724,-12.598717005765437,-2.549317403066158
1789483394024166100,3.062166259765625,-2.234077441434562,-12.922712813043594,-4.266987875141203
1789483394034215200,3.072215087890625,-1.9044395366162061,-9.365169384548068,-4.434859931510687
1789483394044264200,3.08226416015625,-1.5151915049657225,-4.946838563033938,-3.402801779595017
1789483394054314200,3.092314208984375,0.7068202356219291,-2.0829478455513715,-2.6138725850850344
1789483394064363300,3.10236328125,1.8216162919789551,-0.14375029928684233,-2.2213586835063994
1789483394074412000,3.112412109375,2.4123303143039343,1.508455766969919,-1.564725058941543
1789483394084462000,3.122462158203125,2.6099977894783017,2.74735926451087,-0.6240677181333303
1789483394094511400,3.132511474609375,2.602013804987073,3.2995360509097575,-0.019919336956739423
1789483394104560000,3.14256005859375,2.897348165926337,3.38824952262938,0.24715923583507537
1789483394114609200,3.152609130859375,3.111529261267185,2.981158083513379,0.3689062314979732
1789483394124659200,3.1626591796875,3.1877760501235723,2.9348505058467387,0.3643851008117199
1789483394134708200,3.172708251953125,2.49056593888998,1.2355284681499004,0.5974892155483364
1789483394144757200,3.18275732421875,2.03457222943902,0.4041647380143404,0.5559112967520952
1789483394154806000,3.192805908203125,1.7868506835460662,-0.1679851613551378,0.7023848835229873
1789483394164856300,3.202856201171875,1.909594435161352,-0.2758405559182167,0.9537311957843602
1789483394174905300,3.2129052734375,2.3250772705256937,0.05958733047842979,1.2535994007609783
1789483394184954000,3.2229541015625,2.785046897870302,0.7165618774354457,1.3466235752865672
1789483394195004200,3.233004150390625,3.2603871128261086,1.51757372392714,1.4030406051658093
1789483394205053200,3.24305322265625,3.635321664702892,2.3919155950456856,1.6047008032381533
1789483394215102200,3.253102294921875,3.8234512039422985,2.794471144297719,1.505491510336846
1789483394225151200,3.263151123046875,3.7123686640262603,2.5938433580130336,1.2020406245678663
1789483394235201000,3.273200927734375,3.5743741517871617,2.1450772617280482,0.8603206522896886
1789483394245250300,3.283250244140625,3.416663131687045,1.7615619285106658,0.5654444103814661
1789483394255299000,3.293299072265625,3.14372881860435,1.5580243922591208,0.2649190566703677
1789483394265349000,3.30334912109375,2.773458166885376,1.505181275343895,-0.2360049507446587
1789483394275398100,3.313398193359375,2.2942545544996857,1.571215297743678,-0.8663480958856642
1789483394285447200,3.323447265625,1.7708759925618767,1.7576742734223603,-1.4561018948763609
1789483394295496200,3.33349609375,1.335133336240053,1.9855548082917927,-1.7138227106057107
1789483394305546200,3.343546142578125,1.0272633188545703,2.1427625550448894,-1.8132677119590341
1789483394315595300,3.35359521484375,0.7350923903822898,2.161055167582631,-1.966649762944132
1789483394325644300,3.363644287109375,0.4411778331130743,2.353079960694909,-1.9321414902731775
1789483394335693000,3.373693115234375,0.38476796362698074,2.6508798349648712,-1.5231164527460932
1789483394345743000,3.3837431640625,0.7547904858037829,2.879091209223866,-1.0611089628983288
1789483394355792400,3.39379248046875,0.5546215492025017,2.960513939413428,-1.0963609666086733
1789483394365841200,3.403841064453125,1.7627496769905089,2.104588599473238,-0.26568266145400704
1789483394375891200,3.41389111328125,1.8259481837034224,1.8066309042930602,0.2807768432766199
1789483394385940200,3.423940185546875,1.5868977277830243,1.3902508278280497,0.9943702262952924
1789483394395989200,3.4339892578125,1.4092811069905757,1.4400667058765888,1.011364250389859
1789483394406038300,3.444038330078125,0.891969005484879,0.9436498006224632,1.7371207302153109
1789483394416088000,3.454088134765625,0.372111603410542,0.939856838080287,1.7157007794372736
1789483394426137000,3.46413720703125,-0.07832476417422295,1.0627508118212223,0.8807253616105765
1789483394436186400,3.474186279296875,-1.0501815453663468,1.4059095847308636,0.18745960408858953
1789483394446235100,3.484235107421875,-2.3675135597169397,1.5290841289788484,0.12781484433449805
1789483394456285200,3.49428515625,-3.369704396635294,1.455333248591423,0.24207703719995916
1789483394466334500,3.50433447265625,-3.8369945761263367,1.3302934949934482,0.576859026908502
1789483394476383500,3.514383544921875,-3.4063106644988057,0.9677081370800733,0.7490675050470977
1789483394486433500,3.52443359375,-2.3871020572841166,0.5423047962039709,0.46054267799220977
1789483394496482300,3.534482421875,-1.4134427567146717,0.3549731293439865,-0.09756766317412256
1789483394506531600,3.544531494140625,-0.8401435411795973,0.47695934059023853,-0.5082547886945307
1789483394516580400,3.554580322265625,-0.6156207923054695,0.9251146115005016,-0.8442381900820881
1789483394526630400,3.56463037109375,-0.6375206355549394,1.3750591039150952,-1.2592600568711756
1789483394536679400,3.574679443359375,-0.8340987080574035,1.6153952157318592,-1.5887468627810477
1789483394546728400,3.584728515625,-1.250703679319471,1.7536749746531246,-1.6485754546694456
1789483394556777500,3.594777587890625,-1.5024116645000873,1.7547814745903014,-1.363245770394057
1789483394566827500,3.60482763671875,-1.583918565841764,1.5772481481671332,-1.0067955542348324
1789483394576876300,3.614876220703125,-1.7273874178387223,1.076587613993883,-0.5867943646632134
1789483394586925600,3.624925537109375,-1.7354677023112772,0.4346779496997595,-0.0966908803395927
1789483394596975600,3.6349755859375,-1.7835855442702768,-0.14896832619607447,0.4171425852701068
1789483394607024400,3.6450244140625,-1.9283551036022601,-0.46231823629736896,0.871926115213707
1789483394617073400,3.655073486328125,-1.888864950865507,-0.5325181462049484,1.1525085318967698
1789483394627122400,3.665122314453125,-1.8641538495875893,-0.5582330176979303,1.3582241428397595
1789483394637172500,3.67517236328125,-1.5329028104841709,-1.0133049361288546,1.3465486103542148
1789483394647221500,3.685221435546875,-0.38771205425485966,-2.022796451449394,0.9143249950040131
1789483394657270500,3.6952705078125,0.679653850146383,-3.385782255733013,0.3034259705234319
1789483394667320600,3.705320556640625,1.3016881627559662,-4.704797400864958,-0.13137180616371333
1789483394677369300,3.715369384765625,1.5359000926040112,-5.753950479966401,-0.3909283859528601
1789483394687418400,3.72541845703125,1.1845581593692303,-6.545455662444233,-0.937895255683735
1789483394697467600,3.735467529296875,0.37393838044628497,-7.0286781550824635,-2.0579649415947494
1789483394707517400,3.745517333984375,-0.6759772074602544,-6.954396528819203,-3.352592810575664
1789483394717566500,3.75556640625,-1.5817220787107944,-6.007136721006035,-3.7108743338152763
1789483394727615200,3.765615234375,-1.472606016562134,-4.977826406493783,-2.617935304479301
1789483394737664500,3.77566455078125,-0.6423521473646163,-4.521507118350267,-1.3125845275625585
1789483394747714600,3.785714599609375,0.02576104872226715,-4.908997200417518,-0.5075259629633277
1789483394757763300,3.795763427734375,0.48040465873852367,-5.5232490424573415,0.11261406033225357
1789483394767812600,3.8058125,1.1416728112362324,-5.435183805513382,0.2551581256344914
1789483394777862700,3.815862548828125,1.1986498130857943,-4.049052687963843,0.5558859431151301
1789483394787911400,3.825911376953125,1.3992461813189088,-1.8431109154284,1.1537516638256609
1789483394797960400,3.83596044921875,1.809250877533108,-0.020973229923844337,1.5817919290766118
1789483394808009500,3.846009521484375,1.9579753119707106,1.316720312193036,2.1489763149932024
1789483394818059500,3.8560595703125,2.134725525192171,1.9231927524030208,2.574023389777541
1789483394828108500,3.866108642578125,2.3010708103857933,2.3895640634834767,2.0930667962446807
1789483394838157300,3.8761572265625,2.2293676563084124,2.621263864380121,1.5934820746093987
1789483394848206600,3.88620654296875,2.1522985912837087,2.702208455663919,1.0414411895498632
1789483394858256400,3.89625634765625,1.9655353719614446,2.3044436478197574,0.3550590175291523
1789483394868305400,3.906305419921875,1.7779248881600795,1.3477145853936672,-0.48078200415093447
1789483394878354400,3.9163544921875,1.6308721863269804,0.1132224745541811,-1.3059146944098174
1789483394888404500,3.926404541015625,1.2922633318066596,-0.8039391321152448,-1.917690355594456
1789483394898453500,3.93645361328125,0.6007739363074303,-1.1645616655230522,-2.2263205436974762
1789483394908502300,3.946502197265625,-0.3846948983907699,-1.1847288397610187,-2.3429987116634843
1789483394918551600,3.956551513671875,-1.4139794939398764,-0.8583405843883752,-2.0621255684055386
1789483394928601600,3.9666015625,-1.5165126705668865,-0.8477320966124534,-2.05576845446378
1789483394938650400,3.976650390625,-2.185236253637075,0.14134090005755423,-1.2555813683584331
1789483394948699400,3.986699462890625,-1.7711562708079813,0.4448369401425123,-0.9032328884296119
1789483394958748400,3.99674853515625,-1.22704354839921,0.5941618246912956,-0.4063987441441044
1789483394968798500,4.006798583984375,-0.7666004583239555,0.5291244121134281,0.1103156106641516
1789483394978847500,4.016847412109375,-0.2778138287525624,0.4392886583656072,0.5991598521742969
1789483394988896300,4.026896240234375,-0.004033274104073644,0.40612230182290077,0.9668322310283779
1789483394998946300,4.0369462890625,-0.11965053484030068,0.451655972507596,1.1746816391296684
1789483395008995600,4.04699560546875,-0.3452607866901904,0.4934259067445993,1.2693310767695307
1789483395019044400,4.05704443359375,-0.7375836957413703,0.38977380909025666,1.2431377741098404
1789483395029093400,4.06709326171875,-1.4933131428956985,0.10599719947576522,1.0549458371587097
1789483395039143700,4.077143798828125,-2.2669231877207756,-0.42255321214199065,0.7404395235639065
1789483395049192400,4.0871923828125,-3.1955168735086916,-0.4572884254366159,0.613345394719392
1789483395059241500,4.097241455078125,-3.8758243652582167,-0.2855459573745727,0.47629115900509056
1789483395069290500,4.10729052734375,-3.651049979710579,0.07599836705327033,0.20956388386897742
1789483395079340500,4.117340576171875,-2.9867314997315404,0.5124351431190968,-0.24488332679234442
1789483395089389600,4.1273896484375,-2.2034861960768697,0.5561223091542721,-0.7969879978030919
1789483395099438300,4.137438232421875,-1.4990180765390395,0.6857032133132219,-1.0141928979445247
1789483395109488400,4.14748828125,-1.1421510962724686,1.076408750295639,-0.8859278256244957
1789483395119537400,4.157537353515625,-0.9267044379752128,1.3740285918235777,-0.7484110869649797
1789483395129586400,4.16758642578125,-0.41077151586823163,1.735526154500246,-0.4807833558578044
1789483395139635500,4.177635498046875,-0.36588841804675754,1.7286001546293497,-0.4428341489527374
1789483395149685500,4.187685546875,0.21508651974797247,2.507250531709194,0.46113260670937595
1789483395159734500,4.197734619140625,0.3083049016714096,2.896169185274839,0.9486224744684993
1789483395169783300,4.207783203125,-0.5198739878829568,3.3418022442311046,1.272682871415466
1789483395179832600,4.21783251953125,-2.171339976362139,3.765099552738666,1.453089853578806
1789483395189882600,4.227882568359375,-3.1087083586275575,4.130945373752713,1.4789523168489336
1789483395199931400,4.237931396484375,-1.5811143220759927,4.254835957315564,1.2206794201947748
1789483395209980400,4.24798046875,1.2054654844500123,4.0726726330041885,0.8395482787001878
1789483395220030500,4.258030517578125,1.980913266096264,3.7988311419486998,0.7485692001361399
1789483395230079500,4.26807958984375,1.4145057097710667,3.43032399277091,0.7283207042902707
1789483395240128500,4.27812841796875,0.2811630661152303,2.9178292284190652,0.527741214126721
1789483395250177300,4.28817724609375,0.3579740647256374,2.9054040466099975,0.5250654921114445
1789483395260227300,4.298227294921875,-1.069265892803669,1.3675550118952988,0.1242075405575335
1789483395270276600,4.308276611328125,-1.294334877383709,0.5614695154011249,-0.029801848545670508
1789483395280325400,4.318325439453125,-0.7482990779578685,-0.615804332178831,-0.4075669476732611
1789483395290374400,4.32837451171875,0.24300810750499366,-1.521680574724078,-0.4263336074635386
1789483395300424400,4.338424560546875,0.9341675403974949,-0.9630009823024273,0.47204394988939163
1789483395310473500,4.348473388671875,1.5262302008524535,0.5646235955178738,1.4071269976966083
1789483395320522500,4.3585224609375,1.6880641461014747,1.6937527131319046,1.9743534691892564
1789483395330572300,4.368572265625,1.7239067361161111,1.6811363926649092,2.0082617301404473
1789483395340621600,4.37862158203125,1.279431615023315,2.0734756683290003,2.435299832611531
1789483395350670300,4.38867041015625,0.6264055134311318,2.034139098718762,2.924693268969655
1789483395360719400,4.39871923828125,0.37904257171750066,1.3125737139075995,3.379956326058507
1789483395370769400,4.408769287109375,0.18149872292280195,-0.09736790281832218,3.7997456264451146
1789483395380818400,4.418818359375,-0.8387421499490737,-1.9290981770545244,3.983669238427281
1789483395390867500,4.428867431640625,-1.724068210288137,-3.714765788295865,3.583466389781236
1789483395400917500,4.43891748046875,-1.229578765965253,-5.720164530220628,2.453456689940393
1789483395410966300,4.44896630859375,-0.1416315535672009,-6.621606589710712,1.514172098790109
1789483395421015600,4.459015625,0.441153137063235,-7.368623226642608,0.8468236034654081
1789483395431064300,4.469064208984375,1.0140684678472578,-8.20214734968245,-0.457412197946757
1789483395441114400,4.4791142578125,1.031011419341713,-8.522437872701882,-2.2895304485872385
1789483395451163600,4.48916357421875,-0.3112497229516506,-7.77084618293941,-3.6362077998876567
1789483395461212400,4.49921240234375,-1.8041770814001559,-6.919612215685844,-4.175933393253386
1789483395471261000,4.509260986328125,-1.960852036450803,-6.662351272553205,-4.572395594066381
1789483395481311000,4.51931103515625,-1.635973893380165,-6.5510939605921505,-5.097309110486507
1789483395491360300,4.5293603515625,-1.7766580830946563,-6.031315468972921,-5.357026799121499
1789483395501409000,4.539408935546875,-1.6991346984311937,-5.423378801429271,-5.188666374713182
1789483395511459000,4.549458984375,-0.795579884570837,-4.474231572434306,-4.422939192092419
1789483395521508000,4.559508056640625,-0.06829144593775271,-3.373205098232627,-3.242286515729129
1789483395531557000,4.56955712890625,0.2516208914190531,-2.309166000166535,-1.8866154183730481
1789483395541606100,4.579606201171875,1.0671236200779677,-1.6351584853440522,-0.7407378489233553
1789483395551656000,4.589656005859375,1.8897291664794087,-1.1038099674403667,-0.15000044572278856
1789483395561705200,4.599705322265625,2.1749223648935554,-0.514713609445095,0.16069427369460462
1789483395571754000,4.60975390625,2.171096084603667,0.125848731893301,0.39583603173866866
1789483395581803000,4.619802978515625,2.0797809059530494,0.577064559417963,0.7416422504171729
1789483395591853000,4.62985302734375,2.0829384932011363,0.6120797586977481,0.9236299259006977
1789483395601902000,4.639902099609375,2.1254905177265404,0.5779214685082436,1.0494893253184854
1789483395611951000,4.649951171875,2.3534692522734404,0.6631938598632812,1.3225288523413241
1789483395622001200,4.660001220703125,2.6275398759096857,1.0039116693615913,1.6291314801394938
1789483395632050000,4.6700498046875,2.8898224465966225,1.346603409281373,1.693760165785998
1789483395642099200,4.68009912109375,2.949585718163848,1.8266922800689935,1.5731997495591639
1789483395652148000,4.69014794921875,2.9097885453045365,2.4523387918263673,1.3289794897854328
1789483395662198000,4.700197998046875,2.8338626589655873,2.9743028107911345,1.1658816620804369
1789483395672247300,4.710247314453125,2.7431407700330017,3.339984965676069,1.0324737469792364
1789483395682296000,4.720296142578125,2.582581959286332,3.4357284821629523,0.7113312833055854
1789483395692345000,4.730344970703125,2.3472061002254483,3.1654496520251034,0.26676088514477014
1789483395702395000,4.740394775390625,2.0933231090933084,2.6877900542110202,-0.15957842140719294
1789483395712444200,4.750444091796875,1.89499541644454,2.2640917636871336,-0.3998687943860888
1789483395722493200,4.7604931640625,1.745996110588312,1.9378595756590364,-0.5142106283590198
1789483395732543000,4.77054296875,1.5773095229655503,1.7481623487114906,-0.4566133026540279
1789483395742592000,4.780592041015625,1.4407178632616995,1.5465402906924486,-0.4285039372399449
1789483395752641000,4.79064111328125,1.3081950604319572,1.3725889144092798,-0.5096361600503325
1789483395762690000,4.80068994140625,1.2407131773114204,1.0292641372829676,-0.8535641637668013
1789483395772740000,4.810739990234375,1.1291057367384434,0.9340700713723897,-1.0460099587701261
1789483395782788900,4.820788818359375,0.9638321724295615,0.8518336867123841,-0.9659292908392846
1789483395792838100,4.830838134765625,0.7906830524399876,0.5860282025963067,-0.9147633133560419
1789483395802887000,4.840886962890625,0.4967758016943931,0.35905250761210916,-0.9096095838546753
1789483395812937000,4.85093701171875,0.08972644815444945,0.409260599848628,-0.6802788501769303
1789483395822986200,4.860986328125,-0.23928046528398988,0.7123626721799373,-0.4745801903687417
1789483395833035000,4.871034912109375,-0.4306961865872144,1.2068389647603035,-0.17580445680394768
1789483395843085000,4.8810849609375,-0.3056897507369518,1.7207091091185807,0.16423662247657775
1789483395853134000,4.891134033203125,0.008557984986901282,2.0956851620495316,0.4221918314836919
1789483395863183000,4.90118310546875,0.3896457987964153,2.368262332257628,0.6166941206254065
1789483395873232100,4.911232177734375,0.87228201597929,2.449012277752161,0.8107441359549761
1789483395883282200,4.9212822265625,1.3081696337297557,2.4684739340692756,1.070319493509829
1789483395893331000,4.9313310546875,1.6068392765715718,2.503893622496724,1.2921670318253338
1789483395903380200,4.941380126953125,1.4493322546109557,2.563309103539586,1.2707010499484837
1789483395913429000,4.951428955078125,1.5165592861875892,2.610194773355126,1.4341623041383922
1789483395923479000,4.96147900390625,1.507517901597917,2.3440654641121625,1.4791424325935543
1789483395933528000,4.971528076171875,1.2116425656497478,2.2953134159028528,1.3669151065565646
1789483395943577000,4.9815771484375,0.7107754029884934,2.115503961241245,1.2418930347457526
1789483395953626000,4.991626220703125,0.5907122687593103,2.1529513561040163,1.2025395140007138
1789483395963676000,5.001676025390625,0.318319222946465,2.0464555594563483,0.9299316563934087
1789483395973725200,5.01172509765625,-0.7638558357909321,1.9708166733652352,0.49068793314807113
1789483395983774200,5.021774169921875,-3.287799143625796,1.8004682900100946,-0.04215082331337035
1789483395993824000,5.031823974609375,-4.414986771783233,1.6139011777818202,0.048445612608641386
1789483396003873000,5.041873046875,-5.132375747692585,1.3536147493481636,0.3614952245891094
1789483396013922000,5.051922119140625,-5.172537077689171,1.3591998560041187,0.38798042286746204
1789483396023971000,5.06197119140625,-5.116591318583488,1.1709446445584297,0.7204821196191012
1789483396034021000,5.072021240234375,-3.060612728500366,1.2256330970793963,0.6028345220990479
1789483396044070000,5.08206982421875,-2.19397368684411,1.4309487489193677,0.4905095078412443
1789483396054119200,5.092119140625,-2.2115248333647846,1.438999368906021,0.4555228770688176
1789483396064168000,5.10216796875,-1.471292157484591,1.4855886861234902,0.3986528427250683
1789483396074218000,5.112218017578125,-0.8052581057593226,1.4288491462916135,0.31283655375167724
1789483396084267300,5.122267333984375,0.17788418568745254,1.2749182292521,0.24202289585992692
1789483396094316000,5.13231591796875,0.2268319025993347,1.1809212641716003,0.05310929357074201
1789483396104366000,5.142365966796875,0.17667042598351834,1.1964800678312777,-0.010152633767202495
1789483396114415000,5.1524150390625,-0.2363572713136673,0.8865998796671628,-0.45276948670744893
1789483396124464000,5.162464111328125,-0.7386262635968626,0.49922027223706245,-1.1745914766281842
1789483396134513200,5.17251318359375,-1.4097056160129606,-1.89370829924345,-2.5922493668198583
1789483396144563200,5.182563232421875,-0.8905657145582139,-3.8302106150746345,-2.5299133221551773
1789483396154612000,5.192612060546875,-0.9440307627640664,-3.824457750636339,-2.49487386521697
1789483396164661200,5.2026611328125,0.15431144078969955,-5.802341293647885,-1.9195627253375946
1789483396174710000,5.2127099609375,1.489583893239498,-7.302507955700158,-1.4394810149431227
1789483396184760000,5.222760009765625,2.3857483045876027,-8.14772777723074,-1.2867802242204547
1789483396194809000,5.23280908203125,2.4231097747325894,-7.525122532865405,-1.2408248209923505
1789483396204858000,5.242858154296875,2.4133541043937203,-7.5214821305364366,-1.265013213570416
1789483396214908200,5.252908203125,1.4027506823085247,-5.8519888293921944,-0.7586953842878341
1789483396224957000,5.26295703125,-0.5908524078823626,-4.287501378598809,1.7791145363360643
1789483396235006200,5.273006103515625,-0.6199357328951358,-4.369864019986987,2.735055370993912
1789483396245055200,5.28305517578125,-0.21319018460735678,-5.174879256901145,2.7170488819211718
1789483396255105000,5.29310498046875,-0.21397695107087492,-5.174093074959516,2.709151991191506
1789483396265154000,5.303154052734375,0.4130383648216724,-5.602797795468568,2.2874190093912183
1789483396275203000,5.313203125,0.4348224727369845,-4.973885559913516,1.3325214001759886
1789483396285252000,5.323252197265625,0.4224935909092426,-3.2951509676933286,0.23410408555939793
1789483396295302100,5.33330224609375,1.4473217915713785,-0.27496318856179713,-0.6506671173758805
1789483396305351000,5.343350830078125,1.4478420160531997,-0.2720774039924145,-0.6894572320844977
1789483396315400200,5.353400146484375,2.26363232948184,0.457027144151926,-0.8234707118634134
1789483396325450200,5.3634501953125,2.834986110037565,1.0924345869451761,-0.9138375768132507
1789483396335499000,5.3734990234375,2.609811034734547,1.6678215685397386,-0.7586798213925212
1789483396345548000,5.383548095703125,2.229593135627359,2.297169272902608,-0.5682157382583245
1789483396355597000,5.39359716796875,1.8161610953129828,2.9921640461742878,-0.5839939568223431
1789483396365647000,5.403647216796875,1.378659174233675,3.3880338340520857,-0.7915789783664047
1789483396375696100,5.413696044921875,1.0655740525484085,3.2738732018649577,-1.2986302364900708
1789483396385745200,5.4237451171875,1.2900561771512031,2.700681684488058,-1.9261247142016886
1789483396395794200,5.433794189453125,1.847402475142479,1.857337009179592,-2.3072343014515937
1789483396405844000,5.443843994140625,1.9561786378122865,1.0239005644232033,-2.44054723174572
1789483396415893000,5.45389306640625,1.2786731978714465,0.16286007342636585,-2.2026307482913134
1789483396425942300,5.4639423828125,0.5299381396491081,-0.590507393836975,-1.5003713908441363
1789483396435991000,5.473990966796875,0.10011932041831315,-1.0216063160061835,-0.6553028874177486
1789483396446041000,5.484041015625,-0.45118769740872083,-1.3125678686887026,0.015905644335970283
1789483396456089900,5.49408984375,-1.1922913109045474,-1.3905284757256506,0.6085696682175621
1789483396466139100,5.50413916015625,-1.906019499284029,-1.3674667490899561,1.045007649859786
1789483396476189000,5.51418896484375,-2.3644833982408047,-1.3252888185739515,1.333063544228673
1789483396486237700,5.52423779296875,-2.314921787214279,-1.064200426107645,1.6117863775849341
1789483396496287000,5.534286865234375,-1.7708488122940063,-0.6652051996856927,1.7548865423999727
1789483396506336000,5.5443359375,-1.1883563826084136,-0.16934417474865912,1.7630995133414864
1789483396516385800,5.5543857421875,-0.8158183704793452,0.32594401873648166,1.7018182384267448
1789483396526434800,5.564434814453125,-0.7894319564003497,0.644385699018836,1.5223402076765895
1789483396536483800,5.57448388671875,-0.7618670000612735,0.7260293784826993,1.2221107681721448
1789483396546532900,5.584532958984375,-0.6397078434009105,0.5940367370069026,0.9434563238769769
1789483396556583000,5.5945830078125,-0.4260895695745945,0.4623737658768892,0.6800312320914119
1789483396566631700,5.604631591796875,-0.10092698353938757,0.48136546659469603,0.3889117854334414
1789483396576681000,5.614680908203125,0.03909041282944381,0.515180057913065,0.09418452354185283
1789483396586731000,5.62473095703125,-0.0876501533370465,0.5898918922871351,-0.1119115380860865
1789483396596779800,5.63477978515625,-0.3973696710467338,0.6568839460641145,-0.20633293912373482
1789483396606828800,5.644828857421875,-0.7295278150577098,0.7244885787814855,-0.19127119826599953
1789483396616877800,5.6548779296875,-1.1114847398519516,0.7606336588740349,-0.20047690657190978
1789483396626927900,5.664927978515625,-1.5282371567606925,0.754279321411252,-0.22562333052717148
1789483396636977000,5.674976806640625,-1.950749452370405,0.8435878364145756,-0.2545368519309908
1789483396647026000,5.68502587890625,-2.687185074055195,1.0736813711583613,-0.24408874234855174
1789483396657075000,5.695074951171875,-2.951991025739908,1.5865648425668477,-0.16423669554181397
1789483396667125000,5.705125,-2.3917336626075207,2.37131762817502,-0.12067753980048
1789483396677173800,5.715173828125,-2.054503256833553,3.0002526600837705,-0.20110870166942477
1789483396687223000,5.72522314453125,-1.7708429670751094,3.2814421758145094,-0.20444851361662147
1789483396697272800,5.73527294921875,-0.7637152582764625,3.4926340262115,-0.2598407304927707
1789483396707321900,5.74532177734375,0.4758345743440091,3.6470045037120578,-0.4501072817608714
1789483396717371000,5.755370849609375,1.3235880060054361,3.731591250890493,-0.4898823158536106
1789483396727420000,5.765419921875,1.6593255428731442,3.155892719128728,-0.7953879421953112
1789483396737470000,5.775469970703125,1.7427927845023572,3.1394407660216093,-0.7863266838613897
1789483396747518700,5.785518798828125,1.834883331439644,2.2518688264518976,-1.1134876771721989
1789483396757568000,5.795568115234375,1.3000094158887863,1.2960574633926152,-1.2026448010060935
1789483396767617000,5.805616943359375,0.8730011240340769,0.024282792863249778,-0.02066533301845193
1789483396777666800,5.815666748046875,0.9404021970033645,-0.6695411830633878,0.27965638787932695
1789483396787715800,5.8257158203125,0.9312775180444121,-0.6766857941210269,0.34943580735251306
1789483396797764900,5.835764892578125,0.3487085159912705,-1.3767664923548697,0.7199497663080692
1789483396807815000,5.84581494140625,-0.8145777227684855,-1.4909411530673502,1.7495384593702852
1789483396817864000,5.855864013671875,-1.421634392607212,0.20437047994434832,3.699142102706432
1789483396827912700,5.86591259765625,-0.42948797984123227,1.0261661712676287,4.047533515572548
1789483396837962000,5.8759619140625,0.06012158348560333,1.3352742060154676,3.9155157396554943
1789483396848012000,5.886011962890625,0.36841245663166045,1.5829659412920474,3.338966728544235
1789483396858060800,5.896060791015625,0.4188093494385481,1.6868875035375355,2.651774153456092
1789483396868109800,5.90610986328125,-0.01210778642296791,1.5471674826800823,2.1169864548839628
1789483396878158800,5.916158935546875,-0.6169537944748997,1.2599626521825789,1.893221392509341
1789483396888209000,5.926208984375,-1.3861387163341043,0.6667337244272231,1.660066862759739
1789483396898258000,5.9362578125,-1.795172813950479,-0.20814123065471649,1.2885286753229797
1789483396908307000,5.946306884765625,-1.0502423356428743,-1.148767299541831,1.0263481037057935
1789483396918356000,5.95635595703125,-0.013438158243894577,-1.8546359335273503,1.2089514268696306
1789483396928405800,5.96640576171875,0.6607508506253361,-2.4356875167548657,1.6317556911632418
1789483396938454800,5.976454833984375,0.9415665646076202,-3.1293484110742806,1.7908755551479756
1789483396948504000,5.986504150390625,0.9640078212574124,-3.1321792505860326,1.7728733038589357
1789483396958553900,5.996553955078125,1.0888459148034453,-4.192599573633075,1.8256202669233084
1789483396968603000,6.006602783203125,1.2020860711447894,-4.743821251264214,1.6103281416006385
1789483396978651600,6.016651611328125,1.200766220717877,-4.739591650870442,1.5853811857402325
1789483396988701000,6.026700927734375,-0.30619828478097916,-6.628792701822519,-0.07716010430902243
1789483396998751000,6.0367509765625,-1.9637582792863248,-7.291237789145112,-1.5907115869827568
1789483397008799700,6.0467998046875,-2.6504090025827285,-7.300293202260137,-3.158657507666945
1789483397018849000,6.05684912109375,-2.2429966609492897,-6.704665981191396,-4.221470278808474
1789483397028899000,6.066899169921875,-1.8948150914415716,-5.84147795677185,-4.776337619465589
1789483397038947800,6.07694775390625,-1.7222665676936506,-4.797622399556636,-4.800296587201952
1789483397048996900,6.086996826171875,-1.6845035310104488,-3.980909710586071,-4.7372646692276
1789483397059046000,6.0970458984375,-1.579365578712523,-3.4542011274427176,-4.615650213903188
1789483397069096000,6.107095947265625,-1.0677022967487573,-2.908574493339658,-3.1758307607859373
1789483397079145000,6.11714501953125,-0.6439136975929141,-2.4416145687162873,-1.714661499517411
1789483397089193700,6.12719384765625,0.22302374248802662,-2.072582518881559,-0.8158278689600527
1789483397099243000,6.137242919921875,0.9403405299440025,-1.3792045331567524,0.14264599130675196
1789483397109293000,6.14729296875,1.34028648121953,-0.4859405194252729,0.8108966961681843
1789483397119341800,6.157341796875,1.7678610286548733,0.42835166928768154,1.044746660836041
1789483397129390800,6.167390869140625,2.108241569022834,1.3403268132299184,1.001358039356023
1789483397139441000,6.17744091796875,2.2879990012362597,2.094640621432662,0.9890748963661491
1789483397149490000,6.187489990234375,2.407523498544097,2.4140391640484333,0.9441241401359438
1789483397159539000,6.1975390625,2.4900427917987105,2.363497309812903,0.9701227970063686
1789483397169588000,6.207587890625,2.5198481474757193,2.5898639329880475,0.7847770432665944
1789483397179638000,6.217637939453125,2.585951727980375,2.542329443874955,0.8342540447495878
1789483397189686800,6.227686767578125,2.5459797830760476,2.278753910768032,0.8879742367602884
1789483397199735800,6.23773583984375,2.5928677909791467,2.238805346739292,0.9471239064738154
1789483397209785000,6.24778515625,2.494111648672819,2.0771879668503996,0.9622295595385134
1789483397219835000,6.2578349609375,2.455377721130848,1.8986399104267357,0.7939353322342038
1789483397229884000,6.2678837890625,2.411653730216622,1.8409651355713605,0.5560485132656992
1789483397239932700,6.2779326171875,2.3189105645895003,1.8888281259864568,0.32035672012344
1789483397249982700,6.287982666015625,2.243832819512486,1.895709702193737,0.11009192144349217
1789483397260032000,6.298031982421875,2.1656740595549344,1.8296201502144336,-0.07439663094505668
1789483397270080800,6.308080810546875,2.068625305688381,1.7427502605348824,-0.2119406229376793
1789483397280129800,6.3181298828125,1.959267105346918,1.6616086853742598,-0.2588527423687279
1789483397290179800,6.328179931640625,1.8187234931468963,1.5818839912742375,-0.20631576879322527
1789483397300228900,6.338228759765625,1.6588009344771504,1.492389013788104,-0.14637231835350392
1789483397310278000,6.34827783203125,1.5003113312199712,1.4115215793937443,-0.19099793428257106
1789483397320327700,6.35832763671875,1.3474337226256727,1.4004671014159917,-0.26969562342241404
1789483397330377000,6.368376953125,1.1304062979429959,1.3958230750024319,-0.4765019522115588
1789483397340426000,6.378426025390625,0.9277537278324365,1.3999831172913313,-0.7137371754035353
1789483397350474800,6.388474853515625,0.893779854299128,1.4496189625978468,-0.9703770640283822
1789483397360524800,6.39852490234375,0.9101438368618487,1.5352064112514257,-1.222652912224829
1789483397370573800,6.40857373046875,0.9588900398522615,1.6592185753673314,-1.3973840407088398
1789483397380622800,6.418622802734375,1.101478309622407,1.8346300873309374,-1.4208783135429024
1789483397390673000,6.4286728515625,1.264654901652038,2.054330238354206,-1.19678372695297
1789483397400721700,6.4387216796875,1.3362868901893497,2.1957027025938034,-0.8227309263467788
1789483397410771000,6.44877099609375,1.3009782609209417,2.311270278969407,-0.39936186777725813
1789483397420819700,6.45881982421875,1.1730021616101265,2.2107050414144993,0.024376608626544474
1789483397430869800,6.468869873046875,0.9365715327993035,1.8762468768328426,0.5692552008412778
1789483397440919000,6.4789189453125,0.5259302922472358,1.1355763940572738,1.1115944838367402
1789483397450967800,6.4889677734375,0.04308861562013626,0.5354419246971607,1.8183578747048974
1789483397461016800,6.499016845703125,-0.40581250522136686,0.6371697762906551,2.267416816456616
1789483397471067400,6.5090673828125,-0.6622203386560082,1.2954904771596192,2.0449860714256762
1789483397481116400,6.519116455078125,-0.6945221873238683,1.8907324983030556,1.5234250803038476
1789483397491165400,6.52916552734375,-0.721781657910347,2.181204806163907,1.3358935069575906
1789483397501215500,6.539215576171875,-0.8918401184082031,2.169668097627163,1.31131377697438
1789483397511264300,6.54926416015625,-1.1301527615733444,2.1231629515618087,1.2902324105009435
1789483397521313500,6.5593134765625,-1.4535320443883537,1.9952783299267292,1.141005141107738
1789483397531362300,6.5693623046875,-1.8981106258556246,1.847234132838249,0.7439124603714794
1789483397541412400,6.579412353515625,-2.416425620793551,1.6498089419871567,0.18215338743925094
1789483397551461400,6.58946142578125,-2.7974934147283435,1.2958394367277621,-0.407602603508532
1789483397561510400,6.599510498046875,-3.0766037860974667,1.1272364357352256,-0.7377223735596984
1789483397571560400,6.609560546875,-3.2342718438386915,1.1399743367552757,-0.6214018599249422
1789483397581609500,6.619609375,-3.1073557749748226,1.1150023925840853,-0.31471403806135057
1789483397591658200,6.629658203125,-2.6428525958538054,1.2150111653000115,0.09089359223768115
1789483397601707500,6.63970751953125,-2.1179671364843844,1.4158610699027776,0.5827349332045764
1789483397611757300,6.64975732421875,-1.5369395186543464,1.6162918723106383,1.0611278867945075
1789483397621806300,6.659806396484375,-0.8504970312811434,1.8237416135698556,1.4216699023120105
1789483397631855400,6.66985546875,-0.12549670358523726,1.8677865070015192,1.4241776473492382
1789483397641905400,6.679905517578125,0.5888181255757808,1.7216320691823959,0.9566988134182989
1789483397651954400,6.689954345703125,1.2932852222003042,0.6097481008797884,-0.33316235261745747
1789483397662003200,6.700003173828125,1.3379694364488124,-0.39950668307542797,-1.1171382355690003
1789483397672052500,6.710052490234375,1.3072493040144442,-0.39122108528912064,-1.1472686584819107
1789483397682102500,6.7201025390625,1.1802926108792424,-1.7219611550062894,-2.077570244166255
1789483397692151300,6.7301513671875,0.9198283416606485,-3.350361982783675,-2.92574716193676
1789483397702200300,6.740200439453125,0.6356570336401463,-6.87088705548346,-3.608278467215597
1789483397712250400,6.75025048828125,0.8626280524492264,-8.379151099273562,-3.707290922370553
1789483397722299400,6.76029931640625,0.8276023317754269,-8.372753507190943,-3.7163665014907714
1789483397732348400,6.770348388671875,0.6109399410128593,-9.569626958253979,-3.75145067435354
1789483397742397200,6.780397216796875,-1.6035773521661758,-5.737296282285452,-0.3950672393232584
1789483397752447500,6.790447509765625,-2.141548064688593,-4.023472841027379,1.221732071052864
1789483397762496500,6.80049658203125,-1.9974014595605432,-4.926604168778658,1.5642289459876715
1789483397772545300,6.810545166015625,-2.0035681654967368,-4.9254140822112555,1.5608362348094582
1789483397782595300,6.82059521484375,-1.5463444758594036,-7.232288756570219,0.956324573278427
1789483397792644400,6.830644287109375,-1.9329389242611825,-6.022836978963017,1.097252216359973
1789483397802693400,6.840693359375,-1.7243078642629086,-2.986715717640519,0.5779805782843381
1789483397812742400,6.850742431640625,-1.6736752630040048,-2.993305032902956,0.5515590928919613
1789483397822792200,6.860792236328125,-0.7851846011541783,-0.8670540521979332,-0.04426646376047283
1789483397832841500,6.870841552734375,0.34986119315773245,0.8494085053920746,-0.36443873069509863
1789483397842890200,6.88089013671875,2.0966110447227955,2.8043799593716856,-0.5308343213038519
1789483397852940300,6.890940185546875,2.715944720071554,2.652656196987629,-0.4215296412479132
1789483397862989300,6.9009892578125,2.722077523738146,2.6524346631914377,-0.4383661732258275
1789483397873038300,6.911038330078125,3.1033447857677934,2.171404127639532,0.08057097219843416
1789483397883087400,6.92108740234375,3.0942344275951386,1.7610609932512045,0.57493832451161
1789483397893137400,6.931137451171875,2.6026483034983277,0.21723229960501192,0.2504401206692681
1789483397903186400,6.9411865234375,1.8572798721648751,-0.8483516898155212,-0.07265464611593633
1789483397913235500,6.9512353515625,1.7683273309923708,-0.8334639172852039,-0.08995791882276534
1789483397923285500,6.961285400390625,0.7483297653570771,-0.9690233113318681,-0.06684311029296368
1789483397933334300,6.971334228515625,0.11544205029979347,-0.19609481903016565,-0.35954810910932716
1789483397943383600,6.981383544921875,-0.39257878350839015,0.8148749521493911,-0.9347489204820245
1789483397953432300,6.991432373046875,-0.4381201991081238,0.8210720532238482,-0.9456277496319263
1789483397963482400,7.001482421875,-0.278823955643177,0.9243354438215493,-0.8154914766125381
1789483397973531400,7.011531494140625,-0.23244097465276717,0.7299567810595036,-0.8481962069928646
1789483397983580400,7.021580322265625,-0.5372503623586148,-0.03509352521300316,-1.3296286013439298
1789483397993630500,7.03163037109375,-0.713740901730582,-0.3492512445658445,-1.330071961197257
1789483398003679200,7.04167919921875,-0.5755741747297346,-0.657062225240469,-1.205022051531449
1789483398013728300,7.051728271484375,-0.6041255848228931,-0.6545505346804857,-1.192263034658134
1789483398023778600,7.061778564453125,-0.41556459536366164,-0.7508090149521828,-0.8226449285637587
1789483398033827300,7.071827392578125,0.757433839919418,-0.3473842816501856,-0.42049755825381724
1789483398043876400,7.08187646484375,1.2282723595418035,0.10138473724424839,-0.27654125153347847
1789483398053925400,7.09192529296875,1.332968267160654,0.48508361033499237,-0.2048097481444478
1789483398063975400,7.101975341796875,1.3378385035455227,0.4839847091823816,-0.19205825699046253
1789483398074024400,7.1120244140625,1.3005273022830486,0.8369277940034866,-0.1358427410326898
1789483398084073200,7.1220732421875,0.9027893824458122,1.1221312215507029,-0.056056087612360715
1789483398094123300,7.132123291015625,0.6219266875166446,0.8778945951640605,-0.07585344215724617
1789483398104172500,7.142172607421875,0.2786567823827267,0.32943887511491776,-0.31180965838935226
1789483398114221300,7.15222119140625,0.2221089657306671,0.3337976548463106,-0.2949642855178565
1789483398124270300,7.162270263671875,-0.21657814654521643,-0.23113106109797954,-0.799102797999978
1789483398134320400,7.1723203125,-0.7449801626682281,-0.5103074834406376,-1.3195771629288793
1789483398144369400,7.182369384765625,-1.4156898049890994,-0.4829740708351135,-1.6019547194004058
1789483398154418400,7.19241845703125,-2.0181986022651195,-0.15594927112460136,-1.54444887137115
1789483398164468200,7.20246826171875,-2.2827029406547545,0.42240825071334837,-1.113291204752028
1789483398174517500,7.212517578125,-2.228990055167675,0.9263859466105699,-0.53988195297122
1789483398184566300,7.222566162109375,-1.9019301841437815,1.2603513592392206,-0.014403861470893025
1789483398194616300,7.2326162109375,-1.364061324560642,1.5378987190753222,0.4115188271041959
1789483398204665300,7.242665283203125,-0.8680558496516197,1.8021388535708187,0.7119361173309385
1789483398214714400,7.25271435546875,-0.4908860860686749,1.9255612351000309,0.7603877212889492
1789483398224763400,7.262763427734375,-0.3812251764535904,1.9344711022645233,0.6641483110439032
1789483398234813400,7.2728134765625,-0.5413689766585826,1.9855740975141525,0.6220423497855663
1789483398244862200,7.2828623046875,-0.8825999963760376,2.122645649689436,0.7278356241870672
1789483398254911500,7.292911376953125,-1.4616308874309063,2.2982442086577413,0.9636467328600585
1789483398264961500,7.30296142578125,-2.039655377922207,2.4858488472402094,1.2506921350121498
1789483398275010300,7.31301025390625,-2.2280711867570875,2.632226572421193,1.4518652802199123
1789483398285059300,7.323059326171875,-1.9843547848522662,2.861156324082613,1.3650633412100375
1789483398295109400,7.333109375,-1.4295114095926285,3.099589817148447,1.2221015619523823
1789483398305158400,7.343158447265625,-0.9488707501411437,3.2507144445955753,1.0322804163642227
1789483398315207400,7.35320751953125,-0.3523508180163801,3.2687820162057877,0.8601387198515236
1789483398325256400,7.36325634765625,0.1557376742005348,3.151557904794812,1.0162152706176042
1789483398335306500,7.373306396484375,0.6196374806009233,2.662458044555783,1.1190661348916588
1789483398345355300,7.383355224609375,1.083432365322113,2.0667226869374513,1.0891377373568714
1789483398355404300,7.393404296875,1.1822855382621287,1.473318987137079,1.0793959494128822
1789483398365454300,7.403454345703125,0.5851344686269759,0.8751911814242601,1.1473720457911492
1789483398375503400,7.41350341796875,-0.3326407398961484,0.3870721489161253,1.530433205500245
1789483398385552400,7.423552490234375,-0.5775273546241223,0.11869243039786814,1.9812115183904766
1789483398395602400,7.4336025390625,-0.002028290957212448,0.09385434173941612,2.310773581493646
1789483398405651500,7.4436513671875,0.9367653018057346,0.2819640072345733,2.6968232554942366
1789483398415700500,7.453700439453125,1.4194855440102516,0.6523959869951009,3.0265660819917914
1789483398425749200,7.463749267578125,1.1913621402956545,1.1965081248819827,3.314883842167258
1789483398435799300,7.47379931640625,0.16274141548275947,1.5842513049274682,3.6953818733900783
1789483398445848600,7.4838486328125,-1.6381075444079936,1.6505775882720946,3.619391105121374
1789483398455897300,7.4938974609375,-2.7888451211094853,1.3059440666347741,2.1612559508517384
1789483398465947400,7.503947509765625,-2.7407448148071762,0.5851596030682324,0.9208286047443747
1789483398475996000,7.513995849609375,-2.3465232325278222,-0.5867553478270768,0.257189923723042
1789483398486044700,7.524044677734375,-1.5513573355853556,-1.998952634525299,-0.393815997153148
1789483398496094700,7.5340947265625,-0.5118646497547626,-3.27405498817265,-0.8129583048731088
1789483398506143700,7.544143798828125,0.0375815426364541,-4.440667741006613,-1.0406404676262289
1789483398516192800,7.55419287109375,0.07006926926523446,-5.433422641059756,-1.2592264468625187
1789483398526242800,7.564242919921875,-0.059138709928095334,-6.131901749315857,-1.3365626383908091
1789483398536291600,7.57429150390625,-0.5583329709410667,-6.73582392052114,-1.3239607848405837
1789483398546340600,7.584340576171875,-1.5054640378080308,-7.329414667326212,-1.3438085178658365
1789483398556390000,7.594389892578125,-2.114784122534096,-7.727848168212175,-1.3847308953627944
1789483398566439700,7.604439697265625,-2.586121239328384,-7.63932583515048,-2.2175817953161894
1789483398576488700,7.61448876953125,-1.9876774995341895,-7.086692537155747,-2.5420640709370375
1789483398586537500,7.624537353515625,-1.092785300078988,-5.699240400135516,-3.0059508717253802
1789483398596587800,7.634587890625,-0.536767328082025,-4.077167021813988,-3.517845039835572
1789483398606636800,7.64463671875,-0.5748001216173172,-2.5997300779640673,-3.5817923190891743
1789483398616685600,7.654685546875,-0.6497954491078853,-1.8278724297642708,-3.7708635230928658
1789483398626735600,7.664735595703125,-0.39827392641007897,-1.371255035457015,-3.6397055788755415
1789483398636785000,7.674784912109375,0.26144875021129843,-0.8393582360208034,-2.7593188746348023
1789483398646833700,7.684833740234375,0.36348318353593345,-0.8847095358759164,-2.754178881397843
1789483398656883700,7.6948837890625,1.7822195166140793,-0.03052490212321281,-0.6742720840428024
1789483398666932700,7.7049326171875,2.1681141461834312,0.3058335431218147,-0.0075848291058093304
1789483398676981800,7.714981689453125,2.446032969680428,0.6175245801001786,0.5271230822283774
1789483398687030800,7.72503076171875,2.4364500255599615,0.8644827404052019,0.8058529298473149
1789483398697080600,7.73508056640625,1.8657824737027286,1.0329740977168083,0.9537835835587233
1789483398707129600,7.745129638671875,1.3048407815679908,0.8961971445739269,1.0843920771997422
1789483398717179000,7.755178955078125,1.1059116158947349,0.4967372232496738,1.2625761956818402
1789483398727228700,7.765228759765625,1.2129092245846986,0.43126667995154855,1.3134221474304795
1789483398737277700,7.775277587890625,2.2860469903856515,0.5216249962687493,1.4283340363763273
1789483398747326700,7.78532666015625,2.3690198726266622,0.46709494917988775,1.472869782064855
1789483398757376800,7.795376708984375,2.9711393783241506,1.943106828662753,0.44087651207894085
1789483398767425800,7.80542578125,2.8972505507707593,2.8713194061785936,-0.061879898395016786
1789483398777474600,7.815474609375,2.754332026132941,3.6043361593306065,-0.6103626525815576
1789483398787524600,7.825524658203125,2.448704819238186,4.123597349077463,-1.0398528974451124
1789483398797574000,7.835573974609375,1.9428601604253053,4.1928444883048535,-1.2472867104828358
1789483398807622700,7.84562255859375,1.5845447349160908,3.702146545219421,-1.193179711111635
1789483398817672700,7.855672607421875,1.651302395415306,2.927348751914501,-0.8380063830204307
1789483398827721500,7.865721435546875,1.627607631573081,2.9418858113110065,-0.8352562075294554
1789483398837770800,7.875770751953125,1.8304805664360522,2.0561679751753807,0.1919838765799999
1789483398847819800,7.88581982421875,1.7746826913684606,2.0934061112016438,0.17361542232707142
1789483398857869600,7.89586962890625,1.9417489843130111,1.8917308616906403,0.14578662742003798
1789483398867918800,7.9059189453125,2.0776643521904945,2.02957398276031,0.03359020797796547
1789483398877967600,7.915967529296875,2.0702444313228128,2.2099375641733405,-0.11028751708082854
1789483398888017700,7.926017578125,1.9065514142036437,2.365298221755028,-0.2938627540167421
1789483398898066700,7.936066650390625,1.8069605746388435,2.423466917607188,-0.31891024764217435
1789483398908115700,7.94611572265625,1.451474527336657,2.6097394308030606,-0.47650991632230577
1789483398918165800,7.956165771484375,1.2141492877736686,2.686166252401471,-0.4714870466589927
1789483398928214800,7.96621484375,0.8895666205182671,2.7486311841428277,-0.3894546601384878
1789483398938263600,7.976263671875,0.5270221791371703,2.8215795159757135,-0.16233648794367908
1789483398948313600,7.986313720703125,0.3174637751609087,2.878940402576327,0.0997747447643429
1789483398958363000,7.99636279296875,0.17589315800070762,2.943617749670148,0.08718465471714734
1789483398968411600,8.00641162109375,-0.08669804024398327,2.9687878467619417,0.9603883155860006
1789483398978461700,8.016461669921876,-0.3351780032888055,2.9168986695706844,1.648527085483074
1789483398988510700,8.0265107421875,-0.5374316372096538,2.751678296753764,2.258454926843941
1789483398998559700,8.036559814453126,-0.7554130016162991,2.479410338625312,2.638742237925529
1789483399008609800,8.04660986328125,-1.0399579652547837,2.1185428905457258,2.791934903818369
1789483399018658600,8.056658447265624,-1.2734458186119795,1.7987392742604016,2.8742212650999424
1789483399028707800,8.066707763671875,-1.3481839564710856,1.2774854493916035,2.8176632193148134
1789483399038756600,8.076756591796874,-1.5081363257572054,0.4344394647687673,2.528250357379019
1789483399048806700,8.086806640625,-1.634638553123176,-0.31970775469541546,2.1574527591764925
1789483399058855700,8.096855712890624,-2.0245473867699504,-0.6661679072380066,1.5992792165808378
1789483399068904700,8.10690478515625,-2.1192180133283136,-0.634954438328743,1.5298745487041772
1789483399078954800,8.116954833984375,-2.65669202837497,-0.7538555430412293,1.1091244404613971
1789483399089003800,8.127003662109376,-3.3524259295761585,-0.6334001946240663,0.735878133932501
1789483399099052500,8.137052490234375,-4.304621440225839,-0.06635200230777263,0.4298520639132708
1789483399109102800,8.147102783203126,-5.055778830224275,0.6516887155085802,0.2838836501855403
1789483399119151600,8.157151611328125,-5.146433499139547,1.361564247047901,0.31698026596028356
1789483399129200600,8.16720068359375,-4.411244078123569,1.6888924136191605,0.3260361905319616
1789483399139250700,8.177250732421875,-3.587257014235854,1.5767442902982234,0.2304720126673579
1789483399149299700,8.1872998046875,-3.1023768175184725,1.2865268339812754,0.3946841217571869
1789483399159348700,8.1973486328125,-2.7864994347661733,0.8528431560158729,0.46263965027146037
1789483399169398800,8.207398681640624,-2.7856653220295904,0.32564825066030023,0.41558856076113876
1789483399179447600,8.217447509765625,-2.894601789827645,-0.30856852104365823,0.02664996038600802
1789483399189496800,8.227496826171874,-3.3643189042046666,-1.2291840675592423,-0.6340843774959445
1789483399199547000,8.237546875,-3.440887472361326,-2.780882763928175,-1.3363501646839082
1789483399209595600,8.247595703125,-2.1436557044923306,-4.70897147167921,-1.4615793033741413
1789483399219644700,8.257644775390625,-0.08523688165023922,-6.483363655668497,-1.2341346757039426
1789483399229694700,8.26769482421875,1.896000794094801,-7.669684148535132,-1.045105776472017
1789483399239743700,8.27774365234375,3.2624107276082035,-8.97114493227601,-1.827576953949034
1789483399249792800,8.287792724609375,3.7572143524467942,-9.915887788832187,-3.2229215977847576
1789483399259841800,8.297841796875,3.380211469863355,-9.383265013208986,-4.40119030162096
1789483399269891800,8.307891845703125,2.452540451878309,-7.051880751493573,-5.0632344069272275
1789483399279940600,8.317940673828126,1.2716275171436369,-4.194240911099315,-5.006281516605616
1789483399289989600,8.32798974609375,0.13297493051141498,-2.060354320949316,-4.199076368431747
1789483399300039700,8.338039794921874,0.06723141549080609,-1.0401005885958672,-3.374463281600177
1789483399310088700,8.348088623046875,1.0198119799353182,-1.3593746280491352,-2.9566113790169357
1789483399320137700,8.3581376953125,1.124314995330572,-2.2186749973803757,-2.9169655973270534
1789483399330187800,8.368187744140625,0.9641454761624335,-2.6111621570825574,-3.2381098145663736
1789483399340236500,8.378236572265624,1.181103781131655,-2.4582319415181875,-3.602999065507948
1789483399350285800,8.388285888671875,1.369354462532699,-1.856093146598339,-3.318555808678269
1789483399360335600,8.398335693359375,1.7152270244456826,-1.082677163040638,-2.4597905691370365
1789483399370384600,8.408384521484376,2.4738337075367567,-0.4219061464101076,-1.4616465233914553
1789483399380434000,8.418433837890625,3.2134254551649093,0.262154560393095,-0.48215566712431607
1789483399390483700,8.428483642578126,3.7734894876822827,1.008677276328206,0.32667160235866904
1789483399400532700,8.43853271484375,4.244236237367987,1.8420324725419281,0.9316779886040836
1789483399410581500,8.44858154296875,4.421985544629394,2.4681442637234925,1.3407690040394662
1789483399420631600,8.458631591796875,4.502995310103893,2.780809698691964,1.4494085347175598
1789483399430680800,8.468680908203124,4.611418275421857,2.781895155841112,1.4624039176300168
1789483399440729600,8.4787294921875,4.481287336164713,2.449059039503336,1.2656539956919848
1789483399450779600,8.488779541015624,4.032162927961349,1.7903864564567804,0.8148599007107317
1789483399460828700,8.49882861328125,3.4697067396104333,0.8930646917670965,0.11865410768147558
1789483399470877700,8.508877685546874,2.1956408894039687,0.10883096159696579,-0.6672228231184184
1789483399480928000,8.518927978515626,0.4480969648517668,-0.5806038394600153,-1.6308409144058822
1789483399490977000,8.52897705078125,-0.4589969098549336,-0.9399427627980709,-2.103039470335096
1789483399501025800,8.53902587890625,-1.4157517643094062,-0.7564999200701713,-1.6210187547020614
1789483399511076000,8.549076171875,-1.805562398278713,-0.40585049914419646,-0.9584205226443707
1789483399521125000,8.559125,-1.8616390902876854,-0.40252281602621076,-0.9544104102201759
1789483399531174000,8.569173828125,-1.686623884165287,-0.15540391220152378,-0.2597046830229461
1789483399541224000,8.579223876953124,-1.0934347038984298,-0.2548994746983051,0.3401907899495214
1789483399551273200,8.589273193359375,-0.1852046647686511,-0.3258019799172878,1.055756569019705
1789483399561322000,8.599322021484374,0.21962946040723472,-0.32033260859549045,1.0064335159894078
1789483399571371000,8.60937109375,0.18976035531163216,-0.318677242603898,1.0050786673143506
1789483399581420800,8.6194208984375,0.3791021929502487,-0.39886896969377994,0.6946722633190453
1789483399591470000,8.629469970703125,0.44704230469968165,-0.45832419822514053,0.39681017400044943
1789483399601519000,8.63951904296875,0.6471393816411495,-0.230205178424716,0.19067840173831208
1789483399611569000,8.64956884765625,0.7936603146851062,-0.1785901419997215,0.05219550319407135
1789483399621618000,8.659617919921875,0.765959822332859,-0.17769874611794947,0.061333881884813306
1789483399631667000,8.6696669921875,0.922741452628374,-0.302751943719387,0.00018226123172789812
1789483399641717000,8.679717041015625,0.9939069926977157,-0.4462234260648489,-0.014605777251161634
1789483399651766000,8.68976611328125,0.6113105278909206,-0.3906166896551847,0.1546850598750636
1789483399661815000,8.69981494140625,0.06182841480295174,-0.1412900466531515,0.2762216459239833
1789483399671865000,8.709864990234376,-0.024763849811884574,-0.14092939664721488,0.29360160059621554
1789483399681914000,8.7199140625,-0.5077081145972013,0.1419084708124399,0.31061456685326994
1789483399691963000,8.729962890625,-0.9233592922657727,0.26140871046185493,0.22973211755286901
1789483399702013000,8.740012939453125,-1.8688059131771324,0.3730453771293163,0.13501403512358665
1789483399712062000,8.75006201171875,-2.0676807183146475,0.4066717523992061,0.1479194016650319
1789483399722111000,8.760111083984375,-2.1072803227752446,0.40443011095225806,0.17861655508261173
1789483399732161000,8.7701611328125,-2.037308376404643,0.40919688696265216,0.20296313389707354
1789483399742209800,8.780209716796875,-1.6721470305234192,0.3184568778514862,0.15844707928970456
1789483399752259000,8.790259033203125,-0.5731517333557828,0.18965923302471638,0.19699794188234954
1789483399762309000,8.80030908203125,-0.22384612825419753,0.10659867250025272,0.24525146598499267
1789483399772358000,8.81035791015625,-0.2448743397682905,0.10342121150791644,0.2876635705830529
1789483399782407200,8.8204072265625,-0.20619009658694265,0.08776070103943348,0.3747887136653065
1789483399792457200,8.830457275390625,-0.578845597615838,0.1995049197345972,0.5896706507518887
1789483399802506000,8.840506103515626,-0.7239893970876932,0.19107728312909603,0.8885447301246225
1789483399812555000,8.850554931640625,-0.8365981236577034,0.09564005611240864,1.3032554120726882
1789483399822604800,8.860604736328124,-0.8721640156228094,0.08948679417967796,1.3561907373160123
1789483399832654000,8.870654052734375,-1.0108820928961038,-0.21887246802747248,1.804509528224915
1789483399842703000,8.880703125,-1.2720903123497962,-0.9203086725234985,2.7611902214646338
1789483399852753000,8.8907529296875,-1.491340966039896,-1.0118003767848014,3.215730809497833
1789483399862802000,8.900802001953124,-1.5886322964906692,-0.8470248251259327,3.5908386721149084
1789483399872851000,8.910850830078125,-1.626205363559723,-0.8518640818506479,3.6113965992361305
1789483399882901000,8.92090087890625,-1.8280331732839346,-0.5229027611196041,3.914330621524155
1789483399892950000,8.930949951171876,-2.1246377002894876,0.21981880896687506,3.3414871869325635
1789483399902999000,8.9409990234375,-2.227061132931709,0.24475100564956664,2.1280239817269146
1789483399913049000,8.951049072265626,-2.258071188223362,0.24244915844798087,2.123825214862823
1789483399923098000,8.96109814453125,-2.3963456864476202,0.2672089211732149,0.8673688903007656
1789483399933147000,8.97114697265625,-2.4913591350942847,0.010488660788536072,-0.1319650958817452
1789483399943197000,8.981197021484375,-2.64899884352386,-2.8587562772035597,-1.5886775969371199
1789483399953246000,8.991245849609374,-1.5867051278203725,-4.324450760811567,-1.7103607335835693
1789483399963295000,9.001294921875,-1.5182517693191766,-4.319317489576339,-1.7040462897397577
1789483399973345000,9.011344970703124,-0.17365495061986147,-5.181883582705259,-1.6637337147042155
1789483399983393800,9.021393798828125,0.7266893036961555,-4.946265731582045,-1.608767322024703
1789483399993443000,9.031443115234374,0.693687197804451,-2.9447464614391325,-1.7605664877325296
1789483400003493000,9.0414931640625,0.7318500474601983,-2.938582093590498,-1.8002863575719297
1789483400013542000,9.0515419921875,0.09189436677806079,-1.8321721727848053,-1.9307555888727306
1789483400023591200,9.061591064453125,-0.5212129448691383,-1.0469354030519724,-2.2785352995812893
1789483400033641200,9.07164111328125,-0.9001280542820691,-0.6007680910885334,-2.9163182393342253
1789483400043690000,9.08168994140625,-0.9766741183459758,-0.39714638368487354,-3.5699902376145123
1789483400053739000,9.091739013671875,-1.0259645112156868,-0.22529811716079712,-3.9353494441553947
1789483400063788800,9.101788818359376,-0.8675748612016438,-0.023913375028967856,-4.084744179069996
1789483400073838000,9.111838134765625,-0.327118323212862,0.11418635115027427,-4.006896969279647
1789483400083887000,9.12188720703125,0.36356213052365927,0.33587621468603607,-3.639867491438985
1789483400093937000,9.13193701171875,0.7917372376680374,0.8250514782488345,-3.0322184086650608
1789483400103986000,9.14198583984375,1.743023232257366,1.6412527105659245,-2.277076186814159
1789483400114035000,9.152034912109375,2.4541268442869186,2.302149983924627,-1.5368068321853876
1789483400124085000,9.1620849609375,1.997919199824333,2.3357611616253853,-1.3146692248821257
1789483400134134000,9.172134033203125,1.4182092404641211,1.9783599283516407,-1.616952966567874
1789483400144183000,9.18218310546875,1.1881073762834071,1.5191998638242483,-1.7623581934548913
1789483400154233000,9.192233154296876,1.0497042832434176,0.6973749464064836,-1.9444614581421016
1789483400164282000,9.2022822265625,1.290991558305174,-0.3558522502660751,-2.308588930930942
1789483400174331000,9.212330810546876,1.995599963096529,-0.9211006996840237,-2.2791876260101795
1789483400184381000,9.222380859375,2.498090196914971,-1.2029495561063288,-1.842118689520657
1789483400194430200,9.23243017578125,1.7772578025534749,-1.39978028819561,-0.9541057281851768
1789483400204479000,9.24247900390625,1.251003100657463,-1.1355530131816864,-0.0664618193577975
1789483400214529000,9.252529052734374,1.0948270350396632,-0.7394909176021814,0.2971720977604389
1789483400224577800,9.262577880859375,0.985802888958156,-0.9980699575960635,0.9145314773615449
1789483400234627000,9.272626953125,0.40983986104130743,-1.3199872050344943,1.4057218070738016
1789483400244676000,9.282676025390625,0.1745598635703325,-1.421705119755864,1.2334788421437144
1789483400254726000,9.292725830078124,0.022507307623326776,-1.3534078285992144,1.2549044920101762
1789483400264775000,9.30277490234375,-0.09411153137087822,-1.2417507036656141,0.9370203725453465
1789483400274824000,9.312823974609374,0.25276392397433517,-0.7304179688304663,0.7255325348764657
1789483400284874000,9.3228740234375,0.8216881392955779,-0.0162561382740736,0.3870764597650617
1789483400294923000,9.332923095703125,1.3074647003307938,0.6557008737593889,-0.23107450860515236
1789483400304972800,9.342972900390626,1.6070578877583146,1.3726725010395049,-0.7014131889466196
1789483400315022000,9.35302197265625,1.9177660511791705,2.0856781472980974,-0.9744447518587112
1789483400325071000,9.363071044921876,2.2520602573707698,2.607939103382826,-1.254213002614677
1789483400335121000,9.373120849609375,2.337586915747821,3.022338819685578,-1.5301730932593345
1789483400345170000,9.383169921875,2.0820228396609424,3.3083184923022984,-1.7563550075173378
1789483400355219000,9.393218994140625,1.5916113123014568,3.416381392136216,-1.8127181152522562
1789483400365269000,9.40326904296875,1.1862059265762568,3.2692870431184766,-1.5365350295066833
1789483400375318000,9.413318115234375,0.9885305603563785,2.9584055689573288,-1.039527684078738
1789483400385367000,9.423366943359374,0.9152177791252731,2.729052623447776,-0.385702760259062
1789483400395417000,9.4334169921875,1.00475338088274,2.6126152785003183,0.3191712366659194
1789483400405466000,9.443466064453125,1.0742015956401825,2.4943629930853843,0.9431786029141396
1789483400415515000,9.453514892578125,0.9273273191139102,2.280132213383913,1.1532209910150617
1789483400425565000,9.46356494140625,0.5340867106959224,2.021861216425896,1.0398812467567622
1789483400435614200,9.4736142578125,-0.00168225399851799,1.702860733217001,0.7050293336171657
1789483400445663000,9.4836630859375,-0.23158406556248665,1.693513059157133,0.6572411620039492
1789483400455713000,9.493713134765626,-0.5402969635128975,1.7290256865650415,0.5414790129043161
1789483400465761800,9.50376171875,-0.9519912202492355,1.774465249225497,0.26655520650483666
1789483400475810300,9.513810302734376,-1.4221090243816374,1.8063444885671138,-0.07469605228304863
1789483400485860400,9.5238603515625,-1.9564742597579954,1.788663870447874,-0.3644561202213168
1789483400495909000,9.5339091796875,-2.518917588627338,1.6881576696038245,-0.4662246691513806
1789483400505958400,9.54395849609375,-2.6133555754736064,1.7156085711091755,-0.46858445708528157
1789483400516008400,9.554008544921874,-3.433959718924761,1.036174939584732,0.15690379537045954
1789483400526057200,9.56405712890625,-3.838455880850553,0.44512335586845875,1.228624972371757
1789483400536106200,9.574106201171874,-4.184658551500737,-0.3041092035472393,2.7393103980898856
1789483400546156300,9.58415625,-4.262361676645279,-0.2832306661695242,2.72268542650342
1789483400556205300,9.594205322265625,-4.614974506598711,-2.1356565224319697,5.7238744906544685
1789483400566254300,9.60425439453125,-4.553782371272146,-2.626125917458534,6.224349146866798
1789483400576304400,9.614304443359375,-4.641444872634112,-2.2155156565666196,5.731054757547378
1789483400586353400,9.624353515625,-5.099471841478348,-1.0156757569134234,4.915647305956482
1789483400596402400,9.63440234375,-5.084430924212932,-1.0157371317118407,4.871200261464715
1789483400606452200,9.6444521484375,-4.649752682252228,0.2609954534858465,2.4567662528797984
1789483400616501200,9.654501220703125,-3.6900007648736235,-0.8855237748682498,1.0086666088037193
1789483400626550500,9.664550537109376,-2.2212049542494117,-3.0026269879996774,-0.20666465529613195
1789483400636600300,9.674600341796875,0.0036903789505362506,-5.4908823118597265,-2.207576095739007
1789483400646649300,9.6846494140625,1.2796537333413958,-7.287519060882926,-5.5158758833408355
1789483400656698000,9.694697998046875,1.1207666551992297,-7.975576143845915,-8.47298381370306
1789483400666748200,9.704748046875,1.3038241518713534,-6.237703718480468,-8.620770236638188
1789483400676797400,9.71479736328125,1.795239741706848,-1.5483558156818151,-7.410152337861061
1789483400686846200,9.72484619140625,1.6675252159416674,2.704566416966915,-7.269189623466134
1789483400696896300,9.734896240234375,1.4988085254415868,4.673645306754112,-6.937788508367538
1789483400706945500,9.744945556640625,1.627083315438032,5.810583636814355,-5.8111704967916005
1789483400716994300,9.754994384765626,2.061814456629753,5.74335952784717,-4.578481635981798
1789483400727044400,9.76504443359375,2.882989677967131,4.642417224797606,-2.922425031776726
1789483400737093400,9.77509326171875,3.8736213022559878,2.5142396599441765,-1.3780278905928134
1789483400747142400,9.785142333984375,3.7843104491651056,2.5282161628484725,-1.3005647116839885
1789483400757192400,9.7951923828125,5.188367099505663,-2.821422279587388,1.3461010127171873
1789483400767241200,9.8052412109375,4.275822338981926,-3.9817473304539917,2.4201146845698354
1789483400777290200,9.815290283203124,3.2923405864477155,-4.053901297038793,1.897669896350801
1789483400787340300,9.82534033203125,2.697655030143261,-3.333563992717862,0.5940908783469349
1789483400797389300,9.835389404296874,1.5746332894936204,-1.775479979225993,0.28906521754190323
1789483400807438300,9.845438232421875,0.6161926008440554,-0.32608313494622704,0.6068019644252955
1789483400817488400,9.85548828125,0.2102840879023075,0.7464467280894518,0.9801256470393389
1789483400827537400,9.865537353515625,0.19807810180187224,1.3565163160085678,1.287823595793545
1789483400837586400,9.87558642578125,0.30069910284280776,1.4443424834996461,0.9355377327721566
1789483400847636200,9.88563623046875,0.40073900134935975,1.2299614816725253,0.4867821578811854
1789483400857685200,9.895685302734375,0.29786563298255203,0.9440817622989416,0.23980419689714907
1789483400867734500,9.905734619140626,0.22691242048963903,0.4348930537551641,-0.11505977298393845
1789483400877784300,9.915784423828125,0.4033236110150814,-0.1273825173318386,-0.22161825960427523
1789483400887833300,9.925833251953126,0.8192506830155849,-0.5409124650627374,-0.25742775106690824
1789483400897882000,9.935882080078125,1.2737002317644655,-0.7824649669319391,-0.13318513919599353
1789483400907932200,9.94593212890625,1.8636850630320607,-0.7904723322987556,0.5187002679284661
1789483400917981400,9.9559814453125,0.9821676011957228,-0.7277455347508192,0.27733685889057813
1789483400928030200,9.9660302734375,0.16085107169151305,-0.48156712664663787,-0.003779445473477244
1789483400938080300,9.976080322265625,-0.023013795840740203,-0.21274200244843958,-0.09555785772167145
1789483400948129500,9.986129638671875,-0.06793094206228852,-0.2048766759008169,-0.1250642304521054
1789483400958178300,9.99617822265625,-0.24447978749275207,-0.05882745202183723,-0.46747350016869604
1789483400968228400,10.006228271484375,-0.23220599685311316,0.19786708939969538,-0.9014181671578436
1789483400978277400,10.01627734375,0.13689970273971558,0.5389554857760668,-1.3732532235369086
1789483400988326400,10.026326416015625,0.4761760812580585,0.8275047166198491,-1.1197007795333862
1789483400998376400,10.03637646484375,0.44100189202427864,0.8316735267370938,-1.1285857314523309
1789483401008425200,10.04642529296875,0.4060111695986241,0.8354974689394236,-1.1349816430345177
1789483401018474200,10.05647412109375,0.6419101757507771,0.7878554277986287,-0.8602831698235124
1789483401028524300,10.066524169921875,0.8393675883710384,0.7734843726187944,-0.48621144532114263
1789483401038573300,10.0765732421875,0.9278501008789986,0.7238339142650365,-0.18429405272975563
1789483401048622300,10.086622314453125,0.7190729834735393,0.5231476757913828,0.19780147681757806
1789483401058672400,10.09667236328125,0.4735048162221908,0.33788755450844765,0.6679158468838781
1789483401068721400,10.106721435546875,0.023092121773958203,0.22221768680214882,1.068930815630406
1789483401078770400,10.1167705078125,-0.5570048641424625,0.17045009016394613,1.1887257273774594
1789483401088820200,10.1268203125,-1.4738345354437827,0.11157646091282367,1.1520915485937149
1789483401098869200,10.136869140625,-2.5300679281949994,-0.017608721926808357,1.116246839687228
1789483401108918500,10.14691845703125,-3.39438524890542,-0.13086042257547378,1.0844598086737096
1789483401118968300,10.15696826171875,-3.675874624365568,-0.2932885343253612,0.9575442512664943
1789483401129017300,10.167017333984376,-3.7800983844280243,-0.10071370611488818,0.8873493097949773
1789483401139067400,10.1770673828125,-3.864738323098421,0.41929800973832604,0.8722245867036282
1789483401149116200,10.1871162109375,-3.846567875635624,0.8137398106396198,0.6346691185813397
1789483401159165400,10.19716552734375,-3.207690126383304,1.0696341415941715,0.01971643479578197
1789483401169215500,10.207215576171874,-2.2004373299002644,1.2788918090581893,-0.7668551637373864
1789483401179264300,10.21726416015625,-1.479837575250864,2.0292343755424023,-0.942977746579796
1789483401189313500,10.2273134765625,-0.1775578032772988,2.7760324012875555,-1.0619751512736082
1789483401199363300,10.23736328125,0.19305954298749564,2.995138093549013,-1.1918342147868126
1789483401209412400,10.247412353515625,-0.08464439564980566,3.188479229956865,-1.0332001615576445
1789483401219461400,10.25746142578125,-1.0124410127758978,3.5964521280825137,-0.657273968295008
1789483401229511200,10.26751123046875,-1.4830338870741426,3.8189509699136015,-0.4496354264654219
1789483401239560400,10.277560546875,-0.47487128226980563,3.869246155911684,-0.25874562873244283
1789483401249609200,10.287609130859375,0.4103707530476153,4.120258560043573,-0.02932977405451238
1789483401259659300,10.2976591796875,0.576377307806164,4.555845441281795,0.032364465575292704
1789483401269708300,10.307708251953125,1.1873976205788552,4.7211464781194925,-0.30756971926465626
1789483401279757300,10.31775732421875,1.565128525175899,4.181780073454976,-0.6789570269886404
1789483401289807400,10.327807373046875,2.004802675727755,3.265504601970315,-0.4062009930822998
1789483401299856400,10.3378564453125,2.100898074392229,2.371651974695921,0.2462878598280251
1789483401309905400,10.347905517578125,1.6432500218629835,1.582963018682599,0.6148821027673781
1789483401319955500,10.35795556640625,0.0887127410672605,0.6207528944969177,0.634301892704144
1789483401330004200,10.368004150390625,-1.610589276754856,-0.7300222475111484,0.8703142961028962
1789483401340053200,10.37805322265625,-1.8523826016426086,-1.8548019377440212,1.174281168569997
1789483401350103300,10.388103271484376,-0.714794429371506,-2.062579595783353,1.6981836813166737
1789483401360152300,10.39815234375,0.1172223578453064,-1.2744640557438134,2.4045681558698413
1789483401370201300,10.408201416015626,-0.5098819515049458,0.8377852876156568,4.008934612587094
1789483401380251400,10.41825146484375,-0.6489161820553243,1.2743915750294923,3.6386405799925323
1789483401390300200,10.428300048828126,-0.7270271573483944,1.9315180976778268,2.897707062366605
1789483401400349400,10.438349365234375,-0.2916553801655769,2.446349196022749,2.0968189883850514
1789483401410399500,10.4483994140625,0.4939408705294132,2.461391866853833,0.9919469446711242
1789483401420448300,10.4584482421875,0.22156784459128975,1.8181395557790994,-0.45830403221994637
1789483401430497300,10.468497314453124,-0.4571121920868754,0.7153279517263174,-1.6739488192483782
1789483401440547300,10.47854736328125,-1.0013666610538958,-0.521030537506938,-2.311774136838317
1789483401450596400,10.488596435546874,-1.0566741222560405,-1.6009446655750275,-2.1670409639939665
1789483401460645400,10.498645263671875,-1.2909012496732175,-2.7202351107418536,-1.5083853320822118
1789483401470696200,10.5086962890625,-1.6268004068434236,-4.26060635741055,-0.7554051105707883
1789483401480745200,10.5187451171875,-1.3926391842693089,-6.213913677570224,-0.18098887370452285
1789483401490794200,10.528794189453125,-1.0358537448063492,-8.093091931679844,0.26258418398201466
1789483401500844300,10.53884423828125,-0.8615078162476419,-9.44636882737577,0.8281940871234983
1789483401510893300,10.548893310546875,-1.44839175889045,-10.373635063952207,0.9998165820676833
1789483401520942300,10.5589423828125,-2.671466111397743,-11.344375116074085,0.17409553399421274
1789483401530992400,10.568992431640625,-3.478260340683162,-12.443787140816449,-1.672235001067817
1789483401541041200,10.579041259765624,-2.9001535787358876,-13.213895899522305,-4.538644715633988
1789483401551090200,10.589090087890625,-2.2314710583284496,-12.039351769167185,-6.968422716084122
1789483401561140200,10.59914013671875,-1.9256430681645869,-7.511892464414238,-6.509770601078867
1789483401571189200,10.609189208984375,-1.1707570130318403,-2.98613528740406,-4.904376554879546
1789483401581238300,10.61923828125,0.7724950693204998,-0.8058551948696374,-4.2804637350469825
1789483401591288300,10.629288330078126,1.5487801785737274,0.7310702952593564,-3.309815452861786
1789483401601337000,10.639337158203125,1.8702353614583611,2.148269920289516,-1.8466791293039917
1789483401611386400,10.649386474609376,2.206505836158991,3.102040132910013,-0.6929158481057733
1789483401621436400,10.6594365234375,2.758114467281103,3.677743340846896,-0.07129968784302472
1789483401631485200,10.669485107421876,3.299965674498677,3.83943203240633,0.286511587536335
1789483401641534200,10.6795341796875,3.162623196427524,3.670892744299769,0.5565065592315047
1789483401651584300,10.689584228515624,2.932924506220221,2.9893969195485113,0.8065155584745108
1789483401661633300,10.69963330078125,2.5596435667693616,1.9799708706796169,1.0460187996637076
1789483401671682300,10.709682373046874,2.019991330900788,1.1532651954829691,1.1863071219284087
1789483401681732000,10.719732177734375,1.7060633286505937,0.8522562960386276,1.1956312689822166
1789483401691781400,10.729781494140624,1.8603683396995065,0.984318495619297,1.1262871721863745
1789483401701830100,10.739830078125,2.1931880894243716,1.382647951608896,0.9178327839292585
1789483401711880200,10.749880126953125,2.6053169381856915,2.0033616831392047,0.6335828577145933
1789483401721929200,10.75992919921875,3.1284312962293623,2.680643689587712,0.4940128397870809
1789483401731979000,10.76997900390625,3.497385604652762,3.1473101842224596,0.43936713042929765
1789483401742028300,10.7800283203125,3.706294897070527,3.458627127191424,0.3766881175458431
1789483401752077300,10.790077392578125,3.6877047628909345,3.4706858137756584,0.27866818055957554
1789483401762127000,10.800127197265626,3.294566445803642,3.113008686169982,0.07072656413018703
1789483401772176400,10.81017626953125,2.891320576199889,2.690903217795491,-0.06479191338419914
1789483401782225200,10.82022509765625,2.5369839911937713,2.2894693660497665,-0.19065496606379748
1789483401792275200,10.830275146484375,2.1350760921955105,1.9116805937856434,-0.36279096348807216
1789483401802324200,10.84032421875,1.68966778190583,1.536612186396122,-0.527950546028465
1789483401812373200,10.850373291015625,1.2339432447850704,1.2136088972866534,-0.7197752865239977
1789483401822423300,10.86042333984375,0.8580886554539203,1.0132102435827255,-1.0274909901306033
1789483401832472300,10.870472412109375,0.5618003547906876,0.8953343902647495,-1.4528310565121472
1789483401842521000,10.88052099609375,0.36622049954533575,0.8682283566743135,-1.7610041484974324
1789483401852571100,10.890571044921876,0.1999263600170612,0.8807026383221149,-1.7740129754133522
1789483401862620400,10.900620361328125,0.12604220863878726,0.9101216250300407,-1.4536723296418785
1789483401872669200,10.910669189453126,-0.05408142653852701,0.9877133987545966,-1.4649880889043212
1789483401882719200,10.92071923828125,-0.03185995011925697,0.9265250628203153,-0.9542961361907422
1789483401892768300,10.930768310546876,0.019081424827873707,0.8294751399099827,-0.39150340936183925
1789483401902817300,10.9408173828125,-0.02590834823846817,0.571163810941577,0.23364976592063902
1789483401912867300,10.950867431640624,-0.48582682991772885,-0.34318156926333904,0.6600745587989687
1789483401922916000,10.960916015625,-0.48859921724051236,-1.001948260334134,1.3317702895477412
1789483401932965400,10.97096533203125,-0.09902531463652849,-0.6778653592944145,2.2412429491497576
1789483401943015400,10.981015380859375,-1.2129638773813842,-0.29482582689523695,2.51606044563055
1789483401953064200,10.991064208984374,-1.7676932708725333,0.32983985713124275,2.5130446049407125
1789483401963113200,11.00111328125,-1.9249330201990902,1.059157755765319,2.6060055049717423
1789483401973163000,11.0111630859375,-1.9726139320455491,1.601404099780321,2.69584710393846
1789483401983212300,11.02121240234375,-1.7850091473326086,1.967239983922243,2.5250007079333066
1789483401993261300,11.03126123046875,-1.0518506476223468,1.7962363515287636,1.5828256560385225
1789483402003311000,11.04131103515625,-1.1041615573570132,1.8131079913526773,1.546243061311543
1789483402013360400,11.0513603515625,-1.0299589876793325,1.6650690549612044,1.1990857202850282
1789483402023409200,11.0614091796875,-1.1659640796668826,1.534718919995427,0.7882029991272836
1789483402033459200,11.071459228515625,-1.4250969541512428,1.4875842438548803,0.39764907251000403
1789483402043508200,11.08150830078125,-1.7794070895418523,1.4357669628560543,0.03642068216353655
1789483402053557200,11.09155712890625,-1.8732246064022182,1.4950778144806622,-0.09018047553226351
1789483402063607300,11.101607177734374,-1.6643129758968949,1.7272767970710992,-0.15980923448838294
1789483402073656300,11.11165625,-1.3584639429450034,2.160164940744638,-0.32244755492284893
1789483402083705000,11.121705078125,-0.8515808809950948,2.7934447238594293,-0.42821576794832944
1789483402093755100,11.131755126953125,-0.29592355900406836,3.3705992996484038,-0.41309119098745284
1789483402103804400,11.141804443359375,0.02553907653465867,3.633156595623493,-0.04196516454815864
1789483402113853200,11.151853271484375,0.0906853563144803,3.643440673750639,0.602675166818872
1789483402123903200,11.1619033203125,-0.18867869755476713,3.25559227976501,1.3622875928863882
1789483402133952300,11.1719521484375,-0.4376303697645664,2.7083026808857915,2.013352623538673
1789483402144001300,11.182001220703125,-0.48028877727389335,2.0601468156784772,2.5542250488519667
1789483402154051300,11.19205126953125,-0.5149135159313678,1.289174133619666,2.955131077331304
1789483402164100000,11.20210009765625,-0.7321252111397684,0.651243309828639,3.177992614994943
1789483402174149400,11.2121494140625,-1.0830839902758598,0.20892332094311714,3.0103254335477945
1789483402184199400,11.222199462890625,-1.0566016415417194,-0.1176578266531229,2.098368994306028
1789483402194248200,11.232248291015624,-0.7373172268249094,-0.7271668580800295,0.7281525811817496
1789483402204297200,11.242297119140625,-0.6308135391317308,-2.0432494568914175,-0.6459423538763076
1789483402214347300,11.25234716796875,-0.6762040019534528,-3.5154590214818713,-1.598782957496494
1789483402224396300,11.262396240234375,-0.1451474527336657,-5.286252888718247,-2.6793402057737112
1789483402234445300,11.2724453125,0.4071697650492191,-7.065260457548499,-3.865070039270818
1789483402244495000,11.2824951171875,0.6759294227957725,-8.001976659515499,-4.822345337402821
1789483402254544400,11.29254443359375,0.2607119603693485,-7.885770200714468,-5.646493729332089
1789483402264593400,11.302593505859376,-0.5956618539907038,-7.080518232434987,-6.416753879207373
1789483402274643200,11.312643310546875,-1.2316123176194727,-5.94795271063149,-6.8726873829036945
1789483402284692200,11.322692138671876,-1.863157678157091,-4.691818676826357,-6.004048691862821
1789483402294741200,11.3327412109375,-1.0596538687191903,-3.41680283241868,-1.9771844548314808
1789483402304791300,11.342791259765624,-0.11221066716313362,-3.489038047546148,-0.24450477580353616
1789483402314840300,11.35284033203125,1.0479308438301085,-4.360355602407455,0.6182230837583541
1789483402324889000,11.36288916015625,2.16148596021533,-5.157379256045818,1.113230560605973
1789483402334939100,11.372939208984375,2.5984128578856587,-4.7316216949045655,1.82658706612885
1789483402344988400,11.382988525390624,2.492140640860796,-3.1740467999786137,2.4699521899282932
1789483402355037200,11.393037109375,2.46898772881031,-1.5174030435353516,2.5641180818349123
1789483402365087200,11.403087158203125,2.2986291163221,0.019270517659187317,2.7887773165702816
1789483402375136300,11.41313623046875,2.514445996171236,1.3633318412423132,3.1127123335719107
1789483402385185300,11.423185302734375,2.9561832167327404,2.6254274138003586,3.0168887375861404
1789483402395235300,11.4332353515625,2.7840719153583047,3.4201240857958792,2.954384642878175
1789483402405284000,11.4432841796875,1.8195019301734863,3.421308911666274,2.662192087095976
1789483402415333400,11.45333349609375,1.0580138464272022,2.6227660856366155,1.9052436926059424
1789483402425383400,11.463383544921875,0.602998480489105,1.1739759750783443,0.7100479654967784
1789483402435432200,11.47343212890625,0.287207168585062,-0.21654373281896114,-0.38585959478858856
1789483402445481200,11.483481201171875,0.15138181707859039,-1.1822387765109539,-1.4889961564794183
1789483402455530200,11.4935302734375,0.11690700828582047,-1.6268366472005844,-2.4389760369062423
1789483402465580300,11.503580322265625,0.016233195789903402,-1.4772107338786125,-3.076189652338624
1789483402475629600,11.513629638671874,-0.3641491000987589,-0.8149462638199328,-3.1763878101468084
1789483402485678600,11.5236787109375,-0.7306196288824081,-0.13788053047060966,-2.669111072704196
1789483402495728400,11.533728271484375,-0.8556207309704273,0.3046083852410316,-2.0633950038194655
1789483402505777700,11.543777587890625,-0.8204768638096749,0.47972822078168387,-1.494699628818035
1789483402515826400,11.553826416015625,-0.7919909201681613,0.5431406625062227,-0.922869316791743
1789483402525876500,11.56387646484375,-0.40985973478555676,0.4132207356512546,-0.5923467015607282
1789483402535925500,11.573925537109375,0.0041347617171704765,0.10523439840972423,-0.5471094200067221
1789483402545974500,11.583974609375,-0.14556246327534317,-0.005433715486526489,-0.26960568011663855
1789483402556024600,11.594024658203125,-0.32575163796953854,0.03417407228052616,0.01404481890015304
1789483402566073600,11.604073486328126,-0.3139279291849583,0.11174246512949466,0.13508713689241558
1789483402576122600,11.61412255859375,-0.26782434965781865,0.30658640731573106,0.34049649489782746
1789483402586172700,11.624172607421874,-0.27992643699236214,0.6432248385459184,0.6672375092308968
1789483402596221700,11.6342216796875,-0.3908418036479503,0.9263421074688434,0.829630549667403
1789483402606270500,11.6442705078125,-0.46657472469806666,1.0362444976896048,0.6933359732139855
1789483402616320500,11.654320556640625,-0.8404863632678985,1.0217290656030178,0.5223049778895452
1789483402626369500,11.66436962890625,-1.5102701229155062,0.8429308338105678,0.3494049007575959
1789483402636418600,11.67441845703125,-2.186157460135221,0.4953302790611982,0.1874026132043451
1789483402646468600,11.684468505859375,-2.4079881934463976,0.211639009642601,0.14286854801625012
1789483402656517600,11.694517578125,-2.084233209186792,0.10552665935456752,0.22008111316487192
1789483402666566700,11.704566650390625,-1.6115221736907959,0.20049393077194688,0.3332750922769308
1789483402676616700,11.71461669921875,-1.0769020867705346,0.44029462053775786,0.48547334030494094
1789483402686665500,11.72466552734375,-0.6110941817265003,0.7968746005564927,0.64972844828628
1789483402696714800,11.73471484375,-0.5651251152992248,0.789162418743968,0.6945276672165841
1789483402706764800,11.744764892578125,-0.07525602425336837,1.5199398685365915,0.8201863564305008
1789483402716813600,11.7548134765625,-0.4063245463967323,1.900409258186817,0.822165036092326
1789483402726862600,11.764862548828125,-1.2752139973282812,2.3066285906434056,0.868649285500124
1789483402736912400,11.774912353515624,-2.1581052317358553,2.852426489660144,0.9383807011131197
1789483402746961700,11.784961669921875,-2.0852632828868924,2.8406846139401196,0.9691888040918857
1789483402757010700,11.7950107421875,-2.6518998256623743,3.6246348509937523,0.14750278368815778
1789483402767060500,11.805060546875,-1.4823508732460438,3.747358144342899,-0.48807804291062057
1789483402777109500,11.815109619140625,-0.23705504431948066,3.5585230871826408,-1.0861310298215596
1789483402787158500,11.825158447265625,-0.14698022111877798,3.176784115988016,-1.2652531598061323
1789483402797208600,11.83520849609375,-0.31093159691318867,2.5677672519922257,-1.13321010331735
1789483402807257600,11.845257568359376,-0.2265840653181076,2.548627667236328,-1.1004790694519877
1789483402817306600,11.855306640625,-0.3636312137044966,1.673650420823693,-0.7772102612741291
1789483402827356700,11.865356689453124,-0.43949879398494957,0.7465688931643962,-0.17248422634005545
1789483402837405700,11.87540576171875,-0.5423407443001866,-0.08169570191204548,0.5605113378934562
1789483402847454500,11.885454345703126,-0.07646350034698844,-0.47359366354942317,1.2476372774861753
1789483402857504500,11.89550439453125,0.8839315372407436,-0.1886778207719326,1.9138630523912608
1789483402867553500,11.905553466796874,1.0781924188420176,0.35318156975209714,2.426198534528166
1789483402877602600,11.9156025390625,0.18552344839423893,0.8034411194652319,2.7004806089580056
1789483402887652600,11.925652587890625,-1.4586404734432696,0.8375129004150629,2.818029714539647
1789483402897701400,11.935701416015625,-1.6418261265397072,0.6971493209570646,3.001035334894061
1789483402907750700,11.945750732421875,-0.6321579394780099,0.6001163491815328,3.2720699518352747
1789483402917800700,11.95580078125,0.006479132886230945,0.658548664405942,3.876375569400191
1789483402927849500,11.965849365234375,0.4577192180693149,0.9769517662435769,4.166895515795052
1789483402937898800,11.975898681640626,0.5311809062518179,1.2401380077719688,3.77958342064321
1789483402947948800,11.98594873046875,-0.2618155376970768,1.4488573305755852,3.2380712361216544
1789483402957997600,11.99599755859375,-1.055974157293141,1.2529413752436638,2.6841975826770064
1789483402968046600,12.006046630859375,-0.9268976955249905,0.44834991669952867,2.2667773495092987
1789483402978095600,12.016095703125,0.2296180261865258,-0.6333125163406134,1.8208815479636191
1789483402988145700,12.026145751953125,1.5166326436847448,-1.5473223809808492,1.4204225325994193
1789483402998194700,12.036194580078124,2.4382535678505897,-2.20253517896235,0.9718927292883396
1789483403008243500,12.046243408203125,2.355525015759468,-2.8539170204788444,0.2804899891592562
1789483403018293500,12.05629345703125,1.125285009406507,-3.6996693414509294,-0.6727789959408342
1789483403028342500,12.066342529296875,-0.8648997967734933,-4.721506543603539,-1.6951608263641595
1789483403038391600,12.0763916015625,-2.7423578029617666,-5.823943469125032,-2.736311216273904
1789483403048441600,12.086441650390626,-2.859434907117486,-6.825210761457681,-3.7183325408667325
1789483403058490600,12.09649072265625,-2.0850196833893655,-7.69827720581293,-4.462709476944804
1789483403068539600,12.10653955078125,-2.072784763455391,-7.833762365579605,-4.558533657452464
1789483403078589700,12.116589599609375,-2.871038543410599,-7.277452424898743,-4.719792140901088
1789483403088638500,12.126638427734376,-2.8914225752696394,-6.648731328001618,-4.555495897191762
1789483403098687700,12.136687744140625,-2.0880916381806136,-6.255011996155977,-3.627224282965064
1789483403108737500,12.146737548828124,-1.317061672976613,-5.593337308683991,-3.295180193787813
1789483403118786600,12.15678662109375,-1.1084469795912504,-4.930940152156353,-2.6093840414941307
1789483403128835600,12.166835693359374,-0.9373723277881741,-4.3090725744158025,-1.7754503147400915
1789483403138885400,12.176885498046875,-0.15265870514661073,-3.6034710669338703,-1.298466424230486
1789483403148934700,12.1869345703125,0.6231219617158175,-2.7159002964079377,-0.8490342652522027
1789483403158983400,12.1969833984375,1.1487360276207328,-1.7000637959748506,-0.37502822150960563
1789483403169033500,12.207033447265625,1.6558356549307702,-0.5731850876361131,0.3527610062524676
1789483403179082800,12.217082763671876,2.2358909205973148,0.31033786880373954,0.6826441180035472
1789483403189131500,12.227131591796875,2.129763957262039,0.9930892465740442,0.7025463576950133
1789483403199181600,12.237181640625,2.0689093833267687,1.44946406429708,0.9542229248240589
1789483403209230600,12.247230712890625,2.2732143968194722,1.7353642419368027,1.1761870752565562
1789483403219279600,12.257279541015626,2.5069085864037275,1.9652327357530592,1.2416527962490915
1789483403229329700,12.26732958984375,2.5986744314312933,2.2890789054274556,1.1309035799406468
1789483403239378700,12.277378662109374,2.7200159150332213,3.4904677880883215,0.9511360647246241
1789483403249427500,12.287427490234375,2.7414064935863016,3.470835451379418,0.9771164552859961
1789483403259476700,12.297476806640624,3.334617885684967,3.7695559476256366,0.2293992688693106
1789483403269526500,12.307526611328125,3.4897312905073163,3.1507530181527135,-0.35549203865155576
1789483403279575600,12.317575439453124,2.6204461182564494,2.9406776045650243,-0.4503633023485541
1789483403289624600,12.32762451171875,2.4764976660490037,2.592176886105537,-0.5982261515207589
1789483403299674600,12.337674560546875,2.8045892182081937,2.1809113761752843,-0.7187297229938209
1789483403309723600,12.3477236328125,2.9249375991195437,1.9938065038084982,-0.7470471782006323
1789483403319772400,12.3577724609375,2.8695436286777256,1.9283663556486368,-0.9996808999240397
1789483403329822500,12.367822509765626,2.3339999971717593,2.049337836894393,-0.6828741273671388
1789483403339871700,12.377871826171875,2.079056098809838,1.7910037115722894,-0.6614524230234324
1789483403349920500,12.38792041015625,1.713698061312735,1.827849633410573,-0.3976429350301623
1789483403359970600,12.397970458984375,1.770160830029845,1.9615122539252041,-0.06870163417384029
1789483403370019600,12.40801953125,1.7651497238695621,2.103954393222928,-0.05046572025939822
1789483403380068600,12.418068603515625,1.7339508680075406,2.1882015331834554,-0.18062369365394115
1789483403390118700,12.42811865234375,1.6576847899287939,2.209054936119914,-0.29387729399874807
1789483403400167400,12.43816748046875,1.4696429289728403,2.3497996238499876,-0.38444194654300806
1789483403410216400,12.448216552734374,1.247793490961194,2.5370360136419534,-0.3966245517678559
1789483403420266800,12.458266845703125,1.0362918439626694,2.572609431326389,-0.4798242285020649
1789483403430315500,12.4683154296875,0.794511086295545,2.442830958768725,-0.4896066407173872
1789483403440364500,12.478364501953125,0.5359986817970872,2.1907804437607528,-0.462472111684829
1789483403450414600,12.48841455078125,0.3938023339539766,1.7989198915243148,-0.3689920100852847
1789483403460463600,12.498463623046876,0.19303046302348373,1.4355132803559303,-0.011418050593137741
1789483403470512600,12.5085126953125,-0.16946780112832785,1.1786176634043455,0.584802460193634
1789483403480562000,12.51856201171875,-0.45747167304903263,0.8514654379218817,1.1346345831625162
1789483403490611200,12.528611083984375,-0.7386284555539488,0.3904793270111084,1.51578333337903
1789483403500660200,12.53866015625,-1.0427017110049723,-0.61604866232872,1.6761974749580024
1789483403510709000,12.548708984375,-1.560728390520811,-1.2406740143448114,1.7198609678566454
1789483403520759000,12.558759033203126,-2.0902716125681997,-0.7552619027078151,1.5370071770630775
1789483403530808000,12.56880810546875,-2.558680274695158,0.06533318065404892,1.354328158314526
1789483403540857000,12.578857177734376,-2.756732073011994,0.6222656371474266,1.2707505881786345
1789483403550907100,12.5889072265625,-2.9405682989716526,1.0444809956371783,1.1297788136944173
1789483403560956000,12.598955810546874,-3.0744857710301874,1.3969593855559825,1.005547673065588
1789483403571005200,12.609005126953125,-2.248990056145191,1.9297434892207384,0.9362829251162708
1789483403581055200,12.61905517578125,-2.329761628949642,1.9466040231287478,0.9195441909570247
1789483403591104000,12.62910400390625,-2.396764204120636,1.960117584696412,0.9048487261284143
1789483403601153000,12.639153076171874,-1.4657261939205228,2.371079143244028,0.8900457092721015
1789483403611203000,12.649203125,0.6624852732025086,3.0298464188367125,0.8884936575245111
1789483403621252000,12.659252197265625,1.255380000567436,3.3677339733451603,1.0124106176376342
1789483403631301000,12.669301025390626,1.2587234657764435,3.3709283854722973,0.973950100209564
1789483403641351000,12.679350830078125,1.3486032047964631,3.5699019748091696,0.8667484933800995
1789483403651400200,12.689400146484376,-0.3373473101519048,2.96828691150248,0.17694843920730052
1789483403661449200,12.69944921875,-1.5629694474458693,2.5798668551087376,0.048805605027452105
1789483403671499000,12.7094990234375,-2.6315222235441205,2.0707155559659003,0.05851480587609112
1789483403681548000,12.719548095703125,-2.7003461689233776,2.081452638557553,0.05576967188641429
1789483403691597000,12.72959716796875,-3.3165725259065626,1.155447800219059,0.1989899559497833
1789483403701647000,12.739647216796875,-1.5820621243201196,-3.25046251566112,0.01953647511899471
1789483403711696100,12.749696044921874,-0.2714624869644642,-6.171990598598122,-0.4098538165014237
1789483403721745000,12.759744873046875,1.2651252956427632,-8.977287672814727,-1.5636998075470327
1789483403731794200,12.769794189453124,1.2958769922591744,-8.980144231289625,-1.5785998550370335
1789483403741844200,12.77984423828125,3.0929531556129453,-10.752743102121352,-3.3708699332833287
1789483403751893000,12.78989306640625,4.395056328910589,-11.928642154216766,-5.605099058148265
1789483403761942300,12.7999423828125,4.8406829581260675,-11.995096447855234,-7.661473954072594
1789483403771992000,12.809991943359375,-1.2174538822770118,-2.516523386967182,-5.915100242343545
1789483403782041000,12.820041015625,-1.256211336825043,-2.508902975091338,-5.9406409263134
1789483403792090000,12.830090087890625,-1.8970143550515173,-0.848551596301794,-4.611869526320696
1789483403802140000,12.840139892578126,-1.7152781701110302,-0.875678088158369,-2.4040087684214115
1789483403812189200,12.850189208984375,-1.8562775632545352,-1.9311451727122066,-0.11856558914780616
1789483403822238000,12.860238037109376,-2.216419181277603,-4.585923184159398,1.362472594064474
1789483403832288000,12.8702880859375,-2.2072128153845667,-6.959219418931007,2.4450647091701625
1789483403842337000,12.8803369140625,-1.7284953790806232,-6.785615833172201,3.8344250178992745
1789483403852386000,12.890385986328125,-0.3496529572345316,-4.577887761741876,4.847857087539136
1789483403862436000,12.90043603515625,1.3289504098214209,-2.3880793778836726,4.647565985862911
1789483403872485000,12.910485107421875,2.5727871259808537,-0.7148954055279493,3.98124697971642
1789483403882534100,12.9205341796875,3.4653777704954147,0.5651105022519827,3.2398037590026854
1789483403892584200,12.930584228515626,3.8583717106759545,1.3191723815202712,2.2113328179240224
1789483403902633200,12.94063330078125,3.585588204240799,1.8978835391014812,1.1870455192055553
1789483403912682000,12.950681884765626,2.803137850356102,2.437404257544875,0.23060981370285152
1789483403922731300,12.960731201171875,1.9545314551271498,2.6576176187872886,-0.7790258593287318
1789483403932781000,12.970781005859376,1.3425659704588353,2.386659574213624,-1.816015987753868
1789483403942830000,12.980830078125,0.3864566473662853,1.432126560527086,-3.053180824933946
1789483403952879000,12.990879150390626,-0.8877566484868525,0.34843875913918015,-4.007237161019444
1789483403962929000,13.000928955078125,-1.2479191631674766,-0.04695464339852333,-3.990976931092143
1789483403972978200,13.010978271484374,-0.8804102312467992,-0.07435819863080978,-3.0298762294530865
1789483403983027000,13.02102685546875,-0.7410743143361062,0.08067395764887332,-1.4142685400143264
1789483403993077000,13.031076904296874,-0.4504886822938919,0.21534780103266238,0.06329772930368781
1789483404003126300,13.041126220703125,-0.013132964752241969,0.2173684932053089,1.1739195687159896
1789483404013175000,13.051175048828124,0.16309914287924765,0.21707973939180372,1.89227695126608
1789483404023225000,13.06122509765625,0.1748656415838748,0.09780629423558712,1.8840702639348803
1789483404033274000,13.071274169921875,0.08337861349768937,0.08434650868177414,1.1776527638949452
1789483404043323100,13.0813232421875,-0.2975402734857052,0.1671148082613945,0.3743948920421302
1789483404053373200,13.091373291015625,-0.4287023093562573,0.18977379931509494,-0.17144640772491693
1789483404063422000,13.101421875,-0.3909351810198277,0.1130693298190832,-0.3952341203227639
1789483404073471000,13.111470947265625,-0.54912083289437,0.06481295617222786,-0.3423634578134864
1789483404083521000,13.12152099609375,-0.554016861307621,-0.08563947110176086,-0.2750708136547357
1789483404093570000,13.131570068359375,-0.21054361562132834,-0.1275228025853634,-0.2187921693328768
1789483404103619000,13.141619140625,0.19946816792078315,0.009135492613911628,-0.15689349317215381
1789483404113667800,13.151667724609375,0.3804197783548385,0.26548984229564665,-0.0857072756409645
1789483404123718100,13.16171826171875,0.26830833378247915,0.5796241807729006,-0.06558079873956739
1789483404133767200,13.17176708984375,-0.04842771162576973,0.7976777336329222,-0.04437675573453307
1789483404143816000,13.18181591796875,-0.4028560665685683,0.8149860113084316,-0.03870367853417992
1789483404153866000,13.191865966796875,-0.7713724950313567,0.7366670923531055,-0.02847483772560954
1789483404163915300,13.201915283203125,-1.1973615268409252,0.5778735377132892,-0.0651379503428936
1789483404173964000,13.211964111328125,-1.679137327802181,0.38057811072170733,-0.11320596181079745
1789483404184014000,13.22201416015625,-2.233286291056871,0.29067046078145503,-0.08171857133097946
1789483404194063000,13.23206298828125,-2.844641242611408,0.4641577266842127,0.030721228412911295
1789483404204112100,13.242112060546875,-2.5646657788455487,0.5539928959101438,0.11394947365447879
1789483404214162200,13.252162109375,-2.531732646536827,0.5486573801010847,0.1497002206671983
1789483404224211000,13.2622109375,-2.1858254517018794,0.6196060625493526,0.3259200533390045
1789483404234260000,13.272260009765626,-1.948741035157442,0.7943892134815455,0.527149604909122
1789483404244310000,13.28231005859375,-1.3419371710360048,1.6817285133391617,0.6915666254539042
1789483404254359000,13.292359130859374,-1.6625158633470534,2.0498381876319645,0.7405484638310968
1789483404264408000,13.302407958984375,-1.5877473303496836,2.0395506023734806,0.7723288459081202
1789483404274458000,13.3124580078125,-2.4608991149008275,2.4163392576843497,0.9326841699719428
1789483404284507100,13.322507080078125,-2.7870319342076777,2.655252058699727,1.0291456254698335
1789483404294556200,13.33255615234375,-0.7871827892340719,2.4725755241692067,0.29784342115074397
1789483404304605000,13.34260498046875,-0.674741528185457,2.618837514016032,0.29320611673891545
1789483404314655000,13.352655029296875,-0.5666285055994987,2.5999516117602584,0.3229913064107299
1789483404324704300,13.362704345703126,-0.1360182437300682,2.8145442105114458,0.35442879333421584
1789483404334753000,13.3727529296875,0.8672948752164841,3.2803041116952896,0.7387098502270877
1789483404344803000,13.382802978515626,1.2122960611224174,3.494758763280511,1.1291929766304791
1789483404354851800,13.392851806640625,1.122959927459806,3.364906640964746,1.5407701828584075
1789483404364901000,13.402901123046876,1.1862813299000263,3.3512843583256005,1.5522083994567393
1789483404374951200,13.412951171875,0.9382134547874331,2.316800440567732,1.578961820217222
1789483404385000000,13.423,-0.01556377209573984,-0.0995318028539419,1.2994661027923227
1789483404395049200,13.43304931640625,-0.9362991455987095,-0.719329004061222,1.4901796671755612
1789483404405099300,13.443099365234374,-1.3557812797322868,-1.0029846176445483,1.8851747180454432
1789483404415148000,13.45314794921875,-1.3431748961374164,-1.0106389317899942,1.9176468087136744
1789483404425197000,13.463197021484374,-0.8639926188006997,-0.910376476573944,2.3157316422924397
1789483404435247000,13.4732470703125,-0.42852088837474583,0.5688637173056602,2.6067072235003113
1789483404445296000,13.483296142578125,-0.45757337985783814,1.2823282132476568,2.3609432414159177
1789483404455345200,13.49334521484375,-0.40419074923843146,1.2713555683344602,2.3566855839714407
1789483404465394000,13.503393798828125,0.039976621079444885,1.6838789693713188,1.5532146538898348
1789483404475444000,13.51344384765625,0.3842445242747664,2.003739284279942,1.0511540436603128
1789483404485492500,13.523492431640625,0.3343485667273402,1.919730629250407,0.6053853756256401
1789483404495541500,13.53354150390625,0.3743023914530873,0.7623240961790084,0.08076865019500255
1789483404505591600,13.543591552734375,0.3751297821879387,0.7649386625915765,0.06311740430071949
1789483404515640600,13.553640625,0.8072446034014225,-2.4605910718649624,-0.13445523219704628
1789483404525689600,13.563689697265625,0.7888301180496812,-2.4509803629547355,-0.16894143916666507
1789483404535739600,13.57373974609375,0.09921879138201474,-5.507973147392272,-0.2853134637929499
1789483404545788400,13.583788330078125,-0.3409489879056811,-6.839283710473776,-0.48199718862697477
1789483404555837700,13.593837646484374,-0.5067629427015781,-7.598852954986691,-0.5991830138541757
1789483404565887700,13.6038876953125,-0.579240003760904,-7.642147322311997,-0.30730931476280093
1789483404575936500,13.6139365234375,-0.6638286506354808,-6.9299202592104665,-0.04365691702738404
1789483404585985500,13.623985595703125,-0.8184566100284457,-5.790307156983018,-0.7211527123570441
1789483404596035600,13.63403564453125,-1.0414461579859255,-4.868437811014056,-2.1307130746804175
1789483404606084600,13.644084716796876,-1.182421147340536,-4.3704350978732105,-3.3634999890372157
1789483404616133600,13.654133544921875,-0.9497229830563068,-4.075162696254253,-4.275312343633175
1789483404626182700,13.6641826171875,-1.0068322329834103,-3.9609114631742237,-4.8774721813410515
1789483404636232700,13.674232666015625,-1.2177286075651645,-3.951408890813589,-5.468505644878745
1789483404646281500,13.684281494140626,-1.2905772784158587,-3.7650428541153667,-5.877862690839171
1789483404656330500,13.69433056640625,-0.6519830222800373,-3.210287741661072,-5.215758964300155
1789483404666380500,13.704380615234374,-0.520769256222248,-3.2646956236749887,-5.211323612201213
1789483404676429600,13.7144296875,-0.2017313636124134,-2.6734283513814208,-3.8557685424402353
1789483404686478600,13.724478515625,0.9761012868940829,-1.319243693190813,-0.9722405198127031
1789483404696528600,13.734528564453125,1.0965002289488912,-1.3722966534644365,-0.9835657775558531
1789483404706577700,13.74457763671875,1.5902449923843145,-0.9051555270552635,0.0446639021128416
1789483404716626700,13.754626708984375,1.9320421215519308,-0.4869470661193132,0.5291941163487732
1789483404726676500,13.764676513671875,2.30546422303915,0.06757832923233509,0.9212336784139274
1789483404736725500,13.7747255859375,2.474176237364113,0.5111585473120213,1.3188314591281116
1789483404746774800,13.78477490234375,1.9140134206473827,1.0454922185063362,1.5384526996962726
1789483404756823600,13.794823486328125,1.9992735370427368,0.9977250896811485,1.5478488890729845
1789483404766873600,13.80487353515625,1.993767925363779,1.232075112825632,1.657343136884272
1789483404776922400,13.81492236328125,1.8885101460784672,1.43086983846426,1.703033021043986
1789483404786971600,13.8249716796875,1.9856144295245408,1.6383283475518227,1.7529942989125846
1789483404797021700,13.835021728515626,2.3428251086622476,1.9105495439290998,1.6756000935867428
1789483404807070500,13.845070556640625,2.539446581915021,2.240914886239171,1.3639692623630166
1789483404817119500,13.855119384765626,2.5285329737126827,2.515927174639702,0.8039164818920195
1789483404827169500,13.86516943359375,2.2355858001708984,2.6963030310124156,0.17618454216271637
1789483404837218600,13.875218505859374,2.197168683493137,2.685722600287199,-0.17401918082237242
1789483404847267600,13.885267578125,2.235176050326228,2.697236512470245,-0.2590292679794133
1789483404857317600,13.895317626953124,2.385612695509195,2.578124979877472,-0.30647724785283204
1789483404867366700,13.90536669921875,2.4684458770185707,2.3806267237901686,-0.3718640583902597
1789483404877415700,13.915415771484374,2.4792437498867512,2.165481167331338,-0.4138109566293657
1789483404887465500,13.925465576171876,2.3371014703184363,1.967312464636564,-0.4223278789535165
1789483404897514500,13.935514404296875,2.1155799490869045,1.808550474178791,-0.40240269677788015
1789483404907563800,13.945563720703126,1.7886591942727565,1.6893647073060274,-0.3727227210462093
1789483404917612500,13.955612548828125,1.40747347304672,1.6366057615429161,-0.387123002320528
1789483404927662600,13.96566259765625,0.9485092233523726,1.6725532732367514,-0.4427203863799572
1789483404937711400,13.97571142578125,0.501341502174735,1.7530255708336828,-0.4342598704181611
1789483404947760600,13.9857607421875,0.2662558582320809,1.9021762678593397,-0.3518813008084893
1789483404957810700,13.995810791015625,0.2185527345538139,2.1601760466605424,-0.2690748611755669
1789483404967859500,14.005859375,0.26209084750711914,2.513653384488821,-0.15255568316355347
1789483404977908700,14.01590869140625,0.3159633074700832,2.8618337849527595,-0.014580460146814583
1789483404987958800,14.025958740234374,0.37287352769374843,3.1532465885341168,0.18311741016581654
1789483404998007600,14.036007568359375,0.409411698757112,3.3731033914238213,0.48358095068708057
1789483405008056600,14.046056640625,0.5717877880588174,3.386360347881913,0.9049370619989932
1789483405018106600,14.056106689453125,0.811585262954235,3.3252819020628928,1.4344080955930054
1789483405028155600,14.06615576171875,0.9827999077498912,3.088869685691595,1.8857791136793791
1789483405038204700,14.07620458984375,0.967044704735279,2.4904689082562923,2.3343517332188783
1789483405048254500,14.08625439453125,0.6926163537025452,1.8568156156539917,2.7917373354196546
1789483405058303500,14.096303466796876,-0.09802782803177833,1.8860773659735917,2.6209473457768557
1789483405068352500,14.1063525390625,-0.7257491002365947,2.293075866109133,1.8132750184826552
1789483405078401500,14.116401611328126,-1.273637687922269,2.5952666688144204,1.1711872211426495
1789483405088451600,14.12645166015625,-1.7441282708898185,2.675703895097971,0.9794960438989102
1789483405098500600,14.13650048828125,-1.8350106110811233,2.290374790456891,1.0663140572607517
1789483405108549600,14.146549560546875,-1.805149579694122,1.2596949411571026,1.4131182009354233
1789483405118599700,14.156599609375,-1.8993918978378175,0.5676923354387283,1.2156692638825624
1789483405128648400,14.1666484375,-2.1574477907404304,-0.0804617762029171,0.8307290124285965
1789483405138697700,14.17669775390625,-2.8602678508102892,-0.6596025573730468,0.37336766788624226
1789483405148747800,14.186747802734375,-3.902569748842716,-1.0588614031672476,-0.16606968312263487
1789483405158796500,14.196796630859374,-5.2982081149280065,-1.38017893114686,-0.6771593299169093
1789483405168845600,14.206845458984375,-6.000939035409688,-1.6469804405629633,-1.2675219815209506
1789483405178895400,14.216895263671875,-5.876757359945774,-1.6444249108612536,-1.9196644321464
1789483405188944600,14.226944580078126,-5.0866544454813,-1.380413908946514,-2.2314584911078215
1789483405198993700,14.23699365234375,-4.331329414409399,-1.0251958649307489,-2.3062128494493663
1789483405209042400,14.24704248046875,-3.1295816353082655,-0.9881488675624132,-2.4241639599606395
1789483405219092500,14.257092529296875,-0.15861469094157218,-1.2612351563364266,-2.3445704910248515
1789483405229141500,14.2671416015625,3.2394249888181683,-1.838679654982686,-2.1484677809491752
1789483405239190500,14.2771904296875,4.317639911752939,-2.5509961499333382,-1.8004437400907276
1789483405249240600,14.287240478515624,4.39990318441987,-2.5620214018166063,-1.857371349840611
1789483405259289600,14.29728955078125,4.515948315179347,-4.337902947580814,-3.0430379088431594
1789483405269338600,14.307338623046874,3.322278628593683,-5.07555846644938,-4.046872421315312
1789483405279388700,14.317388671875,1.3661889842391013,-5.687357654640079,-5.760260393765568
1789483405289437400,14.3274375,1.0074413047924637,-6.303150880903005,-6.867329070740937
1789483405299486700,14.33748681640625,0.9966861020222305,-6.901643428274989,-6.003985563498735
1789483405309536800,14.347536865234375,0.7283633743882179,-6.527635928115249,-2.815258203999698
1789483405319585500,14.35758544921875,0.17242007506266235,-4.696362165474891,0.8720246071521193
1789483405329634600,14.367634521484375,0.23475918846726415,-3.020020605871081,3.1228868138447403
1789483405339683600,14.37768359375,0.6746842450402677,-2.26238320620358,4.190212386235594
1789483405349733600,14.387733642578125,0.41831309035420416,-2.021614548188448,4.6040831102281805
1789483405359782700,14.39778271484375,0.3339291722714901,-2.520041039699316,4.415248345328867
1789483405369831700,14.407831787109375,0.6258579625509679,-2.776859499761462,3.87837346521914
1789483405379881700,14.4178818359375,0.6482626865826546,-1.953472739854455,3.3757571208029984
1789483405389930500,14.427930419921875,1.0372421304248274,-1.042486022427678,2.4605495708107945
1789483405399979500,14.4379794921875,1.1305625114180147,-0.6019914954036474,1.525191651584953
1789483405410029600,14.448029541015625,0.9335926631189883,-0.17243395745754242,0.754967595936358
1789483405420078600,14.45807861328125,0.8596224408924579,0.3718377549052238,0.0004904869306832551
1789483405430127600,14.468127685546875,0.8163045465610921,1.0796592765241861,-0.430541799743101
1789483405440177700,14.478177734375,0.6088952834427357,1.5197311942219733,-0.880209155716747
1789483405450226400,14.488226318359375,0.6540088290192186,1.7149024686664343,-1.250081894159317
1789483405460275700,14.498275634765625,0.986087404987961,1.6230775869280099,-1.6644629057615994
1789483405470324500,14.508324462890625,1.2909025648474692,1.1986866379648446,-2.0561770352646707
1789483405480375300,14.518375244140625,1.8114029410004615,0.8414823885679245,-2.221187126331776
1789483405490424000,14.528424072265626,1.9269089964471757,0.5073047944933176,-2.032070621881634
1789483405500473300,14.538473388671875,1.484373465114832,0.02913198646008968,-1.521786227055639
1789483405510523400,14.5485234375,0.4717850066922605,-0.47906771104633805,-0.6650324734672903
1789483405520572200,14.558572265625,-0.5808825833361596,-0.6849176158934831,0.26105171371772884
1789483405530621200,14.56862109375,-1.3456031461976468,-0.6369646091073751,0.8983324761021881
1789483405540671200,14.578671142578125,-1.641385250904411,-0.34582828437983987,1.2749839879646896
1789483405550720300,14.58872021484375,-1.1903086126547306,-0.11790800202190875,1.1178577089499682
1789483405560769300,14.598769287109375,-1.1812672280650585,-0.00018938509225845335,0.9225198457669466
1789483405570818300,14.608818359375,-1.8430033634006977,0.06576748041808604,1.0330927556604146
1789483405580868400,14.618868408203125,-2.0180384432673453,-0.07949146986603736,0.966139134197682
1789483405590917000,14.628917236328125,-2.0193886888325214,-0.0795902540653944,0.9696906891994178
1789483405600966100,14.638966064453125,-0.1994436180014163,-0.13374270001351832,1.039540470495075
1789483405611016200,14.64901611328125,-0.18339615404196083,-0.13556348569989204,1.0465680310443044
1789483405621065200,14.659065185546876,0.6717606126785278,0.013601239851117133,1.17474389071092
1789483405631114200,14.6691142578125,1.4791677131652832,0.35244331860542294,0.8258996195107698
1789483405641164300,14.679164306640626,1.0638801811773329,0.9962100089430809,0.29049667511712757
1789483405651213000,14.689213134765625,1.0695068619526922,0.9952718513101338,0.2972234626214951
1789483405661262300,14.699262451171874,1.0702433595336973,0.9943675959467887,0.3103564273737371
1789483405671312100,14.70931201171875,0.7123604071576148,1.1935194644600153,0.07245733344554901
1789483405681361200,14.719361083984374,0.30098661454729736,1.2477975826144219,-0.21134587191492318
1789483405691410200,14.72941015625,-0.3456628646850586,1.1670055515438318,-0.48276349682435393
1789483405701459200,14.739459228515624,-1.190233866918087,1.098272207057476,-0.634806115899235
1789483405711509200,14.74950927734375,-2.1236264774203297,1.1076654738247393,-0.6700587041314691
1789483405721558000,14.75955810546875,-3.1359342192053794,1.1478893476635217,-0.5921192129477858
1789483405731607300,14.769607177734375,-4.155573034530878,1.168096269389987,-0.36731677034944293
1789483405741657300,14.7796572265625,-4.696510634034872,1.2652221801459789,0.02407346096150577
1789483405751706000,14.7897060546875,-3.9977649837970732,1.6712942130863666,0.4354654468156397
1789483405761755100,14.799755126953125,-2.9381320117354393,1.9811387454152105,0.7301582219157368
1789483405771805200,14.80980517578125,-2.498751583433151,2.346302429383993,0.8075986775361002
1789483405781854200,14.819854248046875,-1.9676012184500693,2.684194660067558,0.5912011482547969
1789483405791903200,14.8299033203125,-1.2406417195104062,2.8169471799999473,0.16733349251337348
1789483405801952000,14.839951904296875,-0.5887618653438985,3.0872885539799926,-0.05536489047780633
1789483405812002300,14.850002197265624,0.48093292039632796,3.3694413617849346,-0.006429010134190321
1789483405822051300,14.86005126953125,1.3355598910890518,3.567449905481934,0.10972118843495846
1789483405832100000,14.87010009765625,1.3887071055173874,3.6019834587246176,0.0739148387774825
1789483405842150100,14.880150146484375,1.1721706792220472,3.2509190272569652,0.007647446013242006
1789483405852199400,14.890199462890624,0.06824892197027801,2.2216654113680123,-0.27685484752729533
1789483405862248200,14.900248291015625,-1.2681661246433853,1.1351906096100806,-0.005659487066417932
1789483405872298200,14.91029833984375,-1.6449463043868542,0.28971126036047934,0.9938744056023657
1789483405882347000,14.920346923828125,-1.4222913952112197,-0.41197395046055313,1.8930757004283367
1789483405892396300,14.930396240234375,-0.6267547652602196,-0.6835685393720865,2.6105656524941323
1789483405902446300,14.9404462890625,0.8211516943313181,-0.41439504012763495,2.801311803972721
1789483405912495000,14.9504951171875,1.4284449494048952,-0.11938567335903644,3.036046442520618
1789483405922544000,14.960544189453126,1.0044237105369567,0.08853577706515789,3.5163428185790777
1789483405932593200,14.97059326171875,0.2618880184113979,0.31085224806666373,3.903809812031686
1789483405942643200,14.980643310546874,-0.9842635505616665,0.5520926152467728,4.181177431386709
1789483405952692200,14.990692138671875,-1.275710840934515,0.9239104964077473,4.100120611900091
1789483405962741200,15.0007412109375,-0.7042249584317207,1.1957090834587811,3.619773382437229
1789483405972791300,15.010791259765625,-0.8255284481108188,1.0075403812527657,2.7942554557204247
1789483405982840300,15.02084033203125,-1.0597846554920076,0.31551673274636266,1.681724421685934
1789483405992889000,15.03088916015625,-0.9860380128882825,-1.031620345020294,0.6836185159936546
1789483406002939100,15.040939208984375,-0.5590985484860838,-2.27862706951797,0.35618323578611016
1789483406012988200,15.05098828125,0.31306290985345836,-3.1658021187245846,0.5674575037695467
1789483406023037200,15.061037109375,1.2410124525189399,-3.8425919577419756,0.8626280524492264
1789483406033086200,15.071086181640625,2.0117080712020394,-4.3299031809985635,0.8366866787239908
1789483406043136000,15.081135986328125,2.2017712088525294,-4.734215218529105,0.4546696212403476
1789483406053185300,15.091185302734376,0.3828732359215617,-6.078487554514408,-1.1509740158058703
1789483406063234000,15.101234130859375,0.4464259628996253,-6.089959381121397,-1.1797000518135725
1789483406073284000,15.1112841796875,-2.035877759079635,-6.965223043259978,-4.537532370477915
1789483406083333400,15.12133349609375,-2.7104905463188884,-6.536649255654216,-5.824030562886596
1789483406093382100,15.131382080078126,-2.41301917335093,-5.480938425472378,-6.336914034295082
1789483406103432200,15.14143212890625,-2.2577555464029313,-4.478090585950016,-6.624975773882865
1789483406113481200,15.151481201171874,-1.7770187331005929,-3.836123053988814,-6.803887402921915
1789483406123530200,15.1615302734375,-1.091712702411413,-2.9706887119472025,-6.3242193878948685
1789483406133579300,15.171579345703124,-1.05141576333642,-1.879264178827405,-5.3809501110225915
1789483406143629300,15.18162939453125,-0.3058928720936179,-1.3115724279105663,-3.995150417384505
1789483406153678000,15.191677978515624,0.5525502958863974,-1.1760235552579164,-1.8650337011620401
1789483406163727400,15.201727294921875,1.1527169139504432,-0.8499602940559386,-0.5163876801371574
1789483406173777200,15.211777099609375,1.8088026953741907,-0.5217617743909359,0.5584273712262511
1789483406183826200,15.221826171875,2.129441301178932,-0.04422960234880447,1.4859813387028873
1789483406193875200,15.231875244140625,2.1768600549578667,0.25921558433175085,1.7906550442650913
1789483406203925200,15.24192529296875,1.9458114114463327,0.30075463242232797,1.8053429103091359
1789483406213974300,15.251974365234375,1.4211869411006568,0.3281768923550844,1.5473039685413241
1789483406224023000,15.26202294921875,0.9791419697642326,0.2336643789678812,1.476777018636465
1789483406234072300,15.272072265625,0.9192641319066286,0.22075638207793236,1.5713324943825602
1789483406244122400,15.282122314453124,0.8467892628043889,0.5264227519392967,1.8851082286804914
1789483406254171100,15.292171142578125,0.9259422944962978,0.47519466900527474,1.930596598918736
1789483406264220200,15.30222021484375,2.5286416947841643,1.2875678674668072,1.2264711553387344
1789483406274270200,15.312270263671875,2.8932991827964782,1.6576754375785587,0.6743168730325997
1789483406284319200,15.3223193359375,2.2641151445627212,2.3351760552138088,0.5134710620380938
1789483406294368300,15.3323681640625,2.3197166202753783,2.643237795779109,0.1350325936935842
1789483406304418000,15.34241796875,2.1145336549043656,2.518641694295406,-0.3395562183730304
1789483406314467000,15.352467041015625,1.9852116939425468,2.3147861781358716,-0.7754086186796426
1789483406324516400,15.362516357421875,2.0801257738679646,2.1111393362909556,-0.8979885580353438
1789483406334566100,15.372566162109376,3.0102970842361447,2.1634464466333387,-0.905492211663723
1789483406344615200,15.382615234375,2.346985735473037,2.4642858347296714,-0.6626813802964985
1789483406354664200,15.392664306640626,2.2630834634274244,2.276035883980989,-0.7692275919571518
1789483406364713200,15.402713134765625,2.196609296044707,2.3168010250896214,-0.7840596887774764
1789483406374763300,15.41276318359375,2.417674305680394,2.6489199330687523,-0.2034771843664348
1789483406384812000,15.42281201171875,2.4711545514553785,2.769073083668947,-0.18618176617249846
1789483406394861300,15.432861328125,2.488313191527128,2.8207798900306225,-0.3910404680252075
1789483406404911400,15.442911376953125,2.5009435405194758,2.84702492287755,-0.634926381278038
1789483406414960000,15.452960205078124,2.273303828668594,2.8440865313380956,-0.8722811391964554
1789483406425009200,15.463009033203125,1.9609265629917383,2.729602658545971,-1.0882667997412383
1789483406435059200,15.47305908203125,1.6458008753895759,2.534101129233837,-1.2567616641841828
1789483406445108200,15.483108154296875,1.2994684408798813,2.361584169667959,-1.3568835418857634
1789483406455157200,15.4931572265625,0.8501055477455258,2.2804314885914323,-1.3845508626207708
1789483406465206300,15.503206298828125,0.3442363390132785,2.2575573934823274,-1.3140661444224417
1789483406475256000,15.513256103515625,-0.2502311906263232,2.112972981458902,-1.0571160208046435
1789483406485305000,15.52330517578125,-0.8180784243658185,1.8723516229599713,-0.4981343766964972
1789483406495353900,15.533353759765625,-1.2593266923666,1.3547212492853402,0.21600874915942547
1789483406505404000,15.54340380859375,-1.4910124647378922,0.7589876452326774,0.9170002786278724
1789483406515453200,15.553453125,-1.5696952485695481,-0.22916180685162543,1.6754384732842444
1789483406525502000,15.563501953125,-1.838862318073213,-0.7085521739810705,2.3529176097400484
1789483406535552000,15.573552001953125,-2.0897462735198435,0.013955460116267204,2.8817183428570625
1789483406545600800,15.583600830078124,-2.0397204059824348,0.7008738944381475,3.346354500707984
1789483406555650000,15.593650146484375,-2.1068471920549867,0.7253782210975885,3.2835786033213137
1789483406565699000,15.603698974609374,-2.0025262552283705,1.1247165618687867,3.5473882374450563
1789483406575748900,15.613748779296875,-2.0782007971547545,1.3826456135213374,3.812066763357818
1789483406585798100,15.623798095703124,-2.2646216327801345,1.8055635673224926,3.800887197695672
1789483406595847000,15.633846923828125,-2.5592437537968156,2.276191366803646,3.393258875223994
1789483406605897000,15.64389697265625,-2.0768533280685544,2.666538591867685,2.4653525871783493
1789483406615946000,15.653946044921875,-1.7384766748689113,2.810726113528013,1.3328744513973594
1789483406625995000,15.6639951171875,-1.9562496572218835,2.3062311157584188,0.07037775069251656
1789483406636045000,15.674045166015626,-2.488248601858318,1.245665831282735,-1.0719776359803974
1789483406646094000,15.684093994140625,-3.4635856263816356,-0.0744751030087471,-1.8503150015883147
1789483406656142800,15.694142822265626,-4.3827115188613535,-1.2478648026317358,-2.3582896581672133
1789483406666192100,15.704192138671875,-4.6681090076759455,-1.957799370881915,-2.869833843795955
1789483406676242200,15.7142421875,-4.16293450320959,-1.6837807696938514,-2.938111845730245
1789483406686291000,15.724291015625,-3.2785701275095342,-0.5036702373832463,-2.3520241680316625
1789483406696340000,15.734340087890626,-2.341396829424798,1.0317840111494063,-1.241098084975779
1789483406706390000,15.74439013671875,-1.7803183591678737,2.1737562437236306,-0.11079773162528872
1789483406716439000,15.75443896484375,-1.5096017221346496,2.8636148231506344,0.6668368925407528
1789483406726488000,15.764488037109375,-1.2396812039151788,2.648060101369023,0.9678293523069471
1789483406736537900,15.774537841796874,-0.8786617801442742,1.2118588387489317,1.0238704615458845
1789483406746587100,15.784587158203125,-0.25615853484869,-0.9159814569741487,1.1106973888665437
1789483406756636000,15.794635986328124,0.6636803282059729,-3.2300679624080657,0.9105141314789652
1789483406766685000,15.804684814453125,1.6836673724472522,-5.329224599960446,0.3893408245004713
1789483406776735000,15.81473486328125,2.6633471023499964,-6.778198250392079,-0.2575086890823208
1789483406786784000,15.824783935546876,3.251244021427631,-7.472113411733508,-1.098713374953717
1789483406796833000,15.8348330078125,3.4728783553838727,-7.154783492085337,-2.0871783227279783
1789483406806883000,15.844883056640626,2.7130840699434278,-6.31740970788002,-3.0206480901196597
1789483406816931800,15.854931884765625,0.857415140106529,-5.371753828132152,-4.095729098942876
1789483406826981000,15.864981201171876,-1.8050049105264245,-4.614711471748352,-5.355809824547172
1789483406837030000,15.87502978515625,-3.723999480587244,-3.8789726001560685,-5.795829135274887
1789483406847080000,15.885079833984374,-4.176602963078022,-2.843960859131813,-5.208873296439648
1789483406857129200,15.895129150390625,-3.9709810217678543,-2.342163429883122,-4.587745431150496
1789483406867178000,15.905177978515624,-3.139378222179413,-2.9722254199951887,-4.4563460793927305
1789483406877228000,15.91522802734375,-2.2130125877045095,-3.796002056002617,-4.24392264137417
1789483406887276800,15.92527685546875,-1.737281912126392,-3.8787481437504288,-3.3260788976594804
1789483406897326000,15.935326171875,-0.5291736580826342,-3.3295097488909957,-2.1101127697221935
1789483406907376000,15.945376220703125,1.4209269749902187,-2.5793764412432907,-1.0372631732128559
1789483406917425000,15.9554248046875,3.0661972506344317,-1.7331623479783533,-0.0927632585670799
1789483406927474000,15.965473876953125,4.1773137416958805,-0.5999860008001328,0.8881789655521511
1789483406937523000,15.97552294921875,4.84332733515501,0.6740040076911449,1.7741081063508986
1789483406947573000,15.985572998046875,5.758071359288692,2.0355992343991995,2.7120570649832487
1789483406957622000,15.9956220703125,6.778188313519954,2.6757670234620567,3.3285411961197853
1789483406967671000,16.005671142578127,7.2822004962086675,2.4518214899539945,3.183569246083498
1789483406977721000,16.01572119140625,5.9585705507576465,1.5421739121764897,2.1860351489298044
1789483406987770000,16.02577001953125,4.154097701281309,0.79947221583426,0.935301512863487
1789483406997819000,16.03581884765625,2.898833436048031,0.33095161776542664,-0.14868983804825692
1789483407007869000,16.045868896484375,2.2589092464827,-0.04181377337872982,-0.9098848205994814
1789483407017918200,16.055918212890624,2.009060479302704,-0.3930915553361177,-1.703746283879876
1789483407027967000,16.065967041015625,1.081596966588497,-0.7346329561769962,-2.3283720742873846
1789483407038016000,16.07601611328125,-1.2931588193416594,-0.902802826449275,-2.879440461052954
1789483407048065800,16.086065673828124,-0.8718822760719805,-0.416215241292119,-2.432467385664582
1789483407058115000,16.096114990234376,-1.0019907843016087,-0.43478199459612366,-1.931017016287893
1789483407068164000,16.1061640625,-2.187700597923994,-0.6100941378384829,-1.63536774418056
1789483407078214000,16.1162138671875,-3.000231617295742,-0.5435960050582885,-1.195763809320703
1789483407088263000,16.126262939453124,-3.3621196405947207,-0.2412666706651449,-0.2956132874784991
1789483407098312000,16.13631201171875,-3.025269027918577,0.005267126747965812,0.6479634113751351
1789483407108362000,16.146362060546874,-2.0392916591763495,-0.05853343751132488,1.1392135815158486
1789483407118411000,16.156410888671875,-0.7658113537728786,-0.19244974052608013,1.2681696317747235
1789483407128460000,16.1664599609375,0.32484102593064307,-0.2363742224484682,1.3343888014830647
1789483407138509000,16.176509033203125,1.1971405775666235,-0.15087679016590116,1.3119495906598866
1789483407148559000,16.18655908203125,1.6625883440613745,0.02532265730500221,1.1771468601994215
1789483407158608000,16.19660791015625,1.5649743575274944,0.26470482939779755,1.0408080062128602
1789483407168657200,16.2066572265625,1.1735890215873717,0.46872108907699583,0.8515457366164774
1789483407178707000,16.21670703125,0.7651321393370628,0.6294961729228497,0.7294545306257904
1789483407188756000,16.226755859375,0.4271685969829559,0.7171832242041826,0.6403560051113367
1789483407198805000,16.236804931640624,0.2558873166918754,0.6172989546507597,0.4985404732793569
1789483407208855000,16.24685498046875,-0.020079498237802182,0.2801993356496095,0.4198439897159114
1789483407218904000,16.256904052734374,-0.3960428063571453,-0.08235328903794288,0.3345944312471896
1789483407228952800,16.266952880859375,-0.9170710057765245,-0.35537118875086304,0.2523286012969911
1789483407239002000,16.277002197265624,-1.5527555119454859,-0.4739636659055948,0.18633439945094285
1789483407249052200,16.28705224609375,-1.640297017276287,-0.4790004910290241,0.22260537094548344
1789483407259101000,16.297100830078126,-2.653170576250553,-0.39450200665593144,0.35069694986212996
1789483407269150000,16.30714990234375,-2.7772669115185735,-0.220706697717309,0.5945202096749097
1789483407279200000,16.317199951171876,-2.5945880389004943,-0.06412731199562549,0.8460649671178311
1789483407289249000,16.3272490234375,-2.139089419490099,0.098233579736948,0.9925921837721019
1789483407299298000,16.337298095703126,-1.6322838066905736,0.17779519222974777,1.0664358570095152
1789483407309346800,16.347346923828123,-1.14518827201128,0.1372077457755804,1.1363678366959094
1789483407319396900,16.35739697265625,-0.819572316185385,0.07330196757614613,1.2712784114450215
1789483407329446100,16.367446044921873,-0.7387601921748369,-0.015049685093760489,1.4444022508628667
1789483407339495000,16.377494873046874,-0.8182850528538227,-0.07332125679850578,1.68626381868124
1789483407349545000,16.387544921875,-0.9345668419133871,-0.09887246216237544,2.027783884473145
1789483407359594000,16.397593994140625,-1.0386469557214528,-0.10228723904192447,2.4234549349084493
1789483407369643000,16.40764306640625,-1.0751152764189988,-0.1082815110206604,2.4540575784429906
1789483407379693000,16.417693115234375,-1.204685513053462,-0.35735096439123154,3.0653111154496666
1789483407389741800,16.427741943359376,-1.405289407005906,-0.5870616372972727,3.197539319247007
1789483407399791000,16.437791015625,-1.6286293758362531,-0.9648246905982494,3.174521431753039
1789483407409840000,16.447840087890626,-1.7072884865313767,-1.6638327911645172,3.046925563931465
1789483407419890000,16.457889892578127,-1.6947909701384603,-2.4186019419193268,2.896501778230071
1789483407429939000,16.46793896484375,-1.672813385477662,-3.0775235312908884,2.5740859336197373
1789483407439988000,16.477988037109377,-1.370786833423376,-3.4807384212344883,1.8630182696864008
1789483407450038000,16.4880380859375,-1.0340981333106756,-3.5661686334997413,0.7511285292301326
1789483407460087000,16.498087158203123,-1.3570821331977843,-3.4351071353942153,-0.4546501128222793
1789483407470135800,16.5081357421875,-2.1899393167614933,-3.147417736250162,-1.7300947771012782
1789483407480185600,16.518185546875,-2.189080654105544,-3.143749276870489,-1.770190202254802
1789483407490234600,16.528234619140626,-2.73305426030457,-2.3006810804158446,-4.099946716637909
1789483407500283600,16.53828369140625,-2.681462604755163,-2.2936785081773996,-4.1168879145666954
1789483407510332700,16.548332763671876,-2.3235189351677894,-1.8126736915886401,-4.509644538860023
1789483407520382700,16.5583828125,-1.6509271323621273,-1.3588316072136164,-4.376538090923428
1789483407530431500,16.568431396484375,-0.894039089757204,-0.9747557175040245,-3.844821031968295
1789483407540480500,16.57848046875,-0.22717329991552979,-0.7045517061680555,-3.2337855216264724
1789483407550530600,16.588530517578125,0.26028763401005417,-0.39518239013552664,-2.592318924924731
1789483407560579600,16.59857958984375,0.5878302835822105,-0.11935469369888305,-2.0422572309836746
1789483407570628600,16.608628662109375,0.8316858016967773,0.10444470933675766,-1.5829152340181172
1789483407580677600,16.618677734375,1.1032885739147662,0.22370178788006304,-1.1799873443223536
1789483407590727700,16.628727783203125,1.3195827158868312,0.29601474441885944,-0.8137548620782792
1789483407600776700,16.638776611328126,1.3411235165655613,0.49359483357071876,-0.8700834830217062
1789483407610825500,16.648825439453127,1.37857500308156,1.089980179530382,-1.1492177467230706
1789483407620875500,16.65887548828125,1.5015734601102768,1.748021478936076,-1.398825179427862
1789483407630924800,16.6689248046875,1.8308476461827754,2.0380197395443913,-1.5520817043371498
1789483407640973600,16.6789736328125,1.337092799744755,1.9294629187136887,-1.883685064009577
1789483407651023600,16.689023681640624,0.8730945744711905,1.5566741466939449,-2.353985969623923
1789483407661072600,16.69907275390625,0.5080022752381861,1.0027619148045777,-2.690502820301056
1789483407671121700,16.70912158203125,0.7488181333959102,0.41711131334900853,-2.66989637786299
1789483407681170700,16.719170654296875,1.6101416791178285,-0.17098375864923,-2.7722710029274222
1789483407691220500,16.729220458984376,1.926371236308664,-0.7203969255536794,-2.445748307520151
1789483407701269500,16.73926953125,2.3153964189887044,-0.9124638042420148,-1.3537418828591703
1789483407711318800,16.74931884765625,2.3136500137127936,-1.073719365081191,-0.6943584481295197
1789483407721368600,16.75936865234375,1.6558862160742283,-0.6445394282758236,0.5355426085926592
1789483407731417600,16.76941748046875,2.2461785058557986,-0.5514718529999256,0.7668447884738445
1789483407741466600,16.779466552734377,1.1113995457865298,-0.20038754778802392,0.2320220185883343
1789483407751515600,16.789515625,-0.1679864765293896,-0.5731862566798925,0.384148370423913
1789483407761565700,16.799565673828123,-0.30272651701718567,-0.7990770790368318,0.4231922406978905
1789483407771614500,16.809614501953124,-0.3670060969650745,-0.9557423894762992,0.2718772052451968
1789483407781663700,16.819663818359373,-0.743109692621231,-1.10831721573174,0.06901493790671229
1789483407791713800,16.8297138671875,-0.7818611558198928,-1.0315040251642464,0.13209507893696426
1789483407801762600,16.839762451171875,-0.07404723298549652,-0.6929144598662853,0.23282763588279484
1789483407811811600,16.8498115234375,1.1188766036689282,-0.13889175333976744,0.12661065617650746
1789483407821861600,16.859861572265626,1.9164476620569824,0.4522504312694072,-0.4084351088099181
1789483407831910700,16.86991064453125,2.376244855444133,1.0927496442437172,-1.0023846059247852
1789483407841959700,16.879959716796876,2.5587200221836564,1.7274568298131225,-1.5427720242001115
1789483407852008700,16.8900087890625,2.4947265657007693,2.243945047715306,-1.8833854965411125
1789483407862058800,16.900058837890626,2.307904017406702,2.5206612174242733,-2.106710706193745
1789483407872107500,16.910107421875,2.0017662306413055,2.6012194397389887,-2.1800429227776825
1789483407882156500,16.920156494140624,1.667492482715845,2.568426592683792,-1.976714206971228
1789483407892206600,16.93020654296875,1.3488582024708389,2.4074808284461495,-1.6091151125490664
1789483407902255600,16.940255615234374,1.127509991979599,2.2982050456911325,-1.2019044309675693
1789483407912304600,16.9503046875,0.8278902088060974,2.354391043293476,-0.36113238262608643
1789483407922354700,16.960354736328124,0.8302890866413712,2.4333231257110834,-0.08588730838298797
1789483407932403500,16.970403564453125,0.8192147349193691,2.4953356375098226,0.031079028874635695
1789483407942452700,16.98045263671875,0.7847039780303835,2.5038036061257123,0.0796118813753128
1789483407952501500,16.99050146484375,0.6969064521118998,2.4847329949527976,0.10586933531239628
1789483407962551600,17.000551513671876,0.6175248723611235,2.436390112066269,0.20025471518859267
1789483407972600600,17.0106005859375,0.4963157829672098,2.3186679880052803,0.33295199780240653
1789483407982649600,17.020649658203126,0.32193010692000384,2.1528613397330045,0.476660065382719
1789483407992699600,17.03069970703125,0.06902063699513673,1.8771669142872094,0.6701702747471631
1789483408002748700,17.040748779296877,-0.2925043982103467,1.5458505548626185,0.8787456590354442
1789483408012797700,17.050797607421874,-0.8345157644256949,1.1595891378074883,1.0460879924423991
1789483408022846700,17.0608466796875,-1.631556807590276,0.7222615503817796,1.1172101317614316
1789483408032896500,17.070896484375,-1.714018671569228,0.7451783155888319,1.1001173965327442
1789483408042945500,17.080945556640625,-4.334444916081428,-0.462308883947134,1.192546235513687
1789483408052994800,17.090994873046874,-5.338382304406165,-1.1877426346242428,1.3051627069987355
1789483408063044600,17.101044677734375,-5.68634701629281,-1.994795514845848,1.6251510322012006
1789483408073093600,17.11109375,-5.468386986935139,-2.528670336356759,2.4214232829503715
1789483408083142400,17.121142333984373,-4.87560931007862,-2.626031224912405,3.090710345122218
1789483408093191700,17.131191650390626,-4.277649846670031,-2.2593062829762696,3.0966040793359277
1789483408103241700,17.14124169921875,-3.92124025478214,-1.5629694474458693,2.4273487274765966
1789483408113290500,17.15129052734375,-4.018053738588095,-0.7501543504357338,1.5828161575578152
1789483408123339800,17.16133984375,-4.060346235394477,-0.08245207323729992,0.7665065694954246
1789483408133389800,17.171389892578127,-4.0216254595950245,-0.09057985011339187,0.7575614118218421
1789483408143438600,17.1814384765625,-2.903543513435125,1.2925579308390616,-0.6488697856303304
1789483408153487600,17.191487548828125,-2.074709594038129,2.2746277707487343,-1.1835967669911682
1789483408163537700,17.20153759765625,-1.4031883430734275,3.3939316599190232,-1.6081524049967526
1789483408173586700,17.211586669921875,-0.6566615354850888,4.466640971174836,-1.9497589800283313
1789483408183635700,17.2216357421875,-0.023557108937203884,5.141208457967639,-2.4171549579814076
1789483408193684500,17.2316845703125,0.44084056398272514,4.527186917552352,-3.690284257990122
1789483408203734500,17.241734619140626,-0.9403437448143959,1.4788099857687949,-5.843937040361761
1789483408213783600,17.251783447265623,-1.5631871818497776,-3.411383145457506,-7.739908608362078
1789483408223832600,17.26183251953125,0.8561024500727653,-8.50166864091754,-8.421907121938467
1789483408233882600,17.271882568359374,2.206420642093569,-13.255483462929725,-7.502797888332605
1789483408243931600,17.281931640625,3.123868226097524,-15.932048943293093,-4.99439234136939
1789483408253980700,17.291980712890624,3.103067722392082,-10.798133564943075,-1.650645246680826
1789483408264029400,17.302029541015624,2.9395819182828067,-2.344794947430491,1.4960063275024293
1789483408274079500,17.31207958984375,4.018982836131752,2.11777015260756,1.6958280581012368
1789483408284128800,17.322128662109375,4.0360336319148535,4.395525699988007,0.6626067806903273
1789483408294177500,17.332177490234375,3.9459561783656474,4.425833744490147,0.5333133151706307
1789483408304227600,17.3422275390625,2.2658289627432824,6.109976333233714,-0.4779153992060572
1789483408314276600,17.352276611328126,1.7498796740233897,5.5206689628362655,-0.7726627540376036
1789483408324325600,17.36232568359375,1.6903940503537653,4.306003834494948,-0.7604311220392584
1789483408334375700,17.372375732421876,2.0403940674602983,2.9166444025486706,-0.5758068875070661
1789483408344424700,17.3824248046875,2.120752821680158,1.6960235806733368,-0.43696591450646516
1789483408354473500,17.392473388671874,2.110022461090237,1.6962112121999262,-0.4188649520833045
1789483408364522800,17.402522705078123,2.436781741732359,0.48607905111312866,-0.7888032300427555
1789483408374572500,17.412572509765624,3.0988837147057056,-1.5808061329096554,-1.8254900646723806
1789483408384621600,17.42262158203125,3.369491630667448,-1.8468343198657036,-1.4572735690042375
1789483408394670800,17.4326708984375,3.584285889470577,-1.7947984276801348,-0.8109021760609001
1789483408404720600,17.442720703125,3.7075194704294203,-1.5372434700369835,-0.20495266374647617
1789483408414769700,17.452769775390625,3.63185661894083,-1.5305816740602254,-0.16865085872225463
1789483408424818400,17.462818359375,3.1729543285667896,-0.9953758962064981,0.5233114880509674
1789483408434867700,17.47286767578125,1.7810034188225865,-0.596648965331912,0.9175166306521743
1789483408444917800,17.482917724609376,-0.031280104404687877,-0.39321138232350344,1.1203425115030259
1789483408454966500,17.492966552734377,-1.4667194427415728,-0.2219739411741495,1.1060462751250713
1789483408465015600,17.503015625,-2.268453466027975,-0.1113525890290737,0.8734387847989797
1789483408475065600,17.513065673828127,-2.6632220146656036,-0.13432897546887396,0.5477605043265968
1789483408485115000,17.523114990234376,-2.574008776730299,-0.18657471101284026,0.3754895554110408
1789483408495164000,17.533163818359377,-1.752130083298683,-0.2653583248704672,0.29466011493951083
1789483408505214000,17.5432138671875,-0.5418306758861988,-0.45756548881232734,0.09816212193593382
1789483408515262700,17.5532626953125,0.38012401027865705,-0.5596995831191539,-0.13695640136301518
1789483408525312000,17.56331201171875,0.9718588270187377,-0.5368880318522453,-0.35729674998596306
1789483408535360800,17.57336083984375,1.3446142812907695,-0.30601825203895566,-0.561674024997279
1789483408545410800,17.583410888671875,1.5288357071757315,0.04506313056349754,-0.5969007481358946
1789483408555460000,17.593460205078124,1.606792222559452,0.37698973084092136,-0.7030605177622288
1789483408565508900,17.6035087890625,1.6875696405827998,0.6165367381066084,-0.7265184041086584
1789483408575559000,17.613558837890626,1.6704162612080573,0.7662520832777023,-0.7200705431435257
1789483408585607700,17.623607666015626,1.6544646588385103,0.8475584936112165,-0.6549244094941765
1789483408595657000,17.633656982421876,1.4733400299251078,0.8904933799743652,-0.37113581718094646
1789483408605707000,17.64370703125,1.3451754223048686,0.7880681937664746,-0.11669102744758128
1789483408615755800,17.653755859375,1.1489970166444778,0.6472492717564106,-0.0000786181941628456
1789483408625804800,17.6638046875,0.7982510765414684,0.48515316843986506,0.10048260077275335
1789483408635853800,17.673853759765624,0.41553427329063414,0.3695703944951296,0.37669739683084186
1789483408645904000,17.68390380859375,-0.02416764205098152,0.2442693596124649,0.5732119756430387
1789483408655953000,17.693952880859374,-0.44896074207425113,0.04260696958303451,0.7764270019419491
1789483408666002000,17.704001953125,-0.7695709985673427,-0.1013140100955963,1.0515750455513595
1789483408676052000,17.714052001953124,-1.0777110650658608,-0.2226104855120182,1.3263365740612147
1789483408686101000,17.72410107421875,-1.3759551759719848,-0.29682606080174445,1.5369930024072527
1789483408696149800,17.734149658203126,-1.566858856099844,-0.26071429845690725,1.7030232303023338
1789483408706199000,17.744198974609375,-1.773836888194084,-0.12996785764992236,1.7219759141840039
1789483408716249000,17.7542490234375,-2.0095044236779214,0.07065232985019683,1.6680121226757765
1789483408726297900,17.7642978515625,-2.303845681926608,0.22068974658250806,1.5740002522870897
1789483408736347000,17.774346923828126,-2.5403385623186825,0.1785170767635107,1.4245897352814674
1789483408746396700,17.784396728515624,-2.5519880835801363,0.06376257033646106,1.3090619063943623
1789483408756446000,17.794446044921877,-2.370006545576453,-0.024024434188008308,1.124140296350792
1789483408766495000,17.804494873046874,-2.24893628013134,-0.14231120639443395,0.857474103752151
1789483408776544800,17.814544677734375,-2.1237387056231496,-0.17103110492229462,0.41644357015527783
1789483408786593800,17.82459375,-1.934167735403776,0.19776362902522085,0.2813298740494996
1789483408796642800,17.834642822265625,-1.6769354338437317,0.5294914918601512,0.3640322687860578
1789483408806692900,17.84469287109375,-1.4052946677029132,0.6241939748615026,0.37616825839020307
1789483408816742000,17.854741943359375,-1.0675912375897167,0.709495007789135,0.49139301267750557
1789483408826791000,17.864791015625,-0.8420715866327285,0.7617074255853891,0.8207549500986934
1789483408836840000,17.87483984375,-0.8171417280375957,0.6758598646908998,1.2796904120899737
1789483408846890000,17.884889892578126,-0.8328355562537908,0.18535247574150562,2.291012942229956
1789483408856938800,17.894938720703124,-0.8676409121751785,0.18230010243356226,2.313660973498225
1789483408866988000,17.904988037109376,-0.9326216261297464,-0.09500877247154713,2.8973759307160973
1789483408877037800,17.915037841796874,-1.1201835946142673,-0.3922258784174919,3.3678374337196346
1789483408887086800,17.9250869140625,-1.5491291381418704,-0.1281108316063881,3.7724285804525017
1789483408897135900,17.935135986328124,-1.9273919576585292,0.3943395095705986,3.3717332721143958
1789483408907186000,17.94518603515625,-1.9757821868181227,0.39372225445508957,3.3601553547844287
1789483408917235000,17.95523486328125,-2.270298217111826,0.6645844374388455,2.3587892782524227
1789483408927283700,17.96528369140625,-2.560492877075076,0.18253215762376784,0.2771768460232764
1789483408937333000,17.9753330078125,-2.6500159116119146,-0.4055599917650223,-0.2506205552700907
1789483408947383000,17.985383056640625,-2.392905190604925,-1.2825661136567592,-0.6516217146869748
1789483408957431800,17.995431884765626,-2.379619008052349,-1.279198098528385,-0.6774498372960835
1789483408967480800,18.005480712890623,-1.6450088482290506,-2.278880167496204,-0.8013413707070052
1789483408977531000,18.01553076171875,-0.2521860875537619,-3.782710028231144,-0.9569554185278714
1789483408987580000,18.025579833984374,0.5264209983736277,-3.7605934734910726,-1.3711457298636436
1789483408997629000,18.03562890625,0.6122773270964622,-3.752490831056237,-1.4343068271756172
1789483409007679000,18.045678955078124,1.1529752726256848,-3.4504145946413276,-2.313152877845615
1789483409017727700,18.055727783203125,1.0260691406339406,-3.202894124278426,-3.3470886602014303
1789483409027777000,18.065777099609374,-0.3553074758648872,-3.052462739792466,-5.021327110046148
1789483409037825800,18.07582568359375,-0.7180465630352497,-3.041390726158023,-5.912394490516186
1789483409047875800,18.085875732421876,-0.5971709433794021,-3.0402988392680883,-5.9675762795120475
1789483409057924900,18.0959248046875,-0.5689865034351125,-3.062801762977242,-6.677247812911868
1789483409067974000,18.105973876953126,-0.5446517246562987,-2.8806758480668067,-6.815263952460884
1789483409078024000,18.11602392578125,-0.34659108544588085,-1.4907476763218641,-5.363313916566968
1789483409088072700,18.12607275390625,0.10320559599585831,-0.3110679366439581,-4.286011140041053
1789483409098122000,18.1361220703125,0.30471126109361646,-0.33366555289924144,-4.242452861082554
1789483409108172000,18.146172119140626,1.2112556121587752,0.8021323749542236,-2.944458584408462
1789483409118220800,18.156220703125,1.0508839945472777,1.5232459243446588,-2.0129948961421844
1789483409128269800,18.166269775390624,0.7697742660544812,1.7921733398735522,-0.8019819336328655
1789483409138318800,18.17631884765625,0.5693357187315822,1.078490232744813,-1.1159579397432506
1789483409148369000,18.186368896484375,0.7428631705142558,1.0406851104855537,-1.078310784524679
1789483409158418000,18.19641796875,1.0374845608785748,0.18949556689560412,-0.8796553942915052
1789483409168466700,18.206466796875,1.776066693072766,-0.480377040079236,-0.16748671031370757
1789483409178517000,18.21651708984375,2.362572011661529,-1.5656372053503989,1.3487383754834532
1789483409188566000,18.22656591796875,1.9389932558640837,-1.5891893458515405,2.1353736138373614
1789483409198614800,18.23661474609375,2.0399404784739015,-1.6261778910309075,2.220184817421436
1789483409208664800,18.246664794921877,1.7351476765766738,-1.3169465221643446,2.8612220827952024
1789483409218713900,18.2567138671875,1.1061892637923358,-0.40778760468661784,2.838005750119686
1789483409228763000,18.266762939453123,0.9908128260746598,-0.3091623952835798,2.2208822981663046
1789483409238813000,18.27681298828125,1.0283429307848215,-0.22618600591123103,1.657865407192707
1789483409248861700,18.28686181640625,1.1833607662782073,-0.2932067012608051,1.7360149609304965
1789483409258911000,18.296910888671874,1.3436907367050648,0.18070201958715915,1.3808692514985799
1789483409268959700,18.306959716796875,1.7719573580577967,1.050457147437334,-0.5665985488526523
1789483409279009800,18.317009765625,1.8204805659472942,1.5863713658213614,-1.114647733927518
1789483409289058800,18.327058837890625,2.07716926214993,2.0256231993079186,-1.7360118921905754
1789483409299107800,18.33710791015625,2.254598543676734,2.4591274290531873,-2.1746846106149254
1789483409309158000,18.347157958984376,2.3046856398820874,2.432894671165943,-2.1595064768359062
1789483409319207000,18.35720703125,2.116925226216018,3.2546973767518996,-2.1472351704142985
1789483409329256000,18.367255859375,1.7742124435082076,3.2716274687647817,-2.062232097519934
1789483409339306000,18.377305908203127,1.4781509373381734,3.0844033539324998,-2.008936560662091
1789483409349355000,18.38735498046875,1.4543173495471478,3.0961200952112673,-2.012026051110029
1789483409359403800,18.39740380859375,1.1071303440347313,2.8622622394979,-1.4665870485335588
1789483409369453800,18.407453857421874,1.085319786503911,2.442706455606222,-0.8457556819729507
1789483409379502800,18.4175029296875,1.1435516107201575,1.9881477473944424,-0.30680063458830115
1789483409389551900,18.4275517578125,0.772258045694232,1.6501923883467913,0.3295750687152147
1789483409399601000,18.437600830078125,0.5464519790112972,1.5028747519671917,0.7356732590101659
1789483409409650700,18.447650634765626,0.48081543149650097,1.457190859156847,0.9637835109822451
1789483409419700000,18.457699951171875,0.2774097049310803,1.4793857398301362,1.0218658437252044
1789483409429748700,18.467748779296876,0.021401099947094916,1.5143179370015858,1.0245200114957989
1789483409439798800,18.477798828125,-0.05108604411482811,1.5150252084881066,1.027760893113166
1789483409449848000,18.48784814453125,0.08353431551605463,1.6050474247187374,1.1176295262172817
1789483409459896800,18.497896728515624,0.3405217024043202,1.7272177603602408,1.1940259526774286
1789483409469947000,18.50794677734375,0.43787849930673833,1.8847277049303053,1.2994425757862627
1789483409479996000,18.517995849609374,0.6699161538556218,1.9675006806850432,1.3270339086756109
1789483409490045200,18.528045166015627,0.9267492269650102,2.0107436100840568,1.3491509018070995
1789483409500094000,18.538093994140624,0.9811129775762557,1.9878397043585776,1.3842235303625463
1789483409510144000,18.54814404296875,0.8234323526144027,1.8416361667007206,1.3815623483292758
1789483409520192800,18.55819287109375,0.9008841333463787,1.7426403704196214,1.3756306201927364
1789483409530242000,18.568241943359375,1.0533496540084482,1.824253654745221,1.4800284216478465
1789483409540292000,18.5782919921875,1.1353940232276916,2.0484809278041123,1.5049538963288067
1789483409550340900,18.5883408203125,1.0318240508988499,2.350851763251424,1.3614203085325658
1789483409560390000,18.598389892578126,0.749922587506473,2.5686253301262854,1.1374226064458488
1789483409570440000,18.60843994140625,0.19117928219884633,2.6931068653196095,0.8863004583291709
1789483409580489000,18.618489013671876,-0.4716398991331458,2.61626795578897,0.4324315590124577
1789483409590538000,18.6285380859375,-1.2373244116559623,2.3994343001127243,0.07388217861689626
1789483409600587800,18.638587890625,-1.7234864648774266,2.0897622017413378,-0.25710063800439237
1789483409610637000,18.648636962890624,-1.8026079323872923,1.7493834149390457,-0.3968739234190434
1789483409620686000,18.65868603515625,-1.7024425078049301,1.5058312636852265,-0.31225904612466693
1789483409630734800,18.66873486328125,-1.5572285657063125,1.4011182588011026,-0.09701178285703062
1789483409640785000,18.678784912109375,-1.3433492297910152,1.4538029702842235,0.09381868590414523
1789483409650834000,18.688833984375,-1.0663166876092554,1.7184651295840738,0.2348871256958693
1789483409660883000,18.698883056640625,-0.8544866854391991,2.1451456507891415,0.33042576726041734
1789483409670933000,18.70893310546875,-0.6426598981395364,2.561281397104263,0.3768002726834267
1789483409680981800,18.718981689453123,-0.5362044335022569,2.9409160894960165,0.5052719004262238
1789483409691031000,18.729031005859376,-0.5593802880369126,3.244013485652208,0.7477944163713603
1789483409701081000,18.7390810546875,-0.6406780766725539,3.4075106879383323,0.9664537531048059
1789483409711129900,18.7491298828125,-0.8706744346521794,3.3638878193110227,1.2383762587964533
1789483409721179100,18.75917919921875,-0.9401483683727682,3.0214053382277486,1.3694821805655955
1789483409731228000,18.769227783203124,-0.9133797500431537,2.2317899150192737,1.3013728131964801
1789483409741278000,18.77927783203125,-0.8723359381236135,1.3161901508390903,1.0284844581473618
1789483409751327000,18.789326904296875,-0.8925637565076351,0.4357733437210321,0.24922888171598315
1789483409761376000,18.7993759765625,-1.072022498035431,-0.7103133384346961,-0.9596257337156683
1789483409771426000,18.809426025390625,-1.1759643724165856,-2.491677699524164,-2.2054005052655934
1789483409781475000,18.81947509765625,-0.6381073494017124,-7.1998442845612765,-3.6588802349448204
1789483409791523800,18.82952392578125,-0.26460619132891294,-9.126992496591805,-3.968400649885833
1789483409801574000,18.839573974609376,0.6365336703442037,-10.221265404880047,-4.276644469019771
1789483409811623000,18.849622802734373,1.0278022480368614,-10.79045879253149,-4.74198292992115
1789483409821672000,18.859671875,-0.043924628052860494,-10.358473735177517,-4.9903357594549655
1789483409831722000,18.869721923828124,-2.422705431715399,-9.023715661990643,-4.073119207727909
1789483409841771000,18.87977099609375,-4.018119205039739,-8.93265182775259,-2.4294597282812
1789483409851820000,18.889820068359374,-4.1804783432066435,-9.688106622684002,-0.8345625261768698
1789483409861868800,18.899868896484374,-3.0300948406398294,-8.545245332315563,0.732440122307837
1789483409871918800,18.9099189453125,-0.5876140104830264,-5.070159822276234,2.0307821895062923
1789483409881968000,18.919968017578125,2.5126994447648525,-1.6512135480880736,2.104744959078729
1789483409892017000,18.930016845703125,4.0213898972734805,0.9259025470077991,1.8690281776256858
1789483409902067000,18.94006689453125,4.459738059918582,2.9886709433615204,2.128783567922562
1789483409912116000,18.950115966796876,4.5806940513342616,2.962770778429508,2.113266995969415
1789483409922165000,18.9601650390625,4.5091339589893815,5.6394426417767995,2.820752417501807
1789483409932215000,18.970215087890626,4.456508284217119,5.833074870085716,2.8538278808906674
1789483409942263800,18.980263916015623,4.867955580455065,4.348770963075757,1.8518758211642503
1789483409952312800,18.990312744140624,5.675390737992525,2.0656407369196415,0.8076786109045148
1789483409962363000,19.00036279296875,6.143129830294847,-0.014425415715575218,0.39954836679268624
1789483409972412000,19.010411865234374,4.968519064444303,-1.9259651397258042,-0.37300577577129
1789483409982461000,19.0204609375,1.0038111315965652,-3.8760973369807004,-2.0169071011498567
1789483409992510000,19.030510009765624,-3.424469129262864,-4.665151034653187,-3.761654088459909
1789483410002560000,19.04056005859375,-5.221206708312034,-3.7016309969127175,-3.953548240929842
1789483410012609000,19.050609130859375,-5.287228455752134,-2.186243384853005,-2.7087878340542315
1789483410022657800,19.06065771484375,-4.011253410923481,-0.38926410600245,-1.0688934062294662
1789483410032707800,19.070707763671876,-3.983761008363962,-0.3926391353935003,-1.068292809987813
1789483410042757000,19.080757080078126,-0.16688552955016492,0.812238173905015,0.5375925268597901
1789483410052806000,19.090805908203127,0.631806203430891,0.745164871585369,0.7018691160205751
1789483410062856000,19.10085595703125,1.0214389966152608,0.5956675530791282,0.68574624873735
1789483410072905000,19.110905029296877,1.296980277325958,0.43108138651251793,0.6211325414642691
1789483410082954000,19.1209541015625,1.555860492223501,0.33792437938749786,0.3365144760569557
1789483410093003000,19.1310029296875,1.7277159191407263,0.4356611155182123,0.09823653887901454
1789483410103052800,19.141052734375,1.6508267407275736,0.44693128207325933,0.08604578688032925
1789483410113102000,19.15110205078125,1.7256595711328089,1.0858359193325042,0.08734938029218464
1789483410123151000,19.161151123046874,0.7960169608138501,0.994777345791459,-0.019130049742572007
1789483410133201000,19.171200927734375,-0.7591243502896279,0.6076140114605426,-0.3840376765910536
1789483410143250000,19.18125,-1.9137398644030092,0.3992565077066421,-0.7877703798636794
1789483410153299000,19.191298828125,-2.6646096696317194,0.2025292359918356,-1.148712208353728
1789483410163349000,19.201348876953126,-2.6233693122267723,0.09216215086877345,-1.2787351571917533
1789483410173398000,19.21139794921875,-2.3524165283501146,0.1629483362317085,-1.033885513473302
1789483410183446800,19.22144677734375,-2.1426630401931703,0.28282793058753014,-0.43032950869929043
1789483410193496000,19.23149609375,-1.9410054724693298,0.45707332138121126,0.1704537799583748
1789483410203546000,19.241546142578127,-1.6270283703804016,0.6455944902867078,0.4797507614070549
1789483410213595000,19.251594970703124,-1.3680841503359376,0.8588993873149156,0.6495201392978429
1789483410223644000,19.261643798828125,-1.1200432362955064,1.1117349152207374,0.801210291673243
1789483410233694000,19.27169384765625,-0.8876232313655317,1.3388456347614526,0.8992984715901314
1789483410243743000,19.281742919921875,-0.9359223481755703,1.6538585096389053,0.9655813541844487
1789483410253792000,19.2917919921875,-1.490571881363541,1.901367874085903,1.0076535593036562
1789483410263841800,19.301841796875,-2.2072833964027465,1.946118869960308,1.0639022468786685
1789483410273891000,19.31189111328125,-2.641480138456821,1.675178361043334,1.152864432662353
1789483410283939800,19.32193994140625,-2.6183295644938944,1.6700971122562884,1.1845728454817086
1789483410293990000,19.331989990234376,-2.5000562362909315,1.2403753236591815,1.261819970487058
1789483410304039000,19.342038818359374,-1.7459563630998134,0.9354594799041748,1.3281851245373486
1789483410314088000,19.352087890625,-0.4935527479946613,1.0663462059646844,1.223456264496967
1789483410324137000,19.362136962890624,0.035737668335437775,1.6222966656833886,1.0442562469705938
1789483410334187000,19.37218701171875,-0.42957346616759895,2.4688176329404112,0.547733543254435
1789483410344235800,19.38223583984375,-0.32400749771595,2.4488679008454084,0.5741484527755528
1789483410354285000,19.39228515625,-0.8447194707930088,2.7214491627067328,0.03358830828182399
1789483410364335000,19.402335205078124,-0.6469765922948718,2.7668980777174235,-0.42010742642506954
1789483410374383900,19.4123837890625,0.5167360551834106,2.6071102513432503,-0.34802031453140075
1789483410384433200,19.42243310546875,1.038840067140758,2.3365362376511096,0.24296558353751896
1789483410394483000,19.43248291015625,1.1124117915689944,2.3972511108547447,0.8260391741119325
1789483410404532000,19.442531982421876,1.075741226297617,2.4989152495622635,1.2859088482134042
1789483410414581000,19.4525810546875,0.24813889452219007,1.7523785051018,1.3292016081035136
1789483410424630000,19.462630126953126,0.28751199675053357,1.739345420527458,1.3674173569902777
1789483410434680000,19.47268017578125,-0.2300945576570928,1.2409680288553238,1.2946163246735929
1789483410444728800,19.482728759765624,0.3651134150862694,1.0957698688477278,1.194469312530756
1789483410454777900,19.49277783203125,1.0501219241335988,1.3374024502158164,0.7948007168918848
1789483410464828000,19.502827880859375,1.5312825158059595,1.5335159739464521,0.17179010659605265
1789483410474877000,19.512876953125,1.6827181088984011,1.6319471220821142,-0.0759846307888627
1789483410484926000,19.522926025390625,1.3559820630013941,1.5618629475086927,-0.07221651042699813
1789483410494976000,19.53297607421875,0.5033084183335303,1.383110892945528,0.24557927316725253
1789483410505025000,19.54302490234375,-0.37465631945729255,1.1756593981206416,0.8310900277607143
1789483410515074000,19.553073974609376,-0.02173164707571268,0.7854910367548465,1.2510995467692614
1789483410525124000,19.5631240234375,0.6896469825029373,0.1823158845245838,1.6430299493715166
1789483410535173000,19.573173095703126,1.160118568509072,-0.4463964445441961,2.1188468419283626
1789483410545222100,19.58322216796875,0.4832604865610599,-1.2972370285660029,2.458380410078168
1789483410555271200,19.593271240234376,-0.6145182378910482,-2.9087796605229377,2.3358798195689916
1789483410565321000,19.603321044921874,-1.1038777719795703,-4.817285715925693,1.7820158107355235
1789483410575370000,19.613369873046874,-1.168180878933519,-6.331929816141725,1.4985305852830408
1789483410585419300,19.623419189453124,-0.8064160436227917,-7.52973733318448,1.5813528070069849
1789483410595469000,19.633468994140625,-0.3525881339035928,-8.663549055656791,1.2566677022904158
1789483410605518000,19.64351806640625,-0.28282676154375075,-9.716523154351115,0.4967532976016402
1789483410615566800,19.65356689453125,-0.5003574595734477,-9.651679218518733,-0.7972739751376211
1789483410625617200,19.6636171875,-0.630275048340857,-8.42732856246531,-2.9215730911225077
1789483410635666200,19.673666259765625,-0.9464321248173713,-6.718685738715529,-4.808666356140375
1789483410645715000,19.68371484375,-0.9118526866063476,-5.146430576530099,-6.199474233329296
1789483410655765000,19.693764892578123,-0.9967919004842638,-3.7194010468810794,-7.088047458896041
1789483410665814300,19.703814208984376,-1.405220433422923,-2.5612796435385943,-7.158770515894889
1789483410675863000,19.713863037109373,-1.3871192518040536,-1.7924007188886404,-6.475176842081546
1789483410685912000,19.723912109375,-0.7546016852334141,-1.288021456453204,-4.9193806472659105
1789483410695962000,19.733962158203123,-0.3293298617824912,-0.7362906602561473,-2.97043210683763
1789483410706011100,19.74401123046875,0.27639000649452206,-0.7196668577134608,-1.3198350832127035
1789483410716060200,19.75406005859375,1.290828330567479,-0.6959340999484062,1.6535738474786281
1789483410726110000,19.76410986328125,1.640461267927289,-0.39559681615531445,2.0553351776130495
1789483410736159000,19.774158935546875,1.9658155040770768,0.1713888323187828,1.858949997334182
1789483410746208300,19.784208251953125,2.1179080997735262,0.7332359488606452,1.477641380380839
1789483410756258000,19.794258056640626,2.3071400472968815,1.270949325621128,1.134325663343817
1789483410766307000,19.80430712890625,2.428968437632918,1.7129378905951975,1.0579757063739001
1789483410776356000,19.814356201171876,2.492453652332723,2.0160411319702862,1.1051097979925573
1789483410786405000,19.824405029296877,2.281118594072759,2.1198153946995735,1.0752667406536638
1789483410796455200,19.834455078125,1.8592711921125649,1.7508154935687779,0.720366968806833
1789483410806504000,19.84450390625,1.6164897329702972,1.4037807560086248,0.7469925254039466
1789483410816553200,19.85455322265625,1.4601830267101525,1.0973615219533444,0.8233418978519738
1789483410826603300,19.864603271484373,1.4610107097059488,0.857218302360177,0.6516045443564653
1789483410836652000,19.874652099609374,1.8497013997346161,0.8138678209334611,0.3285056859180331
1789483410846701000,19.884701171875,1.7501187434762715,1.1598293763041496,0.279131706418097
1789483410856750800,19.894750732421876,1.9263602765232324,1.5460282495170832,0.20786679762750862
1789483410866800000,19.904800048828125,2.215681076261401,1.7996143035292624,0.054644759509712454
1789483410876849200,19.91484912109375,2.2573089716792105,1.8976281030356883,-0.16822043141573667
1789483410886898000,19.92489794921875,2.3712200130194425,1.9558529129892586,-0.34207930710986256
1789483410896948200,19.9349482421875,2.385801203818619,1.997690067243576,-0.4892248017929494
1789483410906997000,19.9449970703125,2.3187235175848007,2.114512027594447,-0.5618254892319441
1789483410917046000,19.9550458984375,2.1452800908237695,2.289115145784616,-0.5736399917967617
1789483410927096000,19.965095947265624,2.06545661252439,2.3428104956150055,-0.6126390000157058
1789483410937145000,19.97514501953125,1.7875617544248699,2.6083050140857695,-0.5238451565362513
1789483410947194000,19.985194091796874,1.6501403658986091,2.706755451443791,-0.5183562037311494
1789483410957244200,19.995244140625,1.5348247184574604,2.785882179650664,-0.471201215454936
1789483410967293000,20.00529296875,1.5625442077711225,2.8448230289191008,-0.40573680963665243
1789483410977342200,20.01534228515625,1.5220806799575686,2.8764783963769673,-0.3364418857447803
1789483410987392300,20.025392333984374,1.3683984769821167,2.991665449002385,-0.23089286842793225
1789483410997441000,20.03544091796875,1.1602318196251988,3.103766810572147,-0.03386427567899227
1789483411007490000,20.045489990234376,0.9914265740588307,3.185032888895273,0.16290215900242327
1789483411017539000,20.0555390625,0.8717197059214115,3.2580928644090887,0.46486105264797806
1789483411027589000,20.065589111328126,0.8552063780158757,3.28558059079349,0.8260960188657045
1789483411037638100,20.07563818359375,0.8222013495147228,3.204798496595025,1.1765629228316248
1789483411047687200,20.085687255859376,0.608862842477858,3.0191093362450596,1.4996170653454959
1789483411057737200,20.0957373046875,0.24647592974603175,2.7352485554784534,1.7605905992604791
1789483411067786000,20.105785888671875,-0.3355781085222959,2.218793655323982,2.075495629849285
1789483411077835000,20.1158349609375,-0.9076277623876928,1.455737737739086,2.3058646205335855
1789483411087885000,20.125885009765625,-1.6873440151333807,0.7166138998836279,2.3507751908838745
1789483411097934000,20.13593408203125,-2.599859841823578,0.591708586320281,2.014506762009859
1789483411107983000,20.145983154296875,-3.0301895331859585,0.7222767479509115,1.4809936134181916
1789483411118033200,20.156033203125,-3.2179137064948677,0.9060024992734194,1.3430033389627933
1789483411128082000,20.16608203125,-2.91929404027462,1.0278051706463098,1.5037493428446351
1789483411138131200,20.176131103515626,-2.3298352787077428,1.1316063213825225,1.5555927811980246
1789483411148180000,20.186179931640623,-2.117158158189058,1.1502438018351793,1.5186340466350317
1789483411158230000,20.19622998046875,-2.286762152917683,1.1765122155576944,1.2423626980841158
1789483411168279300,20.206279296875,-2.922093607865274,1.1779355263590812,0.7954818310238421
1789483411178328000,20.216328125,-3.916202260614931,1.0363269152760506,0.36647885822057724
1789483411188378000,20.226378173828124,-4.790016016206145,0.8787830684363841,-0.1842088586643338
1789483411198427000,20.236427001953125,-5.416599516552687,0.6234820271998643,-1.043107003870234
1789483411208476200,20.24647607421875,-5.221105001503229,0.293027837562561,-1.709810260093957
1789483411218526200,20.256526123046875,-4.265299483662844,-0.12209668588340282,-1.9599822678789496
1789483411228575000,20.266574951171876,-2.0992893240213393,-0.7131804183036089,-1.8309078519374131
1789483411238624000,20.2766240234375,-2.1639491354584695,-0.6964607541710138,-1.8723902014046907
1789483411248674000,20.286674072265626,1.2521338582530617,-1.5422475619345903,-1.528078605198115
1789483411258723000,20.29672314453125,3.748185827338695,-2.6594828281372784,-1.5147382082402705
1789483411268772000,20.306772216796876,4.38916084113121,-4.3402422041833395,-2.0726506156817077
1789483411278820900,20.31682080078125,4.313695558041334,-6.31418256252706,-2.9991233637928962
1789483411288871200,20.32687109375,4.112222553104162,-8.376744038131832,-4.441130682343244
1789483411298920200,20.336920166015624,2.958986583715677,-9.616087096133828,-5.928752335599064
1789483411308969000,20.346968994140624,-2.3247112136922774,-4.89468985812366,-2.8372978941112756
1789483411319019000,20.35701904296875,-2.407159049145877,-4.88392939465642,-2.7943098162561655
1789483411329068300,20.367068359375,-2.5131635551452636,-4.8714592046618455,-2.738727629765868
1789483411339117000,20.377116943359376,-2.929698529911041,-4.768711362370849,0.8641128111142664
1789483411349167000,20.3871669921875,-2.2783447454452515,-4.263605539226532,3.607264613997936
1789483411359215900,20.3972158203125,-1.127610529744625,-3.5035470498919485,4.769960777910053
1789483411369265200,20.40726513671875,0.05402268208861351,-2.784175960254669,4.6137452570647
1789483411379315200,20.417315185546876,0.9867981836058198,-2.588578569352627,3.8659412691473958
1789483411389364000,20.427364013671873,1.7602220582090318,-3.065059186515212,2.566231128466129
1789483411399413000,20.4374130859375,2.132815161526203,-3.308385712319612,1.3301296827338636
1789483411409462000,20.4474619140625,2.111651815857738,-2.7079507987082003,0.4740091124825179
1789483411419512000,20.457511962890624,2.2721955751657483,-1.5564251403689384,-0.056371071845665574
1789483411429561000,20.46756103515625,3.3198552008390423,-0.39033319653868676,-0.48942901912815867
1789483411439610000,20.477610107421874,4.154827184599638,0.6061193889886141,-0.5511454705897718
1789483411449660200,20.48766015625,3.84584774466753,1.5094196435660123,-0.35246406913250683
1789483411459709200,20.497709228515625,3.0245860140904783,2.263995902097225,-0.34460429554283617
1789483411469758000,20.507758056640625,2.048479174238443,2.697207286375761,-0.7412672065597027
1789483411479808000,20.51780810546875,0.5252491781152785,2.6281781738132235,-1.2112315006308256
1789483411489857000,20.52785693359375,-0.7349883454859256,2.1173773538976906,-1.3983848883144556
1789483411499906000,20.537906005859377,-0.7456383343160152,1.4666244579344987,-1.28586573972404
1789483411509955800,20.547955810546874,0.061775926563888785,1.1004793617129325,-0.8668115486789494
1789483411520004900,20.5580048828125,1.036684788803011,0.8324041790992021,-0.15466449201107024
1789483411530054100,20.56805419921875,1.605833606660366,0.4376829767346382,0.654658086708188
1789483411540103000,20.57810302734375,1.6062790123403072,-0.09555822304785251,1.2077009884171188
1789483411550153000,20.588153076171874,1.0250924045562744,-0.49654725363552565,1.460779969689995
1789483411560202000,20.598201904296875,0.2973030306637287,-0.5250052863568068,1.3710203499183058
1789483411570251000,20.6082509765625,-0.5320539627593011,-0.4739069672822952,0.802268349358812
1789483411580301000,20.618301025390625,-1.5083213269352913,-0.5127841026872396,0.04128766714539379
1789483411590349800,20.628349853515626,-2.5689596766471863,-0.6398913102090359,-0.4935652421500534
1789483411600399000,20.638399169921875,-3.3443583584547043,-0.745047382685542,-0.6896314926728606
1789483411610449200,20.64844921875,-3.4136429070830343,-0.6624784050703049,-0.5447933981493115
1789483411620498000,20.658497802734374,-2.6870471268892286,-0.433343486225605,-0.2061411428786814
1789483411630547000,20.668546875,-1.5883949806034563,-0.17717209189534186,0.1691197914082557
1789483411640597000,20.678596923828124,-0.5660849002420902,0.020412088909745215,0.6685180505607277
1789483411650646000,20.68864599609375,0.3759831110816449,0.2324351294338703,0.9938261094812303
1789483411660695000,20.698695068359374,0.9213585469026118,0.521953497570753,1.061977197100222
1789483411670744800,20.708744873046875,0.562687732084468,0.7935124306470155,0.8678386997696012
1789483411680794000,20.718794189453124,0.3872714708805084,0.7189929039746522,0.7347707572124899
1789483411690843100,20.728843017578125,0.38847558597326276,0.7181067687898874,0.7453715000733733
1789483411700892000,20.738891845703126,0.28313071292638775,0.7049848368883133,0.5759817326173186
1789483411710942000,20.74894189453125,-0.4584358419060707,0.8252128062903881,0.38340478551499546
1789483411720991000,20.758990966796876,-1.1489935095131396,0.8956003477245569,0.41133126864284275
1789483411731040000,20.7690400390625,-1.5378887822031975,0.9436685053229331,0.47773047109320754
1789483411741090000,20.779090087890626,-1.5605144555091857,0.9427245024710893,0.5054743641957641
1789483411751138800,20.789138916015624,-1.7758266007065773,0.8117138577699661,0.5360383562203497
1789483411761188000,20.79918798828125,-2.1557097149014472,-0.0357668944299221,0.36011107675433157
1789483411771238100,20.809238037109374,-2.2434569719374178,-0.1224853929400444,0.5261440811283886
1789483411781287000,20.819286865234375,-2.262466792833805,0.2645692203193903,0.8652418882094323
1789483411791336000,20.8293359375,-2.2012579986333844,0.2574222711741924,0.8952830254036933
1789483411801386000,20.839385986328125,-2.175824282169342,0.9628297173887491,1.1250031237252056
1789483411811435000,20.84943505859375,-2.0855250025629997,2.777437591910362,1.016066217535734
1789483411821484000,20.859484130859375,-1.5013795449733733,3.581580137643218,0.6428855235889553
1789483411831533800,20.869533935546876,-1.337331284675747,3.5622570130139586,0.6461576040621847
1789483411841583000,20.8795830078125,-0.4581133319534361,4.179708527877927,0.01325746791474521
1789483411851631900,20.8896318359375,0.3959821622110903,4.796211363714933,-0.6093544984523207
1789483411861681000,20.899680908203123,0.8368424538075924,5.744415758901834,-0.6333027255989611
1789483411871731000,20.90973095703125,0.8698726167500018,5.633570534873009,-0.7956278153657913
1789483411881780000,20.919780029296874,0.993018811686337,5.610420545431971,-0.8095949659198522
1789483411891829000,20.9298291015625,0.949471784774214,4.6424411901950835,-1.1213974273834377
1789483411901879000,20.939879150390624,1.807448065894842,3.108213268586993,-1.1313588494274764
1789483411911928000,20.949927978515625,2.9594106543466445,0.7520306657016277,-0.7842346800182014
1789483411921977000,20.95997705078125,2.367241318646818,0.025929391026496884,-0.12272497384957969
1789483411932027100,20.970027099609375,2.3336790946543213,0.02307224802970886,-0.04309329179525375
1789483411942076000,20.980075927734376,1.3147650864720344,-0.5100713365972042,0.6125551211245358
1789483411952125200,20.990125244140625,-1.191500964244455,-1.2858821063369512,1.2337240490764378
1789483411962175000,21.000175048828126,-3.70171984423995,-2.6992501903802153,3.8605432094961403
1789483411972224000,21.01022412109375,-1.3321288937270641,-2.077909266862273,5.21222611399889
1789483411982273000,21.02027294921875,-1.2830422067359089,-2.0926789659708738,5.235460274592041
1789483411992322800,21.03032275390625,0.6688035164386034,-0.795083625486493,5.604394709271192
1789483412002372000,21.0403720703125,0.41526422417759895,1.0261655867457389,4.776433481055498
1789483412012420900,21.0504208984375,-1.5178805979192256,1.3920838884741067,4.238762189871072
1789483412022471000,21.060470947265625,-1.4946949526429176,1.3904729461461305,4.215526567973196
1789483412032520000,21.07052001953125,-2.2368482213221488,1.3210831835776566,3.3671798465937375
1789483412042569000,21.08056884765625,-1.6941691849783063,0.13672025451958178,2.199846962791681
1789483412052619000,21.090618896484376,-0.3420816451974213,-4.2262464071691035,0.9291304230131209
1789483412062668000,21.10066796875,0.036898236547410486,-6.113664666357636,0.04384527920633554
1789483412072717000,21.110717041015626,0.5698080124184489,-6.987910091364383,-0.9836432267062365
1789483412082767000,21.12076708984375,0.5839994732476771,-6.987683296871185,-1.0091785038486123
1789483412092816100,21.130816162109376,-0.03993877328708768,-7.4566037079125636,-1.8167342190258204
1789483412102865000,21.140864990234373,-1.8852289324507117,-7.6775722714364525,-4.044916903333366
1789483412112914200,21.1509140625,-1.6784569443225859,-6.543619094666838,-5.01436779242754
1789483412122964000,21.1609638671875,-0.5063388720706105,-4.860213588026165,-5.669246828410029
1789483412133013000,21.171012939453124,-0.284238089646399,-4.940104286342859,-5.607645820021629
1789483412143062000,21.18106201171875,0.23995675711035727,-3.856446295571327,-6.260091491377353
1789483412153111800,21.19111181640625,-1.0727148642137645,-3.355802128010988,-5.7381941079080105
1789483412163161000,21.2011611328125,-0.8799941977918148,-3.4444138929218053,-5.676545753246545
1789483412173209900,21.2112099609375,-0.7328162621438503,-3.941719855970144,-4.2744583571523425
1789483412183260000,21.221260009765626,-0.6034913785725832,-4.00940982888341,-4.223081805658341
1789483412193309200,21.23130908203125,-0.5179185429662466,-3.8011294820189474,-2.454899874486029
1789483412203358000,21.24135791015625,0.44263679974973197,-3.3870138433545827,-1.085506979639083
1789483412213408000,21.251407958984377,1.3403344120144842,-2.800295320406556,-0.21171090583503244
1789483412223457000,21.26145703125,1.9327438400804995,-2.071631501767039,0.24528102087303993
1789483412233506000,21.271506103515627,2.3619933349907396,-1.1941846503704785,0.6057946870788932
1789483412243556000,21.28155615234375,2.657759657606482,-0.3585556640058756,1.1352632364548743
1789483412253604900,21.29160498046875,2.609711958274245,0.07510463308393955,1.1643733033441006
1789483412263654000,21.30165380859375,2.440457507635653,0.6004933658003807,1.2747647922560572
1789483412273704000,21.311703857421875,2.43766466204673,0.9624082771062851,1.6757881635047494
1789483412283753000,21.3217529296875,2.557206695011258,1.3496779944211243,2.0505628486447036
1789483412293802000,21.331802001953125,2.6679180635273454,1.9405828631430864,2.0886353896684944
1789483412303852000,21.34185205078125,2.765115870475769,2.7971663747310638,1.897577103500813
1789483412313901000,21.351901123046876,2.6976217123955486,3.600502280256152,1.703203847566247
1789483412323950000,21.3619501953125,2.6580577637702225,3.9885979270011185,1.2860336436368525
1789483412334000000,21.372000244140626,2.6411083825349806,3.9718700795620676,0.7355684834614395
1789483412344049000,21.382048828125,2.539558225595951,3.7480829514861105,0.25400632525086403
1789483412354098200,21.39209814453125,2.3837732051223517,3.38711204303205,-0.09806582195460796
1789483412364148000,21.40214794921875,2.271709252953529,2.9436007985353467,-0.3607775778390467
1789483412374197000,21.412197021484374,2.143812940880656,2.60216753424406,-0.42609570705443617
1789483412384246000,21.42224609375,1.8103356040298937,2.3886598081201313,-0.23757395362704992
1789483412394295800,21.4322958984375,1.9628911410629748,1.8631413115441797,-0.345684491994977
1789483412404345000,21.442344970703125,2.3459663292974233,1.2421171988904476,-0.4929843004569411
1789483412414393900,21.452393798828126,2.2460420199945568,1.1071744754374027,-0.3597393208324909
1789483412424444000,21.46244384765625,1.782868920433521,1.0361527277529239,-0.28291385530531404
1789483412434493200,21.4724931640625,1.2480623710304497,0.8937614418596028,-0.36345512648522854
1789483412444542000,21.4825419921875,1.937808137732744,1.2511346180826426,-0.3810786075897515
1789483412454592000,21.492592041015627,1.8974685285598039,1.7904793954372404,-0.39590003688558933
1789483412464641000,21.50264111328125,0.7096826393157243,1.7365356238037346,-0.48980903142169113
1789483412474690000,21.51268994140625,0.5656327725604177,1.3285849375098944,-0.6879578603722155
1789483412484740000,21.522739990234374,0.5866045411795378,1.4225456622332333,-0.5065406782530247
1789483412494789000,21.5327890625,0.20511954474598168,1.2426467757225035,-0.3775065943218767
1789483412504838100,21.542838134765624,-0.2252972403779626,1.0937678813755511,-0.28994477685540915
1789483412514888200,21.55288818359375,-0.5652022721886635,0.8540905257284641,-0.25845526748374104
1789483412524937200,21.562937255859374,-0.8191431309878826,0.4972913500010967,-0.02213745139762759
1789483412534986200,21.572986328125,-1.053980060866475,0.1217535715341568,0.24990561193376779
1789483412545036300,21.583036376953125,-1.133468315862119,-0.009084639209508895,0.5032163561359048
1789483412555085000,21.5930849609375,-1.110273610496521,-0.0249789584338665,0.861848154117912
1789483412565134300,21.60313427734375,-1.1198761361002922,0.27432021448314187,1.3252655838288365
1789483412575184100,21.61318408203125,-1.13436204983145,0.9885954422861337,1.7169173156201838
1789483412585233200,21.623233154296877,-1.1043208395719528,1.6656196745812892,1.9473351138822734
1789483412595282400,21.633282470703126,-0.9080103319644928,2.123650442817807,1.8863355785183606
1789483412605332200,21.643332275390627,-1.1546060886979101,2.2143834376662968,1.7096448403991757
1789483412615381200,21.65338134765625,-1.5037395521029828,2.2742051614224907,1.4619855460874736
1789483412625430000,21.663429931640625,-1.6492288040116427,2.4164725286751985,1.278337536176294
1789483412635480000,21.67347998046875,-1.701907085753977,2.589055539214611,1.2343699457645416
1789483412645529300,21.683529296875,-1.6432593742132187,2.831838459661603,1.2147748723261058
1789483412655578000,21.693578125,-1.5219710821032524,3.0726527103841303,1.1975870061598717
1789483412665628200,21.703628173828125,-1.405636320747435,3.1476766794472932,1.1311676377043127
1789483412675677200,21.71367724609375,-1.22681003190428,3.1157103463441134,1.1484743079446256
1789483412685726200,21.723726318359375,-1.007862160553038,2.9679905589044093,1.2151488202050327
1789483412695776300,21.7337763671875,-0.8711082960247993,2.653402046918869,1.2302014279082416
1789483412705825000,21.743824951171874,-0.8932993773058057,2.226708666232228,1.235032793587446
1789483412715874300,21.753874267578126,-0.9229967425636947,2.238670906704664,1.184828793004155
1789483412725924400,21.76392431640625,-1.4541827633820474,1.3079934003800153,1.3447925604671238
1789483412735973000,21.77397314453125,-1.666387590213865,0.9178507579773664,1.4088552827939391
1789483412746022100,21.784022216796874,-1.6884310797177253,0.6081283907234668,1.2594016572989524
1789483412756072200,21.794072265625,-1.8388683094225822,0.17873568795025346,0.7560276994485408
1789483412766121200,21.804121337890624,-1.6885330787874757,-0.8252887941360473,-0.07308832482546568
1789483412776170200,21.814170166015625,-0.6901274594962596,-2.4136451962947842,-1.0254851302009076
1789483412786220300,21.82422021484375,0.9943301865458488,-4.504229820334911,-2.1495041382595894
1789483412796269000,21.83426904296875,2.3651265184499324,-6.709985130387544,-3.521780041196942
1789483412806318300,21.844318359375,3.1379402983307836,-8.346896596878766,-5.168162515866756
1789483412816368000,21.8543681640625,2.8358430191278456,-9.504811079472303,-7.231101008090376
1789483412826417200,21.864417236328126,0.6758171945929526,-9.135519501918553,-9.120294460257888
1789483412836466400,21.874466552734376,-1.8678747698068618,-5.730991629183292,-9.175447607681155
1789483412846516200,21.88451611328125,-2.482128949934244,-3.13669760479331,-7.021078785994648
1789483412856565200,21.894565185546874,-2.036705734336376,-4.0945588861197235,-4.037242423182725
1789483412866614000,21.904614013671875,-1.7259752129532395,-6.35513884229362,-0.6905528453014791
1789483412876664000,21.9146640625,-1.0362613026939331,-8.747987918797135,2.3127523342207073
1789483412886713300,21.92471337890625,0.2139605844579637,-10.140507860600948,4.363509682524204
1789483412896762000,21.93476220703125,0.932189664453268,-8.351695521593093,6.122985452410578
1789483412906812200,21.944812255859375,0.952255131882429,-4.421395469781756,6.716066496127843
1789483412916861200,21.954861083984376,0.9444400742173195,-0.950362450003624,5.7765358212620015
1789483412926910200,21.96491015625,1.071228863439709,1.722978223094344,4.26746922891736
1789483412936960300,21.974960205078126,1.5466845214687286,3.365485317635536,2.809900476358831
1789483412947009000,21.985009033203124,2.6425276016831396,4.057846819794178,1.8852241101451217
1789483412957058300,21.995058349609376,3.5764217319667337,4.1324662997096775,1.454666162984818
1789483412967108400,22.0051083984375,4.087413398279249,4.144774577140808,1.2724164755642413
1789483412977157000,22.0151572265625,4.027655387409031,3.694294662675261,0.9042468147125095
1789483412987206100,22.0252060546875,2.8692496141672135,2.435453707998991,0.11250899252258241
1789483412997256200,22.035256103515625,1.3082311546586454,0.6305974121630191,-0.9312772257834673
1789483413007305200,22.04530517578125,-0.31579145803451536,-1.2447113070368767,-1.9544243414908646
1789483413017354200,22.055354248046875,-1.630927131384611,-2.33562146089375,-2.9054133989602327
1789483413027404300,22.065404296875,-1.6847312022864818,-2.387149988079071,-3.406263902747631
1789483413037453000,22.075453125,-1.7914695755183696,-2.372608252507448,-3.4156787968248126
1789483413047502300,22.08550244140625,-0.6001810849808156,-0.6042261225879192,-1.781429827541113
1789483413057552100,22.09555224609375,-1.068899982100725,0.17974281916618345,-0.44443771169185636
1789483413067601200,22.10560107421875,-1.0488029504895209,0.544872600865364,0.2907879131486639
1789483413077650400,22.115650390625,-0.9639022419910878,0.3510860587775707,0.28763335810787977
1789483413087700200,22.1257001953125,-1.0092704929810017,0.2656155145019293,0.16337861740775406
1789483413097749200,22.135749267578124,-1.0288250152133405,0.266966344588995,0.17888664072826505
1789483413107798000,22.145798095703125,-0.2920762359261513,0.3296060483753681,0.11629125100765376
1789483413117848000,22.15584814453125,0.5355507188338786,0.3569032206237316,0.002347951365634799
1789483413127897300,22.1658974609375,0.9595184008836746,0.5592039085566998,0.11023034353349358
1789483413137946000,22.175946044921876,0.45435829026885327,0.3964104706257581,0.2993768047304824
1789483413147996200,22.18599609375,-0.17209712671861052,0.23593115485608576,0.37379783946443346
1789483413158045200,22.196045166015626,-0.03438143142089248,0.38283787234723565,0.41757999030668286
1789483413168094200,22.20609423828125,0.5212181690335274,0.6244932500690221,0.5443428048375993
1789483413178144300,22.216144287109376,1.0463958893477916,0.9038526277631521,0.6261752848718315
1789483413188193300,22.226193359375,1.3435783623717725,1.0004185665488243,0.5901950399521738
1789483413198243000,22.2362431640625,1.1758453491467982,0.8369032440841198,0.39185313611496236
1789483413208292400,22.246292236328124,0.6749731449842452,0.5407587358057498,0.07223430181201547
1789483413218341000,22.256341064453125,0.07702252246923744,0.24272446825802324,-0.3046904375012964
1789483413228391200,22.26639111328125,-0.584936900228262,-0.01698211446106434,-0.6366749785110354
1789483413238440200,22.276440185546875,-1.2669652244210243,-0.133595985019207,-0.8774059348642825
1789483413248489200,22.2864892578125,-1.989021607619524,-0.10328969408273696,-0.9971211324386298
1789483413258539300,22.296539306640625,-2.6592215468525886,0.06007423721253872,-0.8842422836903482
1789483413268588300,22.30658837890625,-2.885619734209776,0.2977279780775308,-0.5668891292970627
1789483413278637000,22.316636962890627,-2.758204483652115,0.584078822094202,-0.11101195889785885
1789483413288687000,22.32668701171875,-2.3761235671520233,0.8168383611768484,0.3613632687725127
1789483413298736000,22.336736083984373,-1.77684717592597,1.10014852232337,0.7690884026821703
1789483413308785200,22.34678515625,-1.3205425008296965,1.4648013341605663,0.9354643752750009
1789483413318835200,22.356835205078124,-1.2415326770007609,1.9411995337367056,0.9714805682908743
1789483413328884200,22.36688427734375,-1.6845723584629595,2.4948978306144474,0.9212049637760966
1789483413338933200,22.376933349609374,-1.9562194082140922,2.935211740374565,0.7211603842068464
1789483413348983300,22.3869833984375,-1.7012063901387153,3.1012633033186194,0.256019564769417
1789483413359032000,22.397031982421876,-1.5424796171247959,2.8762486792743203,-0.27235512495525177
1789483413369081300,22.407081298828125,-1.565263257471472,2.4729168849527836,-0.6953967782013117
1789483413379131400,22.41713134765625,-0.2939898144625127,2.010064395648241,-0.6938681803945451
1789483413389180200,22.42718017578125,0.7746013939499855,2.1673937229543925,-0.22437807970643042
1789483413399229200,22.437229248046876,0.8547381759822368,2.149906581580639,-0.18630583094358444
1789483413409279200,22.447279296875,1.2374620665609837,2.444452422490716,0.25917481392994524
1789483413419328300,22.457328369140626,1.0250888974249361,2.6984575786978007,0.7958952341303229
1789483413429377300,22.467377197265623,0.6133234751485288,2.5648469806313514,1.2064862057998775
1789483413439427000,22.477427001953124,0.6922700244829059,2.32204418644011,1.2983113797992467
1789483413449476400,22.487476318359374,1.1195086179621516,2.1772394096642733,1.3789116876900196
1789483413459525000,22.497525146484374,1.3600114646479486,2.200503965395689,1.4632329158000648
1789483413469575200,22.5075751953125,1.2312206879533827,1.9340549226790666,1.5328884896978736
1789483413479624200,22.517624267578125,0.3011865940988064,1.2347387790769337,1.6044357225611805
1789483413489672700,22.527672607421874,-0.38981531014442444,0.5334884525418281,1.7672079715736209
1789483413499722800,22.53772265625,-0.141490537661314,0.20541034438610076,2.1461694408789276
1789483413509771800,22.547771728515624,0.0063899932980537415,0.1541308235257864,2.5357769534915686
1789483413519821600,22.557821533203125,-0.5677776756346226,0.30662206315100193,2.8900092013403773
1789483413529870800,22.567870849609374,-0.1489353007093072,0.4051052337348461,2.9237054269760847
1789483413539919600,22.577919677734375,0.3291813932225108,0.0772726247727871,2.759823024764657
1789483413549969700,22.5879697265625,0.1345242057800293,-0.7372288178890943,2.6055595147699115
1789483413560018700,22.598018798828125,-0.2546285488024354,-2.1032190646857023,2.2865949796572327
1789483413570067700,22.608067626953126,-0.7030667283073068,-3.7002152848958967,1.9376509013444183
1789483413580117800,22.61811767578125,-1.1143686247251927,-5.133060807347297,1.6473871216677127
1789483413590166800,22.628166748046876,-1.3065417402669786,-6.366839801481365,1.2570946955308318
1789483413600215600,22.638215576171874,-1.0703402440369127,-7.281009240597486,0.7055259580276906
1789483413610265900,22.648265869140626,-0.6079767072930932,-7.386493814375996,-0.1494045256562531
1789483413620314600,22.658314697265624,-0.555630141723156,-6.552928190281987,-1.195657353271544
1789483413630363600,22.66836376953125,-1.1182646092504263,-5.505930827909708,-2.4308153806738555
1789483413640413700,22.67841357421875,-1.710599656905979,-4.844287704619765,-3.7358369256362316
1789483413650462700,22.688462646484375,-1.7373098230466246,-4.472853269818425,-4.840673898036778
1789483413660511700,22.69851171875,-1.4072761969089507,-4.298619569462537,-5.7682063843339675
1789483413670561800,22.708561767578125,-1.6087129614889621,-4.395010736203194,-6.471131950604915
1789483413680610600,22.718610595703126,-1.7913114623472093,-4.47664857044816,-6.62819415140748
1789483413690659800,22.728659912109375,-1.7773402201399207,-4.003820630574226,-5.595621620228886
1789483413700710000,22.7387099609375,-1.4189634198322891,-3.3804438173145055,-4.589324517035484
1789483413710758700,22.748758544921873,-0.33806261881440874,-2.783580916970968,-2.902852024039626
1789483413720808700,22.75880859375,0.7532213367909193,-1.9330477914631365,-0.8917669070415198
1789483413730857700,22.768857666015624,1.2851231046631932,-1.1750257763922214,-0.11223039477691053
1789483413740906800,22.77890673828125,2.0534587162166833,-0.5473503891557455,0.6346684609942138
1789483413750956800,22.788956787109374,2.167448668012023,-0.6033621992349625,0.6608680472642183
1789483413761005600,22.799005615234375,2.574782975973189,0.555016393738985,1.4342992283910512
1789483413771054800,22.809054931640624,2.3756010045826432,0.7803869916141033,1.4156094332292675
1789483413781105000,22.81910498046875,2.010741271996498,0.8849234708875418,1.2823968945696949
1789483413791153700,22.829153564453126,1.8039309976845979,0.780889095917344,1.1430980217337607
1789483413801202700,22.83920263671875,1.6467881328612566,0.8088888634771109,1.1443038903921843
1789483413811252500,22.84925244140625,1.7939798047736286,0.9150374541223049,1.2311724648974836
1789483413821301800,22.8593017578125,2.0246470477521417,1.1857535066336393,1.2715905461341142
1789483413831350800,22.869350830078126,2.309919741143286,1.6494950537323951,1.0624022906444965
1789483413841400600,22.879400634765624,2.636393044450879,2.308483278599381,0.8739692384138703
1789483413851449900,22.889449951171876,2.7375650157272813,2.9041239436715838,0.7325549808591604
1789483413861498600,22.89949853515625,2.6799118681818244,3.1068799741566178,0.400979970498383
1789483413871548700,22.909548583984375,2.6289532498389483,2.9367344198971983,0.10929317228123545
1789483413881597700,22.91959765625,2.7002272187188265,2.6678976052612065,-0.02330123447999358
1789483413891646700,22.929646728515625,2.7737925134062764,2.429552375000715,-0.09511047928035259
1789483413901696800,22.93969677734375,2.801692327722907,2.2081915972888466,-0.21314371511712668
1789483413911745800,22.949745849609375,2.804791462782025,1.9583458988487719,-0.3165275172241032
1789483413921795600,22.959795654296876,2.716540932399034,1.7435376115202903,-0.35548385534510013
1789483413931844600,22.9698447265625,2.538150112363696,1.5670575935423374,-0.36084991242289544
1789483413941894000,22.979893798828126,2.3372362026140094,1.4338812952399254,-0.3406660793110728
1789483413951943700,22.989943603515623,2.100190656775236,1.4252981758117675,-0.3110480628997087
1789483413961992700,22.99999267578125,1.9161095161437987,1.6005138729423283,-0.2864049122914672
1789483413972041700,23.010041748046874,1.810475304761529,1.9132675707161426,-0.30185601779296994
1789483413982091800,23.020091796875,1.7736980642452835,2.3085855699300764,-0.3736231770172715
1789483413992140800,23.030140869140624,1.6940546186879277,2.67510826729238,-0.5626297913521527
1789483414002189600,23.040189453125,1.5692732237651943,2.9965450377374885,-0.6260957168295979
1789483414012239600,23.050239501953126,1.492446589194238,3.231147574338317,-0.5981663841575384
1789483414022289000,23.060288818359375,1.3528466875851153,3.3773809226125477,-0.42388855239897966
1789483414032337700,23.070337646484376,1.2256626154348254,3.4168168609440324,-0.018642741149663924
1789483414042387700,23.0803876953125,1.048568264950812,3.4820956810623405,-0.03419438441619277
1789483414052436500,23.0904365234375,0.9475333640575409,3.276587721520662,0.4091194378122687
1789483414062485800,23.10048583984375,0.7935492555260658,2.7988059586316347,0.8415968087278306
1789483414072535800,23.110535888671876,0.4800035305917263,2.1141490395009517,1.3482494229227304
1789483414082584600,23.12058447265625,0.0408408366933465,1.0154670825988055,2.0281768293134865
1789483414092634600,23.130634521484374,-0.8195975967571139,-0.14016542653739453,2.2675613394938408
1789483414102684000,23.140683837890624,-1.6551738300211727,-0.3016027736842632,2.2252200351096687
1789483414112732700,23.150732666015625,-2.303033781021833,0.023762568381428716,2.34531926356554
1789483414122782700,23.16078271484375,-2.9982854516640303,0.19706804797649383,2.442349458862096
1789483414132831700,23.170831787109375,-3.240811474740505,0.5123801980614662,2.349881456914544
1789483414142880800,23.180880859375,-3.394284418879449,0.8014858937442302,2.03266961068809
1789483414152930800,23.190930908203125,-3.509258997797966,0.918856720149517,1.5665680564597249
1789483414162979600,23.2009794921875,-3.0333529656529423,0.9482061487525701,0.9348510656822472
1789483414173028600,23.211028564453127,-2.535059452871978,0.9741671039611101,0.37143260817043483
1789483414183078700,23.22107861328125,-2.0220234212502834,1.0721896712958812,-0.002928454667329788
1789483414193127700,23.231127685546873,-1.4660333601735531,1.3439315597236157,-0.24436624411568045
1789483414203176700,23.2411767578125,-1.0592485027886926,1.671800993564725,-0.5862219716027379
1789483414213226800,23.251226806640624,-0.9353963515400886,2.002527570402622,-0.9513180702280253
1789483414223275800,23.26127587890625,-0.966405237787962,2.2121704377919436,-1.3062844045050441
1789483414233325800,23.271325927734374,-1.1154209102571009,2.2066274167120454,-1.5389149103805422
1789483414243374600,23.28137451171875,-1.2424281645357609,2.027843797966838,-1.960427089037001
1789483414253423600,23.291423583984376,-1.1064825476504863,1.6199550709933042,-2.226385279496759
1789483414263473700,23.3014736328125,-0.5741163771368563,0.7145499530911446,-2.1808923792138692
1789483414273522700,23.311522705078126,-0.5261714075267314,-1.0281231505542994,-2.258795264714211
1789483414283571700,23.32157177734375,-0.5720059608541429,-3.1508821974903345,-2.1808352421991524
1789483414293621800,23.331621826171876,0.04630333988294005,-4.90252186692357,-1.7952461714476347
1789483414303670500,23.34167041015625,1.0054252887949346,-6.317836408859491,-1.979948074325919
1789483414313719800,23.3517197265625,1.49681676710248,-7.523276612737774,-2.5506612188905478
1789483414323769900,23.361769775390623,1.1713865431070327,-8.70532541963458,-3.1797336134433745
1789483414333818600,23.371818603515624,-1.7168375283822417,-7.576872009325027,-0.6073923315338791
1789483414343868000,23.381867919921874,-1.693185873029381,-7.577155502441525,-0.6513317918296903
1789483414353917700,23.391917724609375,-1.4304407993972301,-5.200912108302116,0.8518447926282883
1789483414363966700,23.401966796875,-1.5786252817392348,-3.7021325166940686,1.2099857383534312
1789483414374016800,23.412016845703125,-1.9318295017145573,-3.4357881033957,1.0793886428892612
1789483414384065500,23.4220654296875,-1.8597673050664365,-4.4290737493246795,0.3058239715758711
1789483414394114800,23.43211474609375,-1.904830435629934,-5.441648033091425,-0.7277178430262953
1789483414404164900,23.442164794921876,-2.0395256140626965,-4.65565080038011,-1.3217179743498564
1789483414414213600,23.452213623046877,-0.8086005480550229,-2.542099726772308,-1.3621269954971968
1789483414424262700,23.4622626953125,1.0590182011641562,-0.7192056699424981,-1.1028606308262794
1789483414434312700,23.472312744140623,2.522362760645151,0.6817226192444562,-0.8995678631160408
1789483414444361700,23.48236181640625,3.2105192123293875,1.8103811967372894,-0.7658627186339348
1789483414454410800,23.49241064453125,3.4292098940491673,2.3740198728710413,-0.7357369718961417
1789483414464460500,23.50246044921875,3.1505835068047046,1.8106927469044922,-0.6585926496781408
1789483414474509800,23.512509765625,3.1037025131642815,1.8201444658607244,-0.6683598643243313
1789483414484560000,23.522559814453125,2.615650116151571,1.2379980731338263,-0.6180307760566472
1789483414494608600,23.532608642578126,0.8898993596039712,-1.1145505571633576,-0.2934719646008685
1789483414504657700,23.54265771484375,-0.20163564815297721,-1.9042647645711899,0.007436397078447043
1789483414514707700,23.552707763671876,-1.3201461949884892,-1.871623308685422,0.389684158045426
1789483414524756700,23.5627568359375,-1.397618726247549,-1.8600836775392293,0.3860220188086852
1789483414534805800,23.5728056640625,-1.7146132764615118,-1.3174082944571972,0.2446597106369212
1789483414544855600,23.58285546875,-1.1146167542673646,0.09249825095534324,-0.44689040207359937
1789483414554904600,23.592904541015624,-0.6737244600974023,0.3807224876284599,-0.7489751505885273
1789483414564953900,23.602953857421873,-0.19280118431225418,0.5474298841327428,-0.9459792664833366
1789483414575003600,23.613003662109374,-0.19264453244581817,0.5473953973412513,-0.9456222697392106
1789483414585052700,23.623052734375,0.10576572880744933,0.7260866616278886,-0.96962142335549
1789483414595102700,23.633102783203125,0.3034184448041022,0.7990063518881797,-0.8543246998105197
1789483414605151700,23.64315185546875,0.4968586576722562,0.7359989838331937,-0.803542022556439
1789483414615200800,23.65320068359375,0.7855132485866546,0.702961806628108,-0.7065357926573604
1789483414625250800,23.663250732421876,0.7672947241984307,0.7046779628962277,-0.692740710734576
1789483414635299600,23.673299560546877,1.0799918694794177,0.7313409288942814,-0.5358261017091572
1789483414645348900,23.683348876953126,1.3676584722697733,1.0424462749391794,-0.3859325504269451
1789483414655398700,23.693398681640623,1.162490119946003,1.181328091406822,-0.28382654970344157
1789483414665447700,23.70344775390625,1.1343921527087688,1.1836007125139236,-0.262101186238043
1789483414675496700,23.71349658203125,0.7470517813105135,1.201973989072442,-0.16002335216309874
1789483414685546800,23.723546630859374,0.3695567312959581,1.0958294900804757,-0.08246043920684605
1789483414695595800,23.733595703125,-0.0882347482919693,0.6039192485958338,-0.20461616180110723
1789483414705644500,23.74364453125,-0.1457294904053211,0.6081447573363781,-0.17990312429443
1789483414715694600,23.753694580078125,-0.3260428029358387,0.443302570182085,-0.2332836360219866
1789483414725743900,23.763743896484375,-0.5260230120319873,0.44923897449374195,-0.16958061385303735
1789483414735793700,23.773793701171876,-0.8088239084821194,0.5781581998735666,-0.01248874856457114
1789483414745842700,23.7838427734375,-1.0225940849345176,1.1413865416407585,0.34491073114350435
1789483414755891700,23.7938916015625,-1.1314812336981297,1.287663144534826,0.4102413545142859
1789483414765941500,23.80394140625,-1.1358931318562477,1.2857979351848363,0.43926849236041304
1789483414775990800,23.81399072265625,-1.1627238556366413,1.4103449368298053,0.430440604390949
1789483414786039600,23.82403955078125,-0.9573568389356136,1.5912854413479565,0.3368145915146917
1789483414796089600,23.834089599609374,-0.5223731842875481,2.056501152652502,0.13910999920032918
1789483414806139000,23.844138916015623,-0.4245720776837319,2.290404601073265,0.14141418448947368
1789483414816187600,23.854187744140624,-0.4305084819953888,2.2881395787507293,0.17144202381074428
1789483414826237700,23.86423779296875,-0.5180208342969417,2.5332424665778874,0.32364604399241503
1789483414836286700,23.87428662109375,-0.7263620445031672,2.812694198730588,0.554173147847876
1789483414846336500,23.88433642578125,-1.2589537674009799,3.07686828225255,1.0264053137857467
1789483414856385800,23.8943857421875,-1.6161235300064085,3.025977468448877,1.2315803150460123
1789483414866434800,23.904434814453126,-1.5943278777837753,3.0201176365047693,1.26977998958081
1789483414876484600,23.914484619140627,-1.9090227727532385,2.7894734821408984,1.4741606986582279
1789483414886533600,23.92453369140625,-1.4101156581185756,1.8127818281382322,1.5491349833607673
1789483414896582700,23.934582763671877,-0.4338170220214873,1.570195307046175,1.3622056136913596
1789483414906632700,23.9446328125,0.2955576483011246,1.5666203711688518,1.3397943137884138
1789483414916681700,23.954681640625,0.3354487099889666,1.5596253977149723,1.3642059937283395
1789483414926731500,23.9647314453125,0.8054713101185857,1.789956248345971,1.4906104598082601
1789483414936780800,23.97478076171875,0.13219766252860427,1.7982862697958946,2.4466759437590837
1789483414946829800,23.984829833984374,-0.4971699155785143,1.2246458396077156,2.984281768491864
1789483414956879600,23.994879638671875,-0.8462826284565031,0.42290918597280974,2.8515105438590047
1789483414966928600,24.0049287109375,-0.8284722464777529,0.41807635898888107,2.872349918270111
1789483414976977700,24.014977783203125,-1.405209327507019,0.07273030516803264,2.5148271044433117
1789483414987027700,24.02502783203125,-1.9855141840204595,0.01354863288104534,2.3070589448846874
1789483414997076700,24.03507666015625,-1.8218764042198656,-0.03309270678460598,2.051351368673891
1789483415007125500,24.04512548828125,-1.0367455790795386,-0.21223872910141944,1.85665984057039
1789483415017175600,24.055175537109374,-0.6693770785428583,-0.887690597513318,1.6636417986370622
1789483415027224800,24.065224853515623,-0.8827799560528248,-2.126194866603613,1.445938082128018
1789483415037274600,24.075274658203124,-1.1602466518681496,-3.8415731360882517,1.223781623993814
1789483415047323600,24.08532373046875,-1.0800000527858733,-5.542958536055684,1.0715639406129718
1789483415057373000,24.095373046875,-0.8405190964937209,-6.829469003424048,0.8921193737410008
1789483415067422700,24.105422607421875,-0.6939360579989851,-7.712206362444162,0.8069874137699603
1789483415077471700,24.1154716796875,-0.46702940966300666,-8.558261465755104,0.6329658948600292
1789483415087520500,24.1255205078125,-0.10225143707618117,-9.417141563847661,-0.018377149016037583
1789483415097570600,24.135570556640626,0.11292261482477188,-9.3967020024091,-1.0092464545182882
1789483415107619800,24.145619873046876,-0.15325710943117737,-8.17527278676033,-1.9184600247927008
1789483415117670000,24.155669921875,-0.6516589048922061,-6.577886105927824,-3.1552532521814105
1789483415127718700,24.16571875,-1.4642203194022179,-4.6598897531241175,-4.724563008564711
1789483415137767700,24.175767578125,-1.9509727397322654,-3.047413639709353,-6.205996328574419
1789483415147817700,24.185817626953124,-1.6716180382132528,-2.0345225450783966,-7.313722008153796
1789483415157866800,24.19586669921875,-1.0351777452409268,-1.5393448262304066,-8.034834388500451
1789483415167915800,24.205915771484374,-0.5021557411670684,-1.4007792361050844,-7.7083572858005756
1789483415177965600,24.215965576171875,0.12380407432317733,-0.8432114043176173,-6.510916263982653
1789483415188014800,24.226014892578124,1.1432105421975254,-0.13686930760145186,-5.018308054485916
1789483415198063600,24.236063720703125,1.6712512507274746,0.45122225726544857,-3.4414188027590513
1789483415208113700,24.24611376953125,1.5545648994550108,0.6226257026314735,-2.3648025471925735
1789483415218162700,24.25616259765625,1.515438465464115,0.5689888049900531,-1.8100024265527723
1789483415228212500,24.26621240234375,1.4354218026801944,0.5405599983632564,-1.1585807644825428
1789483415238261800,24.27626171875,1.287827979707718,0.1501397080630064,-0.5092479644503444
1789483415248310800,24.286310791015627,0.8373594634190201,-0.26245617368817326,0.7402029383290558
1789483415258360600,24.296360595703124,0.7813046909809112,-0.5385188479244709,1.6167738106086849
1789483415268409900,24.306409912109373,1.4708756856381893,-0.8213777581721544,2.0283188681326805
1789483415278458600,24.316458740234374,1.6791043023154137,-1.0927110657989978,1.9849726244896648
1789483415288508700,24.3265087890625,1.841400312118232,-0.9572662380427122,1.8628278616808354
1789483415298557700,24.3365576171875,2.0688030003428457,-0.310566416862607,1.7303243480734527
1789483415308607700,24.346607666015625,2.5826293055593967,0.8310065872609614,1.4921351851575075
1789483415318656800,24.35665673828125,3.6606110042601823,1.8783517401576042,0.6245641233481466
1789483415328705800,24.366705810546875,3.070616820642352,2.87565246694684,0.12551438537240028
1789483415338755600,24.376755615234377,2.9149142177551983,3.616537469255924,-0.2967424741715193
1789483415348804600,24.3868046875,2.78581554415524,4.02582144998014,-0.6366552508972585
1789483415358854000,24.39685400390625,2.450936523813009,3.8231548513442277,-0.8514695295751095
1789483415368903700,24.406903564453124,2.2043033576786515,3.244871563786268,-0.8110631387762725
1789483415378952700,24.41695263671875,1.9202856327846645,2.670962838050723,-0.5230291639782488
1789483415389002800,24.427002685546874,1.4237632213294504,2.1213930192798376,-0.23472484780624508
1789483415399051800,24.4370517578125,0.3668248951792717,1.725132186257839,0.06565963612943887
1789483415409100800,24.447100830078124,0.38865444967150686,1.81888423666656,0.1138679328508675
1789483415419150600,24.457150634765625,-0.17976006256192922,1.514819456782937,0.3884722249723971
1789483415429199600,24.46719970703125,-0.035464988873898984,1.4581459679245947,0.6542587121270597
1789483415439249000,24.477248779296875,0.09183540313243865,1.0556856957405805,0.438612074278295
1789483415449298700,24.487298583984376,-0.941374841427803,0.5815788219720125,0.4487516293682158
1789483415459347700,24.49734765625,-1.381303551262617,0.019365794727206228,0.025140432605892417
1789483415469396500,24.507396484375,-1.1531225721418856,-0.582228810313344,-0.4639401384107768
1789483415479446500,24.517446533203124,-1.0376429663106799,-0.5963175414204597,-0.5874795704483986
1789483415489496000,24.52749609375,-1.1269009201705456,-0.5760170961916447,-0.5518287036135793
1789483415499546000,24.537546142578126,-3.215395001672208,-0.1900549543440342,-0.6784457895308733
1789483415509595100,24.54759521484375,-3.5600256007000803,0.026543723532557486,-0.2723205650985241
1789483415519644000,24.557643798828124,-3.4587107138216493,-0.03822714706361294,0.002761281406879425
1789483415529694200,24.567694091796874,-3.3894086295366286,-0.11071370660364627,-0.043890579652786255
1789483415539743200,24.5777431640625,-3.647024669717252,-0.11512333973944186,-0.050910103026032445
1789483415549792000,24.5877919921875,-3.7126144554808733,-0.24263386736512182,0.016748013444244862
1789483415559842000,24.597842041015625,-3.317705913850665,0.5654769974768161,0.5546224259853363
1789483415569891000,24.60789111328125,-2.7065689889609814,2.6365426820546385,1.575650357581675
1789483415579941000,24.617941162109375,-1.8044857089579105,3.4391730696588754,1.5286033597245812
1789483415589990100,24.627990234375,-1.008033717727661,3.0043630180120466,0.6312091143205761
1789483415600039000,24.638038818359377,-1.0268988694563508,3.0194775850355624,0.5973170738518238
1789483415610089000,24.6480888671875,-0.6995046519115566,2.285898521825671,-0.7145572596147656
1789483415620138200,24.65813818359375,-1.2037798694506288,1.3119891920179128,-1.461940976293385
1789483415630187000,24.66818701171875,-1.8465715772762894,0.24641046329438684,-1.7358669307619332
1789483415640237000,24.678237060546873,-2.2856012924447655,-0.21692834822237492,-1.449691443312168
1789483415650286000,24.6882861328125,-2.2553227662980557,-0.21692951726615428,-1.4837347288198768
1789483415660336000,24.698336181640624,-2.6431755441978573,0.9753051680803299,0.501648522297293
1789483415670385200,24.70838525390625,-2.3283307193636893,1.4943798953443765,1.0091109915703536
1789483415680434000,24.718433837890625,-1.6770599370062351,2.1968319988846776,1.4084468481235206
1789483415690484000,24.72848388671875,-1.170645661611855,3.320378347930312,1.6455175284035504
1789483415700533200,24.738533203125,-0.3058151306822896,4.275206545171141,1.5702353467956185
1789483415710582000,24.74858203125,0.4409586374044418,4.013635922145843,0.43666810060366984
1789483415720632000,24.758632080078126,-0.8962307545825838,1.4392103813081978,-1.9900195326156913
1789483415730681000,24.76868115234375,-2.616273216485977,-3.4218630384176967,-3.9674470024228095
1789483415740731000,24.77873095703125,-1.5672586690723895,-8.955133708673715,-4.020142819821834
1789483415750780200,24.7887802734375,-1.6609654190346597,-8.914781824541091,-4.070266156384348
1789483415760829000,24.798828857421874,7.263329791522025,-17.21625990154743,-5.158330857682228
1789483415770879000,24.80887890625,6.182690271788835,-13.833741616046428,-4.63218984529376
1789483415780928300,24.81892822265625,6.409144573247432,-2.8797487963497637,-0.40080724427998066
1789483415790977000,24.82897705078125,6.549179651403427,5.012649882593751,-0.2228277815245092
1789483415801027000,24.839027099609375,2.702807006078958,7.370734519708156,-3.7213422440767285
1789483415811076000,24.849076171875,-0.40180721510276196,7.005852575290203,-6.112617203131317
1789483415821126000,24.8591259765625,-0.4856333531722426,5.158641823327541,-5.818332058984041
1789483415831175200,24.869175048828126,-0.6338657663092017,2.212590709030628,-3.5388498339414594
1789483415841224200,24.87922412109375,0.9189207252964376,0.19384265618920324,-0.06389759489297867
1789483415851274000,24.88927392578125,3.0667467012107372,-2.476185531359911,2.735388840731978
1789483415861323000,24.899322998046873,4.477036985243856,-5.1046945445626974,4.204794746078551
1789483415871372000,24.9093720703125,4.725029164771735,-4.551539853042364,5.243047953242063
1789483415881422000,24.919422119140624,3.208312057673931,-2.491478377559781,4.0315345669299365
1789483415891471000,24.92947119140625,3.055810296654701,-0.248469149389863,2.7169009978830814
1789483415901521000,24.93952099609375,2.998427782744169,-0.21760230196118355,2.6090061480924485
1789483415911570200,24.949570068359375,3.532857023267448,0.9327648339927196,1.2645127167023718
1789483415921619200,24.959619140625,2.3862051084443925,1.4033131384968758,0.23278277382776139
1789483415931669000,24.9696689453125,1.0568471407353877,1.6738199321717022,-0.2919374119773507
1789483415941718000,24.979718017578126,0.3317185104846954,1.9993828426361082,-0.5909933507230133
1789483415951767000,24.98976708984375,-0.3988587405607104,1.625507444423437,-0.8191278603535145
1789483415961817000,24.999817138671876,-0.3297719064615667,1.1988695933163165,-0.7490667013294995
1789483415971866000,25.0098662109375,0.5553507402598857,0.9561012859165668,-0.45261882619038224
1789483415981916200,25.019916259765626,1.094713930054009,0.7709978165000677,-0.366717927673459
1789483415991965000,25.02996484375,1.5204783593274651,0.6564543224751949,-0.42092283446118234
1789483416002014200,25.04001416015625,3.746102591323852,0.5154284797161818,-0.2086287219107151
1789483416012064000,25.05006396484375,3.4242449651181697,1.3253186291903256,-1.0146674566537142
1789483416022113000,25.060113037109375,2.801744350171089,2.001350343316793,0.10472352627813815
1789483416032163000,25.0701630859375,0.9340085504435002,-1.538034912675619,-0.8523454356268048
1789483416042212000,25.080212158203125,0.45321372334361076,-4.300932522580028,-1.9276881641261279
1789483416052261000,25.09026123046875,0.8581738495193422,-3.9474908405870197,-0.953802215193957
1789483416062311200,25.100311279296875,0.15267960180416704,-2.79536429374516,-0.1863036389864981
1789483416072360000,25.11035986328125,-0.5131693026125431,-1.857741498327255,0.1364779701963067
1789483416082409200,25.1204091796875,-0.7320001234553754,-1.281777593627572,-0.1233117607615888
1789483416092459000,25.130458984375,-1.2684252139709888,-0.505427894705534,-0.68359469672665
1789483416102508000,25.140508056640623,-1.7488298727095126,0.34708033026754853,-1.5912586994715034
1789483416112558000,25.15055810546875,-1.872076313149929,0.10158931990563869,-2.297454519584775
1789483416122607000,25.160607177734374,-1.2900830651581288,-0.7028302892029284,-2.9391140085101126
1789483416132656000,25.17065625,-0.5999520254652947,-1.0520488005429505,-2.02748490152657
1789483416142706200,25.1807060546875,0.07381795427426695,0.39976621079444885,-0.37468598394319413
1789483416152755000,25.1907548828125,0.6495534570455551,1.1183651470154523,-0.05037365806177258
1789483416162804200,25.20080419921875,0.7634896328270435,0.3788321438372135,0.9664867785915732
1789483416172854300,25.210854248046875,1.1374738982416688,0.14227555055916308,3.3872102427095174
1789483416182903000,25.220903076171876,2.6251030041515824,0.19686638792455194,2.8836159931719303
1789483416192953000,25.230953125,3.2244530451357365,0.6342752238929271,2.4025958328835664
1789483416203001900,25.241001953125,3.0651100399196145,0.5026368026822805,1.4236550847798586
1789483416213051100,25.251051025390623,2.3457528326772152,-0.7682926491945982,-0.2989692468428984
1789483416223101200,25.26110107421875,1.3510102659381926,1.5148679720997809,0.08470626363856718
1789483416233150000,25.27114990234375,1.7304828996360302,3.4507676458626984,2.204718368220329
1789483416243199200,25.28119921875,0.7896751905716956,-0.11391688655912875,1.3941962044529617
1789483416253249300,25.291249267578124,0.23702143431082368,-1.342438690817356,0.6305463395629077
1789483416263298000,25.301298095703125,-0.3398715679325163,-1.2904361163794993,-0.3028137203766033
1789483416273348000,25.31134814453125,-0.7728139260113239,-0.6806073514789343,-0.4769434854339808
1789483416283397000,25.321397216796875,-1.5522000700198113,-0.14737784213423727,-0.09134944624640047
1789483416293446100,25.331446044921876,-2.12160257037729,-0.004986556240916252,0.20205153547748922
1789483416303496200,25.34149609375,-2.4198468274138865,0.018988778108358383,0.24676194361317902
1789483416313545000,25.351544921875,-1.9946447081983087,-0.4003337815493345,0.5097982187442481
1789483416323594000,25.361593994140627,-0.7317676298737525,-0.8614011410027742,0.9234075153216719
1789483416333644000,25.37164404296875,-0.16193725949302315,-1.056835450297594,0.44425143187213684
1789483416343693000,25.381693115234373,-0.09753113055601716,-0.7052437800854444,0.4649044533982873
1789483416353743000,25.3917431640625,-0.08695457228831946,-0.7070382622867822,0.4552036185191944
1789483416363792100,25.401792236328124,1.629549851682037,1.0873246965855359,1.4206690547063945
1789483416373841200,25.411841064453125,1.6302409026861189,1.0847896251499651,1.3769745821475983
1789483416383891200,25.42189111328125,-0.4447418092049658,-1.4770190106987953,0.5140915685566142
1789483416393940000,25.43193994140625,-0.21919351667538284,-0.8246616021484137,-0.06318710853606462
1789483416403990000,25.441989990234376,-0.22632585277333855,-0.8265753268152475,-0.10379092160314321
1789483416414039000,25.4520390625,1.179131531210616,1.5286241102516651,1.493391322698444
1789483416424088000,25.462088134765626,-1.1377354717873036,-1.0573732104361058,1.1219818762078881
1789483416434138000,25.47213818359375,-0.5606709854345768,-0.9738345110058784,1.1314486466027796
1789483416444187100,25.482187255859376,-0.2647381471455097,-0.7048837146013974,1.1217279014468193
1789483416454236000,25.49223583984375,-0.569221298571676,-1.078520043361187,0.9942606284409761
1789483416464286200,25.5022861328125,-0.8278479770995676,-1.5682856740325688,0.36506796850934625
1789483416474335200,25.512335205078124,-0.7788413696072995,-2.199284068211913,-0.08158712697103619
1789483416484385300,25.52238525390625,-0.6093663350205868,-2.752882996368408,-0.22222367815151808
1789483416494434000,25.53243408203125,-0.15758008719682692,-3.3406647646337744,-0.5678849354013801
1789483416504483300,25.5424833984375,0.1865560063123703,-3.4838878251761196,-0.9573781739845871
1789483416514533400,25.552533447265624,0.12872107245922088,-3.7227526953965424,-0.9154040954776108
1789483416524582100,25.56258203125,0.07774616056866944,-4.198373480859399,-0.7645818119779229
1789483416534631200,25.572631103515626,0.06840192057490349,-4.336744425195455,-0.5554980397760868
1789483416544681200,25.58268115234375,0.35158991664648054,-4.39074606449604,-0.4189879208758473
1789483416554730200,25.592730224609376,0.3499052514951676,-4.258972034206987,-0.13429244285076855
1789483416564780300,25.6027802734375,0.7798773615915328,-4.025392995434999,0.17188275331556796
1789483416574829000,25.6128291015625,0.6405622682731599,-4.631353978991508,0.3793196350932121
1789483416584878000,25.622878173828123,-0.034306831814721224,-3.88827643507421,0.2666580092921853
1789483416594928400,25.632928466796876,1.046425115442276,-1.5823171219944954,0.08579963009953498
1789483416604977200,25.64297705078125,0.7908909230370074,-0.6771662711143493,0.7882780371248722
1789483416615027200,25.653027099609375,-0.44279988135695453,-0.8329735034197568,2.704887319484353
1789483416625076200,25.663076171875,0.45070371328406034,-0.7605664388567209,2.887329460737109
1789483416635125200,25.673125244140625,1.5987199752628802,-0.06416881304979324,1.7262115059271455
1789483416645175300,25.68317529296875,0.7464004777949304,-0.8303168514311313,1.6544678737089038
1789483416655224300,25.693224365234375,-0.5705050547719002,-1.3337246384859085,0.6409679995298385
1789483416665273000,25.703273193359376,0.5616589004933834,-1.6867898883819579,-1.618826943746209
1789483416675323100,25.7133232421875,-0.6038520285785198,-1.7502385704636574,-4.033813617777824
1789483416685372200,25.7233720703125,-1.1430103434503078,-1.2721265527069567,-6.355718688008189
1789483416695422200,25.733422119140624,-0.3444025989582762,-0.9591144962579011,-7.056008645078539
1789483416705471200,25.74347119140625,-0.2677682355564088,-1.123194466868043,-7.242196402600407
1789483416715520300,25.753520263671874,-2.5113620586812493,-2.346015429136157,-6.128626088646054
1789483416725570300,25.7635703125,-5.0652247039616105,-4.242728755414485,-5.342909426441788
1789483416735619300,25.773619384765624,-2.921903345990181,-5.712591464617848,-3.773155433422327
1789483416745669000,25.783669189453125,1.0167981120068579,-4.365713330048322,-0.7386883690476417
1789483416755718100,25.79371826171875,0.0077519293010234825,-1.9080477902412414,-1.1201567066073417
1789483416765767200,25.80376708984375,-0.7005390364605933,-0.9150959063112735,-2.309507945472002
1789483416775817200,25.813817138671876,-0.8690589622795581,-0.9166489809721707,-2.323528287518024
1789483416785866200,25.8238662109375,-0.645821869301796,0.27936814552247524,-4.542532955244183
1789483416795915000,25.8339150390625,-2.0183108304679394,0.9675625911295413,-4.251776569744944
1789483416805965300,25.84396533203125,-1.7608084797948598,0.7912877403348684,-3.77162047894001
1789483416816014300,25.854014404296876,-2.790578813034296,1.5819196471095085,-2.0690601899743077
1789483416826064100,25.864064208984374,-2.087941416054964,2.102751447173953,-1.2935510335296392
1789483416836113200,25.874113037109375,-2.2429057677954436,2.1547534370899197,-1.2254863820850848
1789483416846162400,25.884162353515624,1.0700268672388047,1.4725421575456856,-0.8692302271932363
1789483416856212200,25.894212158203125,1.9190601826429365,0.006625555619597435,0.23930793781280515
1789483416866261200,25.90426123046875,2.854749964171648,-0.7845569707751273,1.7990812195658683
1789483416876310000,25.91431005859375,0.9852110605448484,0.5749550199180841,3.7701106588989495
1789483416886360000,25.924360107421876,-1.310584585916996,3.8655186598211526,7.424789935022592
1789483416896409300,25.934409423828125,-2.730962256461382,5.808694462066889,10.257304686510562
1789483416906459100,25.944459228515626,-5.41582853218019,6.2651476057231426,10.98786820129156
1789483416916508200,25.954508056640623,-6.935170434823632,6.459408779585361,10.824994683861732
1789483416926557200,25.96455712890625,-7.0874530001342295,6.647804860806465,10.219384413439036
1789483416936607200,25.974607177734374,-6.97681820398569,6.329566594141721,10.05361283648014
1789483416946656300,25.98465625,-6.948106488764286,6.1499155449122185,9.737547237679362
1789483416956706300,25.994706298828124,-6.276349383217096,6.263915433579683,9.367432653304935
1789483416966755000,26.004755126953125,-4.476548032683134,5.978934708872437,9.061996000546216
1789483416976804400,26.014804443359374,-2.102972980970144,5.0511979321748015,8.076770911476016
1789483416986854400,26.0248544921875,-0.5202084074690938,3.8010365430384874,7.304080904105305
1789483416996903200,26.034903076171876,1.130943181298673,3.067554510462284,6.472454723641276
1789483417006952200,26.0449521484375,2.7252964857846496,2.6690333312928676,5.659852392598986
1789483417017002000,26.055001953125,3.7468104473322628,2.1144401314020156,5.481561525806784
1789483417027051300,26.06505126953125,4.458277047455311,1.8626839231655001,4.798740005409718
1789483417037101300,26.075101318359376,4.691094454205036,1.4842095067247747,4.062500198557973
1789483417047150000,26.085150146484374,4.4357834760963915,0.887608472187817,2.914875054788589
1789483417057199400,26.095199462890626,3.475908516860008,0.16085574786663054,1.6736241173386572
1789483417067249400,26.10524951171875,2.345081363156438,-0.4193564619272947,0.700192341914773
1789483417077298200,26.115298095703125,1.2855033361524342,-0.8550209384463727,-0.300364756321907
1789483417087348200,26.12534814453125,0.5604372497439384,-1.4489346335954962,-0.9761065475910902
1789483417097397000,26.13539697265625,-0.011821370697021483,-2.2401769273534415,-1.514595584899187
1789483417107446300,26.1454462890625,-0.652543286511302,-3.0648516812443733,-2.1623919691443443
1789483417117496300,26.155496337890625,-0.5865297223776579,-3.0795266878068444,-2.4507623362898827
1789483417127545000,26.165545166015626,-0.5826625255554914,-2.421803806700557,-3.3618922615796327
1789483417137594000,26.175593994140623,-0.06134031162559986,-2.3155988096930087,-4.028171812498569
1789483417147644200,26.18564404296875,1.3108826920807362,-3.417238593487441,-3.5412627403020855
1789483417157693200,26.195693115234373,1.4865081390559673,-4.3403643692582845,-3.818315010097623
1789483417167743200,26.2057431640625,0.5105675956815481,-4.379580235098302,-4.113165679173171
1789483417177792300,26.215792236328124,-0.25038871927559375,-3.765861477021873,-3.8719168364256618
1789483417187841300,26.22584130859375,-0.31434476635754105,-3.028155981531739,-3.2866666324645277
1789483417197891300,26.235891357421874,-0.3605091361612081,-2.6674849328070875,-2.687273921382427
1789483417207940000,26.245940185546875,-0.4183329640984535,-2.581321145570278,-2.016364080314338
1789483417217990100,26.255990234375,-0.545857520249486,-2.5909420836135744,-1.131840714660287
1789483417228039200,26.2660390625,-1.2943360464274882,-2.7434356613263486,-0.32872458936572074
1789483417238088200,26.276088134765626,-2.401943068063259,-2.8022715889155863,-0.0947574280589819
1789483417248138200,26.28613818359375,-2.81129134619534,-2.5738880729600786,-0.015240385360270737
1789483417258187300,26.296187255859376,-2.5127006138086316,-2.139790261235833,0.15334215736612677
1789483417268236300,26.306236328125,-1.1314274576842784,-1.6423808378130196,0.4182243891574442
1789483417278286300,26.316286376953126,-0.7687327941775322,-1.4959155804790556,0.9229203163266182
1789483417288335400,26.32633544921875,-0.22337796275317667,-1.437939192328602,1.4214420849055052
1789483417298385200,26.33638525390625,0.4989548992991447,-1.6795336336433886,2.1237473273210226
1789483417308434200,26.34643408203125,0.5762316157251596,-1.970945560441911,2.753567471501231
1789483417318483200,26.356483154296875,0.7178606850743293,-2.2484932125389574,2.4807673061922193
1789483417328533200,26.366533203125,1.9376152455091475,-2.4330313031576574,1.998080673996359
1789483417338582300,26.376582275390625,3.2604683613687753,-2.581287535561621,1.4726000252127647
1789483417348632000,26.386632080078126,2.9126661465674637,-2.874876806399226,1.37436483804062
1789483417358681000,26.39668115234375,1.5330173767745494,-3.2075296751245856,1.1635188784718513
1789483417368730400,26.40673046875,0.33168285464942454,-3.3836811918005347,0.8620458686470985
1789483417378780200,26.4167802734375,-0.4272340634346008,-3.5542657219991085,0.7827589814424515
1789483417388829200,26.4268291015625,-0.8767419179975986,-3.6387224130570885,0.6594951514758169
1789483417398878200,26.436878173828124,-0.9271551774173974,-3.7091359657153484,0.5823316861659288
1789483417408928300,26.44692822265625,-0.29716508349776266,-3.481460890290141,0.4574721114404499
1789483417418977300,26.456977294921874,0.33519057050943374,-3.6776211757719515,0.7961901254236697
1789483417429027300,26.46702734375,0.5875409452468157,-3.3323426342293616,1.2314758317582308
1789483417439076000,26.477076171875,0.22678630989193915,-2.762096230393648,1.3770776041306554
1789483417449125400,26.48712548828125,0.07391980721354484,-2.2418708717897533,1.3850102968260645
1789483417459175200,26.497175048828126,-0.04727788400352001,-1.69709004086107,1.5545092237450182
1789483417469224200,26.50722412109375,-0.19574995111525056,-1.3369506147950887,1.9032516420058905
1789483417479273200,26.517273193359376,-0.21261282311081886,-1.1030948049083351,2.159390449240804
1789483417489323000,26.527322998046873,-0.11513269208967684,-0.7922717829361557,2.211524248842895
1789483417499372000,26.5373720703125,0.15967618269324302,-0.563429417297244,2.2367814396962524
1789483417509422000,26.547422119140624,0.30683892077207564,-0.5059571792766452,2.1500075577370823
1789483417519470800,26.557470947265625,0.13822598290741442,-0.6688660602807999,1.8827872383870183
1789483417529520000,26.56752001953125,-0.09469722230434417,-0.9428566044181584,1.4742676661640404
1789483417539570200,26.577570068359375,-0.3462725210160017,-1.16738198364079,1.1228726875677704
1789483417549619000,26.587618896484376,-0.41604456090033054,-1.2378580801412462,0.9846133869126439
1789483417559669000,26.5976689453125,-0.4456067554712295,-1.1258759610369802,0.8737563263155519
1789483417569717800,26.6077177734375,-0.41328678662478924,-0.8643629134178161,0.9502164656616747
1789483417579767000,26.61776708984375,-0.415060810559988,-0.668559770810604,0.9641209262430668
1789483417589817000,26.627817138671876,-0.42117198691666125,-0.5686103270664811,0.7852889383114874
1789483417599865900,26.637865966796873,-0.4046989910215139,-0.46914662101268767,0.5959414015844464
1789483417609915100,26.6479150390625,-0.7018102985054254,-0.4909548404559493,0.415202557118237
1789483417619965200,26.657965087890624,-0.8552361886322498,-0.4425283709391951,0.383038655616343
1789483417630014000,26.668013916015624,-0.6562550005108118,-0.35117812097519635,0.4893725397005677
1789483417640064000,26.67806396484375,-0.5643699130177497,-0.4072270481944084,0.5824288629300892
1789483417650113000,26.688113037109375,-0.5938508590459823,-0.458327120834589,0.6412064844608306
1789483417660162000,26.698162109375,-0.5331003300070762,-0.45426849309355016,0.6192290459305048
1789483417670212000,26.708212158203125,-0.8159229998975992,-0.4761462706416845,0.6769660723671317
1789483417680260900,26.7182607421875,-0.903656812930107,-0.3266451527431607,0.7492318287633359
1789483417690311000,26.728310791015623,-0.4780383679986,-0.11553922706395386,0.7926677965164184
1789483417700360000,26.73835986328125,-0.14506021284162998,-0.11956760579720138,0.8327426172733307
1789483417710409000,26.748408935546873,0.015595044016838073,-0.1800267506740987,0.9029046793885529
1789483417720459000,26.758458984375,0.004041968867182732,-0.15264277692511677,0.8834064904533326
1789483417730508000,26.768508056640623,-0.2069587428718805,-0.4588531905353069,0.8645959915213286
1789483417740557000,26.77855712890625,-0.3223024473637342,-0.5960603517889976,0.7131257655069232
1789483417750607000,26.788607177734374,-0.3303624197006225,-0.5656530846960842,0.7105386716231703
1789483417760656000,26.79865576171875,-0.2770195365697145,-0.6078061730317771,0.34544337671548125
1789483417770706000,26.808705810546876,-0.28640754263997076,-0.575282498306781,0.33828342195823785
1789483417780755000,26.8187548828125,-0.14360592238008976,-0.4938558225944638,0.3112153822906315
1789483417790804000,26.828803955078126,0.17252105121910571,-0.2583224348843097,0.4608056397773325
1789483417800854000,26.83885400390625,0.21337503965497015,-0.09136062522754072,0.6575507394097745
1789483417810903000,26.848903076171876,0.1368155315876007,-0.02748231955692172,0.64475584750548
1789483417820952000,26.8589521484375,0.026644845819473264,0.12458923335149884,0.7554346289262175
1789483417831002000,26.869002197265626,-0.07479951265752315,0.16178060762658714,0.6515804328285157
1789483417841051100,26.879051025390623,-0.03679682199954987,0.22424539323747156,0.5931361349053681
1789483417851101000,26.889100830078124,-0.012277882292866707,0.1743112956367433,0.7351517193540931
1789483417861150000,26.89914990234375,-0.1339572195470333,0.06380056425929069,0.6444323146395385
1789483417871199000,26.909198974609374,-0.23715514369308946,-0.007736147210001945,0.39944048597142096
1789483417881249000,26.9192490234375,-0.221577635332942,-0.11735007587820291,0.24787249867096542
1789483417891298000,26.929298095703125,-0.07504618089497089,-0.11549188079088926,0.1562384633295238
1789483417901346800,26.939346923828126,0.06002046119868755,-0.10095423687249422,0.25753128450661894
1789483417911396900,26.94939697265625,0.27115327488482,-0.08866860966458916,0.34674291500672694
1789483417921446100,26.959446044921876,0.35303953093290324,-0.01206073241084814,0.53099035211578
1789483417931496000,26.969495849609373,0.15446692361235617,0.0610422054618597,0.7559303034886717
1789483417941545000,26.979544921875,-0.09308686449825763,0.1404953891441226,0.9843088510081172
1789483417951594200,26.98959423828125,-0.3826496562987566,0.2225707380235195,1.0124348752960561
1789483417961644000,26.99964404296875,-0.7727192334651947,0.22699527646750212,0.9465183417961001
1789483417971693000,27.009693115234374,-0.9029682461440562,0.4359394940681755,0.7164987490713596
1789483417981743000,27.0197431640625,-0.9521189382821321,0.5129474765554071,0.5230775331646204
1789483417991791900,27.0297919921875,-0.9140437669098377,0.48486719110533594,0.5024595464192331
1789483418001841200,27.039841064453125,-0.6986889516144991,0.3599384966664016,0.52807636436522
1789483418011891000,27.049890869140626,-0.5449988575935364,0.1158094223074615,0.5230464073739945
1789483418021940000,27.05993994140625,-0.5431505993783473,-0.08185892964974045,0.6098258422911167
1789483418031989000,27.069989013671876,-0.4087877216398716,-0.20496756905466318,0.7523202962979674
1789483418042039000,27.0800390625,-0.1559820043504238,0.01190714928433299,0.6299554609976709
1789483418052088000,27.090088134765626,-0.5339005404740572,0.3775374278515577,0.545853720857203
1789483418062138000,27.10013818359375,-0.8286392736077308,0.6958173417009413,0.7430547475636005
1789483418072187000,27.110186767578124,-0.7180623451262712,0.6240389304302633,0.8736343073710798
