time,seconds_elapsed,z,y,x
1789757497158937000,0.03993701171875,-1.4147849651038646,0.7796604309052229,-0.6227445797707886
1789757497168951300,0.049951416015625,-1.154425471433997,0.7040630458682775,-0.3818406049381941
1789757497178966300,0.05996630859375,-0.9373170904695988,0.616859978711605,-0.44905930707789954
1789757497188980200,0.069980224609375,-0.5229600442647934,0.5867205687746405,-0.6789545427706092
1789757497198994200,0.079994140625,-0.36284663919806476,0.5654825504347681,-1.001761797851324
1789757497209008000,0.090008056640625,-0.3526449786573648,0.5393184738695621,-0.9992721729926765
1789757497219022300,0.100022216796875,-0.5207943906635045,0.4876861940488219,-1.3200076633006335
1789757497229037300,0.110037353515625,-0.5588479347258806,0.6117018652960657,-1.7203215711057185
1789757497239051000,0.120051025390625,-0.5466963091611862,0.5773576971456408,-1.7542394766680895
1789757497249065200,0.130065185546875,-0.9369839129924774,0.595763122408092,-1.58363711855188
1789757497259079200,0.1400791015625,-0.927502967941761,0.5693813114389776,-1.6167646043889223
1789757497269094100,0.15009423828125,-1.101010107588768,0.6996127884611487,-0.984424586342275
1789757497279108400,0.1601083984375,-1.0716840598613022,0.757552351732552,-0.8305608162548392
1789757497289122000,0.1701220703125,-1.2572726824462412,0.777606713245809,-0.6057113927096128
1789757497299136300,0.18013623046875,-1.1192676488131283,0.8312097086176276,-0.522435216673091
1789757497309150200,0.190150146484375,-1.124656356114149,0.8461044954106212,-0.5008248578894883
1789757497319165200,0.200165283203125,-0.924179376477003,0.8069044116616249,-0.5174038714423775
1789757497329179400,0.210179443359375,-0.8032336141943931,0.7646490319952368,-0.5951878798034042
1789757497339193000,0.220193115234375,-0.6193991418004036,0.8345169334694743,-0.787631263653934
1789757497349207000,0.23020703125,-0.6727747581571341,0.981245079523325,-0.8267661001469939
1789757497359221200,0.24022119140625,-0.6783908444732427,1.0003937243685126,-0.789026590469852
1789757497369236200,0.250236328125,-0.567985765427351,1.1546309308782219,-0.6547072596121579
1789757497379250200,0.260250244140625,-0.8533306472718715,1.0008622186630964,-1.1068756386213003
1789757497389264100,0.27026416015625,-0.8595353471308946,1.0206462388023734,-1.0823751844193785
1789757497399278000,0.280278076171875,-0.7069453233063221,0.6183247905671596,-1.0807236178200692
1789757497409292300,0.290292236328125,-0.713547498050332,0.635623715892434,-1.0797644173990935
1789757497419307300,0.300307373046875,-0.7289438046246767,0.8665367503255605,-1.222223142505437
1789757497429321200,0.3103212890625,-0.6129331606566906,0.7069020686864852,-0.987930110245198
1789757497439335200,0.320335205078125,-0.5099795666605234,0.5714554873645306,-0.6630397652801125
1789757497449349000,0.33034912109375,-0.2919137388408184,0.5402759207248687,-0.4340354870777577
1789757497459364000,0.340364013671875,-0.30267829396128654,0.5647147809326648,-0.4648701127372682
1789757497469378300,0.35037841796875,0.42232174147367474,0.618105887119472,0.050208165301755064
1789757497479392300,0.360392333984375,0.6958084277421236,0.6166834531009197,0.3691530458658933
1789757497489406200,0.37040625,0.6866273424208164,0.6366188644096255,0.3214406063700095
1789757497499420200,0.380420166015625,0.9196142605185508,0.530051463830471,0.9211865513365716
1789757497509435100,0.39043505859375,0.95180563454926,0.42184447935074565,1.1571693633146583
1789757497519449300,0.400449462890625,0.9510884261906146,0.42154140475094315,1.126929196416959
1789757497529463300,0.41046337890625,0.9087287093669175,0.34898382580131293,1.2994510513536632
1789757497539477000,0.42047705078125,0.5818038628995418,0.40834553083032366,1.282865827255696
1789757497549492200,0.4304921875,0.33216450068652625,0.5236299063503742,1.1697732626914978
1789757497559506200,0.440506103515625,0.3421376131683588,0.49542701743394135,1.1470951285459101
1789757497569520000,0.45052001953125,0.10774141279458999,0.6045853112891316,1.0619577617473899
1789757497579534300,0.460534423828125,0.02227846730351448,0.5715785292223096,1.0589753118705003
1789757497589548000,0.470548095703125,0.010434884774684905,0.5485837303429841,1.2565854308344424
1789757497599563000,0.48056298828125,0.24591361968815326,0.5470189652442932,1.3128027003578842
1789757497609577200,0.4905771484375,0.24163082780241965,0.5585758397862315,1.278107088421285
1789757497619591200,0.500591064453125,0.4928606740772724,0.4879501056820154,1.2965041842468081
1789757497629605400,0.51060546875,0.77528294647336,0.3233881967738271,1.3383416307620704
1789757497639619000,0.520619140625,1.5001906274497507,0.04172609509527683,1.0915210522968322
1789757497649634000,0.530634033203125,2.0316864448696372,-0.01935965724736452,0.7191697949115187
1789757497659648300,0.540648193359375,2.0317741231530904,-0.019637012884020803,0.7286657914008945
1789757497669662200,0.550662109375,2.3889631749808786,0.007592354825139046,0.3967555577363819
1789757497679676400,0.560676513671875,2.5538965475499626,0.021159400145709512,0.26195136597119273
1789757497689691100,0.570691162109375,2.928984828683734,-0.064460197211802,0.6698628892984241
1789757497699705000,0.580705078125,2.6546874105542897,-0.09016922348588705,1.025237804376334
1789757497709719300,0.59071923828125,2.6729420291692016,-0.13677081566303967,0.9930771177448332
1789757497719733200,0.600733154296875,2.28485631929636,-0.08332447215765715,1.344947897159308
1789757497729747200,0.610747314453125,1.090961007261276,0.5415837884530424,1.3820591919355094
1789757497739762200,0.62076220703125,1.1036831261903046,0.5090498845949769,1.4009659908488392
1789757497749776100,0.630776123046875,-0.0571557194173336,0.781277218452096,0.5426553997399285
1789757497759790000,0.6407900390625,-0.0573953733921051,0.7808692221730947,0.6041082318292931
1789757497769804300,0.65080419921875,-0.45051440125703807,1.054431604026258,-0.6299393135804683
1789757497779818000,0.66081787109375,-0.6751373956352472,1.2055889646992086,-1.1343574467215687
1789757497789833000,0.6708330078125,-0.925184754127264,1.2861091930910944,-1.4211395948275922
1789757497799847200,0.68084716796875,-1.1448667849719523,1.3054264725014566,-1.503856748741865
1789757497809861000,0.690861083984375,-1.1549971338421106,1.3318915778398512,-1.4933631195172667
1789757497819875300,0.700875244140625,-1.5294143838465213,1.128427106824517,-1.2391282462075353
1789757497829890300,0.710890380859375,-1.7071622298032045,1.0039768435522913,-0.9440936719324439
1789757497839904000,0.720904052734375,-1.8984096088021993,0.8584650875508785,-0.6403392001070082
1789757497849918200,0.730918212890625,-2.1099884126901625,0.6440998678147792,-0.3672335490453988
1789757497859932200,0.74093212890625,-2.1125456959575413,0.6502654047071933,-0.40237555304262784
1789757497869946400,0.7509462890625,-2.6721418187022206,0.6974845442607999,-0.1225092030738946
1789757497879961300,0.76096142578125,-2.973235473820567,0.7479115399450064,-0.04172492148492019
1789757497889975000,0.77097509765625,-2.969190582343936,0.7372901926875114,-0.04019068395523354
1789757497899989200,0.7809892578125,-3.6448639845520256,0.7664125345364212,-0.04787497768041212
1789757497910003200,0.791003173828125,-3.6362422866791486,0.7441063024431467,-0.03449623517328873
1789757497920017200,0.80101708984375,-3.9064217480957506,0.9069894644841551,-0.43459553211331364
1789757497930032000,0.8110322265625,-3.61799994302392,0.9945692559987306,-0.5382958162909374
1789757497940046000,0.821046142578125,-3.6100124514013525,0.9741825937911868,-0.549516298485361
1789757497950060000,0.83106005859375,-3.2246932836323974,0.9960708927333355,-0.4281278339365497
1789757497960074200,0.84107421875,-3.2162562946766613,0.9749056473687291,-0.43240280784200874
1789757497970089200,0.851089111328125,-2.7368805405944583,1.185963057731092,-0.633758798803389
1789757497980103200,0.861103271484375,-2.5073639289557934,1.5144281193777918,-0.8268165151599794
1789757497990117000,0.8711171875,-2.496319387850165,1.4878227287858723,-0.7955470782797783
1789757498000131000,0.881131103515625,-1.8360270946472883,2.2890289288058874,-1.0273946170840411
1789757498010145300,0.891145263671875,-1.8279846579670904,2.2707407001823188,-0.9926328811086713
1789757498020160300,0.90116015625,-0.8470131346881389,3.2015973624661562,-2.2275617759302255
1789757498030174200,0.91117431640625,0.3855763574004173,3.39584012388885,-2.0702273340575394
1789757498040188200,0.921188232421875,1.5473498535096644,3.743978438776731,-2.295285066591203
1789757498050202000,0.9312021484375,2.494298111155629,4.022500488863885,-2.475137191350758
1789757498060216000,0.941216064453125,2.496930213224888,4.015545555159449,-2.485049513556063
1789757498070231300,0.951231201171875,4.741349892714619,4.009391708704829,-2.245366312690079
1789757498080245200,0.961245361328125,5.6496974938094615,3.898037366110086,-1.8435997218586504
1789757498090259200,0.97125927734375,6.497655800393224,3.727456635303795,-1.349949943230301
1789757498100273200,0.981273193359375,7.177369417902827,3.392882150866091,-0.7732805206097662
1789757498110288100,0.9912880859375,7.212512042954564,3.3146921189874408,-0.864268951524049
1789757498120302000,1.001302001953125,6.168154381436109,3.5113854884326456,-0.6027786271933466
1789757498130316300,1.01131640625,5.621209065949916,2.998441226747632,0.012083382634073495
1789757498140330000,1.021330078125,5.07841210231483,2.9229759436577556,-0.17381669878652317
1789757498150344200,1.03134423828125,4.623859239321947,3.1927178904399276,-0.47597164472714065
1789757498160359200,1.041359130859375,4.652945048552751,3.1344869430065154,-0.46115255351886153
1789757498170373000,1.051373046875,4.869695117598772,2.8333886117130516,-0.5012505359556526
1789757498180387300,1.06138720703125,4.738946923226118,1.7389803866073488,-0.10219610842606053
1789757498190401000,1.071401123046875,4.7252954144924875,1.768577652491629,-0.15605158072160555
1789757498200416000,1.081416015625,4.34333841663301,-1.0043439232990146,0.8328815142873675
1789757498210430200,1.09143017578125,4.325727356618643,-0.965489291986823,0.7868759152419864
1789757498220444200,1.101444091796875,3.893214475998282,-2.023833685542643,0.9803134977616369
1789757498230458400,1.111458251953125,1.8658610918968914,-3.3917107689991592,0.6016803470952437
1789757498240472000,1.12147216796875,0.6887210998296738,-3.613148119078576,0.07523421428035944
1789757498250487000,1.131487060546875,-0.5703881503939628,-3.6141403449863194,-0.4641376337442547
1789757498260501200,1.141501220703125,-0.5399333908975124,-3.6767610518112774,-0.4156764582403004
1789757498270515200,1.15151513671875,-2.892394927433133,-3.6841131681397554,-1.0669115847624837
1789757498280529200,1.161529052734375,-3.664229194757342,-3.8338510174036022,-1.0289780138179658
1789757498290543000,1.171543212890625,-3.6372067477971313,-3.8840710923388597,-1.0339217538304626
1789757498300558000,1.18155810546875,-4.402008632266521,-3.9620805069535967,-0.49834575442485507
1789757498310572000,1.191572021484375,-4.393763951012492,-3.9745822611302133,-0.5506008423190564
1789757498320586200,1.201586181640625,-4.403064278799295,-4.322965198428928,0.21491054212655872
1789757498330600200,1.21160009765625,-4.4119957732737065,-4.35118913013339,0.3729825775587931
1789757498340615200,1.221615234375,-4.428969704428315,-4.313300713504851,0.30510552110821004
1789757498350629000,1.231629150390625,-3.959349620684981,-4.759910508538782,0.7216081279743463
1789757498360643000,1.24164306640625,-3.979683968183398,-4.716325049312412,0.6800336432442069
1789757498370657300,1.2516572265625,-4.037932743534445,-4.8641865833103655,0.7501625337421893
1789757498380671200,1.261671142578125,-4.175456131130456,-4.82532201512605,0.6641818479873239
1789757498390686200,1.271686279296875,-4.190689356097579,-4.794890636505186,0.6596721885431558
1789757498400700200,1.2817001953125,-3.983710739481449,-4.36424384201765,0.22366342863105237
1789757498410714000,1.291714111328125,-3.9953193442106243,-4.339789199718833,0.21386669562943278
1789757498420728300,1.301728271484375,-3.781782976514101,-3.894236512522399,0.019299597623199223
1789757498430743300,1.311743408203125,-3.4552398228406904,-3.404655883029103,0.2506388946443796
1789757498440757500,1.321757568359375,-3.2787720798224207,-3.266644419655204,0.5218749524418265
1789757498450771500,1.331771484375,-3.168574506047368,-3.0056632869556545,0.7620549238488078
1789757498460785400,1.341785400390625,-3.165481800729036,-3.008601970756054,0.7421189280182122
1789757498470799400,1.35179931640625,-2.5632372073471545,-1.8570768969386815,0.9213615425772964
1789757498480814300,1.361814453125,-2.006692288866639,-0.9881579276517033,0.8464131960336119
1789757498490828500,1.37182861328125,-2.008251208746433,-0.9783648479118943,0.8101645825013518
1789757498500842500,1.381842529296875,-0.01338788936138153,0.5187935722351074,0.6378974329780787
1789757498510856400,1.3918564453125,-0.031016485032439232,0.5675608180135489,0.5770926895339041
1789757498520871400,1.401871337890625,2.7492046001166104,1.375602124750614,0.9459312626231461
1789757498530885400,1.411885498046875,4.374048027673363,1.4218614793613553,1.4478160048291087
1789757498540899600,1.421899658203125,4.328538322386145,1.5487240644723177,1.3541706296652554
1789757498550913500,1.43191357421875,7.247820087701082,0.6505468519970774,3.075144527199864
1789757498560927500,1.441927490234375,7.19610743612051,0.788048904544115,3.034937312234938
1789757498570942500,1.4519423828125,8.984300181925295,0.43166649292409415,3.1345196762323377
1789757498580956400,1.461956298828125,9.338180255335569,0.8822218107134103,2.477024320271611
1789757498590970600,1.471970703125,9.297365429866314,0.9754290867209434,2.521471364763379
1789757498600984600,1.481984619140625,8.560925716528295,1.6456868936210869,0.9972507501676678
1789757498610998300,1.491998291015625,8.531986622291804,1.718768788705766,1.0223745969649403
1789757498621013500,1.502013427734375,6.777837015864253,1.643407550512254,0.20395868427306413
1789757498631027500,1.51202734375,6.104017132568359,1.8160434602826834,-0.06194302675910294
1789757498641041400,1.52204150390625,6.0864504962176085,1.8811007466048002,-0.09199885006584227
1789757498651055600,1.5320556640625,4.882690208250284,1.7268951042771339,0.40723143210858104
1789757498661070600,1.542070556640625,4.866682491779327,1.807617869503796,0.34025004585608837
1789757498671084300,1.552084228515625,4.150891598716378,1.3416282512173057,0.8319356848046183
1789757498681098500,1.562098388671875,3.3473809211462733,0.3103264706268906,1.8810010856226085
1789757498691112400,1.572112548828125,3.1162381696105,-0.16164982085376978,2.3679398223049937
1789757498701126700,1.582126708984375,3.092107352438569,-0.06374620372354983,2.3552558434292674
1789757498711141600,1.5921416015625,1.7837901269316672,-0.8300994092881679,2.2407490281529725
1789757498721155300,1.6021552734375,0.7777274170160293,-0.7086617718353867,1.6592336268059908
1789757498731169500,1.61216943359375,-0.3945224649220705,-0.46454716439321636,0.9223043763853609
1789757498741183500,1.62218359375,-0.4044306954741478,-0.4733383736141026,1.0111937891937792
1789757498751198500,1.632198486328125,-2.7402888877332208,-0.18726546975597738,-0.29804164713658393
1789757498761212700,1.642212646484375,-3.597189794707298,0.008346680323779582,-0.7195993454352021
1789757498771226400,1.652226318359375,-4.0675533902943135,0.2505046007402241,-0.9211484112832695
1789757498781240600,1.662240478515625,-4.338727123445272,0.4968029819622636,-0.995350907895714
1789757498791254500,1.672254638671875,-4.330806267318129,0.46261458889544005,-0.98449487509951
1789757498801269500,1.68226953125,-4.694450778895616,0.5182026206046343,-0.9348186247173697
1789757498811283500,1.692283447265625,-4.690474276480079,0.33159926801919937,-0.7811603140741586
1789757498821297400,1.70229736328125,-4.646973572927713,0.11938888822942971,-0.672359893745929
1789757498831311400,1.712311279296875,-4.654912549233436,-0.11217267324030399,-0.6432295877862722
1789757498841326600,1.72232666015625,-4.646582527783512,-0.13390695066452027,-0.6639166211798787
1789757498851340500,1.732340576171875,-4.63340331273675,-0.4237982437670231,-0.942276612573117
1789757498861354200,1.742354248046875,-4.617742802268267,-0.4788990764811635,-1.0979142604652792
1789757498871368400,1.752368408203125,-4.527440015530586,-0.5534656571656466,-1.125231014196947
1789757498881382400,1.76238232421875,-4.377515996044874,-0.5837924063682556,-1.0354553931385277
1789757498891397400,1.7723974609375,-4.362631146124005,-0.6207058404847979,-1.068026925593242
1789757498901411600,1.78241162109375,-3.8723353540986776,-0.45744595408588645,-0.9131300861310213
1789757498911425300,1.79242529296875,-3.7980034589529037,-0.3228206260189414,-0.9373599066980183
1789757498921439500,1.802439453125,-3.7801258569568392,-0.36917467317581176,-0.9632676704145967
1789757498931454500,1.812454345703125,-3.2761171813994645,-0.1308779582321644,-0.8164533073820174
1789757498941468400,1.822468505859375,-3.2633582375913854,-0.17584201233536004,-0.8040650965824723
1789757498951482600,1.832482666015625,-2.77507261634469,0.1495125160753727,-0.8677627849891781
1789757498961496300,1.842496337890625,-1.3284329618185757,1.4111618061706424,-1.4475696288526056
1789757498971510500,1.852510498046875,-0.33399113159179683,2.0895763237804172,-1.6925030053317547
1789757498981525500,1.862525390625,0.7258627897441386,2.700584361593425,-1.8801549901872872
1789757498991539500,1.87253955078125,0.7269312957584857,2.68758605607152,-1.8516811753749847
1789757499001553400,1.882553466796875,3.3986125112116334,3.31750103892833,-2.1025006872832774
1789757499011567400,1.8925673828125,4.462828134888411,3.206928202100098,-1.9323951727733015
1789757499021582300,1.902582275390625,5.346925091823935,2.902671114514768,-1.6883428169123826
1789757499031596500,1.912596435546875,6.223642459902167,2.676156315040588,-1.4264230881884694
1789757499041610500,1.922610595703125,6.224580617535114,2.665936242060363,-1.4040414527714251
1789757499051624400,1.93262451171875,7.390243522298336,2.515124918346107,-1.0428628929160535
1789757499061638400,1.942638427734375,7.482639481922984,2.2260645231097937,-0.4601100587286055
1789757499071653400,1.9526533203125,6.965198493340611,1.8049375443786382,0.16691855503693223
1789757499081667300,1.962667236328125,6.196927471455932,1.6494269569322466,0.5143162806905806
1789757499091681500,1.972681640625,6.197369370004535,1.6273904816910623,0.6049387278366833
1789757499101695500,1.982695556640625,4.827852118125557,1.971896869817376,0.1540957522124052
1789757499111709400,1.99270947265625,4.2414065669000145,1.8477616638436913,-0.16434735284205526
1789757499121724400,2.002724365234375,3.643109834361076,1.4571689395859837,-0.4555263476675376
1789757499131738400,2.01273828125,3.1116993571370837,0.9527230416551232,-0.8443461074359715
1789757499141752600,2.022752685546875,3.0991999410480258,0.9803399473771452,-0.7633481054645032
1789757499151766500,2.0327666015625,2.749570510819554,-0.22986001824885605,-1.5266929960586129
1789757499161781500,2.042781494140625,2.8638457092970606,-0.7957873898416757,-1.4688234292834996
1789757499171795500,2.05279541015625,2.851759550184011,-0.761851217970252,-1.4124424936309457
1789757499181809400,2.062809326171875,2.408397943291068,-2.0072996071100233,-0.7017888173259794
1789757499191823400,2.0728232421875,1.8164806826561688,-2.3850673365861175,-0.20836937685478477
1789757499201838600,2.082838623046875,1.8353163160294292,-2.440284196895361,-0.2153560208717361
1789757499211852500,2.0928525390625,-0.38485213477909563,-2.6604940510064363,0.41238516160994765
1789757499221866500,2.102866455078125,-1.5751660811960697,-2.5049203351959584,0.47887248073518274
1789757499231880400,2.11288037109375,-2.694520823770761,-2.2075214429423213,0.4152060642495751
1789757499241894400,2.122894287109375,-3.611746143326163,-1.9462962723538277,0.28985899826809763
1789757499251909400,2.132909423828125,-3.571596503767371,-2.034738233655691,0.17300602172445506
1789757499261923600,2.142923583984375,-4.791024900987744,-2.0023308787867427,0.2600308827700093
1789757499271937300,2.152937255859375,-4.968986681956053,-2.1525179331228137,0.322360241965577
1789757499281951500,2.162951416015625,-4.869186583554744,-2.26094645139873,0.3193264272276312
1789757499291966500,2.172966552734375,-4.862894205412268,-2.2625690841645003,0.252387491877377
1789757499301980400,2.18298046875,-4.44100734822452,-2.3168775974571703,0.21335436219312248
1789757499311994600,2.19299462890625,-4.380346251034736,-2.3020786722540856,0.10116115762144326
1789757499322008300,2.20300830078125,-4.381064043915272,-2.2207196549504995,-0.005956570316851139
1789757499332022500,2.2130224609375,-4.420893950000405,-2.149497708518803,-0.14515607443153858
1789757499342037500,2.22303759765625,-4.418064864054322,-2.1532140986934305,-0.15746647075451908
1789757499352051500,2.233051513671875,-4.521494843390584,-2.1266873262956736,-0.3662047905195504
1789757499362065700,2.243065673828125,-4.496843217214941,-2.024713390986621,-0.4635802190572023
1789757499372079400,2.253079345703125,-4.723372921997308,-1.7936355213806032,-0.6023235038369894
1789757499382094300,2.26309423828125,-5.0483670926630495,-1.4446645550608634,-0.804830235736072
1789757499392108500,2.273108642578125,-5.032806535437703,-1.0627391213834285,-0.9626623979978263
1789757499402122500,2.28312255859375,-4.53905095834732,-0.6261360488399863,-0.923266499415785
1789757499412136400,2.293136474609375,-3.523171203294396,-0.27871815718114373,-0.5845687245029956
1789757499422150400,2.303150390625,-3.5299633476525543,-0.257566648080945,-0.606780629376322
1789757499432165400,2.313165283203125,-0.45953123592734335,0.018095920921862123,0.4516458895049989
1789757499442179300,2.323179443359375,0.7382938167721033,0.07994827372282742,1.0786954729933291
1789757499452193500,2.333193603515625,0.7522106984436512,0.07254793433845043,0.9923363093148916
1789757499462207500,2.34320751953125,2.5484891355484725,0.010305120915174484,2.237421198904514
1789757499472222500,2.353222412109375,3.0895658512622117,0.019370470902323723,2.6622856105983255
1789757499482236700,2.363236572265625,3.47795609703958,-0.0013689502656459808,2.9881650396659967
1789757499492250400,2.37325048828125,3.500890397903323,-0.049504035620391365,2.979130961599946
1789757499502264600,2.3832646484375,4.163496228745579,-0.35252544393092394,2.971985766020417
1789757499512278500,2.393278564453125,4.630462583109736,-0.37090544249117374,2.5784073039501902
1789757499522293500,2.40329345703125,5.298151416304707,-0.13485153803825378,1.900541652394831
1789757499532307700,2.4133076171875,5.888765777647495,0.1280003569692373,1.1438117960263043
1789757499542321400,2.4233212890625,5.885853689593076,0.10662702181190252,1.2566586422011254
1789757499552335600,2.433335693359375,5.801675523215532,0.7573352018505335,0.1925475748773664
1789757499562350600,2.4433505859375,5.381604191017151,1.1107815600186586,0.12548048310279847
1789757499572364500,2.453364501953125,5.393785042676329,1.0747589372619986,0.1853746145080775
1789757499582378800,2.463378662109375,3.458521328729391,1.7358669307619332,0.5102938202414662
1789757499592392400,2.473392333984375,3.468497363820672,1.7109256739899514,0.5392534458093344
1789757499602406400,2.483406494140625,2.563992994150519,2.4723010911419987,0.6755686997245997
1789757499612421600,2.493421630859375,2.545444361025095,2.5100994913995263,0.6787816704217344
1789757499622435600,2.503435546875,2.54731892272532,1.775862256541848,1.474002000965178
1789757499632449500,2.513449462890625,3.4581466501981017,1.1217422222331166,1.7350775339499116
1789757499642463500,2.52346337890625,3.404503322815895,1.2388088049948214,1.7504042824193835
1789757499652478500,2.533478515625,4.129237985312939,-0.10017010075747966,1.8856826675675809
1789757499662492400,2.543492431640625,3.693801326200366,-0.5063619606852531,1.435269534727931
1789757499672506600,2.553506591796875,2.899464719688892,-0.7546177595853805,0.9670097795523702
1789757499682520600,2.5635205078125,1.8221826936900614,-0.8263175526618957,0.5419159430168569
1789757499692535600,2.57353564453125,1.8229437411904335,-0.8349614623665809,0.6235022662702947
1789757499702549500,2.583549560546875,-0.7853145111441612,-0.9123886931791901,0.13597133584842086
1789757499712563500,2.5935634765625,-1.9028104741096497,-0.9438885778144002,0.15913849561996757
1789757499722577700,2.60357763671875,-2.807103831377625,-0.9795815302252769,0.37992001213915644
1789757499732591600,2.613591552734375,-3.6055794373899697,-0.9551257188826798,0.5555480529302731
1789757499742606600,2.623606689453125,-3.5757355032682416,-1.0208347471117973,0.5125592809554189
1789757499752620500,2.63362060546875,-4.971413616842031,-1.344266783027351,0.6919313671130687
1789757499762634500,2.643634521484375,-5.314213493311405,-1.6108432515159248,0.6447863887742161
1789757499772648400,2.6536484375,-5.3370881729424,-1.8092428403571248,0.5441153892898932
1789757499782663700,2.66366357421875,-5.123698520240187,-1.9412144390448927,0.4297286567293107
1789757499792677600,2.673677734375,-5.1301475502491,-1.9235899350270629,0.39383298482056706
1789757499802691600,2.683691650390625,-4.4201381631970404,-2.4747835556074977,0.47746513468790797
1789757499812705500,2.69370556640625,-4.083463491609693,-2.670789235049486,0.472628727507405
1789757499822719500,2.703719482421875,-4.090004291555285,-2.6540003050729633,0.454096534060128
1789757499832734500,2.713734375,-3.75280238122344,-2.7012498397648335,0.388842336926423
1789757499842748700,2.723748779296875,-3.7456694606035947,-2.715489962041378,0.3763130006231367
1789757499852762400,2.733762451171875,-4.185944791918993,-2.649484873475134,0.1573565441066399
1789757499862776600,2.743776611328125,-4.220373131221533,-2.4667674224123357,-0.025347682148404417
1789757499872791600,2.75379150390625,-4.247378042525053,-2.257228015397489,-0.218726045294106
1789757499882805500,2.763805419921875,-4.342818776673078,-1.960514767320454,-0.438785019692406
1789757499892819700,2.77381982421875,-4.317169371631741,-2.014378167194128,-0.4375243886394426
1789757499902833400,2.78383349609375,-4.070884580543637,-1.4092565570712088,-0.7082366782911121
1789757499912847600,2.79384765625,-3.9503877310723063,-0.8382365385144949,-0.8628700445115566
1789757499922862600,2.803862548828125,-3.6283383816868064,-0.2744382879048586,-0.9717237293969839
1789757499932876500,2.81387646484375,-3.09432444396615,0.1442509422853589,-1.012158907898888
1789757499942890800,2.823890869140625,-3.0764404122292994,0.11023790578544139,-1.0199954467434436
1789757499952904400,2.833904541015625,-1.4305892679572105,0.7904106652393936,-1.1606757640004157
1789757499962919400,2.84391943359375,-0.5068178877592087,1.3890665864795446,-1.3283948217652737
1789757499972933600,2.85393359375,0.3379793244451284,1.9998484143212436,-1.5111030666083096
1789757499982947600,2.863947509765625,1.0333651428610087,2.3962556700766084,-1.6796289107114075
1789757499992961500,2.87396142578125,1.0316232676297425,2.4004963763862848,-1.6862762397713957
1789757500002976800,2.883976806640625,2.2673042959928513,2.7261490109607576,-1.8257161285132169
1789757500012990500,2.893990478515625,2.8063170649141074,3.003136691087484,-1.896099286033213
1789757500023004400,2.90400439453125,3.3691666364967823,3.3606089437708255,-1.921625941477716
1789757500033018600,2.9140185546875,3.962104472351074,3.6796824922159312,-1.8263138021454215
1789757500043032600,2.924032470703125,3.9385482401967047,3.7225495740398764,-1.7933726326607167
1789757500053047600,2.934047607421875,5.039586989358067,4.1261087473765015,-1.1490221510857344
1789757500063061500,2.9440615234375,5.492845720887184,4.2340117804735895,-0.7920665426876395
1789757500073075500,2.954075439453125,5.4609746648520225,4.2968610353574155,-0.757916947261244
1789757500083089700,2.964089599609375,5.749723217660188,4.421281488013268,-0.6018497488453984
1789757500093104600,2.974104736328125,6.203523800981045,4.406834444987774,-0.5944395091215148
1789757500103118600,2.98411865234375,6.555332328814267,3.5273315378442405,-0.4439736013114452
1789757500113132500,2.994132568359375,6.516673220074177,3.614816344551742,-0.44082258993461726
1789757500123146500,3.004146484375,6.47130964525938,1.800527034460008,-0.18237510389853268
1789757500133160700,3.01416064453125,6.066437635758519,0.8802221613287925,-0.1209630787435919
1789757500143175700,3.02417578125,6.044924892130494,0.9321586847931146,-0.11565635063759983
1789757500153189600,3.034189697265625,5.416019670838117,0.0662140551418066,-0.0971095441430807
1789757500163203600,3.04420361328125,4.482427153849602,-0.5253276501789689,-0.16652564672920853
1789757500173217500,3.054217529296875,1.7695336380422115,-1.1247042869091033,-0.3684513273373246
1789757500183232500,3.064232421875,0.18073592185676096,-1.268925710839033,-0.3779195590369403
1789757500193246700,3.074246826171875,0.20598726749122143,-1.330491355653107,-0.3525212061472237
1789757500203260700,3.0842607421875,-1.2892811011254788,-1.3893518331617116,-0.2178298819056712
1789757500213274400,3.0942744140625,-2.516641460388899,-1.3740496346116065,-0.03836975213838741
1789757500223289600,3.10428955078125,-4.099374761968851,-1.5036302465096114,0.5813417618131265
1789757500233303600,3.114303466796875,-4.098281706035137,-1.506227277265489,0.5845350414291024
1789757500243317500,3.1243173828125,-4.295110100036859,-1.6323042649567125,0.8466345836993306
1789757500253331700,3.134331787109375,-4.312269324630499,-1.7245511714994906,0.9339062591128051
1789757500263345400,3.144345458984375,-3.5351048021942373,-2.060497236551344,0.5718597207838669
1789757500273360400,3.1543603515625,-3.271660201990604,-2.107204919451475,0.5586123724043369
1789757500283374600,3.16437451171875,-3.3944437010943886,-2.2456728944212196,0.6492470945101231
1789757500293388500,3.174388427734375,-3.4110604893743988,-2.2056088873192667,0.6573582125123589
1789757500303402800,3.18440283203125,-3.4343595318973064,-2.5332310684010384,0.6257836552057415
1789757500313417500,3.19441748046875,-3.4874405492216347,-2.6197227724179624,0.29635818756166843
1789757500323431400,3.204431396484375,-3.490118243998289,-2.6132532841429112,0.30475678073577583
1789757500333445600,3.214445556640625,-3.885605170038342,-2.671296600049734,0.07447387916604056
1789757500343459600,3.22445947265625,-3.8801626867234704,-2.684873582242429,0.08145351805347018
1789757500353474600,3.234474609375,-3.9638428404510018,-2.765928940424323,0.1408614094449207
1789757500363488500,3.244488525390625,-4.2313732486635445,-2.632854933452606,-0.00940413065457251
1789757500373502500,3.25450244140625,-4.26502709646225,-2.5323016785964367,-0.0692771233737003
1789757500383516700,3.2645166015625,-4.187880143895745,-2.4449548190549013,-0.04236508711855858
1789757500393530600,3.274530517578125,-4.16748559064269,-2.4929139633208512,-0.04747844807691872
1789757500403545600,3.284545654296875,-4.14010833889544,-2.3018925020322203,0.17218011056063695
1789757500413559600,3.2945595703125,-4.113818882384896,-2.05594468781352,0.2598882228963077
1789757500423573500,3.304573486328125,-3.937556891071796,-1.7243553566664456,0.3844199173742905
1789757500433587500,3.31458740234375,-3.5351644234269854,-1.4620114111810922,0.6231231307595968
1789757500443602000,3.324601806640625,-3.51314957549572,-1.5059183574467896,0.551565595697984
1789757500453615900,3.334615966796875,-2.5362936708420514,-0.7956415516301989,0.8164910821091383
1789757500463630000,3.344630126953125,-1.6431307793974876,-0.32541970260143277,0.7167737666204571
1789757500473643800,3.354643798828125,-0.5037339502692222,0.013148819908499717,0.6895638342641294
1789757500483658800,3.36465869140625,0.8911398611843585,0.31265286774784323,0.8029599848847836
1789757500493673000,3.3746728515625,0.8745125515103339,0.3606584815040231,0.721070879292488
1789757500503687000,3.38468701171875,3.876487213081121,0.8584311852812766,1.4441902155473827
1789757500513700900,3.394700927734375,5.25228515266478,1.0065966706618665,1.7526373021684587
1789757500523714800,3.40471484375,6.491781939923763,1.3129162437349557,1.7626441707894205
1789757500533729800,3.414729736328125,7.486285729470849,1.6721952535793185,1.4914485180675983
1789757500543743700,3.42474365234375,7.451779064235091,1.7833640104740858,1.3948157976560294
1789757500553758000,3.434758056640625,8.389948972141742,1.2792550894126296,1.3204267654955386
1789757500563771600,3.444771728515625,8.544371472090482,1.1561156164780257,1.553146410959214
1789757500573786600,3.45478662109375,8.503300626033544,1.296255324052274,1.4839971791483462
1789757500583800800,3.46480078125,9.022858168378471,1.0949980076923966,2.090080181649327
1789757500593814800,3.474814697265625,8.987298194697498,1.2242866509065031,2.0432984105996788
1789757500603829000,3.4848291015625,8.425410746145248,1.0775158347547054,2.547993460986018
1789757500613844000,3.494843994140625,8.403339784112573,1.167335221889615,2.5150983226001262
1789757500623857700,3.504857666015625,5.770542133805155,0.7927458301886916,2.8911668469429013
1789757500633872000,3.514871826171875,3.9332612397044895,0.47714375724643465,2.821974068251252
1789757500643885800,3.5248857421875,3.911167481318116,0.5316989387765526,2.863831680771708
1789757500653900800,3.53490087890625,1.5982786612361668,-0.18702829999923706,2.042467074342072
1789757500663915000,3.5449150390625,0.5331459227144718,-0.4436337018325925,1.5464748242408037
1789757500673928700,3.5549287109375,-0.5717115079522133,-0.11959697802215814,0.7313269734341651
1789757500683943000,3.56494287109375,-1.3127327038615941,0.088189593975991,0.27587723466679454
1789757500693956900,3.574956787109375,-1.331981594210863,0.11108780061304568,0.40728886138424275
1789757500703971800,3.584971923828125,-2.3995646484941244,0.17245836124643682,0.11989493805542588
1789757500713985800,3.59498583984375,-2.7062480864435434,0.37514717171415685,0.1328372025411576
1789757500723999700,3.604999755859375,-2.942951394715905,0.44149157523736354,0.20361447394527493
1789757500734013700,3.615013671875,-3.2195997598856687,0.38361426354721184,0.22193587418608365
1789757500744029000,3.62502880859375,-3.2208161499381065,0.40071620499566196,0.18399682334885
1789757500754043000,3.63504296875,-3.6250627210170028,0.13456366100758313,0.024700433753430843
1789757500764056800,3.645056884765625,-3.7967625189810987,0.01023994672447443,-0.13718999092318115
1789757500774070800,3.65507080078125,-3.796579563629627,0.028905191966891286,-0.18665515583790837
1789757500784085800,3.665085693359375,-3.9223511386334895,-0.2630520937547087,-0.3727538468368351
1789757500794099700,3.675099609375,-3.922819925189018,-0.2481159520380199,-0.4025473659455776
1789757500804114000,3.685114013671875,-4.050964659065008,-0.40299847071394324,-0.4725244999479502
1789757500814127900,3.6951279296875,-4.169501606640219,-0.3632685178719461,-0.5507681617099791
1789757500824141800,3.705141845703125,-4.167303219813109,-0.3743058985844254,-0.5470834818478674
1789757500834156800,3.71515673828125,-4.580427509352565,-0.28598478718325493,-0.5603520556785166
1789757500844170800,3.725170654296875,-4.574741864931583,-0.31419089097008107,-0.5502446492925286
1789757500854185000,3.73518505859375,-4.96733248500824,-0.23022841316983103,-0.5193410500500351
1789757500864199000,3.745198974609375,-5.110915026512742,-0.16547186335995792,-0.524380870848149
1789757500874214000,3.7552138671875,-5.102737565276026,-0.19915712921023368,-0.5219656994652003
1789757500884227800,3.765227783203125,-5.095995105278492,-0.22349603617489336,-0.564505156769976
1789757500894241800,3.77524169921875,-5.0888364656955,-0.2523589964352548,-0.5619293879978359
1789757500904255700,3.785255859375,-4.703859827753901,-0.3057505410134792,-0.6537494474306702
1789757500914271000,3.79527099609375,-4.398875010415911,-0.291032279831171,-0.7986322578787803
1789757500924285000,3.805284912109375,-4.3890755009353155,-0.32952129270136354,-0.7935892222102731
1789757500934299000,3.815298828125,-3.7400346695870157,0.011354337707161903,-0.872840380514413
1789757500944312800,3.825312744140625,-3.724643039187789,-0.04209463614672422,-0.877851778935641
1789757500954327800,3.835327880859375,-3.254817788261175,0.5911287406057119,-0.6856175808563828
1789757500964341800,3.845341796875,-2.9820278520852326,0.9897840675488114,-0.5139582610331476
1789757500974356000,3.85535595703125,-2.9639135187238455,0.928301132582128,-0.5112308088306338
1789757500984369700,3.86536962890625,-1.9354197812914846,2.1718711606293915,-0.5846924239479006
1789757500994384600,3.875384521484375,-1.9217939915210007,2.1251684461653233,-0.5754113853834569
1789757501004398800,3.88539892578125,-0.24305998382270336,3.3353310023903844,-1.1167390071183443
1789757501014412800,3.895412841796875,0.7214654315680264,3.599539864964783,-1.3516150999635457
1789757501024427000,3.905427001953125,0.726184861305356,3.587286240330338,-1.3591225529842077
1789757501034440700,3.915440673828125,2.713291575214267,3.7716564270362256,-1.4390240649558603
1789757501044455700,3.92545556640625,2.7129198192924258,3.7752185034319754,-1.4465125210151075
1789757501054470000,3.935469970703125,4.251993427366018,4.014944958917797,-1.407238495247066
1789757501064483800,3.94548388671875,4.802244798660278,4.190721212540566,-1.412566704532504
1789757501074498000,3.955498046875,4.79647849021852,4.20211909712851,-1.3918620624169706
1789757501084513000,3.965512939453125,5.826431194287538,4.186221563033759,-0.9853986920714378
1789757501094526700,3.975526611328125,5.81827828297019,4.204694208313525,-0.9616831046368927
1789757501104541000,3.985541015625,6.298298180174827,3.559158754737675,-0.3856242881953716
1789757501114555000,3.995554931640625,6.306343539464473,3.0453961624071,-0.07220810792483388
1789757501124569900,4.00556982421875,6.30010143020451,3.0554268502950666,-0.0365654974617064
1789757501134584000,4.015583984375,5.3178977347820995,2.0316542961657045,0.3383618940219283
1789757501144597800,4.02559765625,5.312480970430374,2.033114431846142,0.4028180726457387
1789757501154611700,4.03561181640625,4.43516972811222,1.7675807504087686,-0.14821177220772952
1789757501164626000,4.0456259765625,4.142957298585772,1.4445666476443408,-0.2518975894685834
1789757501174641000,4.055640869140625,4.1403678666144605,1.4428759180784225,-0.19468513489533215
1789757501184654800,4.06565478515625,3.710923725914955,0.8464452716723084,-0.08126943932399153
1789757501194668800,4.075668701171875,3.7110172494173046,0.8468500530809163,-0.08577577429991215
1789757501204682800,4.085682861328125,3.2281635900914667,0.03965776438862085,0.43298535697031765
1789757501214697700,4.09569775390625,2.9222692566931245,-0.3508767999410629,0.5586809075959026
1789757501224712000,4.1057119140625,2.9309651888459918,-0.3702452250167727,0.5134476080972701
1789757501234726000,4.115725830078125,1.9519933149516582,-0.9309303120419382,0.6072872637242078
1789757501244739800,4.12573974609375,1.9690140078574419,-0.9742118198856711,0.5607688928510993
1789757501254754800,4.1357548828125,0.7929121266663074,-1.0145637040182947,0.5731806306567043
1789757501264768800,4.145768798828125,0.3794844702661037,-0.9843681799799203,0.4371670631017536
1789757501274783000,4.155782958984375,0.4010112424194813,-1.0345277568995952,0.383293726355955
1789757501284797000,4.165796875,-0.35118367393314837,-0.9593427520558238,0.3372800170693546
1789757501294811600,4.175811767578125,-0.5073457110255957,-1.1830129757538437,0.34315132025554773
1789757501304825900,4.185825927734375,-0.6214063899695873,-1.3795502778545021,0.3610490151915699
1789757501314839800,4.19583984375,-0.6800210760235786,-1.503095993502438,0.33738450035713613
1789757501324854000,4.20585400390625,-0.6663596304178238,-1.5329197616189718,0.3110595341417938
1789757501334869000,4.215868896484375,-1.0298550889134406,-1.5559554770305752,0.28888942258358
1789757501344882700,4.225882568359375,-1.2705442519515753,-1.5003174686998129,0.046758317108824846
1789757501354897000,4.23589697265625,-1.5038918200552462,-1.4371145780727266,-0.2330981233872473
1789757501364910800,4.245910888671875,-1.733614183399081,-1.3783172289282082,-0.5224357281297445
1789757501374924800,4.2559248046875,-1.723476235744357,-1.4103744551852344,-0.5038361685346812
1789757501384940000,4.26593994140625,-2.0910668545991182,-1.4751459103032947,-1.0082760020509363
1789757501394953700,4.27595361328125,-2.2689877190351484,-1.4962854367047547,-1.2002300680145621
1789757501404967700,4.2859677734375,-2.459726563990116,-1.4982389088600874,-1.3574103422388433
1789757501414982000,4.29598193359375,-2.7477777821838854,-1.4913415505617855,-1.445691706151515
1789757501424996900,4.305996826171875,-2.7375498181581497,-1.5192457487925886,-1.4367115502297878
1789757501435010800,4.3160107421875,-3.2937674043804406,-1.4166013668760657,-1.4153893607378005
1789757501445025500,4.326025634765625,-3.5165351262807842,-1.3391186064839362,-1.2596914340257643
1789757501455039500,4.33603955078125,-3.70431219882071,-1.2640966832473874,-1.0476388751462102
1789757501465054500,4.346054443359375,-3.816617558529973,-1.246111529223621,-0.8437687459394335
1789757501475068400,4.356068359375,-3.80671984937191,-1.2597709290027617,-0.8817786700557917
1789757501485082400,4.366082275390625,-4.122571513161063,-1.214460253418982,-0.5014565799217671
1789757501495096300,4.376096435546875,-4.122499616968631,-1.2417083258286117,-0.4218926293414086
1789757501505111600,4.386111572265625,-4.073039712750911,-1.3272764852598309,-0.4507609233640134
1789757501515125500,4.39612548828125,-4.010142234811187,-1.4164777404963969,-0.5106755861006677
1789757501525139500,4.406139404296875,-4.0133080053657295,-1.4073194515287875,-0.5157308236636221
1789757501535153400,4.4161533203125,-3.7863790721327066,-1.490538709746301,-0.6455717669982463
1789757501545168400,4.42616845703125,-3.670383625733852,-1.3813894759804008,-0.707335564732924
1789757501555182300,4.436182373046875,-3.5529485019207,-1.2365303386688231,-0.7539465823255479
1789757501565196500,4.446196533203125,-3.353775006097555,-1.154962939311564,-0.7846278440542519
1789757501575210200,4.456210205078125,-3.364834744772315,-1.1295476352870464,-0.7785692746676505
1789757501585224400,4.466224365234375,-2.8286440475344654,-0.8216250109314918,-0.6408529948480427
1789757501595239400,4.476239501953125,-2.498953243485093,-0.6857920606404543,-0.4482650879602879
1789757501605253400,4.48625341796875,-2.3396949939429756,-0.5088102306202054,-0.3132073598254472
1789757501615267600,4.496267578125,-2.3590806624144314,-0.46312195389568805,-0.2991216974582523
1789757501625281300,4.50628125,-2.1595026774436232,-0.4175046965807676,-0.19959354786612094
1789757501635296300,4.516296142578125,-1.702356875348091,-0.35724078201502557,-0.08854476408921182
1789757501645310500,4.526310546875,-1.472649709573388,-0.2744721901744604,0.038134719539806246
1789757501655324400,4.536324462890625,-1.032871806386113,-0.2183832232058048,0.08927717001698911
1789757501665338600,4.546338623046875,-0.1608580859541893,-0.05645780028104782,0.004463336084410548
1789757501675353600,4.556353515625,-0.19549685313701629,0.02738748088032007,0.0755316263243556
1789757501685367300,4.5663671875,0.8305313709646462,0.2530772277072072,0.0360936421662569
1789757501695381500,4.576381591796875,1.3395949918240309,0.14455430914610623,-0.00519325779415667
1789757501705395500,4.5863955078125,2.136594095543027,0.14623539410084485,-0.0437612907173112
1789757501715410400,4.596410400390625,2.6865666498959064,0.3457461590543389,-0.11649218040723353
1789757501725424600,4.606424560546875,2.6753818235367537,0.37245296419411894,-0.043620347876660526
1789757501735438300,4.616438232421875,2.714116920122504,0.45491818917393684,0.1814990151837468
1789757501745452300,4.626452392578125,2.620797415912151,0.33256782079041003,0.37136473056599495
1789757501755467500,4.636467529296875,2.3644015651762484,0.30180297243148085,0.503160972686857
1789757501765481500,4.6464814453125,1.946762428560853,0.36639468706846234,0.48060748783424495
1789757501775495400,4.656495361328125,1.9590029014527797,0.324691972848773,0.5187615696616471
1789757501785509400,4.66650927734375,1.185513268136978,0.713829237601161,0.333972463423945
1789757501795523300,4.6765234375,0.8919593608736991,1.009217959076166,0.24759755418710408
1789757501805538300,4.686538330078125,0.5600701699972153,1.3479454715400934,0.26660956704057753
1789757501815552500,4.696552490234375,0.4471159909904003,1.6417597833052278,0.4926495886098593
1789757501825566500,4.70656640625,0.4471802883982658,1.6417366946905851,0.4749655729571357
1789757501835580400,4.716580322265625,1.3582634519368408,2.433700434590876,1.205439034834504
1789757501845595400,4.726595458984375,1.89400698992908,2.378480067150295,1.6163748744189739
1789757501855609300,4.736609375,2.8421435805767774,1.5499793252304195,2.269229126575589
1789757501865623600,4.74662353515625,3.9745390065103767,0.3777291510313749,2.9713097664549943
1789757501875637500,4.756637451171875,3.942152986690402,0.5091226575702429,2.883871429237723
1789757501885652500,4.766652587890625,4.870500004240871,-1.2451049825295806,3.0156358149155973
1789757501895666400,4.77666650390625,4.73767325002849,-1.7510314744070172,2.3097106284372506
1789757501905680400,4.786680419921875,4.087023814439774,-1.82814876248762,1.368721571456641
1789757501915694600,4.796694580078125,2.9044091903537512,-1.4648738148748874,0.5090497019318864
1789757501925709600,4.80670947265625,2.9097400299876925,-1.4999381139934063,0.6452250724524259
1789757501935723500,4.8167236328125,0.748936206817627,-0.39464521451890466,-0.3693738855423406
1789757501945737500,4.826737548828125,0.7646148374646902,-0.455055844078958,-0.28819782359022644
1789757501955751400,4.83675146484375,-0.30206688406467436,0.4561798796728253,0.022804792732559143
1789757501965766400,4.846766357421875,-0.851701584765315,0.6079425127625465,0.573265094069764
1789757501975780600,4.856780517578125,-0.8376970248103142,0.5582590289220214,0.5000308945002034
1789757501985794600,4.866794677734375,-1.736995642530918,0.4004632531479001,1.659898082064092
1789757501995808300,4.876808349609375,-2.102109642139077,0.27099136232137677,2.0205071714684366
1789757502005822500,4.886822509765625,-2.145207025587559,0.02823006918430328,2.141815629583597
1789757502015837400,4.89683740234375,-2.1966040353477,-0.17487462860792874,2.0571001414589585
1789757502025851400,4.906851318359375,-2.198528281408548,-0.1669344832584262,2.0470728145718575
1789757502035865600,4.916865478515625,-2.1618998017132283,-0.4158651126801967,1.2956975440390408
1789757502045879300,4.92687939453125,-2.1884493704646824,-0.3952206763193011,0.7387623841319233
1789757502055894300,4.936894287109375,-2.138197439086437,-0.3260109464928508,0.19539852559538556
1789757502065908500,4.946908447265625,-2.141494727066159,-0.24058920979499815,-0.2673402011363767
1789757502075922400,4.95692236328125,-2.150294119593501,-0.17114713251739738,-0.629699367344752
1789757502085936400,4.966936279296875,-2.152511211121082,-0.13069617192447186,-0.8377638064362108
1789757502095951400,4.976951416015625,-2.17013922227025,-0.06934329307824373,-0.8886902030099183
1789757502105965300,4.98696533203125,-2.270489355769753,0.030361820515990255,-0.7949159407693892
1789757502115979500,4.9969794921875,-2.485744802343845,0.10971651225984096,-0.5788236415123567
1789757502125993500,5.006993408203125,-2.688414908111095,0.16111381428092716,-0.2882783049479127
1789757502136008400,5.017008544921875,-2.8849487030804157,0.2705687529951334,-0.06397847354288679
1789757502146022400,5.0270224609375,-3.1258570618271824,0.4522346491783857,0.054162821211665865
1789757502156036400,5.037036376953125,-3.297287395200133,0.6497668075352907,0.09512745781461708
1789757502166050600,5.047050537109375,-3.399311014869809,0.8474792908951639,0.08453288896619342
1789757502176064500,5.057064453125,-3.4328894593447443,1.081861755004525,0.0163785134115722
1789757502186079500,5.06707958984375,-3.236348650112748,1.2236354935213922,-0.038448242468386885
1789757502196093400,5.077093505859375,-2.9550667799234387,1.3355240891233087,-0.036251408277545125
1789757502206107400,5.087107421875,-2.5587755517631767,1.4498621237039566,-0.06095743152154609
1789757502216121300,5.097121337890625,-2.0877111144304275,1.544867973566055,-0.17974354981854557
1789757502226136300,5.10713623046875,-1.5768109257936476,1.643370433372259,-0.3112892147118225
1789757502236150500,5.117150634765625,-1.010821887141466,1.6925547355189918,-0.4986922297749668
1789757502246164200,5.127164306640625,-0.3714648299396038,1.7322066546887158,-0.7213471389506012
1789757502256178400,5.137178466796875,0.3989268373608589,1.7902999472171066,-0.8991230419579893
1789757502266193400,5.147193359375,1.1346353138148784,1.7527815329447387,-0.9673707218192518
1789757502276207400,5.157207275390625,1.7485078011482953,1.7223092377915978,-1.0426286457687615
1789757502286221600,5.1672216796875,2.2980986627072095,1.6760907997131347,-1.1271531413659452
1789757502296235300,5.1772353515625,2.7015812636762857,1.6449956964865327,-1.1796729446109384
1789757502306250200,5.187250244140625,2.8637527703166006,1.584151059423387,-1.1744329250656067
1789757502316264400,5.197264404296875,2.794090036025643,1.5778028594404458,-1.1368302665758878
1789757502326278400,5.2072783203125,2.602918060350418,1.6568196975320577,-1.1853297282636166
1789757502336292600,5.217292724609375,2.569844642788172,1.7194173157423733,-1.3508480611138045
1789757502346307600,5.2273076171875,2.997446955013275,2.039084153905511,-1.3716842206545172
1789757502356321300,5.2373212890625,3.816104348310828,2.3481907273486256,-1.1569019445501267
1789757502366335500,5.24733544921875,4.781582534381747,2.3033146437898275,-0.6845443986669182
1789757502376349400,5.257349365234375,5.825069258284568,2.005491973166168,-0.0005186535792425274
1789757502386363400,5.26736328125,5.826207906925678,2.02811004768759,-0.15054222444929183
1789757502396378600,5.277378662109375,7.551343015792965,0.8707631358489394,1.3765443740367889
1789757502406392300,5.287392333984375,7.813558950984477,0.05515577777177095,1.9172157238200305
1789757502416406300,5.29740625,7.427429051354527,-0.7649711035564541,2.114635069452226
1789757502426420500,5.30742041015625,6.641723495066166,-0.9240314924389124,1.689326128861308
1789757502436435200,5.317435302734375,4.281902243417501,-0.8003644884988665,0.27451113394536075
1789757502446449200,5.32744921875,4.3057068973749875,-0.8919900482729077,0.320120354084298
1789757502457716200,5.33871630859375,4.337455788335204,-1.0114762593969702,0.3916428178325295
1789757502467730200,5.348730224609375,3.0069606332898138,-1.0954147717997431,-0.10281140904650092
1789757502477744400,5.358744384765625,1.9832669896155595,-1.0297989748120306,-0.4597462669175118
1789757502487758300,5.36875830078125,1.1503963620483875,-1.00025840755105,-0.606136705449596
1789757502497773300,5.378773193359375,0.40365503492653365,-1.1156605642318724,-0.5631183055214584
1789757502507787300,5.388787353515625,-0.25700199993550776,-1.2392775915503502,-0.420464203973487
1789757502517801200,5.39880126953125,-0.8138888637214898,-1.3417685364708303,-0.2319550908319652
1789757502527815400,5.4088154296875,-1.3580308122247458,-1.4831778255894779,-0.007666808300837874
1789757502537829400,5.418829345703125,-1.9642068998366593,-1.6847858550831674,0.22091449524909257
1789757502547844400,5.42884423828125,-2.529679221138358,-1.8428826596304773,0.3970941420409828
1789757502557858300,5.4388583984375,-3.036433396011591,-1.9092212179347872,0.4750984420891851
1789757502567872300,5.448872314453125,-3.462204985678196,-1.9734718640491364,0.4563116893589496
1789757502577886500,5.458886474609375,-3.729868664881587,-2.0314742634236813,0.3622250001683831
1789757502587901400,5.4689013671875,-3.8019104032635687,-2.020297328110039,0.17158910413123665
1789757502597915400,5.478915283203125,-3.7540158486664295,-2.020351396384835,-0.07255546005778014
1789757502607929300,5.488929443359375,-3.5669624142259355,-2.002070474284887,-0.39398485091403124
1789757502617943300,5.498943359375,-3.305271379691362,-1.9979744371429085,-0.7235822775915265
1789757502627958300,5.508958251953125,-3.0788404591083527,-2.0699024860173463,-0.9787702138423919
1789757502637972500,5.518972412109375,-2.9041023163616657,-2.132960122954845,-1.1519747172810137
1789757502647986400,5.528986328125,-2.7223072408407925,-2.18484550075382,-1.1316500874590127
1789757502658000100,5.539000244140625,-2.6088889514535665,-2.239768346552551,-1.0101650306679308
1789757502668015400,5.549015380859375,-2.5226900929033755,-2.2880928169995545,-0.8504157096732408
1789757502678029300,5.559029296875,-2.459950435873866,-2.298028812341392,-0.6122421096526086
1789757502688043300,5.569043212890625,-2.345397589498758,-2.2766791503205894,-0.3209939951136708
1789757502698057500,5.579057373046875,-2.174430781984329,-2.1579899347931146,-0.05794862336069345
1789757502708072200,5.589072265625,-2.055494021436572,-2.027934691120684,0.130086953984946
1789757502718086100,5.599086181640625,-2.001322286266088,-1.9267451841875909,0.27574907824248074
1789757502728100400,5.609100341796875,-1.9104536823391913,-1.7799065634965896,0.3178046975530684
1789757502738114300,5.6191142578125,-1.9062626603901385,-1.6561565574482082,0.2699297244392335
1789757502748128500,5.62912841796875,-1.9377508545875548,-1.5575675884023308,0.2177498937383294
1789757502758143200,5.639143310546875,-1.9381559282571077,-1.4456363227024673,0.1854623658567667
1789757502768157200,5.6491572265625,-1.9862696785628795,-1.3579048477575182,0.043352819514274596
1789757502778171400,5.65917138671875,-1.956023593381047,-1.2656348526000976,-0.06494198937937617
1789757502789437200,5.670437255859375,-1.804452975732088,-1.1605530144035816,-0.1544743762664497
1789757502799451400,5.680451416015625,-1.659062508022785,-1.047864792856574,-0.23619959653392433
1789757502809466400,5.69046630859375,-1.4554945766329765,-0.9584832126170396,-0.24801848301291465
1789757502819480300,5.700480224609375,-1.1923083351045847,-0.8632821324437856,-0.171962832814455
1789757502829494300,5.710494384765625,-0.9025754474341868,-0.8040665578871965,0.005493190588802099
1789757502839508200,5.72050830078125,-0.6348673445671796,-0.7956696086809039,0.17420768913179635
1789757502849523200,5.730523193359375,-0.3954512702047825,-0.7804565497189759,0.294326791331917
1789757502859537400,5.740537353515625,-0.13973346486091612,-0.7640151180058717,0.4448408856652677
1789757502869551400,5.75055126953125,0.06655132427215575,-0.7365653855443001,0.5893555934533476
1789757502879565300,5.7605654296875,0.1284983696192503,-0.5943541323930025,0.60024289817065
1789757502889580300,5.770580322265625,0.2826017206162214,-0.3869049756556749,0.5101534619227052
1789757502899594200,5.78059423828125,0.4044961619257927,-0.08723784620910882,0.3708290162540972
1789757502909608400,5.7906083984375,0.5682791954159736,0.30145664321184157,0.26372707040682436
1789757502919622400,5.800622314453125,1.263623512777686,0.6441603658303618,0.4658504290115088
1789757502929636400,5.81063623046875,2.2301859869539737,0.6716749802216887,1.0778666940189898
1789757502939651300,5.8206513671875,3.151494776430726,0.29510172122716904,1.843194063667208
1789757502949665300,5.830665283203125,4.057039010542631,-0.1430062029212713,2.5712264525353907
1789757502959679500,5.840679443359375,4.938114573830366,-0.8216773256406188,3.047377983874082
1789757502969693200,5.850693115234375,5.621027279642224,-1.452582196317613,3.0471298543319105
1789757502979708200,5.860708251953125,5.816210244524479,-1.7715879402235148,2.6487010296210647
1789757502989722400,5.870722412109375,5.501462742584944,-1.8883730756953359,2.098672799558192
1789757502999736300,5.880736328125,4.7457899209886785,-1.9018261392474174,1.4955850333504377
1789757503009750300,5.890750244140625,3.6749925808340307,-1.709106349608302,0.9322978740680963
1789757503019765500,5.900765625,2.667635739454627,-1.2799191062793134,0.5170614877454937
1789757503029779200,5.910779296875,1.8771955558598041,-0.723689537358284,0.28023780449647456
1789757503039793200,5.920793212890625,1.2780080119609831,-0.2623521287918091,0.3327811712801456
1789757503049807400,5.930807373046875,0.790318603041768,0.09978782344162464,0.6438676664941012
1789757503059822300,5.940822265625,0.3175707426667213,0.33802871654480693,1.111510531880334
1789757503069836300,5.950836181640625,0.009677928927540779,0.33092326845377684,1.713741754323989
1789757503079850200,5.960850341796875,-0.07108370700478553,0.22910803083777426,2.2309411892354487
1789757503089864200,5.9708642578125,-0.10780804829001427,0.12975246133357285,2.602311618889868
1789757503099878400,5.98087841796875,-0.15794190624654292,-0.046163200759887696,2.9181588987648484
1789757503109893400,5.990893310546875,-0.3257821061730385,-0.30497166559547184,3.106722737768292
1789757503119907300,6.0009072265625,-0.523790649870038,-0.45273938383013007,3.001732084986567
1789757503129921300,6.01092138671875,-0.6813081932246685,-0.44693566598743195,2.5730045681238174
1789757503139935200,6.020935302734375,-0.8888596412926911,-0.371740432010591,1.9599067184247074
1789757503149950200,6.0309501953125,-1.0508908626794815,-0.2840247391566634,1.3960313109256326
1789757503159964400,6.04096435546875,-1.1345248391777276,-0.22391981454491613,0.9683537415072321
1789757503169978400,6.050978271484375,-1.212455051076412,-0.14916238746345042,0.6868965147510171
1789757503179992300,6.060992431640625,-1.228378596395254,-0.12779255943745374,0.5553242175791412
1789757503190007300,6.07100732421875,-1.1943576688498259,-0.16412468653470277,0.5748213836010545
1789757503200021200,6.081021240234375,-1.2762953628242015,-0.2306818560257554,0.6871819075636565
1789757503210035200,6.09103515625,-1.4359581015139817,-0.25091274314969775,0.8010542243286967
1789757503220049400,6.10104931640625,-1.6411597715854644,-0.26357144145369527,0.8779665644217282
1789757503230063000,6.11106298828125,-1.8443688065350055,-0.177983116017282,0.8243519516773521
1789757503240078300,6.121078369140625,-2.032583685970306,-0.068309566116333,0.7002577353011816
1789757503250092300,6.13109228515625,-2.1774702958106995,0.06669803926646709,0.6437894866913557
1789757503260106200,6.141106201171875,-2.280318675866723,0.17773381743133068,0.5514337129466236
1789757503270120400,6.151120361328125,-2.2917554311603308,0.2573965522110462,0.38820557339284567
1789757503280135400,6.161135498046875,-2.1472803247302767,0.3339204044431448,0.17034741524076089
1789757503290149000,6.171149169921875,-1.9374515793800353,0.3336310661077499,-0.0438512614225503
1789757503300163300,6.181163330078125,-1.7419518036335706,0.3238733499422669,-0.3211038852289319
1789757503310177300,6.19117724609375,-1.424157773604989,0.3413192825227976,-0.5474933778230101
1789757503320192300,6.201192138671875,-1.0878010819256305,0.3841925018265843,-0.725722212229669
1789757503330206500,6.21120654296875,-0.8010048322290182,0.42757337839156384,-0.9626229427702724
1789757503340220200,6.22122021484375,-0.5180956530988217,0.5070183787673711,-1.1095233766511081
1789757503350234400,6.231234375,-0.27378128530085083,0.5339660069257021,-1.1952134819615632
1789757503360249300,6.241249267578125,-0.05024140998423099,0.48758390271812674,-1.180201717725396
1789757503370263300,6.25126318359375,0.13113280977606773,0.42426732258349653,-1.0644983861409127
1789757503380277500,6.261277587890625,0.2771820336550474,0.3235363730728626,-0.8943702214077115
1789757503390291200,6.271291259765625,0.3585240998238325,0.18303396966606378,-0.6826068547330796
1789757503400305200,6.28130517578125,0.38119419679343697,0.060276774047315115,-0.4515677097022533
1789757503410320400,6.2913203125,0.4390302996903658,-0.11359306143224239,-0.204393239765428
1789757503420334300,6.301334228515625,0.42404432748258114,-0.28958938754647967,-0.03272781899496913
1789757503430348300,6.311348388671875,0.4210404694914818,-0.4000499961718917,0.03153395130159333
1789757503440362200,6.3213623046875,0.5190209512501954,-0.5092886617869138,-0.013697156239952891
1789757503450377200,6.331377197265625,0.7193740122467279,-0.576478868484497,-0.1520575974483043
1789757503460391200,6.34139111328125,1.1478174514710902,-0.6623170770287513,-0.22375667813876643
1789757503470405400,6.3514052734375,1.794605535456538,-0.8111220293566584,-0.10672992506395093
1789757503480419300,6.36141943359375,2.4477146391570566,-1.0959320736721156,0.18071137193739414
1789757503490434300,6.371434326171875,3.117956663966179,-1.5051704616889356,0.7028711326699704
1789757503500448300,6.3814482421875,3.6446494650185106,-1.9321321379229426,1.277960081166029
1789757503510462200,6.391462158203125,3.8765181927412744,-2.2427865253299473,1.7458024877123535
1789757503520476400,6.401476318359375,3.9428585046112534,-2.44226280349195,2.0283251517429948
1789757503530491400,6.411491455078125,3.703392745888233,-2.5190906071066856,2.0394132397294045
1789757503540505300,6.42150537109375,3.2585131356477737,-2.428623277457058,1.870023910664767
1789757503550519300,6.431519287109375,2.740283042514324,-2.330461593912542,1.7130892817646264
1789757503560533200,6.441533203125,2.2251526689618824,-2.3023750248521564,1.5774122526876628
1789757503570547500,6.45154736328125,1.7936001578062772,-2.3442764765143393,1.4917076073952018
1789757503580562400,6.4615625,1.3034382212936877,-2.344713114365935,1.3802110798507927
1789757503590576400,6.471576416015625,0.7752911297798156,-2.3395427259907127,1.1538013481862843
1789757503600590300,6.48159033203125,0.3042436435818672,-2.364144960066676,0.8625301450327039
1789757503610604300,6.491604248046875,-0.2323006893992424,-2.2872011288568377,0.5530621178660542
1789757503620619300,6.501619384765625,-0.7752069586277007,-2.170721406072378,0.20081123482650146
1789757503630633500,6.511633544921875,-1.1634329537540673,-2.062832986022532,-0.09718049048744141
1789757503640647400,6.5216474609375,-1.517682444998622,-1.9048191835835575,-0.3898124606002122
1789757503650661000,6.5316611328125,-1.7337211509048938,-1.819568711799383,-0.5503922045370564
1789757503660676400,6.54167626953125,-1.8016577920556067,-1.7453756406024097,-0.6267839913547039
1789757503670690300,6.551690185546875,-1.649957410547137,-1.7081062326550482,-0.6431065459284931
1789757503680704300,6.561704345703125,-1.412439863282442,-1.6790227615118025,-0.5899289728945121
1789757503690718500,6.571718505859375,-1.1404483840078115,-1.7379513358205556,-0.44718036146350204
1789757503700733200,6.581733154296875,-0.7980021432816982,-1.799286971271038,-0.2885892340606078
1789757503710747100,6.5917470703125,-0.5432827013254166,-1.8533727817237375,-0.1462046336364001
1789757503720761300,6.60176123046875,-0.43019115967452526,-1.9098212296545505,-0.04978101679771207
1789757503730775300,6.611775390625,-0.2615478266716003,-1.9379016612350939,0.019680472999834456
1789757503740789500,6.62178955078125,-0.05896189205646515,-1.8967504434183238,0.06396960068326443
1789757503750804200,6.63180419921875,0.16355623899698257,-1.863526803730428,0.08248928170884028
1789757503760818200,6.641818115234375,0.41039574135839935,-1.83419637208879,0.08294060567291453
1789757503770832400,6.651832275390625,0.688179832559824,-1.8085533967882395,0.11341211537476628
1789757503780846300,6.661846435546875,0.8956137917280197,-1.8481956713467835,0.18698097199248148
1789757503790861300,6.671861328125,0.9578846622020005,-1.9310197927668689,0.2615329944286495
1789757503800875300,6.681875244140625,0.9981745870143175,-1.970839469718933,0.3049051396979019
1789757503810889200,6.69188916015625,1.0442378345310688,-1.9780562692299484,0.3415164855953306
1789757503820903400,6.7019033203125,1.1234861432909964,-1.9813404054671524,0.36941772468406703
1789757503830918400,6.71191845703125,1.0349158794343472,-1.8516221386641263,0.4158123961122706
1789757503840932400,6.721932373046875,0.8260901736468076,-1.63844466740787,0.39625100574772804
1789757503850946300,6.7319462890625,0.7333014153122901,-1.4995216421470046,0.3788164713440463
1789757503860960300,6.741960205078125,0.735832395094633,-1.3364680919751524,0.4176852773120627
1789757503870975200,6.751975341796875,0.7216109775185584,-1.1558517048448325,0.43686015257705
1789757503880989400,6.761989501953125,0.850595669350028,-1.1261173685774206,0.4301565998177975
1789757503891003400,6.77200341796875,0.9545990646600723,-1.1621943518698215,0.4501559066755697
1789757503901017000,6.78201708984375,1.1602712748527526,-1.2453814613834022,0.4635996909426525
1789757503911031300,6.79203125,1.3857880032002925,-1.3707155217528342,0.4648298172594979
1789757503921046300,6.80204638671875,1.5260194807112215,-1.4666538301594554,0.5072815962808206
1789757503931060200,6.812060302734375,1.4842898784846066,-1.5479546875350176,0.5171639252066612
1789757503941074400,6.822074462890625,1.316259708943963,-1.5746936413787305,0.5310490965656935
1789757503951088000,6.832088134765625,1.0377589939057827,-1.5196362094148992,0.5563740188930183
1789757503961103000,6.84210302734375,0.6321387963861227,-1.3573206181287765,0.5261394049532712
1789757503971117300,6.852117431640625,0.2358861466705799,-1.127906882342696,0.4879402053425088
1789757503981131300,6.86213134765625,-0.05751403133571147,-0.9153633250758051,0.5380767301801592
1789757503991145500,6.8721455078125,-0.20700024392604827,-0.6911383901044726,0.5818291434712708
1789757504001160400,6.882160400390625,-0.26884149081110953,-0.5551715843006968,0.522201261786744
1789757504011174100,6.892174072265625,-0.1683247685730457,-0.5780626305446028,0.47859720745775847
1789757504021188400,6.902188232421875,-0.03533960892856121,-0.6691583212256431,0.4446751371769234
1789757504031202300,6.912202392578125,0.20503917298614976,-0.7591139019608497,0.40820360160898417
1789757504041216300,6.92221630859375,0.37470951094925403,-0.8737322147876023,0.3589198942083865
1789757504051231500,6.9322314453125,0.6160451551973819,-0.9408452645957469,0.35482013073936103
1789757504061245200,6.9422451171875,0.8484533966243266,-0.8500880120888352,0.37176845252867785
1789757504071259100,6.952259033203125,0.9989221905112265,-0.7819400662750006,0.39852760891020295
1789757504081273300,6.9622734375,1.0835586220502853,-0.7919652012050151,0.5254093371130526
1789757504091288300,6.972288330078125,1.0582225207418203,-0.775570238982141,0.696688863838464
1789757504101302300,6.98230224609375,1.023838020581007,-0.7931020962804556,0.8563847010802477
1789757504111316200,6.992316162109375,1.0145078821778297,-0.8663628550633787,0.9565391658771782
1789757504121330200,7.002330078125,1.0387684632092713,-0.926430662535131,1.013213166192174
1789757504131345200,7.01234521484375,1.0450707782238722,-1.0371031603455543,1.128273523698002
1789757504141359400,7.022359375,0.9131260675430297,-1.0858835578665136,1.2530316838756204
1789757504151373300,7.032373291015625,0.7088876895457505,-1.1391676965475082,1.3051435639068483
1789757504161387300,7.04238720703125,0.40723932315409184,-1.1313716358438133,1.325771049132943
1789757504171402200,7.05240234375,0.03470189554691314,-1.0507698666483163,1.2574779957599937
1789757504181416200,7.062416259765625,-0.2974555908769369,-0.9816454770177602,1.1354304827805608
1789757504191430400,7.072430419921875,-0.5489560707867145,-0.8259674240499735,1.0439686622008681
1789757504201444400,7.0824443359375,-0.7078583464980125,-0.6970137118786573,0.9554877571281045
1789757504211458300,7.092458251953125,-0.7604553796976804,-0.6801292125731706,0.9201000712741165
1789757504221473300,7.102473388671875,-0.7400023742556572,-0.6742784407183527,0.93241426698938
1789757504231487200,7.1124873046875,-0.7507143224060535,-0.7327481653437018,0.9130811324227601
1789757504241501400,7.12250146484375,-0.772573102992773,-0.7632143230170011,0.8136761708188801
1789757504251515400,7.132515380859375,-0.7297445996135473,-0.8214189669653773,0.7139759525954723
1789757504261530400,7.1425302734375,-0.7037520802229642,-0.8129924994036555,0.547409133605659
1789757504271544300,7.15254443359375,-0.7372808403372764,-0.7337400989905,0.37896285754479464
1789757504281558300,7.162558349609375,-0.6658265464544296,-0.6785498344272375,0.16651691543348132
1789757504291572200,7.172572265625,-0.5165478391349315,-0.6111646896794438,-0.12501074669919907
1789757504301587500,7.18258740234375,-0.17018822435736655,-0.5779097780704497,-0.41095118328407404
1789757504311601400,7.192601318359375,0.23565759861171245,-0.5255883469417691,-0.6337679319579154
1789757504321615000,7.202614990234375,0.5663602100521326,-0.5310068648591637,-0.7735561957459897
1789757504331629300,7.21262939453125,0.8250929793030023,-0.5633005302205681,-0.8982086305268109
1789757504341643300,7.222643310546875,0.996331004974246,-0.5206593661069869,-1.0910231127120553
1789757504351658200,7.232658203125,1.0969003341823815,-0.4667261158674955,-1.2175075852256267
1789757504361672400,7.24267236328125,1.1669839242339133,-0.3669435531228781,-1.226444705723226
1789757504371686100,7.25268603515625,1.182570784944296,-0.2619175367668271,-1.1473493225026874
1789757504381700400,7.262700439453125,1.169649928572774,-0.17370616935044525,-0.9987152697622775
1789757504391715300,7.27271533203125,1.1824766769200563,-0.12353168712258338,-0.8625866244602948
1789757504401729300,7.282729248046875,1.1900275306910275,-0.088069328597188,-0.7934011522922665
1789757504411743500,7.292743408203125,1.2187526899158954,-0.08400777824670076,-0.834794435236603
1789757504421757200,7.302757080078125,1.2148691264808178,-0.0731634358882904,-0.9724121500525623
1789757504431772200,7.312772216796875,1.1658481982022524,-0.06175093825310468,-1.110382404633239
1789757504441786400,7.322786376953125,1.1086959859162568,-0.0651812049627304,-1.198322188566625
1789757504451800600,7.332800537109375,1.0555997710227967,-0.0451674677208066,-1.202300152286887
1789757504461814500,7.342814453125,0.997015480107069,-0.05043664029538631,-1.0588104036323727
1789757504471829800,7.352829833984375,0.8482827162325381,-0.03796995743215084,-0.7600809203621
1789757504481843700,7.36284375,0.5126432329118251,-0.045509413026273246,-0.5174564053472132
1789757504491857400,7.372857421875,0.1052010806620121,-0.11733750865757464,-0.45189847602657973
1789757504501871600,7.38287158203125,-0.3794558286935091,-0.11746113503724336,-0.5390723901540041
1789757504511885600,7.392885498046875,-0.8911188183963298,-0.010754618248343468,-0.680706720200181
1789757504521900500,7.402900634765625,-1.2419430113673209,0.17970307167768476,-0.581142330250889
1789757504531914800,7.412914794921875,-1.5287521205455064,0.5797942766427994,-0.17844094278737901
1789757504541928400,7.422928466796875,-1.790023468363285,1.070030447435379,0.18081147131100295
1789757504551942700,7.432942626953125,-1.824076544612646,1.3993021492898463,0.3886560571067035
1789757504561957600,7.44295751953125,-1.737219514414668,1.7658797917097806,0.42948710305839777
1789757504571971600,7.4529716796875,-1.3604589161545038,2.123652196383476,0.1986671537362039
1789757504581985800,7.46298583984375,-0.831951174634695,2.232185051816702,0.049786213562637564
1789757504591999500,7.47299951171875,-0.33771745863854885,2.1402090711697936,-0.024734336023032665
1789757504602014500,7.483014404296875,-0.057138183760643,1.9607395159870384,-0.06701338882595301
1789757504612028700,7.493028564453125,-0.06416647496223449,1.7850930262237785,-0.12029752750694751
1789757504622042600,7.503042724609375,-0.12544482726752756,1.7375325258865952,-0.38485052734389896
1789757504632056600,7.513056640625,-0.0218330616235733,1.7385346886664628,-0.7174649637550116
1789757504642071600,7.523071533203125,0.05580255124270916,1.8453472961783408,-0.9602955227360129
1789757504652085500,7.53308544921875,0.08420973055958747,1.9307149646013975,-1.1389509850569068
1789757504662099700,7.543099609375,0.28674422724843024,1.8940183881059287,-1.1106897900819779
1789757504672113700,7.55311376953125,0.45462943536043166,1.7652455854594706,-0.8456066288910805
1789757504682127400,7.56312744140625,0.5764513959556817,1.5828426071733235,-0.4768883211806416
1789757504692142600,7.573142578125,0.6665086834996938,1.491221431313455,-0.19975275701582432
1789757504702156500,7.583156494140625,0.4364613259851932,1.421520703099668,-0.05583879159986972
1789757504712170500,7.59317041015625,0.09489712879061699,1.2496671758785842,-0.08684972367435694
1789757504722184700,7.603184814453125,-0.11563012021780013,1.0856719609424472,-0.28811200847029683
1789757504732199700,7.61319970703125,-0.15640286011099813,1.0600734093055129,-0.6052060735359788
1789757504742213400,7.62321337890625,-0.10831775137782096,0.9256351282432674,-0.8437083940543234
1789757504752227600,7.6332275390625,0.052422261154651636,0.6804580061361193,-0.8219609648875892
1789757504762241500,7.643241455078125,0.3454448380202055,0.5784095442861318,-0.6782504130892455
1789757504772256500,7.653256591796875,0.49052317104041576,0.6211743347793817,-0.45209334101155396
1789757504782270700,7.663270751953125,0.30913901440799235,0.647565498098731,-0.2082683641657233
1789757504792284400,7.673284423828125,0.0672732088059187,0.6358753525659442,-0.09761749366521835
1789757504802298600,7.683298583984375,-0.25346798059046266,0.6468550117418169,-0.12687851333245634
1789757504812313600,7.693313720703125,-0.629292174783349,0.5246396679148078,-0.12449687889292835
1789757504822327600,7.70332763671875,-1.1692875250011683,0.5146729851737618,-0.1631548185892403
1789757504832341800,7.713341796875,-1.220866321069002,0.5424038726642727,-0.08116700186282395
1789757504842355500,7.72335546875,-0.9969950218409299,0.568278318633139,0.21856091786026954
1789757504852369700,7.73336962890625,-0.8319973518639803,0.6867655818477273,0.604690086837858
1789757504862384600,7.743384521484375,-0.5168114585071801,0.710721919235587,1.1242669184051453
1789757504872398600,7.753398681640625,-0.5520639736741781,0.7946414346769451,1.5038912355333567
1789757504882412800,7.763412841796875,-0.5096820450186729,0.7024991575524211,1.6061460336104034
1789757504892426500,7.773426513671875,-0.45662382404804225,0.5677434811040759,1.4198919328540562
1789757504902441500,7.78344140625,-0.7090186224490403,0.44810324846208094,1.1044992648787795
1789757504912455700,7.79345556640625,-0.9528045824587345,0.308591317397356,0.8555986652690917
1789757504922469600,7.8034697265625,-1.2934756302058696,0.22353549140244722,0.6671716774530708
1789757504932483600,7.813483642578125,-1.4458669165879487,0.2113008637294173,0.4376493667259812
1789757504942498600,7.82349853515625,-1.2147341019243,0.30099954709410665,0.2855147585187107
1789757504952512500,7.833512451171875,-1.1713310135275126,0.4325982208162546,0.18945991106033325
1789757504962526500,7.8435263671875,-0.8941302751719951,0.2902010897040367,0.3132446961611509
1789757504972540700,7.853540771484375,-0.6565186198830604,0.2709665201410651,0.5058532805107534
1789757504982555600,7.8635556640625,-0.4264700933247804,0.21016630674153566,0.5787683676611631
1789757504992569600,7.873569580078125,-0.06284253288209438,-0.0885547740265727,0.5096626096658409
1789757505002583600,7.88358349609375,0.2406178513675928,-0.5753808441147208,0.42397254088800396
1789757505012597500,7.893597412109375,0.6243260768085718,-1.013457204081118,0.4349302439603954
1789757505022611700,7.90361181640625,0.22276538381278513,-0.433798536516726,0.2758244450336322
1789757505032626700,7.913626708984375,13.24331371718645,-4.760099309109151,3.61545464245528
1789757505042640600,7.923640625,35.201942333102224,-1.4408578562542795,-7.997634246397018
1789757505052654600,7.933654541015625,-0.3652770812153816,2.9158406849503518,-5.303258384054899
1789757505062668500,7.94366845703125,-0.5069844764977693,-0.47237025923430914,-1.983679954330623
1789757505072683500,7.95368359375,-2.417052958911657,-2.8109394640177485,3.563653143547475
1789757505082697700,7.96369775390625,-4.002809407705068,-3.214813110131025,3.52513139745146
1789757505092711700,7.973711669921875,-3.848143746650219,-3.064748805391788,3.932909649787843
1789757505102725600,7.9837255859375,-4.216794688212872,-2.5006875199317933,4.030969042001664
1789757505112740600,7.99374072265625,-3.358175871405005,-1.7028747617423534,4.2326352314233775
1789757505122754600,8.003754638671875,-3.538033841383457,-0.4646048859298229,4.433056681481004
1789757505132768500,8.0137685546875,-4.351479052990674,1.0172738397598267,4.22966527570188
1789757505142782700,8.02378271484375,-4.548500923737883,2.479825933688879,3.662310793915391
1789757505152797700,8.033797607421874,-5.188039182725548,3.765944771391153,2.503587333026528
1789757505162811400,8.043811279296875,-3.9467023205578324,4.159465365794301,1.3478051862865685
1789757505172825600,8.05382568359375,-2.151588835579157,3.269404532018304,0.7403940039217471
1789757505182839600,8.063839599609375,-0.48579672704041,2.5134055472075936,0.11533318309783935
1789757505192853800,8.073853759765624,0.20324995148181915,2.378930441266298,-0.2549006437420845
1789757505202868700,8.08386865234375,-0.7008534361720085,1.5998013407588003,-0.3205322228208184
1789757505212882400,8.09388232421875,-1.25018827714324,0.8639028946906327,0.04331511785238981
1789757505222896600,8.103896728515625,-3.074280019325018,0.6985907519370317,0.3834714940756559
1789757505232910600,8.11391064453125,-6.490024282601476,0.32738165032416583,0.9096171826392412
1789757505242925600,8.123925537109375,-5.577678551781177,0.4315808604672551,1.2469088170811533
1789757505252939800,8.133939697265625,-1.6006588343709707,-0.3192763775408268,1.713513060134649
1789757505262953500,8.143953369140625,1.6109616171985863,-2.3015818286478518,2.2039310172349214
1789757505272967700,8.1539677734375,1.3082640340149403,-3.2973078534662723,3.0198782747909423
1789757505282982700,8.163982666015626,0.7702285856932402,-1.689986346335709,3.0999633266359568
1789757505292996600,8.17399658203125,0.1751490616351366,0.3827642225891352,2.3726705040886995
1789757505303010800,8.1840107421875,0.97644264767766,0.37729514352828264,1.6897782565429806
1789757505313024500,8.1940244140625,2.0485715286970136,-0.8885171114653349,1.2041644848540425
1789757505323039500,8.20403955078125,2.7709616738945244,-1.1476964554399252,0.728905810701847
1789757505333053700,8.2140537109375,2.6800609212636948,-0.5699731398522854,0.05926145952492952
1789757505343067600,8.224067626953126,0.6889560776293278,-0.11887947740256785,-0.11862579490244388
1789757505353081600,8.23408154296875,-1.055751746714115,0.11308832678049802,0.2626651402637362
1789757505363095600,8.244095458984376,-0.3101391313612461,-0.056872810822725293,0.7802218641802668
1789757505373110500,8.254110595703125,0.5520797557651996,0.12713234196305273,0.028448972631990907
1789757505383124500,8.26412451171875,0.8093763547331094,-0.19222294603288173,-0.5024281283676624
1789757505393138700,8.274138671875,2.138986543637514,-1.1430647039860486,-0.645021658834815
1789757505403152600,8.284152587890626,3.461702296853065,-1.5373136126637459,-1.2352426369458436
1789757505413167400,8.29416748046875,4.113824143081903,-2.163123206028342,-1.5372816100902855
1789757505423181600,8.304181640625,3.9671728616565463,-2.973899782948196,-1.3722225653149187
1789757505433195500,8.314195556640625,3.8992584323376414,-3.549932076708972,-1.0959437641099095
1789757505443209700,8.324209716796876,4.054910181820392,-3.5804902965798973,-0.9720435359358787
1789757505453224400,8.334224365234375,3.5143490144133565,-3.442345562215149,-0.9428368768043816
1789757505463238100,8.344238037109376,2.563372231903672,-3.6146474177256223,-0.7067211591616273
1789757505473252400,8.35425244140625,1.6733663431853054,-3.6172973477125168,-0.6320230610519647
1789757505483266300,8.364266357421876,0.872597073277831,-3.2722251423969864,-0.7247286711476743
1789757505493281300,8.37428125,0.3223135532796383,-2.9647993616476653,-0.969278016745299
1789757505503295200,8.384295166015624,0.2619184135496616,-2.7672531747654077,-1.255514440602064
1789757505513309200,8.39430908203125,0.06493629029095173,-2.2962445592731235,-1.3872640671022236
1789757505523323400,8.404323486328124,-0.3978010482013225,-1.8618197075515985,-1.3581585302576422
1789757505533338400,8.41433837890625,-0.7322621353924273,-1.6339064394563436,-1.1239888321161269
1789757505543352300,8.424352294921874,-0.849127934885025,-1.2287880539789795,-0.7182784720949829
1789757505553366300,8.4343662109375,-1.3781295974016188,-0.514058944928646,-0.3778011933542788
1789757505563380200,8.444380126953124,-2.0180553944021464,0.2407441080957651,0.049952217779308555
1789757505573394200,8.454394287109375,-2.178697791779041,0.8642714357420802,0.5433651189118623
1789757505583409400,8.464409423828124,-2.0306816517412662,0.8103001915797591,0.7814275867082178
1789757505593423400,8.47442333984375,-1.4063906462460756,0.7231263505175709,0.7788008914664387
1789757505603437300,8.484437255859374,-0.5867278752982616,0.6923471813723444,0.46823659349568186
1789757505613451300,8.494451171875,0.024455226820707318,0.45636371180713176,-0.003503624206781387
1789757505623466200,8.50446630859375,0.2464204001665115,-0.07718962266445159,-0.6835858558330684
1789757505633480200,8.514480224609375,0.5761988824993372,0.3768640586346388,-0.9718225866615772
1789757505643494400,8.524494384765624,-0.02495850016772747,0.833161427207291,-1.5053949180945754
1789757505653508000,8.534508056640625,0.43226855047047136,0.30808599822372196,-1.5702321319252253
1789757505663523000,8.544523193359375,0.9727461312472819,0.5044102420955896,-1.6921879480332136
1789757505673537300,8.554537353515625,0.6025502983301878,1.2470759903416038,-2.140118762537837
1789757505683551200,8.56455126953125,0.2331879936277866,1.536479792188108,-2.1145093972459432
1789757505693565400,8.5745654296875,0.24659283412396907,1.4674524331912397,-1.9240430856220423
1789757505703580400,8.584580322265625,-0.2620586988031864,1.6457152429327369,-1.8530901653900742
1789757505713594000,8.594593994140626,-0.6751385646790266,1.7334847118005154,-1.70646679488495
1789757505723608300,8.6046083984375,-0.6803741272449493,1.830900545413792,-1.6344800015605985
1789757505733622300,8.614622314453126,-1.5936486633479594,2.4341230439171193,-2.0152549500286576
1789757505743636500,8.624636474609375,-2.0424404785960912,2.300445518094301,-1.7700129459917544
1789757505753651500,8.6346513671875,-2.430001872333884,2.009832924979925,-1.3155644201561807
1789757505763665200,8.6446650390625,-2.9297955605447292,2.251260339164734,-1.3336118257611989
1789757505773679400,8.654679443359376,-2.9684149217963216,2.9424253250151873,-0.940296325476095
1789757505783693300,8.664693359375,-2.8018670997679234,2.7625276075482366,-0.7041090769670904
1789757505793708300,8.674708251953126,-1.8340221845656632,2.419202245900035,-0.4928516139879822
1789757505803722500,8.684722412109375,-1.137472583067417,2.655723767864704,-0.3832102858562022
1789757505813736200,8.694736083984376,-1.187736204883456,2.5513237744525075,-0.25117102875970304
1789757505823750100,8.704750244140625,-0.9899971257776021,1.7557941587641834,0.1535161804924719
1789757505833765400,8.714765380859374,-1.0146002366364002,1.3138874268546699,0.38240664132311936
1789757505843779300,8.724779296875,-1.3671674738824366,0.9394181544020771,0.32990181645154953
1789757505853793300,8.734793212890626,-1.4692062911212442,0.647108694241941,0.15880506241451947
1789757505863807200,8.74480712890625,-1.7385720980674026,0.5568652364760637,-0.296758329327777
1789757505873822200,8.754822265625,-1.554553501278162,0.141774030777812,-0.8462074443284422
1789757505883836200,8.764836181640625,-1.3442244051903485,-0.030469957065582275,-1.5289681013837455
1789757505893850400,8.774850341796874,-1.517234701231122,0.016882161217927932,-2.067240281070769
1789757505903864300,8.7848642578125,-1.5657658001661299,-0.05783610289692878,-2.2362731979131696
1789757505913879300,8.79487939453125,-1.8226608325958251,-0.034191607937216754,-2.2803584233552217
1789757505923893200,8.804893310546875,-2.118698957890272,-0.055605567365884775,-2.0703534446552396
1789757505933907200,8.8149072265625,-2.32178290515542,0.016320435681939124,-1.7488059073120354
1789757505943921400,8.82492138671875,-2.6429490419656037,0.2052992852270603,-1.41810358813256
1789757505953935400,8.834935302734374,-2.850380078524351,0.396200042745471,-0.9778058988548815
1789757505963950300,8.844950439453125,-2.8389725493252276,0.5316127217978239,-0.5423743177762255
1789757505973964300,8.85496435546875,-2.786701094818115,0.7350064656645059,-0.23838274925928563
1789757505983978200,8.864978271484375,-2.762197352680564,0.9398124144166707,0.03327332404851913
1789757505993992400,8.874992431640624,-2.703695479351282,0.9347609762459993,0.38923360126633194
1789757506004007400,8.88500732421875,-2.380793897050619,0.8284481349498033,0.5715088980522006
1789757506014021400,8.895021484375,-1.8482354188352823,0.6348527315199375,0.5858093722138553
1789757506024035300,8.905035400390625,-1.3753303220719097,0.3757429456502199,0.521904251601547
1789757506034049300,8.91504931640625,-1.0513415290564299,0.1993584970012307,0.422229642743431
1789757506044064300,8.925064208984375,-0.6806067669570446,0.1604018666192889,0.3562950621301308
1789757506054078500,8.935078369140625,-0.46376551249623293,0.3475309966444969,0.19329923349488526
1789757506064092400,8.945092529296875,-0.6352122124820947,0.36319209163486954,0.11020341899394988
1789757506074106000,8.955106201171875,-0.8810837465941905,0.2605883339896798,0.2166123776083812
1789757506084121300,8.965121337890626,-1.170410391551256,0.2853539419338107,0.3341580856565386
1789757506094135300,8.97513525390625,-1.5406144077748058,0.4073053741276264,0.2934742661558091
1789757506104149200,8.985149169921876,-1.829927024206519,0.41153848165273665,0.23446663526147601
1789757506114163500,8.99516357421875,-2.037037742769718,0.39283319666087624,0.14593443839289247
1789757506124178400,9.005178466796876,-2.0555226630091665,0.4366106713280081,-0.0780206666611135
1789757506134192000,9.015192138671875,-2.0024860693484543,0.556691341213882,-0.36019254449270666
1789757506144206300,9.025206298828126,-2.1411323234945536,0.7066635837554931,-0.5947078412014991
1789757506154220300,9.03522021484375,-2.2163439240843057,0.6946364613533019,-0.7373707105778158
1789757506164235300,9.0452353515625,-2.2839830435931683,0.657864189273119,-0.8444406538516283
1789757506174249500,9.05524951171875,-2.5252520523458717,0.6668073741853237,-0.8632887813802808
1789757506184263200,9.06526318359375,-2.6984704381793736,0.7532751128047704,-0.8860497715037315
1789757506194277400,9.07527734375,-2.676653158646822,1.0105755111649632,-0.9849316590815782
1789757506204291300,9.085291259765626,-2.467311320030689,1.2061772859811781,-1.2232122996732593
1789757506214306300,9.095306396484375,-2.161801602035761,1.2408540470868348,-1.4172522320002316
1789757506224320500,9.105320556640624,-1.6957593767791985,1.15945586681664,-1.549192412636429
1789757506234334200,9.115334228515625,-1.3033172252625227,1.1814990640595555,-1.6259320995762943
1789757506244348200,9.12534814453125,-1.041906176713109,1.2642901599928735,-1.6158292232349514
1789757506254363400,9.13536328125,-0.4067547545075416,1.2334639368355274,-1.3787602965205907
1789757506264377300,9.14537744140625,0.09116378748118877,1.2613254649683832,-1.1049907016575335
1789757506274391300,9.155391357421875,0.17078502120673655,1.281928400275111,-0.8600715728994458
1789757506284405200,9.1654052734375,0.202023040035367,1.2206070856109261,-0.6670780078202486
1789757506294420200,9.175420166015625,0.4818991350799799,1.1763906350046396,-0.6151910956513136
1789757506304434200,9.18543408203125,0.5799076738893986,1.1385381664723158,-0.6048231021003797
1789757506314448400,9.195448486328125,0.6198457165241241,1.1135551163852213,-0.5526048390852287
1789757506324462300,9.20546240234375,0.7198579963713884,1.1449091628089547,-0.5028274298835546
1789757506334477300,9.215477294921875,0.5374117634654044,1.1847165648013354,-0.42303814611472185
1789757506344491300,9.2254912109375,0.3737701842725277,1.139705164425075,-0.09948464837712236
1789757506354505200,9.235505126953125,0.48465749387741086,1.1582166804105043,0.10944472784744574
1789757506364519400,9.24551953125,0.7699345711827278,1.131795706474781,0.19631832558773457
1789757506374534400,9.255534423828125,1.128169917193055,1.00974198295027,0.2520267322735861
1789757506384548000,9.265548095703124,1.3610966295361517,0.8885323090344667,0.19935334590207784
1789757506394562300,9.275562255859375,1.5250000745356083,0.8532134506329894,0.017070742592588065
1789757506404576300,9.285576171875,1.6195330461889506,0.925541020219028,-0.25569639722965654
1789757506414591200,9.29559130859375,1.691152175244689,1.052814816479385,-0.47037060984969137
1789757506424605400,9.30560546875,1.7306091563642023,1.2316527957603334,-0.5534131963260471
1789757506434619100,9.315619140625,1.3714385753303766,1.511094883301854,-0.500416167490743
1789757506444633300,9.32563330078125,0.8025181594014167,1.649696713784337,-0.3470909247267991
1789757506454648300,9.3356484375,0.5313946951329708,1.7097151291564106,-0.17717313307495786
1789757506464662300,9.345662353515625,0.7468868730723858,1.9024287813156842,-0.2343068963888101
1789757506474676200,9.35567626953125,1.6555027697145939,1.7918813711896537,-0.5168282269788905
1789757506484690200,9.365690185546875,2.175917221149802,1.4219488653838634,-0.7533306423842907
1789757506494704000,9.3757041015625,2.5624597932338715,0.7816349458485842,-0.8273862048067152
1789757506504719400,9.38571923828125,3.0408821921139952,0.10029957235604524,-0.8562158473193645
1789757506514733300,9.3957333984375,3.4071605593264103,-0.42401948530226946,-0.8377928133349866
1789757506524747000,9.4057470703125,3.5629286286652087,-0.7225760231584311,-0.9576333908546716
1789757506534761200,9.41576123046875,3.3611832365274426,-0.7616384520024061,-1.1113814256079495
1789757506544776200,9.425776123046875,2.910354362493753,-0.591964022386074,-1.263321314960718
1789757506554790100,9.4357900390625,2.489133275738358,-0.5086889423280954,-1.317056850671023
1789757506564804400,9.445804443359375,2.201007823264599,-0.5171954893887043,-1.2885820129454135
1789757506574818000,9.455818115234376,2.132670200097561,-0.4283431937202811,-1.2223204654000699
1789757506584833000,9.4658330078125,2.099201645737886,-0.3447714688032865,-1.0714303773611784
1789757506594847200,9.47584716796875,1.9112217441022394,-0.39323885485231874,-0.6965134342063218
1789757506604861200,9.485861083984375,1.7295324670433998,-0.4262909373655915,-0.20575285594714804
1789757506614875400,9.49587548828125,1.5956132414191961,-0.46069326544404027,0.271024351275526
1789757506624890400,9.505890380859375,1.4452169282466172,-0.5440723903983831,0.6447761596411467
1789757506634904000,9.515904052734374,1.091765309381485,-0.6644125880032777,0.8682697115980088
1789757506644918300,9.525918212890625,0.6150298406749963,-0.8350497251719236,0.9620855479579419
1789757506654932200,9.53593212890625,0.18644553167521952,-0.9424860175400972,0.9378049470517784
1789757506664947200,9.545947265625,-0.23160101669728755,-0.9845604876816272,0.7817309535689652
1789757506674961400,9.55596142578125,-0.7344137604683637,-1.0133873537153004,0.5817828566441312
1789757506684975000,9.56597509765625,-1.246388884860277,-1.0072457822203635,0.4139470040991902
1789757506694989300,9.5759892578125,-1.6990566647589205,-1.0052814964100718,0.2550783383965492
1789757506705004300,9.58600439453125,-1.9537065486103296,-1.079974626083672,0.09708612673487514
1789757506715018200,9.596018310546874,-2.041817378261685,-1.148636366638541,0.012581651012413203
1789757506725032400,9.606032470703125,-2.3007582373052835,-1.0769318973869084,-0.028185718585923312
1789757506735046100,9.616046142578124,-2.501316465485096,-1.0340689072161913,-0.02821830568127334
1789757506745061000,9.62606103515625,-2.5292332309365273,-1.0517077320203185,0.03854059692695737
1789757506755075300,9.636075439453125,-2.640777543145418,-1.008925113609433,0.12285152283869682
1789757506765089300,9.64608935546875,-2.757161696600914,-0.9727250884592532,0.2354432252086699
1789757506775103200,9.656103271484374,-2.804635395437479,-0.9185334795445204,0.3464510924533009
1789757506786369300,9.667369384765625,-2.7595623280018566,-0.8915756222531199,0.44014023369364436
1789757506796384300,9.67738427734375,-2.6771260368555785,-0.8522375913381576,0.5535328771829605
1789757506806398200,9.687398193359375,-2.528416069334745,-0.7921694916054606,0.6597035335294902
1789757506816412200,9.697412109375,-2.1643454412996768,-0.7039487718388437,0.7675394196745008
1789757506826426400,9.70742626953125,-1.6408488059401511,-0.5266948468789457,0.8060315743498504
1789757506836440300,9.7174404296875,-1.2310937005728482,-0.33180297389775515,0.8490296621423215
1789757506846455300,9.727455322265625,-0.952410030183196,-0.30115006148070095,0.9657163056757301
1789757506856469200,9.73746923828125,-0.6609305911064147,-0.2738759778469801,1.0528601169258356
1789757506866483200,9.747483154296875,-0.37290567639768124,-0.11083178002536297,1.0148776653382927
1789757506876497200,9.7574970703125,-0.12050035660266875,0.13549480437785386,0.8790594742249697
1789757506886512400,9.767512451171875,-0.10215046091973781,0.3561360356435179,0.7367335086528212
1789757506896526300,9.7775263671875,-0.18207564602792262,0.5429840106397867,0.5819818132823332
1789757506906540000,9.7875400390625,-0.2628548176169395,0.7051388584062457,0.4618364441297948
1789757506916554200,9.79755419921875,-0.29929625030755996,0.8425655076295137,0.3853854379381984
1789757506926569200,9.8075693359375,-0.29101065252125263,0.9469397820785641,0.3142970547582954
1789757506936583200,9.817583251953126,-0.18300269774496555,0.9124307787552476,0.34970666018314656
1789757506946597400,9.827597412109375,0.16780863574445246,0.8908490615442395,0.4250665101371705
1789757506956611000,9.837611083984376,0.7610872478604316,0.9686378191456199,0.37974111190829424
1789757506966626000,9.8476259765625,1.2862374956458806,1.0335448833420873,0.35559235722087323
1789757506976640300,9.85764013671875,1.816034692454338,0.954375777298212,0.4425578162293881
1789757506986654200,9.867654296875,2.1312433821648358,0.9535162378594279,0.610975523782894
1789757506996668200,9.877668212890624,2.204297512459755,0.9407716148376464,0.7800850860580801
1789757507006683100,9.88768310546875,2.1408359708964824,1.0300117407798766,0.9383687914796173
1789757507016697000,9.897697021484374,2.026491214314103,1.1569991213142872,1.0924462773829697
1789757507026711300,9.907711181640625,2.262369762200117,1.3113707678586244,1.1540252200700343
1789757507036725200,9.917725341796874,2.818719450369477,1.5318307973384857,1.0028167137317359
1789757507046740200,9.927740234375,3.2660961381226774,1.570090677627921,0.7031624437667429
1789757507056754200,9.937754150390624,3.5317034693181513,1.3130536063790321,0.39707675251476465
1789757507066768100,9.94776806640625,4.0540041728913785,0.8174386651575565,0.1750931667294353
1789757507076782300,9.9577822265625,4.515441534700989,0.35775954519212244,0.0006727846950292587
1789757507086797300,9.96779736328125,4.813176527041197,-0.1621320514127612,-0.1789890416568145
1789757507096811300,9.977811279296875,4.684265484967828,-0.6268693315505981,-0.2910403535397723
1789757507106825200,9.9878251953125,4.080478338319063,-0.97052114867419,-0.3369650328360498
1789757507116839200,9.997839111328124,3.2637837695270773,-1.188562718835473,-0.3680200963132083
1789757507126854100,10.007854248046876,2.438966684556007,-1.2951380104601382,-0.32145752097219227
1789757507136868400,10.017868408203125,1.576484178057313,-1.2860516176849603,-0.25414237272068857
1789757507146882300,10.02788232421875,0.6963333283990621,-1.1285831741690635,-0.12114457279033958
1789757507156896000,10.03789599609375,-0.005763970354199409,-0.988214334014058,0.09510478019192814
1789757507166911200,10.0479111328125,-0.4637392090111971,-0.9336839946642518,0.3316713834073394
1789757507176925200,10.05792529296875,-0.6634896279394626,-0.9997335068941116,0.6109442518617958
1789757507186939100,10.067939208984376,-0.7136135490238666,-1.1563824507206677,0.9133135529391467
1789757507196953300,10.077953369140625,-0.6279921981006861,-1.219747253911197,1.195683364495635
1789757507206967000,10.087967041015625,-0.46609307866096494,-1.3653051871418953,1.428148889067769
1789757507216982000,10.09798193359375,-0.2630576467126608,-1.7019833658605812,1.6098986641421913
1789757507226996200,10.107996337890626,-0.19832593908309937,-1.9180138884603977,1.685935609640181
1789757507237010200,10.11801025390625,-0.3446118943274021,-2.0475053607702254,1.6790934886604547
1789757507247024400,10.1280244140625,-0.5681780731290579,-2.1478893965393304,1.5642231007687746
1789757507257039400,10.138039306640625,-0.8791974944561719,-2.0967396395385265,1.3101675295487045
1789757507267053000,10.148052978515626,-1.2516606877833605,-1.8620956018835304,0.9790375595416874
1789757507277067300,10.1580673828125,-1.4750228684455156,-1.7021131297200918,0.7006843632154166
1789757507287081200,10.168081298828126,-1.5932202088028191,-1.5623279346719383,0.43781295978985724
1789757507297096200,10.17809619140625,-1.7766671431839465,-1.3880594552636145,0.2278910927960649
1789757507307110400,10.1881103515625,-1.9704899256289004,-1.3135001811027527,0.18892569458577782
1789757507317124000,10.1981240234375,-2.0847738919347525,-1.2731512195795773,0.2964660318503156
1789757507327138300,10.20813818359375,-2.0698492945253846,-1.1622072113513946,0.475110534385778
1789757507337153300,10.2181533203125,-2.09423437871933,-1.0283011374697089,0.6628449002951383
1789757507347167200,10.228167236328124,-2.181641444015503,-0.9830936299994587,0.8902067450527101
1789757507357181200,10.23818115234375,-2.1689806998848913,-0.9024909840211272,1.0623460304126142
1789757507367195100,10.248195068359376,-2.1318653134554624,-0.7756973724931479,1.1603586608752607
1789757507377210000,10.258210205078125,-2.0487012925565242,-0.6345189695209265,1.2474154514290392
1789757507387224300,10.268224365234374,-1.9164462007522582,-0.5159042805343866,1.2744642018742858
1789757507397238300,10.27823828125,-1.75023330976665,-0.45887247975766654,1.1963253887262195
1789757507407252200,10.288252197265624,-1.562805781316757,-0.41968613227307794,1.1100959158420562
1789757507417267200,10.29826708984375,-1.4464233814269303,-0.38230245029628274,0.9445118242792785
1789757507427281200,10.30828125,-1.237433424988389,-0.393040701931715,0.7658651297867297
1789757507437295000,10.318295166015625,-0.9652145666986703,-0.33745237796157596,0.5882350649908185
1789757507447309300,10.328309326171874,-0.8955541704952716,-0.2769949866503477,0.4405803786765784
1789757507457324500,10.338324462890625,-0.7631845124006271,-0.18303776905834673,0.41382023591436445
1789757507467338200,10.348338134765624,-0.6407675085216761,0.029899171440303324,0.36216062969528134
1789757507477352400,10.3583525390625,-0.5330500611245632,0.1919870914503932,0.2702711948206648
1789757507487366400,10.368366455078124,-0.3525064469695091,0.31537820105850695,0.1760733003405854
1789757507497381400,10.37838134765625,-0.10417349117994308,0.43446050755679605,0.10651570692453532
1789757507507395600,10.3883955078125,0.22185528323054313,0.5149500485494732,0.13019344656672327
1789757507517409300,10.3984091796875,0.6344640244632959,0.43332244343757625,0.23805105135319754
1789757507527423500,10.408423583984375,1.030799676287174,0.27894173680394885,0.3892864274321124
1789757507537438500,10.4184384765625,1.3952549197256565,0.10147300004959106,0.5511106184720993
1789757507547452400,10.428452392578125,1.4544465288847683,-0.14293021507561207,0.6278297010153532
1789757507557466600,10.438466552734376,1.6661983512520788,-0.4298068365320563,0.6743117584660648
1789757507567480300,10.448480224609375,1.7899521566927432,-0.5230488915920257,0.7049608714908361
1789757507577495300,10.458495361328126,1.6254168435305356,-0.42484512247145173,0.7446146903567016
1789757507587509500,10.468509521484375,1.605227457460761,-0.4215504648402333,0.9519843521170318
1789757507597523500,10.4785234375,1.3291501701772213,-0.4276148794457316,1.2154055714450775
1789757507607537400,10.488537353515625,0.7131622981250285,-0.23637597601413726,1.386012751866877
1789757507617551400,10.49855126953125,0.5695791720986366,0.11142360843867063,1.4008034937635063
1789757507627566300,10.50856640625,1.0003443322688341,0.5402393881067633,1.3009458199560642
1789757507637580300,10.518580322265626,1.4033844501674175,0.6784060420423745,1.2337689111314714
1789757507647594500,10.528594482421875,1.9070716386854647,0.3923042043507099,1.3259053430370986
1789757507657608400,10.5386083984375,2.521467857632041,-0.1652867160513997,1.590979882530123
1789757507667623400,10.54862353515625,3.149952223163843,-0.6242144331276417,2.0143160617433487
1789757507677637400,10.558637451171874,3.6758641029715537,-0.9769576114624738,2.3349115590587255
1789757507687651300,10.5686513671875,3.748216222476959,-1.180220130164921,2.5467919762417672
1789757507697665500,10.57866552734375,3.3301310956597328,-1.2635741206780076,2.6639380539804693
1789757507707680500,10.588680419921875,2.627883574780822,-1.2194324888736008,2.613382755741477
1789757507717694500,10.598694580078124,1.9331530054032802,-1.1057517491579054,2.4924323172837495
1789757507727708400,10.60870849609375,1.2722779438763856,-0.9831050281763076,2.310064994832873
1789757507737722400,10.618722412109374,0.7698246810674667,-0.8729077466621994,2.124047333180904
1789757507747737300,10.6287373046875,0.41280280250012874,-0.8000172824963927,1.9791285746365785
1789757507757751600,10.63875146484375,-0.022238135293126106,-0.757914170782268,1.9043454285919665
1789757507767765500,10.648765625,-0.3640127603679895,-0.735218939371407,1.8512211566478012
1789757507777779500,10.658779541015624,-0.44124037695527074,-0.8916764522790909,1.8469371957182883
1789757507787794400,10.66879443359375,-0.5093336699724197,-1.0462918444514273,1.8195286720499395
1789757507797808400,10.678808349609374,-0.614851561498642,-1.1550029790610075,1.7461054161816834
1789757507807822600,10.688822509765625,-0.6291916370183229,-1.1801131626591086,1.6690134086728095
1789757507817836500,10.69883642578125,-0.8651286370933056,-1.0701166644141078,1.5972104474827646
1789757507827851500,10.7088515625,-1.1675994257837534,-0.9704071669057011,1.4291080894887447
1789757507837865500,10.718865478515625,-1.4255197096079588,-0.8569377318531274,1.2051792879197747
1789757507847879400,10.72887939453125,-1.6714894433975218,-0.7318404028490185,1.001724023124203
1789757507857893400,10.738893310546874,-2.0808266156136987,-0.5908367719218135,0.8145658131349831
1789757507867908400,10.748908447265626,-2.4333184495359657,-0.4534843569785356,0.6520799067832529
1789757507877922600,10.758922607421875,-2.6806688240289684,-0.3260308202371001,0.5549066497541963
1789757507887936300,10.768936279296875,-2.770042805483937,-0.135522569167614,0.5094450944576412
1789757507897950500,10.778950439453125,-2.7161457956016064,0.11041443139612674,0.542348854541406
1789757507907965400,10.78896533203125,-2.821075073584914,0.4345169139191508,0.6022051381543279
1789757507917979400,10.7989794921875,-3.089208708387613,0.6861398511648178,0.6339907078631222
1789757507927993600,10.80899365234375,-3.1862218064188954,0.7655369207456707,0.7073748007647693
1789757507938007300,10.81900732421875,-3.187930948424339,0.9216925280973315,0.7514270007200539
1789757507948022300,10.829022216796876,-3.085350279393792,1.2363885921105742,0.7347190270252525
1789757507958036500,10.839036376953125,-2.8186510613083837,1.516421339021623,0.6855353824656456
1789757507968050400,10.849050537109376,-2.423179917359352,1.6922221425637602,0.7131565990366041
1789757507978064600,10.859064697265625,-1.9528619144797323,1.8489736699819563,0.6686168347600847
1789757507988079400,10.869079345703126,-1.4983318478405474,1.8830393134519456,0.5665976720698177
1789757507998093300,10.87909326171875,-0.9404805229365825,1.7965028935104608,0.38409941671565173
1789757508008107500,10.889107421875,-0.2842377973854542,1.7582915285378693,0.1909724345151335
1789757508018121500,10.89912158203125,0.18748247350752353,1.7290724483162163,0.013235621409118175
1789757508028136400,10.909136474609374,0.6593553046137094,1.589861253763735,-0.07295468850843607
1789757508038150400,10.919150390625,1.0912328099399804,1.524310338705778,-0.09921733007729053
1789757508048164400,10.929164306640626,1.4958178191930054,1.568046604579687,-0.24372180873230098
1789757508058178300,10.93917822265625,1.7471335901856422,1.5591905134290456,-0.4494396116323769
1789757508068193500,10.949193603515624,1.8654583563148974,1.4786691159933805,-0.595087999625504
1789757508078207500,10.95920751953125,1.840373014897108,1.5340408746033907,-0.6831988292768597
1789757508088221200,10.96922119140625,1.748782526436448,1.6475260917469858,-0.7434731191061437
1789757508098235400,10.9792353515625,1.6708692656725643,1.5541706394404171,-0.673667176952213
1789757508108250400,10.98925048828125,1.7445593557834624,1.5120865246877073,-0.5992234919950366
1789757508118264300,10.999264404296875,2.4630676911115645,1.7240429297164082,-0.5378785041943193
1789757508128278500,11.009278564453124,3.2931255993455646,1.9241271106436848,-0.5385415712129324
1789757508138292200,11.019292236328125,3.6516613896071908,1.8381085770964622,-0.410561964770779
1789757508148307200,11.02930712890625,3.662655077308416,1.2122566058948636,0.037978506064787504
1789757508158321400,11.0393212890625,3.8119244322776793,0.43701340691000223,0.6291662833813577
1789757508168335400,11.04933544921875,3.907528248032927,0.09243278450369834,1.112066412197426
1789757508178349600,11.059349609375,3.859753520423174,0.0773071115642786,1.3714844602987168
1789757508188364500,11.069364501953125,3.5357384239226577,-0.024590543638169763,1.5178011029422283
1789757508198378200,11.079378173828125,2.9932740532428026,-0.3683575115740299,1.657633205872029
1789757508208392400,11.089392333984375,2.4155337865203617,-0.7089557863458991,1.5614993748933077
1789757508218406400,11.099406494140625,2.0248551375448702,-0.928489640891552,1.1919950313717127
1789757508228421400,11.10942138671875,1.8848387640893458,-1.1812754844367503,0.8099212752647698
1789757508238435600,11.119435546875,1.5192086316525935,-1.3900886230036615,0.4491449395347386
1789757508248449300,11.12944921875,1.0334101510465143,-1.4803963781774043,0.13647435346711426
1789757508258463500,11.13946337890625,0.5669739580363035,-1.4519967976450918,-0.10624131042994558
1789757508268478500,11.149478515625,0.013591302978992461,-1.3342173904389143,-0.27255196270160376
1789757508278492400,11.159492431640626,-0.5143336702167988,-1.200052957881987,-0.33755536341201514
1789757508288506600,11.169506591796875,-1.0967127026557921,-1.0244228347316384,-0.30825127178803086
1789757508298520300,11.179520263671876,-1.588354648593068,-0.8054986365169287,-0.23749997507538645
1789757508308535300,11.189535400390625,-2.138082288274169,-0.7489525734305381,-0.03377659739553928
1789757508318549500,11.199549560546876,-2.4926854152619837,-0.866284236869216,0.2389812996743247
1789757508328563500,11.2095634765625,-2.5554268258571624,-0.7981304458364844,0.3047133982517756
1789757508338577400,11.219577392578126,-2.5877245828717945,-0.7421279881075025,0.3546597160132602
1789757508348592600,11.229592529296875,-2.4207319396853446,-0.6553887390702963,0.3165351890739053
1789757508358606300,11.2396064453125,-2.272788280361891,-0.6081850893467664,0.271369895043876
1789757508368620300,11.249620361328125,-2.0905793633431196,-0.5939762389913201,0.12170390543984248
1789757508378634500,11.259634521484376,-1.8123165487140416,-0.5540343969643116,-0.09159637021217494
1789757508388649500,11.2696494140625,-1.5856214242368936,-0.4623252505600452,-0.4196415259463712
1789757508398663400,11.279663330078124,-1.4261545003801583,-0.3819301098525524,-0.748146371614188
1789757508408677400,11.289677490234375,-1.243699499645829,-0.3233613087669015,-1.0036559410348533
1789757508418691300,11.29969140625,-1.1353642126113175,-0.23814415473043918,-1.2040345017988234
1789757508428706300,11.309706298828125,-1.0271598584800958,-0.16154694500118494,-1.286181527674943
1789757508438720500,11.319720458984374,-0.922907456845045,-0.11054594882130622,-1.3134455283060669
1789757508448734500,11.329734375,-0.8866361200243235,-0.10545680898874997,-1.271760642004013
1789757508458748200,11.339748046875,-0.9001742315113543,-0.09323211818784474,-1.1271062334842978
1789757508468763100,11.34976318359375,-0.9264940831601619,-0.012928455156087875,-0.9634082479290663
1789757508478777000,11.359777099609374,-0.9940624755203723,0.022545301546156405,-0.7931783763870597
1789757508488791000,11.369791015625,-1.0600023898959159,0.02731909181922674,-0.5163611209237948
1789757508498805000,11.379804931640624,-1.1096756446033715,0.0622317075073719,-0.37769006113000214
1789757508508820000,11.389820068359375,-1.0482277809500693,0.11115385158658027,-0.3285111292781308
1789757508518834200,11.399834228515624,-1.0295704267531633,0.12323270417600869,-0.2803150344511494
1789757508528848100,11.40984814453125,-1.1562556094706058,0.18312310925424097,-0.2525976822956465
1789757508538862000,11.419862060546874,-1.2954308559268712,0.2030351396873593,-0.1910349600910209
1789757508548877000,11.429876953125,-1.4619284090727567,0.218873344810307,-0.12441842509554699
1789757508558891000,11.43989111328125,-1.5899217517793178,0.305763985016942,-0.08359470393378288
1789757508568905200,11.4499052734375,-1.7440981680124996,0.3388946857243776,-0.06429974595308303
1789757508578919200,11.459919189453124,-1.6729653611689805,0.29704934816360473,0.06984028281494975
1789757508588934100,11.46993408203125,-1.5262205562412738,0.15109189422130584,0.1683749461240135
1789757508598948000,11.479947998046875,-1.4348486789673567,0.010023089103400707,0.1576345573304221
1789757508608962000,11.489962158203125,-1.357944302985072,-0.12913725204467771,0.17134919442813842
1789757508618976000,11.49997607421875,-1.38072019841671,-0.37582448645383115,0.23798951215799896
1789757508628991200,11.5099912109375,-1.3004875547945498,-0.605058189497888,0.2602755417134613
1789757508639005200,11.520005126953125,-1.167346327805519,-0.7141168223708868,0.2455813737927936
1789757508649019000,11.530018798828126,-0.7910065853059292,-0.7517156084030866,0.2634485639926977
1789757508659033000,11.540033203125,-0.3137415397673845,-0.7521276963353156,0.26686918609114363
1789757508669048000,11.550048095703126,0.06621288609802722,-0.6896554580703377,0.10932417934085242
1789757508679062000,11.56006201171875,0.5955120702564716,-0.5544871091678738,-0.11688312508673407
1789757508689076200,11.570076171875,1.201166179820895,-0.4503314459055662,-0.20995889280224217
1789757508699090000,11.58008984375,1.9853893885970115,-0.4805363222941756,0.003958528367429971
1789757508709105000,11.59010498046875,2.4944039096176622,-0.22448826208263634,0.5167857760766521
1789757508719119000,11.600119140625,2.6251439206838607,0.27563772682249543,1.0311786656673998
1789757508729133000,11.610133056640626,2.693486220026016,0.4348731800109148,1.472136791615188
1789757508739147300,11.620147216796875,2.6567951964884995,0.23779198029190302,1.920249392427504
1789757508749162200,11.630162353515624,2.6474907770484686,-0.08519669577032327,2.3665143195465204
1789757508759176000,11.640176025390625,2.7167548674106596,-0.46967941271513697,2.5441321093827485
1789757508769190100,11.650190185546874,2.6183225502312184,-0.8392796178266405,2.4687410605728624
1789757508779204000,11.6602041015625,2.430335634332895,-1.0417769973754882,2.3031093304760755
1789757508789219000,11.670218994140624,2.159313292351365,-0.9516343696355819,1.8109584121033548
1789757508799233300,11.6802333984375,1.9127175356179476,-0.5839636712819337,1.0309645114600658
1789757508809247000,11.6902470703125,1.6335598179757593,-0.28389409851431846,0.2948566604249179
1789757508819261200,11.70026123046875,1.1691034006059169,-0.16363865658342838,-0.3032008565306663
1789757508829276200,11.710276123046874,0.7629080335468054,0.06380231782495975,-0.7925053724963218
1789757508839290000,11.7202900390625,0.49368718802928924,0.3756456227555871,-1.1627489900778978
1789757508849304300,11.73030419921875,0.2224567562550306,0.5753989642933011,-1.2709227298751473
1789757508859318000,11.740318115234375,0.4250812693148851,0.5715130627706646,-1.0232602206930517
1789757508869333000,11.7503330078125,0.287080327335,0.6523983250826597,-0.9931991366893053
1789757508879347200,11.76034716796875,0.08688625629246234,0.6504802165016531,-0.7958178580451756
1789757508889361200,11.770361083984374,0.002177344039082527,0.4332815269052982,-0.4272740301188081
1789757508899375000,11.780375,-0.24992577793896198,0.23864041381478307,-0.09640599898360669
1789757508909390300,11.790390380859375,-0.5628565858453511,0.10809154140651225,0.2310389989003539
1789757508919404000,11.800404052734375,-0.9028770607292652,-0.00044482115805149076,0.42099480371885
1789757508929418000,11.81041796875,-1.1682388927310705,0.07460895852148533,0.43492085507754236
1789757508939432200,11.82043212890625,-1.3770154986798762,0.2717076938971877,0.31383900879248977
1789757508949447200,11.830447265625,-1.5712082834810017,0.39528292790055275,0.14265859505999834
1789757508959461000,11.840461181640626,-1.7387386868059633,0.4730056345283985,-0.01260539721418172
1789757508969475000,11.85047509765625,-1.8531208527892826,0.47847763619869943,-0.17326397854089737
1789757508979489000,11.860489013671875,-1.9929495947182176,0.4716232402592897,-0.27725493449447675
1789757508989504000,11.87050390625,-1.998463974225521,0.4174000671625137,-0.240456413728185
1789757508999518200,11.880518310546876,-2.189102865937352,0.41686435285061596,-0.11238324725106358
1789757509009532000,11.890531982421875,-2.467169281211495,0.47539428323060273,-0.027574765347037462
1789757509019546000,11.900546142578126,-2.608841020658612,0.5682932239413261,0.1926426692822948
1789757509029561000,11.91056103515625,-2.827929761785269,0.667591802561283,0.554841037172079
1789757509039575000,11.920574951171876,-3.091401834517717,0.8071382204174995,0.9028863400142639
1789757509049589200,11.93058935546875,-3.3117776928454634,1.042763962586224,1.140180672982335
1789757509059604200,11.940604248046874,-3.3475223754435777,1.2771134012088179,1.2208249661453068
1789757509069618000,11.950617919921875,-3.139880911004543,1.3872487234026192,1.1294476820439099
1789757509079632100,11.960632080078126,-2.624910696449876,1.393631410177052,0.9565394581381231
1789757509089646000,11.97064599609375,-2.2160031478226183,1.3522235872507093,0.7310219260729849
1789757509099661000,11.9806611328125,-1.6688573413282632,1.2623445788830518,0.5398442513093352
1789757509109675300,11.99067529296875,-0.8330126663863658,1.2833695389941333,0.30446408139951525
1789757509119689000,12.00068896484375,-0.040539515659213064,1.3548314316615462,-0.011510551182180643
1789757509129703200,12.010703125,0.5444347939699888,1.3698708876222372,-0.27590163845568894
1789757509139718100,12.02071826171875,1.0329244133561848,1.2718255239337681,-0.5337642007432878
1789757509149732000,12.030732177734375,1.7828092992007731,1.1132036725990473,-0.7384416277449578
1789757509159746000,12.04074609375,2.5297119543641804,0.9738511698797344,-0.8096396818444133
1789757509169760000,12.050760009765625,2.8022002772450447,0.9938041168451308,-0.6953465093187987
1789757509179775000,12.06077490234375,2.9434722037196157,0.8796211266957223,-0.46810774295162405
1789757509189789200,12.0707890625,2.8874142164111136,0.7313450205475092,-0.22689652880076316
1789757509199803100,12.08080322265625,2.554681560447812,0.7327963883996009,-0.0038559082431718706
1789757509209817000,12.090817138671875,1.9665426493078468,0.9307546632140874,0.23645379049070178
1789757509219832000,12.10083203125,1.4663444719493388,1.2363169881790876,0.435301963349618
1789757509229846000,12.110845947265625,1.2937848422855138,1.4772525271937251,0.6659225541748106
1789757509239860000,12.12085986328125,1.769993072247505,1.7231603016629815,0.8311411003608256
1789757509249874200,12.130874267578125,2.3780156645089385,1.8456953789636492,0.87949486996755
1789757509259889200,12.14088916015625,2.7732325414359567,1.5445087848648429,0.9109529612876475
1789757509269903000,12.150903076171875,3.399243210330605,0.8502090081200003,1.0054491080619394
1789757509279917000,12.1609169921875,4.091287317103148,0.17488135060966015,1.0203281127639114
1789757509289931000,12.170930908203125,4.527064167955517,-0.3310848887562752,0.921110125099495
1789757509299946000,12.180946044921875,4.668466442811489,-0.6653957538217306,0.755997961897403
1789757509309960200,12.190960205078126,4.366777159887552,-0.9073670656248927,0.5339641437621787
1789757509319974100,12.20097412109375,3.7969250160664316,-1.0402490571558476,0.18687358436156062
1789757509329988000,12.210988037109376,3.157330058455467,-1.133770513679087,-0.15972360203154384
1789757509340003000,12.221003173828125,2.3940455928117035,-1.1112623292729258,-0.49825504393409936
1789757509350017000,12.23101708984375,1.6791314825832844,-0.98973087605685,-0.7818925008062273
1789757509360031200,12.24103125,1.1495809540122748,-0.8919929708823561,-0.9284342574425041
1789757509370045200,12.251045166015626,0.84270287027359,-0.8229580131009221,-0.9343662778399884
1789757509380060200,12.26106005859375,0.6373205829381943,-0.8122183001607656,-0.8246290150530636
1789757509390074000,12.27107421875,0.4928437229424715,-0.862110166054964,-0.5802285033416003
1789757509400088000,12.281088134765625,0.4858107555657625,-0.9170938021302223,-0.2940260913522914
1789757509410103000,12.29110302734375,0.4947860891819,-0.9129597710654139,-0.002986578062735498
1789757509420117200,12.3011171875,0.2558142514556646,-0.8772215182080865,0.2085058261834085
1789757509430131200,12.311131103515624,-0.20910510725080966,-0.9143012488022446,0.34024851148612795
1789757509440145000,12.321144775390625,-0.7686959692984819,-0.9989520011276006,0.37028972174562513
1789757509450160000,12.33116015625,-1.3463836290508508,-1.0135174098357558,0.3724167238369584
1789757509460174000,12.341174072265625,-1.8453472961783408,-0.9006535394608974,0.25404570741318167
1789757509470188000,12.35118798828125,-2.3240035038143394,-0.7234034138932823,-0.0444984824180603
1789757509480202000,12.361201904296875,-2.7936545672178266,-0.5375467880219221,-0.4404861245218664
1789757509490217000,12.371217041015624,-3.0360622246116398,-0.4777048982605338,-0.8130079892337322
1789757509500231000,12.38123095703125,-3.1265193251281973,-0.5180047599449753,-1.0982529178351164
1789757509510245000,12.3912451171875,-3.2499785315364598,-0.46159459819793697,-1.3687377919390797
1789757509520259000,12.401259033203125,-3.17780235311985,-0.40662879004031416,-1.5933675083190202
1789757509530274000,12.411274169921874,-2.9535727419734,-0.4697223750740289,-1.6912587043590843
1789757509540288000,12.4212880859375,-2.642144155323505,-0.5496028442576527,-1.6871081605508922
1789757509550302000,12.431302001953124,-2.376198385953903,-0.5599100109994412,-1.705069495307654
1789757509560316200,12.441316162109375,-2.05870480017662,-0.5120438057139516,-1.7376225422576068
1789757509570331100,12.4513310546875,-1.737493655180931,-0.5182789007112384,-1.7371752368815243
1789757509580345000,12.461344970703125,-1.4624468799889088,-0.5734095440417528,-1.656445895783603
1789757509590359000,12.471359130859375,-1.2129554018139839,-0.6418877447232604,-1.5305376887880264
1789757509600373000,12.481373046875,-0.9006476942420005,-0.655109337607026,-1.3976158036381006
1789757509610388000,12.491387939453125,-0.5893628999769688,-0.6337298649698495,-1.2664869393847882
1789757509620402200,12.501402099609376,-0.41948973291814323,-0.5739554874867201,-1.1746275708548723
1789757509630416100,12.511416015625,-0.39250118822753427,-0.5413455957829952,-1.0970490950033067
1789757509640430000,12.52143017578125,-0.45536067224442955,-0.5371992897585034,-0.9936701152019202
1789757509650445000,12.531445068359375,-0.5550877054095268,-0.595214840875566,-0.7845306672900915
1789757509660459000,12.541458984375,-0.5896767882317304,-0.5904618011295795,-0.5850999818354845
1789757509670473200,12.55147314453125,-0.5646200883865357,-0.4539432066619396,-0.4763143937502056
1789757509680487200,12.561487060546876,-0.39405426288843154,-0.3383949195086956,-0.4427947667904198
1789757509690502100,12.571502197265625,-0.10565408512651919,-0.25258739836364985,-0.41459085496068
1789757509700516000,12.58151611328125,0.14625906723737717,-0.2147539267927408,-0.43720432637222106
1789757509710530000,12.591530029296875,0.4313730629354715,-0.22943273274749515,-0.46159817839451134
1789757509720545000,12.601544921875,0.828597772553563,-0.37672611146867274,-0.3809711286272853
1789757509730559200,12.611559326171875,1.0874603056639431,-0.4996776606157422,-0.1971833449192345
1789757509740573200,12.6215732421875,1.186194236138463,-0.679170012152195,0.02106405001245439
1789757509750587000,12.6315869140625,1.2050707860440015,-0.9110378630921244,0.2451476768169552
1789757509760602000,12.64160205078125,0.9743927294105291,-0.8593453775167464,0.3323885917659849
1789757509770616000,12.651615966796875,0.9342693933367728,-0.7387742937654257,0.37626733485050495
1789757509780630000,12.661630126953124,1.0475117416352033,-0.6609267917141318,0.3824398129403591
1789757509790644200,12.671644287109375,0.9284551541000604,-0.46311873902529477,0.405153383725509
1789757509800659000,12.681658935546874,0.7044932539790868,-0.24937574284076688,0.46116976038198915
1789757509810673000,12.6916728515625,0.59754795999825,-0.045750820566713805,0.6878153831616044
1789757509820687000,12.70168701171875,0.5125380189716816,0.1955760558530688,0.9659513565406203
1789757509830701000,12.711701171875,0.8580465698778629,0.3571343990311026,1.2221840526040644
1789757509840716000,12.721716064453124,1.4730378321081399,0.28379619109779597,1.4636562557786703
1789757509850730000,12.73172998046875,1.9562106403857469,0.021937398780882356,1.601463721013069
1789757509860744000,12.741743896484374,2.3110019834220408,-0.3616077450528741,1.6621118125908076
1789757509870758100,12.751758056640625,2.601466692498326,-0.9166571642786264,1.671515162360668
1789757509880773000,12.761773193359375,2.873834019348025,-1.309864454948902,1.6048700223252177
1789757509890787000,12.771787109375,2.8630606963992116,-1.2929983680829404,1.3850913992382585
1789757509900801000,12.781801025390624,2.449943421122432,-1.008373032684624,1.0892701315648854
1789757509910815000,12.79181494140625,1.623444666674733,-0.6148538995862006,0.8014519184093922
1789757509920830000,12.801829833984375,0.6085007311671972,-0.4728147881314158,0.6863905379902571
1789757509930844200,12.81184423828125,-0.29475568426847454,-0.33765637610107657,0.6521971764873713
1789757509940858000,12.821858154296875,-0.9861638312250375,0.019799802230298518,0.6003623963644728
1789757509950873000,12.831873046875,-1.5308593219578266,0.3389464159116149,0.6276357858784496
1789757509960887000,12.841886962890625,-1.9093226324826478,0.47864919337332246,0.7983636700704694
1789757509970901000,12.85190087890625,-2.0490642806500197,0.4929150346130132,1.1504397627986966
1789757509980915000,12.8619150390625,-1.9464158070802688,0.559708643208444,1.5019452160321176
1789757509990930200,12.87193017578125,-1.6511615256398915,0.6363409242510796,1.745772530965507
1789757510000944000,12.881944091796875,-1.4904232666730879,0.5386489040449262,1.9340493697211145
1789757510010958000,12.8919580078125,-1.3760931231379507,0.33253771791309117,2.0082032779514787
1789757510020972000,12.901971923828125,-1.2047218264758586,0.14112345791459083,1.9579050232134758
1789757510030987000,12.911987060546876,-1.133860237789154,0.06261778421550988,1.7665403014451264
1789757510041001000,12.9220009765625,-1.1039356396466493,0.10906155548244714,1.43848878903538
1789757510051015200,12.93201513671875,-0.9947428589999675,0.15773966167271136,0.9979393169537186
1789757510061028900,12.94202880859375,-0.9586100538671016,0.16494418622404336,0.6116182786658406
1789757510071044000,12.952044189453124,-1.029171782824397,0.24759850403517483,0.3147533106258139
1789757510081058000,12.96205810546875,-1.185090074288845,0.33379064058363433,0.07933138393349945
1789757510091072000,12.972072021484376,-1.398517720913887,0.38876755465716123,-0.13847133597061037
1789757510101086200,12.982086181640625,-1.5722054778248071,0.4613336091741919,-0.23634580007158218
1789757510111101200,12.99210107421875,-1.8042998309969902,0.5478808427706361,-0.1964593597599305
1789757510121115000,13.002114990234375,-2.1067495768994093,0.6517401534348726,-0.09359082283186726
1789757510131129000,13.012129150390624,-2.3975854573756457,0.7237699091181159,0.07114863460031337
1789757510141144000,13.02214404296875,-2.631830851101875,0.7787482844963669,0.2259907390674576
1789757510151158000,13.032157958984374,-2.787581384783983,0.8955804739803075,0.3434008380372077
1789757510161172200,13.042172119140625,-2.838039067867398,1.0118594134956598,0.44764118390828367
1789757510171186000,13.05218603515625,-2.721246918132901,1.0725029750287531,0.553904231246002
1789757510181201000,13.062200927734375,-2.7053520143866536,1.1369663871109486,0.5629697638962418
1789757510191215000,13.072215087890624,-2.5385388194203373,1.1797452061295508,0.5125311508394778
1789757510201229000,13.08222900390625,-2.070505128085613,1.2402516972795128,0.44486437613870944
1789757510211243300,13.0922431640625,-1.6342974846005438,1.3331903854787348,0.2942813447549939
1789757510221258200,13.10225830078125,-1.0795675065875052,1.3721458468168972,0.11255226540872827
1789757510231272000,13.11227197265625,-0.43415129547715187,1.3625129260748623,-0.1145383429257199
1789757510241286100,13.1222861328125,0.3443517820864916,1.3232482526570557,-0.33859449720140544
1789757510251300000,13.132300048828125,1.1436731912732123,1.2461737808048725,-0.5102506752194836
1789757510261315000,13.142315185546876,1.9199018941640853,1.1333522882670164,-0.6428942914173007
1789757510271329300,13.152329345703125,2.624825940775871,1.0039499555453657,-0.7133283754069357
1789757510281343000,13.162343017578126,3.071127692773938,0.8981132073283195,-0.7249633566863835
1789757510291357000,13.17235693359375,3.219923585012555,0.7472711962148547,-0.6483226731415838
1789757510301372200,13.1823720703125,3.0962767470777033,0.7453881589472293,-0.5500311526723206
1789757510311386000,13.19238623046875,2.837449869802594,0.908144187477231,-0.5315879161501303
1789757510321400000,13.202400146484376,2.781197236704826,1.1437743135601282,-0.5701918241042644
1789757510331415000,13.2124150390625,3.209033942207694,1.3374828219756483,-0.5344662845980376
1789757510341429000,13.222428955078126,3.6042607560068367,1.4344909515708684,-0.40828130648769434
1789757510351443000,13.23244287109375,3.423956795826554,1.3402093243300914,-0.22576679411847142
1789757510361457200,13.24245703125,3.160642544004321,0.8938210630923509,0.08567041422929614
1789757510371472100,13.25247216796875,3.0870915701031683,0.3347562707453966,0.5275615467108786
1789757510381485800,13.26248583984375,3.1233488783985375,-0.09953414094150066,0.9095909522194415
1789757510391500000,13.2725,3.1155729837000368,-0.4457414877668023,1.0754243423681706
1789757510401514000,13.282513916015626,2.9618507409751413,-0.7055582528620958,1.017421577667445
1789757510411529000,13.292529052734375,2.666426948186755,-0.9404089190050959,0.7881255499769002
1789757510421543200,13.302543212890624,2.4174819979786872,-1.166620643879473,0.47837037643194197
1789757510431556900,13.312556884765625,2.2523481344014407,-1.290072836025059,0.04031710508018732
1789757510441571000,13.322571044921874,2.001434514468908,-1.2625982613831759,-0.7716076920267194
1789757510451586000,13.3325859375,2.0084663128018376,-1.2859043181687593,-0.7572125983841717
1789757510461600500,13.3426005859375,1.769557018917799,-1.130443707343936,-1.2025365913912653
1789757510471614700,13.35261474609375,1.7843582822084425,-1.1607894535079597,-1.2397916785523295
1789757510481628700,13.362628662109374,1.5994629025846718,-1.0929404906406999,-1.1766929058868438
1789757510491643600,13.3726435546875,1.238432957419753,-1.0649044827237724,-0.8794661553297192
1789757510501657600,13.38265771484375,0.8141115665614604,-1.118214632628858,-0.4063008001949638
1789757510511671600,13.392671630859375,0.33139059370458124,-1.172637712211907,-0.015927929233014584
1789757510521686500,13.4026865234375,-0.2200134547561407,-1.1539788967102764,0.21959581386595964
1789757510531700700,13.41270068359375,-0.8782698582172394,-1.1567147514149545,0.35792891040965913
1789757510541714700,13.422714599609375,-1.6376637461632488,-1.201759469538927,0.3636601475380361
1789757510551728400,13.432728271484375,-2.2964988262951374,-1.2233534617096185,0.25278715871945023
1789757510561743600,13.44274365234375,-2.8676415944486853,-1.1816706212341785,0.08653481250628829
1789757510571757600,13.452757568359376,-3.2960780194103716,-1.0953551505669952,-0.164207250251621
1789757510581771500,13.462771484375,-3.549378826740384,-0.9631740007817745,-0.5134345294199884
1789757510591785700,13.47278564453125,-3.6091830148398873,-0.8248331593230366,-0.8916649079717696
1789757510601800400,13.482800537109375,-3.5315351270139215,-0.7591559875369072,-1.2555619330056011
1789757510611814400,13.492814453125,-3.4481770448476072,-0.6783002435803412,-1.5639853464901445
1789757510621828600,13.50282861328125,-3.1752520841151473,-0.6600654987096786,-1.7515328480578958
1789757510631842600,13.512842529296876,-2.881547954726219,-0.6653399319812655,-1.7676599531248212
1789757510641857500,13.522857421875,-2.6443109779685736,-0.69836074257344,-1.6798980830416081
1789757510651871500,13.53287158203125,-2.2556284712463617,-0.6683940588548779,-1.507237915612757
1789757510661885400,13.542885498046875,-1.800004764151573,-0.5253121603488922,-1.397150816474855
1789757510671900400,13.552900390625,-1.4427075757741927,-0.4416615249767899,-1.2724629450544713
1789757510681914600,13.56291455078125,-1.279634736379981,-0.44021775590926404,-1.0949874862983822
1789757510691928600,13.572928466796874,-1.1128811626464128,-0.43965340002477166,-0.9265845379225909
1789757510701942500,13.582942626953125,-0.8746160118848085,-0.38471272630840536,-0.8058480344764888
1789757510711957500,13.59295751953125,-0.7667384054899216,-0.19605887093394994,-0.7708230444550513
1789757510721971500,13.602971435546875,-0.7207400399029255,-0.06729162124544381,-0.7765402530580758
1789757510731985700,13.612985595703124,-0.6137129128575325,-0.033111996006965634,-0.7246811787441373
1789757510741999600,13.62299951171875,-0.5759416928678751,0.005626023188233375,-0.6437124759323894
1789757510752014600,13.6330146484375,-0.6582412058919668,0.06961158862560987,-0.5878964806862175
1789757510762028500,13.643028564453125,-0.7695540474325419,0.06768646578192711,-0.5699269626230001
1789757510772042500,13.65304248046875,-0.8284054648518562,0.12223229496181011,-0.590984948220849
1789757510782056400,13.663056396484375,-0.9184761963993311,0.32405250590145585,-0.6593409838274121
1789757510792071700,13.67307177734375,-0.9084171591997146,0.29363690937161446,-0.6372713369689882
1789757510802085600,13.683085693359375,-0.8050450475305319,0.2877303156763315,-0.6067891049437224
1789757510812099600,13.693099609375,-0.6541688418865204,0.2687365691319108,-0.5232146035477518
1789757510822113500,13.703113525390625,-0.4233253655582666,0.2092810483396053,-0.4017575307421386
1789757510832128500,13.71312841796875,-0.13293664432764052,0.04057634053826332,-0.19967121621221304
1789757510842142500,13.723142578125,0.20278701014518738,-0.16103227347731588,0.006115414140373468
1789757510852156700,13.73315673828125,0.571430352923274,-0.34344957254976033,0.20363632045090196
1789757510862171600,13.743171630859376,0.951255599451065,-0.618124591819942,0.3440382591579109
1789757510872185300,13.753185302734375,1.2065087098926306,-0.9798653156027197,0.414582890849933
1789757510882199600,13.763199462890626,1.3226339201509951,-1.2228458044484256,0.42812940483912826
1789757510892213500,13.773213623046875,1.3878227238982914,-1.3085083641648292,0.47483606482595203
1789757510902228500,13.783228515625,1.581219389885664,-1.3014753967881203,0.5071830678097904
1789757510912242700,13.79324267578125,1.628795380052924,-1.2134016842767597,0.6154962891429663
1789757510922256400,13.80325634765625,1.5501602347552776,-1.1268205484107137,0.8530298376943916
1789757510932270600,13.8132705078125,1.78975283472836,-1.0782464871168136,1.0793305560264737
1789757510942285600,13.82328564453125,2.3185464074522257,-0.8943433334007859,1.079328291004151
1789757510952299500,13.833299560546875,2.7120570649832487,-0.7625237104043364,1.0217591684803367
1789757510962313700,13.843313720703126,2.8754408700227736,-1.0214353433534502,1.1775200774259864
1789757510972328700,13.85332861328125,3.1480618793725967,-1.5407570311158894,1.427830763029307
1789757510982342400,13.86334228515625,3.5758331184238195,-1.8630764296144247,1.646630604211986
1789757510992356600,13.873356689453125,3.653578036883473,-1.99652628416121,1.8148776313737034
1789757511002370600,13.88337060546875,3.621220658636093,-2.023326320542395,1.95693676270321
1789757511012385500,13.893385498046875,3.524513850075006,-1.8838786868855355,1.8595606765784323
1789757511022399700,13.903399658203124,3.2759342260479927,-1.624966469414532,1.6183151948317884
1789757511032413400,13.913413330078125,3.059129796466231,-1.3537620488643645,1.2890196737103163
1789757511042427600,13.923427734375,2.8705121814489365,-1.2683955494850874,1.0663146417826412
1789757511052442600,13.933442626953125,2.641657248589396,-1.3859028617516158,1.147215686185658
1789757511062456600,13.94345654296875,2.457125441581011,-1.4801120082780719,1.3714175325423479
1789757511072470800,13.953470703125,2.3291508035749198,-1.3862667266279458,1.5613479837238788
1789757511082484500,13.963484375,2.154357715770602,-1.3636770014181732,1.783741903875768
1789757511092499500,13.97349951171875,1.9211089318662882,-1.4144421430155634,1.995180568640679
1789757511102513700,13.983513671875,1.501685834443569,-1.3969383427679538,2.1148568955093623
1789757511112527600,13.993527587890625,0.8669394859075545,-1.3171581190884112,2.0993205959424377
1789757511122542600,14.00354248046875,0.23932839607894418,-1.2487757799968122,1.947347827233374
1789757511132556500,14.013556640625,-0.35952538582086563,-1.3105498068645596,1.7741672891922293
1789757511142570500,14.023570556640625,-0.8088274886786937,-1.288732235071063,1.5309404243700206
1789757511152584400,14.03358447265625,-1.1872066280514002,-1.2590177725479006,1.1880357723519206
1789757511162599700,14.043599609375,-1.4718857394635676,-1.2605530192911625,0.830807849818468
1789757511172613600,14.053613525390626,-1.5351169794023036,-1.27392980273664,0.4599332773895934
1789757511182627300,14.06362744140625,-1.6263696142107247,-1.3044471060752867,0.16678227010508997
1789757511192641500,14.0736416015625,-1.6264134533524512,-1.342144091784954,-0.07746414702320471
1789757511202656500,14.083656494140625,-1.5780588800281286,-1.38432874430269,-0.17997332172011957
1789757511212670500,14.09367041015625,-1.5547311959326267,-1.4581521054044364,-0.15724862675275653
1789757511222684700,14.1036845703125,-1.4944973842442035,-1.4663669760420917,-0.06433153846398927
1789757511232698400,14.113698486328126,-1.3508540524631738,-1.3407897545665501,0.06996848490503617
1789757511242713300,14.12371337890625,-1.2286784561246633,-1.216293606325984,0.17880027761906384
1789757511252727600,14.1337275390625,-1.1660323225975036,-1.1206126336812972,0.20606877176221458
1789757511262741500,14.143741455078125,-1.0358686501145362,-1.0233858928993345,0.2008829300895333
1789757511272756500,14.153756591796874,-0.874758635225892,-0.8995897096216678,0.1749772669984959
1789757511282770700,14.163770751953125,-0.641765287387371,-0.8075561535686254,0.16147749649416654
1789757511292784400,14.173784423828126,-0.4622691364586353,-0.709836076311767,0.1715444795382209
1789757511302798600,14.183798583984375,-0.2285007125943899,-0.6729954151704907,0.22027027906142174
1789757511312813600,14.1938134765625,0.02343874325454235,-0.6649076780438423,0.23616006824113428
1789757511322827500,14.20382763671875,0.06645663172602653,-0.5958092996373773,0.21130111945774405
1789757511332841700,14.213841796875,0.28877719438076016,-0.5816057099789381,0.18244400441627948
1789757511342855400,14.22385546875,0.4517009806931019,-0.5224713839650154,0.10980126793384551
1789757511352870400,14.233870361328124,0.5160702847510575,-0.4599436161205172,0.04090694246580824
1789757511362884600,14.243884521484375,0.4858049103468656,-0.46476767527610063,-0.016178844387317075
1789757511372898600,14.253898681640624,0.43056992985904213,-0.43709816258400674,-0.03209461739165708
1789757511382913500,14.26391357421875,0.27207038972973824,-0.3941977630123496,0.021520945200789718
1789757511392927700,14.273927734375,0.10942015966176986,-0.31627398085445163,0.10615039900979027
1789757511402941400,14.28394140625,-0.12208265735805034,-0.2037465028271079,0.19473438086453823
1789757511412955600,14.29395556640625,-0.38262393733561034,-0.046454584921896455,0.24984575323900207
1789757511422970600,14.303970703125,-0.4620166230022907,0.05724515126645565,0.31829204267859457
1789757511432984600,14.313984619140625,-0.528913984233141,0.13724661648124456,0.3381431367047131
1789757511442998500,14.32399853515625,-0.46047523877918717,0.1515831848695874,0.27176368013443425
1789757511453012500,14.334012451171875,-0.309618906879425,0.1147711653009057,0.25869483012696726
1789757511463027700,14.34402783203125,-0.1669838753581047,0.053695642091333866,0.2630444767038338
1789757511473041700,14.354041748046875,0.020444237613677977,0.006696282768249511,0.22740553776882588
1789757511483055900,14.364055908203126,0.18842238470613956,-0.035306291180849075,0.10948531558616086
1789757511493070600,14.374070556640625,0.35826983280181884,-0.029727029743790625,-0.023903164162207394
1789757511503084500,14.38408447265625,0.6100947223603725,0.019786358226835728,-0.21103998430352658
1789757511513098800,14.3940986328125,0.7353408121854066,0.11448036566078662,-0.4311292807748541
1789757511523112700,14.40411279296875,0.8447177172273397,0.19253303489536047,-0.6365908073589205
1789757511533127700,14.414127685546875,1.0363906281620263,0.18767682703584432,-0.7906251117076725
1789757511543141600,14.4241416015625,1.1839473339945077,0.1474453544124961,-0.8298754643391817
1789757511553155600,14.434155517578125,1.4521201317638157,0.02894523171633482,-0.6762363698530942
1789757511563169800,14.444169677734376,1.6125737285703419,-0.17482552876919508,-0.4582807244095951
1789757511573184800,14.454184814453125,1.646000197353959,-0.3880553147345781,-0.15712869016751646
1789757511583198700,14.46419873046875,1.6164169599950313,-0.5556029614552855,0.06802819189168513
1789757511593212700,14.474212646484375,1.5234522605717182,-0.7172136193424463,0.20167426313031464
1789757511603226600,14.4842265625,1.553909942677617,-0.9665648122638464,0.3022852029904723
1789757511613241600,14.49424169921875,1.6717688448607921,-1.1814984795376657,0.3175679661877453
1789757511623255800,14.504255859375,1.7938994330137967,-1.2857643251761792,0.3059936290543526
1789757511633269800,14.514269775390625,1.9402339035749434,-1.4092530499398708,0.31738040772639214
1789757511643284700,14.52428466796875,1.8297826472997665,-1.5908914735943078,0.3355529010158032
1789757511653298700,14.534298583984375,1.7726701825022697,-1.8566183395162223,0.3679469580117613
1789757511663312600,14.544312744140624,1.546860024166107,-2.0236802485466003,0.42267588867358863
1789757511673326800,14.554326904296875,1.1503589526474476,-2.026640851917863,0.42643962512128053
1789757511683341800,14.564341796875,0.8068734320014714,-1.9667945782423017,0.3233442115016281
1789757511693355800,14.574355712890625,0.5321931520342826,-1.9607076595440507,0.22593853395618496
1789757511703369700,14.58436962890625,0.1735188300848007,-1.9960633428245782,0.09627630818933249
1789757511713383700,14.5943837890625,-0.15283727658390997,-2.09585642696321,0.0415962581705302
1789757511723398700,14.604398681640625,-0.41975042968094345,-2.1668939567387104,-0.05231894691064953
1789757511733412900,14.614412841796875,-0.5496925683677196,-2.12013015973717,-0.14566409701891242
1789757511743426800,14.6244267578125,-0.663460986366868,-2.0377789165258404,-0.16774178105331955
1789757511753441800,14.63444189453125,-0.8320160565644502,-1.9675389668688177,-0.2196422833561897
1789757511763455700,14.644455810546875,-0.8601298058927058,-1.8004536769628523,-0.2867220154166221
1789757511773469700,14.6544697265625,-0.7971908268988132,-1.715663808427751,-0.3244838830560446
1789757511783483600,14.664483642578125,-0.6446247684717178,-1.5485636132135987,-0.3478779834512621
1789757511793499000,14.674498779296876,-0.559056024518609,-1.30328507655859,-0.3813690419036895
1789757511803512800,14.684512939453125,-0.4851145899951458,-1.1265806021749973,-0.40635435701310635
1789757511813526500,14.694526611328126,-0.46460605497360224,-0.9697302905574441,-0.48928106202483174
1789757511823540700,14.704540771484375,-0.3177624658465385,-0.9451131511732935,-0.5615769212983548
1789757511833555700,14.7145556640625,-0.45006724201142784,-1.0812336862340568,-0.7555529215436428
1789757511843569700,14.724569580078125,-0.4591583109617233,-0.4438070125728845,-0.5774070892453194
1789757511853584000,14.734583984375,-0.38554771582782266,-0.159739603318274,-0.4558277052342891
1789757511863598800,14.744598876953125,-0.6763754129976034,0.7099851293936371,-0.7028641914725303
1789757511873612500,14.754612548828124,-0.2624953366547823,-0.07153992633968591,-0.1421440331339836
1789757511883626800,14.764626708984375,-0.32325930969715116,-1.2032809800177813,0.5269914917379618
1789757511893640700,14.774640625,-0.44534781227409836,-1.2693456898167728,0.7654109562784432
1789757511903655700,14.78465576171875,-0.5613181242316961,0.03390489995032549,0.35751550730317827
1789757511913670000,14.794669921875,-0.17988135085403917,0.8601876735597849,0.19668635518252847
1789757511923683600,14.80468359375,0.11346914279162883,0.5423956893578171,0.5719061537414789
1789757511933697800,14.81469775390625,-0.1758376284211874,0.31949557324945926,0.971418389774859
1789757511943712800,14.824712646484375,-0.5652601398557424,0.4316086252570152,1.132625727558136
1789757511953726700,14.834726806640624,-0.468961327573657,0.5148913040995597,1.1878845273129641
1789757511963741000,14.844740966796875,-0.14958382774591444,0.5832356492683292,1.1691226898282765
1789757511973756000,14.854755859375,0.1434814192175865,0.6172168293252587,1.0411132727697492
1789757511983769600,14.86476953125,0.5786112043380737,0.5505246352776885,0.8229619586236775
1789757511993783800,14.87478369140625,1.0606722519814968,0.5047349440053105,0.5336791528083383
1789757512003797800,14.8847978515625,1.425138601335883,0.47880175358653065,0.22286519092544912
1789757512013812700,14.894812744140625,1.6184358986020086,0.4102805905461311,-0.04077595476359129
1789757512023827000,14.904826904296876,1.7145944256305694,0.31579905681908127,-0.29245617515444755
1789757512033840600,14.914840576171875,1.5729671098470688,0.24720278271585702,-0.5427528322324157
1789757512043855600,14.924855712890626,1.3663082267045974,0.19937340230941772,-0.7105220127493143
1789757512053869800,14.934869873046875,1.0524743324786423,0.16893530168682336,-0.7798940935306251
1789757512063883800,14.9448837890625,0.4096142355918884,0.150808108843863,-0.8039407395504414
1789757512073897700,14.954897705078125,-0.17700433411300182,0.10233224722743034,-0.6981988300099968
1789757512083912700,14.96491259765625,-0.7523574134379625,0.18176351133882998,-0.5727199543423951
1789757512093926700,14.9749267578125,-1.29901397511065,0.3413882561057806,-0.4714179269455373
1789757512103940600,14.984940673828126,-1.7475141139358281,0.46992228156030175,-0.43507220971435306
1789757512113954800,14.994954833984375,-2.0966507922112942,0.6016442894011735,-0.43717027797214686
1789757512123969800,15.0049697265625,-2.2801029872894287,0.7593620315030216,-0.513684266397357
1789757512133983500,15.0149833984375,-2.322695343825221,0.9121785575598478,-0.6275203428052365
1789757512143997700,15.024997802734376,-2.2152210575342175,1.0294318950653076,-0.7411172036297619
1789757512154011600,15.03501171875,-2.0414777710437773,1.0845359426498413,-0.8240960041549056
1789757512164026600,15.045026611328124,-1.8251707695901394,1.0858537472501397,-0.8181218981813639
1789757512174040800,15.055040771484375,-1.5216706378519533,1.1026149124369025,-0.7310799398705363
1789757512184054500,15.065054443359376,-1.262659636181593,1.117009640753269,-0.6897788652542978
1789757512194069500,15.075069580078125,-1.083085743841529,1.1711597486138343,-0.6154959238167852
1789757512204083700,15.085083740234374,-0.9318874666363001,1.2482228222891687,-0.45921376747600734
1789757512214097700,15.09509765625,-0.677569591218233,1.3486834304258226,-0.33726270060837266
1789757512224111900,15.10511181640625,-0.3220288911193609,1.4671823840782046,-0.2534858085080981
1789757512234126800,15.115126953125,0.02139350116252899,1.5403504961416123,-0.19918277510814367
1789757512244140500,15.125140625,0.25762626931369303,1.510688348327577,-0.20728307945542035
1789757512254154800,15.13515478515625,0.41779286587238307,1.4333867897212504,-0.20447598614543674
1789757512264169700,15.145169677734375,0.49505496925115583,1.3249383977010845,-0.2121033392187208
1789757512274183700,15.15518359375,0.48169922859370706,1.259985156275332,-0.25059081771895286
1789757512284198000,15.165197998046875,0.3934633112579584,1.2594643472716212,-0.37492183852568267
1789757512294211600,15.175211669921875,0.16627251221835612,1.3076011861920356,-0.49427141765803095
1789757512304226600,15.1852265625,-0.08255261100232601,1.3494316184446216,-0.560238512301445
1789757512314240800,15.19524072265625,-0.33661855748593805,1.4271590012475848,-0.6205095141950995
1789757512324254700,15.205254638671875,-0.745552994120121,1.541371655882895,-0.7165715951118617
1789757512334269000,15.21526904296875,-1.1264537609249352,1.5878171807155013,-0.6995067708034068
1789757512344284000,15.225283935546875,-1.399019240695238,1.5884291751340032,-0.668737903856486
1789757512354297600,15.235297607421876,-1.5741735630273819,1.5798475170105695,-0.6189253137435764
1789757512364311800,15.245311767578125,-1.6451140621691942,1.5879273630917072,-0.5592589266795664
1789757512374326800,15.255326904296876,-1.6774691023290156,1.551690513062477,-0.4483089271020144
1789757512384340700,15.2653408203125,-1.6304332103878258,1.5369877417102455,-0.2853998999673873
1789757512394355000,15.27535498046875,-1.6918360658556222,1.5528773847594857,-0.16789346448369324
1789757512404368600,15.28536865234375,-1.7085387788534163,1.4328200957491992,-0.012409765044227241
1789757512414383600,15.295383544921876,-1.5339707319766283,1.391215873467922,0.13663199171423912
1789757512424397800,15.305397705078125,-1.2380699693262576,1.5204396347522735,0.16777495267055928
1789757512434411800,15.315411865234376,-0.8961854541361332,1.633058882716298,0.1403712513078004
1789757512444425700,15.32542578125,-0.5938800851404666,1.6485937209784984,0.12492387213334441
1789757512454441000,15.33544091796875,-0.32651626566648484,1.5905094885393976,0.17332630318738518
1789757512464454000,15.345453857421875,-0.07492284677624703,1.5234885009288788,0.1856385992065072
1789757512474468000,15.355468017578126,0.1999485718488693,1.4321917347177862,0.16211970338784157
1789757512484483000,15.365483154296875,0.4289782767534256,1.3515908423051237,0.1387442346278578
1789757512494497000,15.3754970703125,0.5215332263320684,1.2792825619414447,0.12239449978619814
1789757512504511200,15.38551123046875,0.5576169316262006,1.1752639690622686,0.1266379095096141
1789757512514525000,15.39552490234375,0.5477870270073414,1.11336193190068,0.17316212560161948
1789757512524540000,15.405539794921875,0.4642155943512916,1.1056491655662655,0.2731264746539295
1789757512534554000,15.41555419921875,0.45612405783236026,1.0780863281190394,0.39937618856355545
1789757512544568000,15.425568115234375,0.47490591519176956,1.0363485425859689,0.5208407870884985
1789757512554582000,15.43558203125,0.6020657296836376,0.9540057749420404,0.6171485133294016
1789757512564597200,15.44559716796875,0.8438152154296636,0.8878568939909338,0.7269123718623072
1789757512574611000,15.45561083984375,0.9670715927422046,0.8201099301934242,0.8148258523106574
1789757512584625000,15.465625,1.0067436779171228,0.7510448695346713,0.8866686340544372
1789757512594640100,15.47564013671875,0.969293944966793,0.5904620933905244,0.9544358369223773
1789757512604654000,15.485654052734375,0.9985586178958415,0.33738135855197904,1.0052020744983106
1789757512614668000,15.49566796875,1.1227496457099915,0.23071517377346754,0.9429280622191727
1789757512624682000,15.505681884765625,1.1461328593850135,0.3391282022193074,0.7333486885201186
1789757512634697000,15.515697021484375,1.1745219185233116,0.5547466368868946,0.4923936410874128
1789757512644711000,15.5257109375,1.180336157760024,0.719211515161395,0.3511264638531953
1789757512654725000,15.53572509765625,1.2103092712193726,0.7648761187493801,0.35379254125729204
1789757512664740000,15.545739990234376,1.2041729604214428,0.657280251905322,0.5337039949886501
1789757512674754000,15.555754150390625,1.254749885970354,0.5645151667073369,0.7461817935429513
1789757512684768000,15.56576806640625,1.504091726541519,0.41279169658422465,0.9201083276458084
1789757512694782000,15.575781982421875,1.8824533302575348,0.18398323321491478,0.9940120605073869
1789757512704797000,15.585796875,2.20926711756587,-0.052663376434147355,0.8980850041471421
1789757512714811100,15.59581103515625,2.358055995541811,-0.3703542383491993,0.7200916589967906
1789757512724825000,15.6058251953125,2.3312550823777913,-0.6774068018719553,0.516303655115515
1789757512734839000,15.615839111328125,2.138278103107214,-0.86306878195405,0.33895503760948775
1789757512744854000,15.62585400390625,1.752355708748102,-0.8083715616047382,0.18322686188966034
1789757512754868000,15.635867919921875,1.1718722807973623,-0.6376411931946874,-0.05479936554953456
1789757512764882200,15.645882080078126,0.41141222492456436,-0.5882733511745929,-0.1023731637597084
1789757512774897200,15.655897216796875,-0.44699616400301456,-0.5377563391193747,-0.004695464339852333
1789757512784911000,15.6659111328125,-1.2729103965610264,-0.3758773856848478,0.11943521158918738
1789757512794925000,15.675925048828125,-2.0102777461379766,-0.24345570514202117,0.3021865649215877
1789757512804939000,15.68593896484375,-2.5061884554356335,-0.20624182677417993,0.5111700916193426
1789757512814954000,15.6959541015625,-2.79777018584311,-0.10882219376862048,0.6855334097042679
1789757512824968200,15.70596826171875,-2.943561635568738,-0.00910100582242012,0.7342705526053905
1789757512834982100,15.715982177734375,-2.8371201994568107,0.04902911158502102,0.7005952236272395
1789757512844997000,15.7259970703125,-2.6014620163232087,0.07171294481903315,0.5566138920634984
1789757512855011000,15.736010986328125,-2.326507011067867,0.07409136438816785,0.35460678024962544
1789757512865025000,15.74602490234375,-1.9337924723505973,0.05108166020065546,0.13115531386882065
1789757512875039000,15.7560390625,-1.607778895509243,0.09304594796597956,-0.11165544443316756
1789757512885054200,15.76605419921875,-1.4628408477425574,0.15879501594454049,-0.3905326646335423
1789757512895068200,15.776068115234375,-1.3983388572156428,0.23233692975640297,-0.6341209831792861
1789757512905082000,15.78608203125,-1.3659072446882723,0.24804829362928865,-0.8362393733479082
1789757512915096000,15.796095947265625,-1.3987772486329078,0.2902949054673314,-0.9973686043936759
1789757512925111000,15.806111083984375,-1.4247633382827043,0.35665772143006325,-1.0976683228801936
1789757512935125000,15.816125,-1.5871785905510187,0.46490620696395635,-1.0455348155390471
1789757512945139200,15.82613916015625,-1.705014696380496,0.532403287653625,-0.9100041361302137
1789757512955154000,15.83615380859375,-1.7337229044705629,0.6477022762209177,-0.7547207815684378
1789757512965167900,15.84616796875,-1.8057079442292452,0.8345505434781313,-0.6310032895501703
1789757512975182000,15.85618212890625,-1.9498329220473765,1.0078256279349327,-0.5357654575631022
1789757512985196000,15.866196044921875,-2.0030939721137284,1.1013301333233714,-0.4271621672421694
1789757512995211000,15.8762109375,-1.9563994409561156,1.157456217432022,-0.2752797071650624
1789757513005225000,15.886224853515625,-2.0034195508062838,1.262385203154385,-0.19104316166378557
1789757513015239000,15.896239013671876,-1.8775328249901533,1.3311089030295609,-0.11152056600712239
1789757513025253000,15.906253173828125,-1.6084592789888381,1.4497113170564173,-0.07505809052847326
1789757513035268000,15.91626806640625,-1.369497962656617,1.564478975225985,-0.0499491490393877
1789757513045282000,15.926281982421875,-1.113134260624647,1.6089824260801076,0.016380641436576842
1789757513055296000,15.9362958984375,-0.7897954559504985,1.6531062299668788,0.07358224582225084
1789757513065311000,15.94631103515625,-0.5693874489188194,1.7151035441964864,0.11499949416406452
1789757513075325000,15.956324951171876,-0.3305821999311447,1.7770216557100413,0.11194850909560917
1789757513085339100,15.966339111328125,-0.0781347945600748,1.803768500599265,0.09914141529686749
1789757513095353000,15.97635302734375,0.09313537981510162,1.8300386678874492,0.04349252024590969
1789757513105368000,15.9863681640625,0.2503694300532341,1.8348931221812963,-0.018782953337952494
1789757513115382000,15.996382080078124,0.6039391223400831,1.8108157887622713,-0.03756342245787382
1789757513125396000,16.00639599609375,0.9078776454955338,1.7933575812220572,-0.06510068707242608
1789757513135411000,16.016410888671874,1.1958745031535625,1.7032774973243474,-0.025143574411049485
1789757513145425200,16.026425048828123,1.480053848350048,1.5305489408344028,0.044708983363583685
1789757513155439000,16.036439208984376,1.7156962493926287,1.3458508373484015,0.12806523889899252
1789757513165453000,16.046453125,1.9015759638786314,1.1336690991312264,0.2604046479858458
1789757513175468000,16.056468017578126,2.0528823776334524,0.9371560546889901,0.4238473436057567
1789757513185482000,16.06648193359375,1.994202225127816,0.9204328834250569,0.45610023856535553
1789757513195496200,16.07649609375,1.8417407961189747,0.8876829987287521,0.4673403753083199
1789757513205510100,16.08651025390625,1.8452175323188305,0.8466706048607826,0.4349448570076376
1789757513215525000,16.096525146484375,2.146075040593743,0.9154740919739007,0.27599611180610956
1789757513225539000,16.1065390625,2.484042090079188,1.0100319058075546,0.08715688992738724
1789757513235553000,16.116552978515625,2.3870038576066492,0.9472773434698581,-0.055100613518431776
1789757513245568000,16.126568115234374,2.137041254788637,0.4599783951729536,0.0014886311225593089
1789757513255582200,16.136582275390627,2.139747591137886,-0.14508856215327978,0.12773513016179203
1789757513265596200,16.14659619140625,2.179988416111469,-0.4876444007337093,0.15969474126324057
1789757513275609900,16.15660986328125,2.207427042657137,-0.6909630335375666,0.16919336810111998
1789757513285625000,16.166625,2.200769922855496,-0.831537040875852,0.1825061463996768
1789757513295639000,16.17663916015625,2.0736130309730765,-0.8616057236641645,-0.013474544731527566
1789757513305653000,16.186653076171876,2.046718594306707,-0.907332871094346,-0.27030498749241233
1789757513315668200,16.196668212890625,2.1529338204473256,-0.982492449235916,-0.5709466610595584
1789757513325682200,16.20668212890625,2.2513334044009445,-1.0643468488410115,-0.868768162639439
1789757513335696000,16.21669580078125,2.400271919980645,-1.1681637816682457,-1.0734073765225707
1789757513345710000,16.2267099609375,2.5126444997072217,-1.318684305742383,-1.0763836158543825
1789757513355725000,16.23672509765625,2.5082611700564623,-1.3584519602462648,-0.9896804610438644
1789757513365739000,16.246739013671874,2.2431816621273755,-1.219551731339097,-0.8168577965296805
1789757513375753200,16.256753173828123,1.745848811072111,-1.0746396947965025,-0.6258985868223012
1789757513385767000,16.266766845703124,1.1007663619607686,-1.081951186853647,-0.4073519897483289
1789757513395782000,16.276781982421873,0.32814006747603414,-1.0040963782787322,-0.19713512186333537
1789757513405796000,16.286796142578126,-0.40804362527430055,-0.8335916353181004,-0.13812676031664012
1789757513415810000,16.29681005859375,-1.1823276238381861,-0.741020903648436,-0.10112813213467597
1789757513425825000,16.306824951171876,-1.8909259750485419,-0.6816790723636746,-0.08579290809780359
1789757513435839000,16.3168388671875,-2.428383331221342,-0.582588583536446,-0.1877126290015876
1789757513445853000,16.32685302734375,-2.772975936326384,-0.47499768512845036,-0.35180268261432646
1789757513455867100,16.3368671875,-3.057473845952749,-0.39898558181077237,-0.5102779650852084
1789757513465882000,16.346882080078124,-3.21831088911891,-0.3349523778393864,-0.6781425688005983
1789757513475896000,16.35689599609375,-3.1592139725059267,-0.2851981668502092,-0.9332637234255671
1789757513485910300,16.36691015625,-2.96123816203475,-0.2646151052877307,-1.1919769111931324
1789757513495925200,16.37692529296875,-2.705605696886778,-0.21409575514495371,-1.4338896246768533
1789757513505939000,16.38693896484375,-2.447907531380653,-0.18663754711598157,-1.6487570948466657
1789757513515953200,16.396953125,-2.1069407155573368,-0.19983137520998714,-1.7755457379385828
1789757513525967000,16.406967041015626,-1.8110154029875993,-0.2680094239011407,-1.7732457904331385
1789757513535982000,16.416982177734376,-1.4978133769243955,-0.2783604297846555,-1.7444380674913524
1789757513545996300,16.426996337890625,-1.187141746121645,-0.22907938926517962,-1.6261498339802025
1789757513556010000,16.437010009765626,-0.8956851033985614,-0.2770838339775801,-1.4707058820292354
1789757513566025000,16.44702490234375,-0.6751379801571369,-0.30229455534070726,-1.3248821374692021
1789757513576039200,16.4570390625,-0.41008769832253456,-0.2685971606612205,-1.133102259028703
1789757513586053000,16.46705322265625,-0.22539339422881602,-0.19163783962130546,-0.9744923903927206
1789757513596067000,16.477067138671874,-0.2346095508635044,-0.1571443261280656,-0.9089537502944469
1789757513606082300,16.487082275390627,-0.2647597744554281,-0.20495266374647617,-0.8385610942937434
1789757513616096000,16.497095947265624,-0.26931553806364533,-0.2652782453715801,-0.7581852428086101
1789757513626110000,16.50710986328125,-0.4026332906633615,-0.220893160200119,-0.7446019770056009
1789757513636124200,16.517124267578126,-0.5214683444023132,-0.20371318507939576,-0.7717866287901997
1789757513646139100,16.52713916015625,-0.6477607284098863,-0.22202976301461458,-0.7801296558521688
1789757513656153000,16.537153076171876,-0.921055691498518,-0.23140812447369097,-0.891648102967441
1789757513666167000,16.5471669921875,-1.1059481485128402,-0.22965543558746576,-1.0054460393220186
1789757513676182000,16.55718212890625,-1.2605746466010808,-0.15402765541225671,-1.1401948476381598
1789757513686196000,16.567196044921875,-1.37368898460567,-0.08727057943493127,-1.3039999468296766
1789757513696210200,16.577210205078124,-1.1407020665079355,-0.18220073371231554,-1.2516646333061159
1789757513706224000,16.58722412109375,-0.8914391363918781,-0.2675175487309694,-1.1006152630522847
1789757513716238800,16.59723876953125,-0.6934773544460535,-0.3816244049042463,-0.9648365271665156
1789757513726253000,16.607253173828123,-0.4115314673900604,-0.6268327989324927,-0.7277839670650661
1789757513736267000,16.61726708984375,-0.16434651259183883,-0.8257894371345639,-0.36632235248461364
1789757513746282000,16.627281982421874,0.06143208156228065,-0.9600254736229776,0.06900222455561161
1789757513756296200,16.637296142578126,0.15752631118297575,-0.9856164264753461,0.3394948435746133
1789757513766310000,16.647309814453124,0.19474632703065872,-0.8972969225093722,0.41710239939019084
1789757513776324000,16.657323974609376,0.30930326505899425,-0.7251426587760448,0.3612378888271749
1789757513786339000,16.667339111328126,0.2692600084841251,-0.5407642887637019,0.3809606802985072
1789757513796353000,16.67735302734375,0.5173398662954568,-0.3047863721564412,0.7421743114672601
1789757513806367200,16.6873671875,1.107557921797037,-0.1493856748253107,1.3423819921940565
1789757513816382200,16.69738232421875,1.605736576026678,-0.042670097947120664,1.9069730006165801
1789757513826396000,16.70739599609375,1.8946505485296248,0.13899638275802134,2.3427064507186413
1789757513836410000,16.71741015625,2.3638550372093916,0.0641051001638174,2.724531054370105
1789757513846424000,16.727424072265624,2.987103255653381,-0.07584171518683433,2.883513117319345
1789757513856439000,16.73743896484375,3.5446851159662005,-0.08944850799590348,2.672240018379688
1789757513866453200,16.747453369140626,3.8595501068055627,-0.06487345418781042,2.298538953820616
1789757513876467000,16.757467041015627,3.935730844688415,-0.05166092139333486,1.8025978493846952
1789757513886481200,16.767481201171876,3.7858448191255327,0.027183190479874608,1.2454923744119704
1789757513896496000,16.77749609375,3.391168624946475,0.2166217664912343,0.7223432373158634
1789757513906510000,16.787510009765626,2.6956390141457316,0.34991906082481145,0.30111162916645406
1789757513916524300,16.797524169921875,2.054610224339366,0.38319647652655836,0.039640082601457835
1789757513926539300,16.807539306640624,1.409345988920331,0.4118438943400979,-0.15217808202281594
1789757513936553000,16.817552978515625,0.8799795847445726,0.5121919820129871,-0.18723938546665012
1789757513946567200,16.827567138671874,0.6102800157994032,0.6033718438461423,-0.07182356558665633
1789757513956581000,16.8375810546875,0.25602935551106926,0.6725295512244105,0.12311689577661454
1789757513966596000,16.84759619140625,-0.05713467662930488,0.6199734345570206,0.4447630711887032
1789757513976610300,16.8576103515625,-0.24830899039208887,0.5510083271414041,0.712428065566346
1789757513986624000,16.8676240234375,-0.4812918168365955,0.49894993086308237,0.880136382741481
1789757513996639000,16.877638916015623,-0.8061252439826726,0.4235249797835946,0.9820060539584606
1789757514006653200,16.887653076171876,-1.1231395218104123,0.34302024122178554,0.9682423900872469
1789757514016667100,16.897667236328125,-1.518051278311014,0.3163710114881396,0.8527990976784378
1789757514026681000,16.90768115234375,-1.9858833095937967,0.34398850173205137,0.6126539053238927
1789757514036696300,16.9176962890625,-2.3181243826478717,0.21754501881599425,0.3936753465734422
1789757514046710000,16.9277099609375,-2.640855869078636,0.19822014062106608,0.14324951015785337
1789757514056724000,16.937723876953125,-2.8268443046361207,0.18529460807442663,-0.06681465138345956
1789757514066739200,16.9477392578125,-2.971827945110202,0.2483624741449952,-0.18671061235219238
1789757514076753200,16.957753173828124,-3.094188834887743,0.2984229746043682,-0.24938706795237958
1789757514086767000,16.96776708984375,-3.139974434506893,0.2856198993936181,-0.14788067708984015
1789757514096781000,16.977781005859374,-3.118694330590963,0.3703720662668347,-0.01086589660309255
1789757514106796000,16.987796142578127,-3.1477614351212977,0.49936698723137374,0.12956519513316453
1789757514116810000,16.99781005859375,-3.0668536687165497,0.5067807706192136,0.33549510641396046
1789757514126824200,17.00782421875,-2.9571967776894565,0.5473085958406328,0.5027085527442395
1789757514136838100,17.017838134765626,-2.8641671963363886,0.6247609610944986,0.5665823283702135
1789757514146853000,17.02785302734375,-2.7149557090342045,0.6513169595867395,0.5859778606485575
1789757514156867000,17.0378671875,-2.671940158650279,0.688851155950129,0.556917331989482
1789757514166881000,17.047881103515625,-2.398127309167385,0.7587839393541217,0.5979862052850425
1789757514176896000,17.05789599609375,-2.220091878440976,0.8911223255276679,0.5366590454019606
1789757514186910200,17.06791015625,-2.055464210820198,0.9496952182665467,0.38337534022480246
1789757514196924200,17.077924072265624,-1.774359450763464,1.0034352840214966,0.19270678402706978
1789757514206938000,17.087938232421877,-1.465329741948843,1.0661211650371551,-0.05526216075569391
1789757514216953000,17.097953125,-1.0462222863465547,1.1314750962182878,-0.37377427592575546
1789757514226967000,17.107967041015623,-0.38867140080630774,1.1470385760530828,-0.6462170791644603
1789757514236981200,17.117981201171876,0.3571399519890547,1.208684592626989,-0.8219966207228601
1789757514246996200,17.127996337890625,0.7157037993013858,1.3042553828954695,-0.9382794326957314
1789757514257010000,17.138010009765626,1.0576204631954431,1.2229770296126603,-0.9559734217531979
1789757514267024100,17.148024169921875,1.3543769658923148,1.1681406930536031,-0.9197916629120707
1789757514277038000,17.1580380859375,1.5743565183788537,1.2129057174533604,-0.8728321972079575
1789757514287053000,17.168052978515625,1.7867723576128482,1.3729422578915953,-0.7263711045924574
1789757514297067300,17.1780673828125,1.7328414454609156,1.6605109532654285,-0.4960446378756314
1789757514307081000,17.1880810546875,1.6708844632416961,1.9671271711975336,-0.22948175952099262
1789757514317096000,17.198095947265625,2.0837065549641847,2.208138990318775,0.08056129105463623
1789757514327110100,17.208110107421874,3.0035686527639625,2.5162784722954035,0.38282347849570214
1789757514337124000,17.2181240234375,3.9352041904658077,2.7564921267762776,0.6658188746046274
1789757514347138000,17.228137939453124,4.804466566362977,2.6217694758147,0.9763997583840042
1789757514357153300,17.2381533203125,5.955134146568179,2.2609549269661304,1.3021588490076361
1789757514367167000,17.2481669921875,7.263570030018687,1.7752853334367273,1.489576586715877
1789757514377181000,17.258180908203126,8.386148995336889,1.1424459875658153,1.589462609834969
1789757514387195100,17.268195068359375,9.063756580477952,0.5122197468027472,1.4857732489101587
1789757514397210000,17.278210205078125,9.115348820549249,-0.14719605582654474,1.1891152381516992
1789757514407224000,17.28822412109375,8.53525585322082,-0.7347536599472164,0.8160046868316829
1789757514417238000,17.298238037109375,7.380577283808589,-1.1490613140523434,0.36843474152870476
1789757514427253000,17.3082529296875,5.852805406472086,-1.6331699418753385,0.06380443671680987
1789757514437267000,17.318266845703125,2.612483761075139,-1.9161939795568583,-0.4649755458731204
1789757514447281200,17.32828125,2.686104293081164,-2.120476488956809,-0.4081397060599178
1789757514457295000,17.338295166015627,0.9621247839897871,-2.1407295879125594,-0.6275752878628671
1789757514467309800,17.348309814453124,-0.38174423189163204,-2.1556787352412936,-0.6986336412306875
1789757514477323800,17.35832373046875,-1.2923381506085394,-2.1490844515427945,-0.6818556710395962
1789757514487337500,17.36833740234375,-1.982275640490651,-2.091504953755438,-0.5808470736313611
1789757514497352700,17.378352783203123,-2.3921757072865963,-2.0678207113072276,-0.3791591107692569
1789757514507366700,17.38836669921875,-2.6656653161644934,-2.103781082482636,-0.16954802675768732
1789757514517380600,17.398380615234377,-2.9231565609216688,-2.198501977923512,-0.003147285049781203
1789757514527394800,17.408394775390626,-3.088034403911233,-2.20390559053272,0.04305259445868432
1789757514537409800,17.418409912109375,-3.2484424080103635,-2.257707031086087,-0.016302461633831263
1789757514547423500,17.428423583984376,-3.4528672484904526,-2.328476265314221,-0.09105535867065191
1789757514557437700,17.438437744140625,-3.622395547634363,-2.3948712299808856,-0.15960750137120486
1789757514567452700,17.44845263671875,-3.688181732752919,-2.379214226643741,-0.2864833112899214
1789757514577466600,17.458466552734375,-3.6292052276492117,-2.3313462677925822,-0.45959560640044506
1789757514587480800,17.468480712890624,-3.4963182676821947,-2.2502590531677007,-0.5780266824483871
1789757514597494500,17.47849462890625,-3.3958716880708932,-2.140920726570487,-0.6984465942259878
1789757514607509500,17.488509521484374,-3.5027322263777254,-2.0188065050303936,-0.8476837274260819
1789757514617523700,17.498523681640624,-3.598266484028101,-1.9964903360649942,-1.0063185843728482
1789757514627537700,17.50853759765625,-3.619372400420904,-1.9601590857505797,-1.0922777889482675
1789757514637551900,17.5185517578125,-3.6723511264145374,-1.847913347274065,-1.1802961180105804
1789757514647566800,17.52856689453125,-3.6772412365436553,-1.7565867704465985,-1.26277712508142
1789757514657580500,17.53858056640625,-3.6515386400103567,-1.7218772761151193,-1.270854340814054
1789757514667594800,17.5485947265625,-3.5602772373735903,-1.746859741680324,-1.1460789372406899
1789757514677609700,17.558609619140626,-3.4930168880492447,-1.761874647721648,-0.9996574459832162
1789757514687623700,17.568623779296875,-3.4379712926536796,-1.739446250553429,-0.9130944302957504
1789757514697637600,17.5786376953125,-3.3598914431512354,-1.6876432903409002,-0.8262333084445447
1789757514707651600,17.588651611328125,-3.334841173046827,-1.5824676363810897,-0.7797975012883543
1789757514717666600,17.59866650390625,-3.222142430105805,-1.5053361736446618,-0.7355383805841207
1789757514727680800,17.6086806640625,-3.0336405504226684,-1.3940198249727487,-0.6897667364250868
1789757514737694700,17.61869482421875,-2.966569586190581,-1.2177920281901955,-0.6693120504826306
1789757514747709700,17.628709716796877,-2.7423224393874404,-1.0501254312649368,-0.6834487854499369
1789757514757723600,17.6387236328125,-2.3993127195596693,-0.9050278090223669,-0.7428433698352426
1789757514767737600,17.648737548828127,-2.0311235502898692,-0.747348937626183,-0.7925254654362798
1789757514777751800,17.658751708984376,-1.2528636338323353,-0.6169947110071778,-0.7290765641588717
1789757514787766800,17.668766845703125,-0.31379765386879444,-0.38216625669598575,-0.42925373269394035
1789757514797780700,17.67878076171875,-0.3671411215215921,-0.26810791583955285,-0.4354845168422907
1789757514807794700,17.688794677734375,0.6801917564153671,-0.3127498983815312,0.16792795127518473
1789757514817809700,17.6988095703125,1.1562339821606873,-0.11750555870085953,0.34719197394847867
1789757514827823600,17.70882373046875,1.7620634482920168,0.11464315500706433,0.4121221267595887
1789757514837837800,17.718837890625,2.5816455552190543,0.4297238344237208,0.430579574470222
1789757514847851800,17.728851806640623,2.5281775844037533,0.553731614625454,0.47766003620550035
1789757514857866800,17.73886669921875,4.35359502223134,1.033909040479362,0.7657829313959926
1789757514867880700,17.748880615234373,5.129322789862751,1.211765315246582,1.0582228860680014
1789757514877894700,17.758894775390626,5.532844553798437,1.3423247090488672,1.3028048918262123
1789757514887909600,17.76890966796875,5.911345273724198,1.278884794795513,1.617418392122537
1789757514897923600,17.778923583984376,5.884782260969281,1.3798887160286306,1.5640660105109214
1789757514907937800,17.788937744140625,6.6105655557364225,1.0833347501665354,2.0614345174014566
1789757514917951500,17.798951416015626,6.696633481383324,0.7900248807922006,2.1653113637223838
1789757514927966700,17.808966796875,6.62504240937829,0.527781765332818,2.081751329243183
1789757514937980700,17.818980712890625,6.21998159930706,0.3694552436828613,1.7632650791667401
1789757514947994600,17.82899462890625,6.2063651618868105,0.3871595349386334,1.842444852735102
1789757514958008800,17.8390087890625,4.832088148260116,0.3531964750602841,0.8221796491395682
1789757514968023800,17.84902392578125,3.696775958096981,0.1718620027884841,0.45223640274405474
1789757514978037500,17.85903759765625,2.494229137572646,0.03882277486920357,0.2001164757616818
1789757514988051700,17.8690517578125,1.3617998093694448,0.10226502721011638,0.04085190607663244
1789757514998066700,17.879066650390627,1.388648068806529,0.0037599370554089544,0.1002500341258943
1789757515008080600,17.88908056640625,-0.5685065744310617,0.09382979182004927,0.2619951685803011
1789757515018094800,17.8990947265625,-1.2499281649023293,0.06361556308120489,0.503312071595341
1789757515028108500,17.909108642578126,-1.7815970008015631,0.04530161549448967,0.7704786149315536
1789757515038123500,17.91912353515625,-2.199702001363039,-0.06417904218286276,1.0297624421939253
1789757515048137700,17.9291376953125,-2.186771208119392,-0.08856821803003549,0.9656159871064126
1789757515058151700,17.939151611328125,-2.5878812347382305,-0.3718684423044324,1.3470590440943837
1789757515068166700,17.949166748046874,-2.7703853353112935,-0.4348065445154905,1.3293300567887723
1789757515078180900,17.959180908203123,-2.9112212084561584,-0.5272314379736781,1.277545947407186
1789757515088194600,17.969194580078124,-3.048015112733841,-0.6107473410502076,1.1806942504826932
1789757515098208800,17.979208740234377,-3.0384014812141653,-0.6382520185694098,1.184119987147674
1789757515108223700,17.9892236328125,-3.4360657512933015,-0.5678571706116199,0.556866040193662
1789757515118237700,17.99923779296875,-3.471013146033883,-0.5866141857907176,0.1435232855979353
1789757515128252000,18.009251953125,-3.4514982982248066,-0.5472530662611127,-0.2272308387890458
1789757515138266600,18.0192666015625,-3.294366539317369,-0.4040642002493143,-0.45984833905249833
1789757515148280600,18.029280517578126,-3.2897032236814496,-0.4202320757180452,-0.44147718138583003
1789757515158294800,18.039294677734375,-2.78135798022449,-0.2885802105039358,-0.577733763916418
1789757515168308700,18.049308837890624,-2.6082342869371176,-0.24972528693079946,-0.46433439842537044
1789757515178323700,18.05932373046875,-2.4735744720786808,-0.20319354511946439,-0.27272695394232865
1789757515188337700,18.069337646484374,-2.3071815483510494,-0.07436258254498243,-0.09363361166082322
1789757515198351600,18.0793515625,-2.295782786980271,-0.10089929181486368,-0.10777063888907432
1789757515208366600,18.08936669921875,-2.187548622232675,0.3414829486519098,0.005921352872997522
1789757515218380800,18.099380859375,-2.1568074470102787,0.4410612209960818,0.004855477207154036
1789757515228394800,18.109394775390626,-2.1380448788732287,0.5001549227386712,-0.04584185985103249
1789757515238408400,18.119408447265624,-2.2314298495352265,0.5376213145628571,-0.1102015192978084
1789757515248423700,18.129423583984376,-2.1071739397913216,0.5717164763882756,-0.21964856696650384
1789757515258437600,18.139437744140626,-1.7731518285393715,0.6286477393999695,-0.3619724867120385
1789757515268451600,18.14945166015625,-1.457196704375744,0.6885667860507965,-0.4953294022783637
1789757515278466800,18.159466796875,-0.9960510189890861,0.678326839326322,-0.5170550580047071
1789757515288480800,18.169480712890625,-0.40290333977639675,0.72002283154428,-0.55832442230843
1789757515298494500,18.179494384765626,0.19400456875264643,0.8313800967484712,-0.6532064996603876
1789757515308508700,18.1895087890625,0.8123544937610626,0.8672624342516064,-0.8136614116411656
1789757515318523600,18.199523681640624,1.4319079493403435,0.8558286015674471,-0.941471872061491
1789757515328537600,18.20953759765625,1.93393626473546,0.9386617830768227,-1.0114746519617737
1789757515338551800,18.2195517578125,2.444308045583963,0.9520099249497056,-0.8625213772043585
1789757515348566800,18.22956689453125,2.6033476839393375,1.0743024256661533,-0.6292556421652435
1789757515358580500,18.23958056640625,2.4316104765743014,1.35700643761307,-0.46436640099883075
1789757515368594700,18.2495947265625,2.4125831200212238,1.6465125307902693,-0.3133011755887419
1789757515378608600,18.259608642578126,2.97102948820889,1.8775866010040043,-0.10125504644997417
1789757515388623600,18.26962353515625,3.879740661919117,2.1147999046251176,0.1812716361686587
1789757515398637800,18.279637939453124,4.521633959600329,2.139334041900933,0.4815386312045157
1789757515408651500,18.289651611328125,5.041916309088468,2.000114956302941,0.7716624909538775
1789757515418666500,18.29966650390625,5.585700530195236,1.6218571052223443,1.1034540666747839
1789757515428680700,18.3096806640625,6.06608107740581,1.030150856989622,1.4518220256000756
1789757515438694700,18.319694580078124,6.455525800672173,0.5687500277981161,1.448847247572988
1789757515448708900,18.329708984375,6.4453258936971425,0.6068184771686792,1.4343329845301807
1789757515458723800,18.339723876953126,6.039253860756754,-0.04608721291422844,0.7245885320246219
1789757515468737800,18.34973779296875,5.276691279646754,-0.18017741119116543,0.13279855103120208
1789757515478752000,18.359751953125,4.179188887917995,-0.2799006449639797,-0.34348939310349524
1789757515488767000,18.36976708984375,3.0518630203336476,-0.42509149844795463,-0.5689756532475352
1789757515498780700,18.37978076171875,2.031517518043518,-0.367758668898046,-0.8101420053433627
1789757515508795000,18.389794921875,1.2881734321445226,-0.36316520362794397,-0.96667214509584
1789757515518808800,18.399808837890625,0.8015601280242204,-0.46235301534980533,-0.898105389348045
1789757515528823800,18.40982373046875,0.25153029052615167,-0.3825909118488431,-0.6752416597273201
1789757515538838000,18.419838134765627,-0.3003273469209671,-0.3516147588267922,-0.3071585081152618
1789757515548851700,18.429851806640624,-0.2713262933641672,-0.41662557565867897,-0.33459954581372436
1789757515558866700,18.43986669921875,-0.7311123808354139,-0.6522711915716528,0.3817108410786837
1789757515568881000,18.449880859375,-0.7389385444164276,-0.7605714072927832,0.5343420736964791
1789757515578894800,18.459894775390627,-0.6758136874616145,-0.8636950971588492,0.5598779353607446
1789757515588908800,18.46990869140625,-0.714827016466856,-0.9537012390375137,0.507231144735217
1789757515598923800,18.479923828125,-0.7521329570323229,-0.9871931742727756,0.34528277932628987
1789757515608937700,18.489937744140626,-0.8806389254361391,-1.0804159401103854,0.21919242069683967
1789757515618951700,18.49995166015625,-1.0935101072221993,-1.2299144276604055,0.11387049013413489
1789757515628966000,18.5099658203125,-1.4755506917119026,-1.4118287456467746,-0.03458944814838469
1789757515638980900,18.51998095703125,-1.9439877031505106,-1.6421648569747804,-0.17677593218460677
1789757515648994600,18.52999462890625,-1.909251320812106,-1.7170780591398476,-0.16989391758590935
1789757515659008800,18.5400087890625,-2.9182635281831026,-1.9281278707176446,-0.49006366376988586
1789757515669023700,18.550023681640624,-3.1901848648309707,-1.8184902689129112,-0.7345305917810648
1789757515679037700,18.56003759765625,-3.1557442505687474,-1.894269732518494,-0.6910675898905843
1789757515689052000,18.570052001953126,-3.2093647815972566,-0.7094777643933892,-1.401449098190665
1789757515699065600,18.580065673828123,-3.252379747459292,-0.7905801765874028,-1.4961914748109877
1789757515709080600,18.59008056640625,-2.907732781818509,-1.9719442160904406,-1.0794546207975595
1789757515719094800,18.6000947265625,-2.0179671315968037,-2.5637235295593737,-1.0787602087926118
1789757515729108700,18.610108642578126,-1.2553916910052298,-2.623421042414009,-1.235084377644211
1789757515739123700,18.620123779296875,-1.439362941521406,-2.3263126575395465,-1.3102163371264934
1789757515749138000,18.630137939453125,-1.7659826675623653,-2.04413968372941,-1.1495916215367614
1789757515759151600,18.640151611328125,-2.0138859997630116,-2.3900211596012113,-0.49190899937562643
1789757515769165800,18.650165771484374,-2.5430899068534374,-4.177337707093358,1.26948612120077
1789757515779180800,18.660180908203124,-2.6032582520902157,-3.0914030035614966,0.8843476437609642
1789757515789194800,18.67019482421875,-3.2564310686767097,-1.9232085344940424,-0.10857674937387927
1789757515799209000,18.680208984375,-3.2129063997268674,-1.996214733994007,0.05029612214642111
1789757515809224000,18.690223876953127,-2.5021394723057746,0.1114133793056011,0.5263106698669493
1789757515819237600,18.700237548828124,-2.678115632414818,0.57914019664824,0.10326404818482697
1789757515829251800,18.710251953125,-2.511052846601605,0.5460591803014279,-0.12376863768361508
1789757515839265800,18.720265869140626,-1.7607991274446249,0.4691401912719011,-0.38683286026753483
1789757515849280800,18.73028076171875,-1.7283347816914318,0.45260289796888825,-0.1923652771130204
1789757515859295000,18.740294921875,-0.653561523643136,-0.13845979166328906,-1.0514970118790865
1789757515869308700,18.75030859375,-0.31027240235209463,-0.2085363674521446,-1.026526382882148
1789757515879323600,18.76032373046875,-0.20726678590774536,-0.08210077558159827,-0.792751529277116
1789757515889337900,18.770337890625,-0.02225625547170639,0.20040975961983204,-0.7429008721761405
1789757515899351800,18.780351806640624,-0.03803893101513386,0.24675416216552257,-0.6634001960903406
1789757515909366000,18.790365966796877,1.0949176359325647,0.9300637583404779,-0.6420360671527683
1789757515919381000,18.800381103515626,1.4899246695011854,1.134676814869046,-0.6609568945914507
1789757515929394700,18.810394775390623,1.4761182624667881,1.1730962696343659,-0.6093655313029885
1789757515939409000,18.820408935546876,1.4684838220655918,1.4263701889574527,-0.2685844473101199
1789757515949423900,18.830423828125,1.4555892691791057,1.2290075419485569,-0.058215311472862956
1789757515959437800,18.840437744140626,2.288723516118526,1.6832634678214788,0.1368196232408285
1789757515969452000,18.8504521484375,3.360671195352077,2.0614497149705886,0.09348287807852029
1789757515979465700,18.8604658203125,3.2935558074563738,2.1840216171503064,0.11828370346650481
1789757515989480700,18.870480712890625,4.258861559569835,1.0884519470497964,0.3950882821112871
1789757515999495000,18.880494873046874,4.579064988827705,0.12094430097788572,0.493249381133914
1789757516009508900,18.8905087890625,5.013159585681557,-0.6427806019097566,0.4803426994182169
1789757516019523800,18.90052392578125,5.185501773202419,-1.2463579052001237,0.3603250117659569
1789757516029537800,18.910537841796874,5.125509369054436,-1.1144850907117128,0.3734855221122503
1789757516039551700,18.9205517578125,3.822788356119394,-1.4051622734948992,0.11956336801350116
1789757516049566700,18.930566650390624,2.7445003679484126,-1.8360402463898062,0.9010331864282488
1789757516059581000,18.940580810546876,1.6536358067989347,-1.889657562547922,1.4161217666655779
1789757516069595000,18.950594970703126,0.6557651711672544,-1.8341367508560418,1.4740776965498923
1789757516079608800,18.96060888671875,0.2303396184593439,-1.0224833911016582,1.2388977984525262
1789757516089623800,18.970623779296876,-0.0689198069691658,0.2061255069181323,0.8813665090583265
1789757516099637800,18.9806376953125,-0.5683434928238391,0.9470435347139835,0.507736756169796
1789757516109651700,18.990651611328126,-1.0014549238592385,1.314377840720117,0.35970907182469963
1789757516119666700,19.000666748046875,-1.4233096323430536,1.373438516975939,0.3239883546240628
1789757516129681000,19.010680908203124,-1.7560954797983168,1.0092512768238782,0.2187178619876504
1789757516139694600,19.020694580078125,-1.9537135628730058,0.46574002743959425,0.23585399796664713
1789757516149708800,19.030708740234374,-1.9414906256377695,0.43222734167724847,0.21935849797874687
1789757516159723800,19.040723876953123,-2.083935103023052,0.032762159655988214,0.3437449022345245
1789757516169737700,19.05073779296875,-1.9819331106632947,0.11407470746934413,0.3173807730525732
1789757516179752000,19.060751953125,-1.909367056146264,0.2001145760655403,0.27899478216543794
1789757516189767000,19.070766845703126,-1.9366870247483252,0.15415069727003575,0.2809883671354502
1789757516199780600,19.080780517578123,-2.0434826811254023,-0.036841830185055734,0.2968589401580393
1789757516209794800,19.090794921875,-2.2593507066398857,-0.37078999941796065,0.45284123676940796
1789757516219808800,19.100808837890625,-2.2607623270034787,-0.76900722720474,0.7461926071979105
1789757516229823700,19.11082373046875,-1.7557149560481309,-1.0128551465347408,1.0861636899821459
1789757516239838000,19.120837890625,-0.8691536548256874,-0.7096297400847077,1.2898404885739088
1789757516249851600,19.1308515625,-0.8564011407583951,-0.719824970884621,1.35032462176159
1789757516259866600,19.14086669921875,0.06738134535551071,0.3002931523904204,1.0624683416180312
1789757516269880800,19.150880859375,-0.5110369667589664,0.22638415883183477,0.9582949965685605
1789757516279894800,19.160894775390624,-0.48987844339609143,0.1796539718389511,0.96318700639382
1789757516289909000,19.170908935546876,-2.026890442764759,0.032606969094276426,1.0165231675229967
1789757516299924000,19.180924072265626,-1.4746867683589457,0.14028642256855964,0.8882483775265514
1789757516309937700,19.190937744140626,-1.7003583950072525,0.3737324826106429,0.8559577809050679
1789757516319952000,19.200951904296875,-2.2675889581531283,0.3664879183098674,0.7840791241303086
1789757516329966800,19.210966796875,-2.232761390399933,0.17677987770736217,0.6730531367070972
1789757516339980800,19.220980712890626,-1.69225049187541,0.35254853254556656,0.541424213977158
1789757516349995000,19.2309951171875,-0.7884943102240562,0.8660220788016915,0.47401174283102154
1789757516360008700,19.2410087890625,-0.0030307459980249405,1.017666638469696,0.36919703113809227
1789757516370023700,19.251023681640625,0.6407306836426258,0.763999628175795,0.1836221448175609
1789757516380038000,19.261037841796874,0.6428109970480204,0.7769657849937677,0.22989362825751303
1789757516390051800,19.2710517578125,0.9381213925898074,0.4768959199652075,0.21218290726095437
1789757516400066800,19.28106689453125,1.641544971510768,0.17990999242663383,-0.02776829689145088
1789757516410081000,19.2910810546875,1.9050655595600603,0.31981355315744875,-0.2207492216847837
1789757516420094700,19.3010947265625,2.0239275013059377,0.5717588542252778,-0.3711874743029475
1789757516430108700,19.311108642578127,1.824371143645048,0.7759910947427153,-0.42221228974983094
1789757516440124000,19.3211240234375,1.3582903399437665,0.9662252050459385,-0.5117842779949308
1789757516450137900,19.331137939453125,0.7958978644788265,1.1348515869140625,-0.7126955573961138
1789757516460151800,19.34115185546875,0.4056558533549309,1.238153263695538,-0.7611680580116807
1789757516470166800,19.351166748046875,-0.3474801432400942,0.8215133672505617,-0.348329891937226
1789757516480180700,19.3611806640625,-0.26767303155362604,0.848835089418292,-0.2540541099153459
1789757516490194700,19.371194580078125,1.6532114439070225,2.2433996887922287,-0.7386477447763085
1789757516500209000,19.381208984375,3.896405965515971,2.8989412803366776,-0.9130532945677637
1789757516510224000,19.391223876953124,5.006809924393892,2.5604531295865773,-1.0361118112206458
1789757516520237600,19.401237548828124,4.552189256861806,1.4315852932572364,-0.5871414245352149
1789757516530251800,19.411251708984373,4.199935907870531,-0.14739450100809334,-0.13137202535942197
1789757516540266800,19.421266845703126,3.7169910631299015,-1.674405915366113,0.08453428633883595
1789757516550280700,19.43128076171875,2.9273090044260024,-2.705048063004017,0.11428067837022245
1789757516560295000,19.441294921875,2.0351509061098096,-3.150848879742622,-0.017195830276980996
1789757516570308600,19.45130859375,1.3143991757690905,-2.728421632067859,-0.5178596523858606
1789757516580323600,19.461323486328126,0.6718564742684364,-1.8386878382891416,-1.1397240152560173
1789757516590337800,19.471337890625,0.1540922450810671,-1.0567109471350908,-1.5297347018420695
1789757516600351700,19.481351806640625,-0.02873334253132343,-0.40318303350061174,-1.5847127849593758
1789757516610366700,19.49136669921875,-0.2527969494611025,0.08075900558382272,-1.404584473606944
1789757516620381000,19.501380859375,-0.8462579324066638,0.08864829752892256,-1.2777704038128257
1789757516630394600,19.51139453125,-0.836149210846424,0.050553544673323625,-1.3460421221368013
1789757516640408800,19.521408935546877,-1.7762556397736071,-0.3220487648636102,-0.43874205733351407
1789757516650423800,19.531423828125,-1.99188225774765,-0.4209320406809449,-0.24729908269718287
1789757516660437800,19.541437744140627,-2.035959884405136,-0.62312634562999,-0.06272511704750358
1789757516670452000,19.551451904296876,-1.7536089236795902,-0.9482970419064164,0.09779058520980179
1789757516680467000,19.561467041015625,-1.4661346285909413,-1.0009028429344295,0.06307203078903258
1789757516690480600,19.571480712890626,-1.507907485437393,-0.9533066867619753,0.04278955960832536
1789757516700494800,19.581494873046875,-1.7845324697315692,-0.9329334685578942,-0.05741210533119738
1789757516710509800,19.591509765625,-2.157573170685768,-1.1487810358062387,-0.10422069132253527
1789757516720523800,19.601523681640625,-2.293560434755683,-1.5954133349329231,0.09834639246165752
1789757516730538000,19.6115380859375,-2.653080559879541,-1.4079624256074428,-0.48790798357333987
1789757516740551700,19.6215517578125,-2.684972658702731,-1.3404057236850262,-0.539726324018091
1789757516750566700,19.631566650390624,-2.684965059918165,-0.33149726894944903,-0.8578016552060842
1789757516760580900,19.641580810546873,-2.819676312702894,-0.40875849554538723,-0.9978197822272777
1789757516770594800,19.6515947265625,-2.5433587869226932,-0.5412193390548229,-0.9894548355944454
1789757516780609800,19.66160986328125,-2.45983060888648,-0.7028785122588277,-0.8538269063562154
1789757516790624000,19.6716240234375,-2.509358317643404,-0.8751455887168645,-0.746731024923548
1789757516800637700,19.6816376953125,-2.4641700993955133,-0.9187263717681169,-0.6894342165350914
1789757516810652000,19.69165185546875,-2.446111880135536,-0.878464504006505,-0.6187658123329282
1789757516820667000,19.7016669921875,-2.334873857396841,-0.756588182875514,-0.5832293291253968
1789757516830680800,19.711680908203125,-2.3476766403466462,-0.7234817398265003,-0.6267966316405683
1789757516840694800,19.72169482421875,-1.777378506323695,-0.24148937350511548,-0.5357305323801934
1789757516850710000,19.7317099609375,-1.491392988488078,-0.13694412640333176,-0.4669993067856878
1789757516860723700,19.7417236328125,-1.3391063315242528,0.01039981346130371,-0.36242921750359236
1789757516870737700,19.751737548828125,-1.2878057678759098,0.2526423434212804,-0.21909056775756178
1789757516880753000,19.7617529296875,-1.2496031707316637,0.3700207686111331,-0.01089647440444678
1789757516890766800,19.771766845703127,-1.2523299653470517,0.38030163186788557,-0.054166346609313035
1789757516900780800,19.78178076171875,-1.189648175984621,0.07461363469660282,0.16253451300011948
1789757516910794800,19.791794677734377,-0.9655635262668132,-0.06987199312746524,0.024762246943265197
1789757516920809700,19.801809814453126,-0.665477002364397,-0.10938304252177476,-0.1944495177748613
1789757516930823700,19.81182373046875,-0.2636228793799877,-0.034148645578324796,-0.495005467553623
1789757516940838000,19.821837890625,0.22295944508016108,0.12406009491086005,-0.818492411994189
1789757516950852900,19.831852783203125,0.6484101322293281,0.20027152019292116,-0.9920375455640256
1789757516960866800,19.84186669921875,0.8864712848514318,0.04448883780688047,-0.9012300241746007
1789757516970880800,19.851880859375,1.0054840332448483,0.02786854239553213,-0.8930412378262728
1789757516980894700,19.861894775390624,0.9947703315287828,0.06146832191944122,-0.8783612628277391
1789757516990909700,19.87190966796875,1.0696323880285024,0.4612593748942017,-0.832651943315193
1789757517000924000,19.881923828125,1.4686527488917112,0.251501648953557,-0.2806318818479776
1789757517010937600,19.8919375,1.8122715405285357,0.21821721898913382,-0.2741048912320286
1789757517020952600,19.90195263671875,2.4434908839821814,0.43926089357584713,-0.4342637428756803
1789757517030966800,19.911966796875,2.7863544733375307,1.0807646074175834,-0.6024297406904399
1789757517040980700,19.921980712890626,2.919993128454685,0.9979176896438002,-0.34157632602378724
1789757517050995000,19.931994873046875,3.3383670090854167,0.3441653196036815,0.0614994385769125
1789757517061010000,19.942010009765625,3.7271126441717146,-0.13228548694252967,0.39949546756166965
1789757517071023600,19.952023681640625,3.8793069466769694,-0.18712796098142861,0.6630887189883738
1789757517081037800,19.962037841796874,4.20336880492866,-0.3826017255038023,0.9714899937063455
1789757517091052800,19.972052734375,4.682222580963373,-0.5934117369763553,1.318124918293953
1789757517101066800,19.982066650390625,4.723558215436339,-0.7903761784479022,1.5452707091480493
1789757517111081000,19.9920810546875,4.232384471532702,-1.0289866355158388,1.6721518528290091
1789757517121096000,20.002095947265627,3.427959017205238,-1.1976049802079796,1.603120986700803
1789757517131109600,20.012109619140624,2.456113634189963,-1.4060035466246306,1.3722782410249112
1789757517141123800,20.022123779296876,1.5591256314992903,-1.5049736239425837,1.1108616395175457
1789757517151137800,20.0321376953125,0.8995090456008911,-1.381051914589107,0.8125775619272142
1789757517161152800,20.04215283203125,0.40549920148849483,-1.0872383334763347,0.46312326906993984
1789757517171167000,20.0521669921875,0.22890929339528082,-0.8335618247017264,0.19674751078523695
1789757517181180700,20.0621806640625,0.4467915813416242,-0.7432463246129453,0.09388144894205033
1789757517191195600,20.072195556640626,0.8890385049909353,-1.0919299984239041,0.3160177776036784
1789757517201209900,20.0822099609375,0.972455039346218,-0.8283718548431992,0.40417321358174085
1789757517211223800,20.092223876953124,0.1263321314960718,-0.10882950029224157,0.4512921441638842
1789757517221238000,20.102238037109377,-0.5357148964196443,0.07132175354436039,0.8514970021039246
1789757517231253000,20.1122529296875,-0.9460007476627826,-0.23187632650732992,1.187135900902748
1789757517241266700,20.1222666015625,-0.9459966560095548,-0.24068901690766215,1.144424448031932
1789757517251281000,20.132281005859376,-1.3494266500085592,-0.6280433437660337,1.3053959312327206
1789757517261295900,20.1422958984375,-1.651013057079911,-0.23309315495118496,1.169546029806882
1789757517271309800,20.152309814453126,-2.0352800854474307,-0.02130216961726546,0.9465756980065256
1789757517281324000,20.162323974609375,-2.2431167801976204,0.008880494939535856,0.7846484484508633
1789757517291339000,20.172339111328125,-2.0856313855469226,-0.6059035542808473,1.036160764928907
1789757517301352700,20.182352783203125,-2.0828028841227293,-0.6127572195678949,1.0581958519306034
1789757517311367000,20.192366943359374,-1.3368348794609308,0.27288024480789896,-0.03840553583782166
1789757517321380900,20.202380859375,-1.7659937734782696,0.41166313094571233,-0.2749888709923252
1789757517331395800,20.212395751953125,-1.9915572635769843,0.30043650638386604,-0.19624734271075575
1789757517341409800,20.222409912109374,-2.185475907611847,0.017369944734871388,0.01584386767875403
1789757517351423700,20.232423828125,-2.2671201715976,0.6611027328029274,-0.20992478960324076
1789757517361438700,20.242438720703124,-2.292105559772253,0.6556032586038112,0.18537183802910148
1789757517371453000,20.252452880859376,-2.468160045814514,0.4622933941170573,0.5588488480413333
1789757517381467000,20.262466796875,-2.4591011255681514,0.42810032487511634,0.5474203856520354
1789757517391480600,20.27248046875,-2.843658661314845,0.4430743143841624,0.7835588996484876
1789757517401495800,20.282495849609376,-3.0975381453156468,0.959068026767671,0.5057171599756926
1789757517411509800,20.292509765625,-2.8666712881118057,1.0218193742349744,0.2272190570197068
1789757517421523700,20.302523681640626,-2.2592811485350133,1.039393901631236,0.16423925282508134
1789757517431539000,20.3125390625,-1.7054688698887823,1.013358712142706,0.25240813280660657
1789757517441553000,20.322552978515624,-1.424082954803109,0.9766299869433045,0.4261019541321322
1789757517451566600,20.332566650390625,-1.2475538369864225,1.0214768444076179,0.6242386907860636
1789757517461582300,20.342582275390626,-1.1045523102402686,1.09010497495383,0.7016501395076513
1789757517471596500,20.352596435546875,-1.0519570306062698,0.9615535599730908,0.7162796994931996
1789757517481610500,20.362610595703124,-0.8883394168108701,0.6941399100080132,0.6870203603263944
1789757517491624400,20.37262451171875,-0.4801455694109201,0.40558293424919245,0.6594486819855868
1789757517501639400,20.382639404296874,0.06506897675991058,0.29942586803659793,0.4995172093570232
1789757517511653400,20.3926533203125,0.623659721854329,0.3884929754994809,0.2201027404747903
1789757517521667600,20.40266748046875,0.8404039456814527,0.4987732591219246,-0.028523279977217316
1789757517531682600,20.4126826171875,0.7245376786202192,0.4176784457124769,-0.13173589023575186
1789757517541696300,20.4226962890625,0.5631652134031057,0.1083855559170246,0.04493643544390798
1789757517551710500,20.43271044921875,0.581339167997241,0.03207768452316522,0.029735651441663503
1789757517561724400,20.442724365234376,0.5018763397037983,-0.1581435662984848,0.08853088169433176
1789757517571739400,20.452739501953126,0.08216507298946381,-0.03228898918628693,-0.1856467094477266
1789757517581753600,20.462753662109375,0.11308043573498726,-0.12669044341444968,-0.12898461876623332
1789757517591767300,20.472767333984375,0.26652619960606094,0.23663521147221325,-0.6423721672393381
1789757517601782300,20.4827822265625,1.2968921606510877,0.3969008844912052,-0.9067761139944195
1789757517611796500,20.49279638671875,2.6910236293047665,0.4784709141969681,-1.0699215802334248
1789757517621810400,20.502810546875,4.149724893024564,0.23743396063446998,-1.1818865290071814
1789757517631825400,20.512825439453124,4.169731908264756,0.1702189117565751,-1.2072406774289905
1789757517641839600,20.522839599609377,6.051518299046158,-1.05860567484051,-1.3922750271320343
1789757517651853300,20.532853271484374,6.042630059191584,-1.0647495844230055,-1.5088964964747429
1789757517661867300,20.5428671875,6.280844356548786,-2.4503499560967086,-0.6618640725642442
1789757517671882500,20.552882568359376,6.063984981909394,-3.291506473711133,-0.12780066967867315
1789757517681896400,20.562896484375,6.052744041448832,-3.271560248747468,-0.20107691829167304
1789757517691910400,20.572910400390626,4.720415825757384,-3.6843314870655535,0.20182554470188915
1789757517701925600,20.582925537109375,3.740696348366141,-3.229902542713284,-0.08781769192367792
1789757517711939300,20.592939208984376,2.7947780182898043,-2.8069319819420575,-0.3572563814429566
1789757517721953300,20.602953369140625,2.093739288678765,-2.6251722699955105,-0.4934126819368452
1789757517731968500,20.612968505859374,2.0881366463661193,-2.6062778921723364,-0.48022217831108716
1789757517741982500,20.622982421875,1.503397899058461,-2.6024881445005534,-0.3626219270640984
1789757517751996400,20.632996337890624,1.464255390715599,-2.5368457517668603,-0.2434797070721164
1789757517762010400,20.64301025390625,1.3967618171572684,-2.4836522139787673,-0.08588402044735849
1789757517772025300,20.653025390625,1.2505898436814546,-2.4568124301090837,0.20402298168092964
1789757517782039300,20.663039306640623,1.2385697355419396,-2.4209099266007543,0.188530667386204
1789757517792053500,20.673053466796876,0.48228024335205555,-2.420565058685839,0.6825777747690677
1789757517802068500,20.683068359375,0.47691140979528424,-2.399839081521332,0.7032199461076408
1789757517812082400,20.69308251953125,-0.36041619718074797,-2.363784310060739,0.5600448528928682
1789757517822096400,20.703096435546875,-0.71537880513072,-2.2206489278018475,0.2961980650965124
1789757517832111400,20.713111328125,-0.7077104624599218,-2.234914476780593,0.3493684777373448
1789757517842125300,20.723125244140626,-1.0212146863400935,-2.0395593702018258,-0.3203555510796606
1789757517852139500,20.733139404296875,-1.1267921990990637,-1.986244544121623,-0.5608045486863702
1789757517862153500,20.743153564453124,-1.2073819855958223,-1.911390670928359,-0.6957900153025984
1789757517872168400,20.75316845703125,-1.2298515915572643,-1.8955816918998956,-0.6883469327550381
1789757517882182400,20.763182373046874,-1.2279197467118501,-1.9036013322263956,-0.6966402754563837
1789757517892196400,20.7731962890625,-1.085953992754221,-1.9535987043216823,-0.504029133823514
1789757517902211300,20.78321142578125,-0.7356278124332427,-2.0206231990635395,0.10527473042011261
1789757517912225500,20.7932255859375,-0.48067631528675553,-2.029531604923308,0.22025698118843137
1789757517922239500,20.803239501953126,-0.0772983437359333,-2.0031272898614407,0.259919860143587
1789757517932254200,20.813254150390627,-0.07099427515566349,-2.0221321423217655,0.2623900496494025
1789757517942268400,20.823268310546876,0.20414836162626743,-1.900088647930324,0.21168679430708287
1789757517952282400,20.833282470703125,0.062435705646872515,-1.9108476500928402,0.17069368966147302
1789757517962296600,20.843296630859374,-0.30295535733699797,-1.8966434759125113,0.07636215886436402
1789757517972311600,20.8533115234375,-0.611363719382882,-1.8275784152537584,-0.05410480741411447
1789757517982325200,20.8633251953125,-0.6014893911004066,-1.8511670883730054,-0.029784532084688543
1789757517992339500,20.87333935546875,-0.5839782843291759,-1.6323235541790724,-0.3752746705513447
1789757518002354400,20.8833544921875,-0.5367781417369842,-1.6038418483212589,-0.5021087602201849
1789757518012368400,20.893368408203123,-0.43419981079399583,-1.6242425390541553,-0.5434165568381547
1789757518022382600,20.903382568359376,-0.20634324132204054,-1.6757552841484546,-0.5059718653891235
1789757518032397600,20.9133974609375,-0.21002105305194854,-1.663344715386629,-0.49962819545082743
1789757518042411300,20.923411376953126,0.33532150341272354,-1.7580372615158557,-0.35399931587576866
1789757518052425500,20.933425537109375,0.3336579541146755,-1.7512895408213138,-0.34694815525524314
1789757518062439400,20.943439453125,0.3210305277317762,-1.7986337680593132,-0.08908179357536136
1789757518072454400,20.953454345703125,0.20949322978556154,-1.7356997575014828,-0.07447846400961279
1789757518082468600,20.963468505859375,0.2113426570445299,-1.7393050885170698,-0.06743913995735347
1789757518092482300,20.973482421875,0.09998013114333153,-1.4930118218615651,-0.04340111563540995
1789757518102497300,20.983497314453125,0.04009761711061001,-1.4658578574761747,-0.05874371926113963
1789757518112511500,20.993511474609374,0.0632376696795225,-1.463026433442533,-0.04721497483514249
1789757518122525400,21.003525390625,0.23481354900300502,-1.4523440036475657,-0.04603782081454992
1789757518132540400,21.01354052734375,0.22932138132750987,-1.4390563597902655,-0.05809935694299638
1789757518142554600,21.0235546875,0.31168752984702586,-1.509948051354289,0.10304076082296669
1789757518152568300,21.033568359375,0.31617081274092196,-1.503778422808647,0.18394195135645566
1789757518162582300,21.043582275390627,0.2709317410886288,-1.45434102268368,0.291461684224382
1789757518172597500,21.053597412109376,0.1570592781931162,-1.3608449928626418,0.2896427982341498
1789757518182611500,21.063611572265625,0.15464520278871058,-1.3486194252789019,0.3072024933874607
1789757518192625400,21.07362548828125,0.24232056363224982,-1.1615899562358856,0.10078282582834362
1789757518202640600,21.083640625,0.31728257337510585,-1.1273401883706449,0.07936850107349455
1789757518212654300,21.093654296875,0.31261048991084095,-1.1148889953374863,0.07198029051832855
1789757518222668300,21.103668212890625,0.4658329664200544,-1.2632429890275,0.11966164075620472
1789757518232683500,21.11368359375,0.4621165762454271,-1.2571888035550713,0.09933671867325901
1789757518242697500,21.123697509765623,0.5533370623499154,-1.4302651505693793,0.1924077280152589
1789757518252711400,21.13371142578125,0.6599076777994632,-1.454326409636438,0.12779380154646933
1789757518262725400,21.143725341796873,0.6591022066354751,-1.4606667185738682,0.09185790722519159
1789757518272740400,21.153740234375,0.802749045547843,-1.5182336491405963,-0.008521160107851028
1789757518282754300,21.16375439453125,0.8032856366425752,-1.5274401611641049,-0.04254501026272774
1789757518292768500,21.1737685546875,0.6962707845568656,-1.4662094473928213,0.3228024327751249
1789757518302783500,21.183783447265625,0.6994599359869956,-1.478593712669611,0.310555676272884
1789757518312797200,21.193797119140626,0.6924176162600517,-1.370040691231191,0.5010296232139692
1789757518322811400,21.203811279296875,0.8371540039747953,-1.0911977386265992,0.5067405116740614
1789757518332826400,21.213826416015625,0.8423311143517493,-1.1071166077703236,0.5062446544485166
1789757518342840300,21.22384033203125,0.6312468159824609,-0.8774123646050691,0.41642289269343014
1789757518352854500,21.2338544921875,0.43749417616426944,-0.7661018611520528,0.2470291797146201
1789757518362868200,21.2438681640625,0.4412988291442394,-0.7828539662495255,0.21768252759054302
1789757518372883200,21.25388330078125,0.3362111457288265,-0.6938949953362346,-0.05403291122168302
1789757518382897400,21.2638974609375,0.3361918565064668,-0.7001271677240729,-0.0940607875643298
1789757518392911400,21.273911376953127,0.30909868239760396,-0.6566328939124941,-0.09242606250196694
1789757518402926300,21.28392626953125,0.4343488638758659,-0.602971446351707,0.06947725818883627
1789757518412940500,21.2939404296875,0.3473305056363344,-0.5447770315364003,0.05170874259043485
1789757518422954200,21.303954345703126,0.16329846484363078,-0.534206829944253,-0.09728665427565573
1789757518432969200,21.31396923828125,0.15926000310778618,-0.5233125109642743,-0.10934252784829586
1789757518442983400,21.3239833984375,0.380558236977458,-0.5042354700505733,-0.5607517225205898
1789757518452997400,21.333997314453125,0.8223048098891973,-0.19706424858421087,-0.6346618851229548
1789757518463012000,21.34401220703125,0.8199322355389594,-0.1951417560890317,-0.7007388698816299
1789757518473026000,21.354026123046875,0.15674831254780291,-0.026036943054199218,-0.16375051946006713
1789757518483039700,21.364039794921876,0.16074176609814167,-0.04020779948681593,-0.21678978000190108
