time,seconds_elapsed,z,y,x
1789483535144724500,0.053724365234375,-3.139696202087402,-2.3335519611433146,-0.3205002202473581
1789483535154774800,0.06377490234375,-2.702197934269905,-1.0414569716408848,-0.11410188773721455
1789483535164824600,0.073824462890625,-1.0321890848189592,0.15878347163721918,-0.09930734644830226
1789483535174874600,0.08387451171875,0.11742109528779983,0.6885469123065471,0.26739889078736306
1789483535184924700,0.093924560546875,0.7317547703921794,0.9701843179352581,1.2561197130188346
1789483535194974700,0.103974609375,1.02066172863245,0.8329083292290568,1.7951880115196108
1789483535205023500,0.1140234375,0.4940852474361658,0.4011912751615047,2.179752561528981
1789483535215073500,0.124073486328125,-0.4590665410250425,-0.06918927156031131,2.0457591016247867
1789483535225123600,0.13412353515625,-1.3879010498315094,-0.42168636617958544,1.2327785849198698
1789483535235173600,0.144173583984375,-2.672109669998288,-1.0292278969258069,0.3675388886675238
1789483535245223400,0.154223388671875,-3.0580303107917306,-1.121340363433957,-0.5939680556848644
1789483535255273500,0.1642734375,-4.128095829540491,-0.5727262379527092,-1.3974851629957556
1789483535265323500,0.174323486328125,-7.235580199331045,-0.034661855797469616,-1.0437789848476648
1789483535275373800,0.184373779296875,-7.559088515353203,-0.009272270736098289,0.450712261916697
1789483535285423600,0.194423583984375,-6.115172148311138,-0.43400896439701314,1.561386562168598
1789483535295472600,0.20447265625,-3.698779114612937,-0.4660086152479052,2.0003984494194387
1789483535305522700,0.214522705078125,-1.1247487105727194,-0.11928455107212066,1.8054495855540036
1789483535315572500,0.224572509765625,0.46350832286477084,0.342344241656363,1.2110206343591212
1789483535325622500,0.23462255859375,0.3413268813073635,0.7689712791085243,0.48196167892217634
1789483535335672600,0.244672607421875,-0.1669797837048769,0.8281351234778761,0.10991641874611377
1789483535345722600,0.25472265625,0.24404314964115617,0.32202100007385015,0.07590279772430658
1789483535355772400,0.2647724609375,0.00808452225625515,-0.5733280032381415,-0.33918826184347267
1789483535365822500,0.274822509765625,-0.0424421344101429,-0.9588111293971538,-0.851165432062
1789483535375872500,0.28487255859375,0.29847324348688126,-0.7453110020577907,-1.147294742771238
1789483535385922600,0.294922607421875,-0.6922492739558219,-0.5621694803640246,-0.8036847189627587
1789483535395971600,0.3049716796875,-1.3729232609301805,-0.7223414837501942,-0.2869460334308445
1789483535406021600,0.315021728515625,-1.3129337793916462,-0.9183457018874585,-0.06539616288766265
1789483535416071700,0.32507177734375,-1.2296452553302049,-0.8763440047211944,0.14749693846926093
1789483535426121700,0.335121826171875,-0.07365852592885494,-0.6084285427138209,0.3894194061620161
1789483535436171500,0.345171630859375,0.7111889522254466,-0.2022061415173113,0.6984186833057552
1789483535446221600,0.3552216796875,0.9630471595317125,-0.03872881297543645,0.6648095514316111
1789483535456271600,0.365271728515625,0.8019295458585023,-0.07656871428713202,0.791626909161359
1789483535466321700,0.37532177734375,0.20031389802992342,-0.45286724799349903,0.9009295068580657
1789483535476371500,0.385371337890625,-0.05907587382495403,-1.1317683800764382,0.8247543949984013
1789483535486420700,0.395420654296875,-0.2916822681725025,-1.6092194497063754,0.8760229560732841
1789483535496470800,0.405470703125,-0.41528818957507607,-1.654129435534775,1.0972471748586743
1789483535506520600,0.4155205078125,-0.6152566351681947,-1.6570982222124933,1.3504840501070021
1789483535516570600,0.425570556640625,-0.9480091648757457,-1.7925868891105055,1.565126040957868
1789483535526620700,0.43562060546875,-1.4654483998924492,-1.946563544987887,2.0360497546456755
1789483535536670700,0.445670654296875,-2.093867883494496,-2.2785215633168816,2.2656550674811005
1789483535546720500,0.455720458984375,-2.495685766121745,-2.5668548133224247,2.2625033254519105
1789483535556770600,0.4657705078125,-3.1328678173720834,-2.8626711125597355,2.1899330331511795
1789483535566820600,0.475820556640625,-3.6597973497897383,-2.397540887581557,1.693888760601729
1789483535576870700,0.48587060546875,-3.2834143526703117,-1.7123761650592089,1.0876125736162066
1789483535586919400,0.49591943359375,-2.2385575094580648,-1.7783127184338867,0.8773127036228775
1789483535596969000,0.505968994140625,-1.5088339526325463,-2.525026426896453,0.737028034619987
1789483535607019000,0.51601904296875,-1.5714116970986127,-3.1545898198366165,0.27744506850540634
1789483535617069000,0.526069091796875,-1.7908429680526257,-3.6018981185287235,0.14329934064894914
1789483535627119000,0.536119140625,-2.079502089011669,-3.9121354495674368,-0.055009062777459615
1789483535637169000,0.5461689453125,-2.4644471627712248,-4.157858222858607,0.1296703360080719
1789483535647219000,0.556218994140625,-2.3197288952350616,-4.769801495695114,0.6600321809619665
1789483535657269000,0.56626904296875,-2.4607249273777008,-5.177842782881855,0.6788906106889248
1789483535667319000,0.576319091796875,-2.209645887750387,-5.163300462788343,0.3674164313316345
1789483535677367800,0.586367919921875,-2.034876765343547,-4.8366246226459735,0.05667465790212154
1789483535687418000,0.596418212890625,-1.8680279145419596,-4.7972693483352655,-0.31059856556653975
1789483535697468200,0.60646826171875,-1.6784472997114062,-5.416143589478731,-0.3344488122314215
1789483535707518000,0.61651806640625,-1.6416998698115348,-6.529004293859004,0.015015198302268981
1789483535717568000,0.626568115234375,-2.1406512619793414,-7.436736393404007,0.8418541444897651
1789483535727618000,0.6366181640625,-1.6772306173980236,-7.385714062175154,1.0911328566968441
1789483535737668000,0.646668212890625,-0.7312820383138954,-6.170538061702251,0.5258674561440945
1789483535747718000,0.6567177734375,-0.16568799032866954,-5.151138900351524,-0.48381285974681376
1789483535757768000,0.666767822265625,0.04600706035010516,-5.246361607834697,-0.884053702315688
1789483535767818000,0.67681787109375,0.021757073777914047,-4.710443882319331,0.16004910765886307
1789483535777867000,0.686866943359375,0.5322475125700235,-4.123694087450206,0.8418167350888252
1789483535787916800,0.696916748046875,0.6917465851306915,-4.3814591807126995,1.0492489406913519
1789483535797966800,0.706966796875,0.4787000467777252,-4.657433592143654,2.0514403621315953
1789483535808017000,0.717016845703125,0.9060369860649108,-3.9077722859218715,3.709993167066574
1789483535818067200,0.727067138671875,1.2351824311912059,-2.4018534900836643,5.782974329876899
1789483535828117000,0.737116943359375,1.5265829598128795,-0.9477934762984513,8.105059432849288
1789483535838167000,0.7471669921875,1.5470891567468643,0.16300773826874793,10.007335069429875
1789483535848217000,0.757217041015625,1.6196727469205856,1.1894481233678758,11.082457871568202
1789483535858267100,0.76726708984375,2.1013924337804317,2.2033460569538175,11.621965730530023
1789483535868316000,0.77731591796875,2.5040403374910354,3.1439556130975483,11.816371865820884
1789483535878366000,0.787365966796875,2.407898177075386,3.891386968310177,12.128887663185596
1789483535888416000,0.797416015625,1.8849761267334222,5.090623349112272,12.882801658415794
1789483535898465800,0.8074658203125,1.0381021082550286,6.3629708510935306,13.421707459831238
1789483535908515800,0.817515869140625,0.07299969669394195,7.08262134219408,14.335783959966896
1789483535918566000,0.82756591796875,-2.4443529076389967,6.87478523196578,14.052064048975705
1789483535928616000,0.837615966796875,-3.9336926168590782,7.771206832945347,14.034230286121367
1789483535938666000,0.847666015625,-4.622093983215093,9.15120923848152,12.685221569263934
1789483535948716000,0.857716064453125,-6.2211331074297425,10.172767623692751,11.466776337862013
1789483535958765000,0.86776513671875,-7.718747746911644,10.299205553650856,10.593238768863678
1789483535968815000,0.877815185546875,-8.044723914352058,10.176426730722188,9.661555884888768
1789483535978865000,0.887864990234375,-7.9482514990687365,9.791066061899066,8.559621063670516
1789483535988915000,0.8979150390625,-7.732321514233947,8.745663275241851,6.9787395274370905
1789483535998965000,0.907965087890625,-7.444960031870007,7.753847701865435,5.262867336955666
1789483536009015000,0.91801513671875,-6.993396413820982,7.306388012003898,4.282786625036597
1789483536019064800,0.92806494140625,-6.715280898708104,6.5413955733984706,3.1956098124891517
1789483536029115000,0.938114990234375,-6.70728756186664,4.94112719964981,1.6127297959148883
1789483536039165000,0.9481650390625,-6.248948750594258,3.477679910446703,0.2190063235402107
1789483536049215000,0.958215087890625,-5.684358472824097,1.9155324469082056,-1.3764520195782184
1789483536059264000,0.968263916015625,-6.424222899913787,-1.6238621614344417,-4.681203759309649
1789483536069314000,0.97831396484375,-5.830647935199737,-4.59264255554229,-6.720415923509002
1789483536079364000,0.988364013671875,-5.9030421402812,-2.7758476923704145,-5.010462601682543
1789483536089414000,0.998413818359375,-4.667201245181262,-0.974562533019483,-4.625334572571516
1789483536099464000,1.0084638671875,2.061632524191588,-1.5902685193903743,-3.73879665222466
1789483536109514000,1.018513916015625,1.4715880716912448,-2.16006849463284,-2.692569105181098
1789483536119564000,1.02856396484375,1.2779776168227195,-1.8721809425681828,-2.5521622711032625
1789483536129613800,1.03861376953125,2.425005963742733,-1.508875745947659,-2.7151380798637867
1789483536139664000,1.048663818359375,1.1256773697249591,-3.171513482108712,-2.8721681319624186
1789483536149713200,1.058713134765625,0.0713191231958568,-4.023197823478282,-2.799512645596266
1789483536159763000,1.068762939453125,0.18049086105450987,-4.2511233665332195,-2.9810148756504056
1789483536169813000,1.07881298828125,0.45391631865501403,-4.340495886683464,-3.4134283875495193
1789483536179863000,1.088863037109375,0.5280547370553016,-4.71799882774353,-3.999824254414439
1789483536189913000,1.0989130859375,0.7197603812158108,-5.229188939237594,-5.1948313270837065
1789483536199963000,1.108962890625,1.0277608200479298,-5.149600438737869,-6.493924212649464
1789483536210013000,1.119012939453125,0.7366460495650767,-4.632280738447606,-6.821290957665443
1789483536220063000,1.12906298828125,-0.9396937564730644,-3.537321601460874,-4.963264797177911
1789483536230113000,1.139113037109375,-1.990024647182226,-2.9267677371561525,-2.070986774122715
1789483536240163000,1.1491630859375,-1.5595651919603346,-2.617567932471633,0.3967635218471288
1789483536250211800,1.1592119140625,0.9507528375606983,-1.510731310686469,3.2753882826030254
1789483536260262000,1.169261962890625,1.8206218741141258,-1.1823238244459033,3.9172213745296
1789483536270312200,1.179312255859375,-0.07601115346960723,-0.8473568335592746,6.1679229107677935
1789483536280362000,1.189362060546875,1.3131005142606793,1.3241323420152067,8.200572647711635
1789483536290412000,1.199412109375,0.6918412776768207,2.657564135034382,8.508066233000159
1789483536300462000,1.209462158203125,-0.9927835416257381,3.361204863837361,8.90458308660984
1789483536310512000,1.21951220703125,-1.2150807234048844,4.11428679215759,8.157768694251775
1789483536320562000,1.22956201171875,-2.0369221535660325,4.296771603508294,6.486337118521332
1789483536330612000,1.239612060546875,-1.7732067735970019,4.086521710136533,4.989135736015439
1789483536340661000,1.249660888671875,-1.055498064213991,3.7485564142167567,4.517264073953032
1789483536350710800,1.259710693359375,-0.8543595519281924,4.2996562190338965,3.92154800555706
1789483536360760800,1.2697607421875,-0.7477695741910487,4.929544313883781,3.277044817638397
1789483536370811000,1.279810791015625,-0.7164636777579784,4.7312899787321685,1.6735814472407102
1789483536380861000,1.28986083984375,-1.0639338841259478,3.393421080048382,-0.7186573884099722
1789483536390911000,1.299910888671875,-1.3196996202647686,1.9777938189014792,-2.81192555244565
1789483536400961000,1.3099609375,-1.0919792443931102,0.87278528932631,-4.615220005792379
1789483536411011000,1.320010986328125,-1.0284627577722072,0.42241906436830756,-5.919531502789258
1789483536421061000,1.33006103515625,-1.393465113699436,0.3661512337014079,-6.695832686394453
1789483536431110000,1.34010986328125,-1.356122348254919,0.4005056309849024,-6.977282314366102
1789483536441160000,1.350159912109375,-0.60575406280756,1.1550251908928155,-6.666124945873022
1789483536451210000,1.3602099609375,0.4335398855805397,1.6704881574004888,-6.586058306467533
1789483536461260000,1.370260009765625,1.809315028810501,1.690674620860815,-6.292777370926737
1789483536471309800,1.380309814453125,3.306974676477909,1.2040882047474384,-5.921797694155574
1789483536481360000,1.39035986328125,4.4034944869101045,0.5351736291497945,-5.346892943120002
1789483536491410000,1.400409912109375,4.548088835805654,0.416136915358901,-4.61264343330264
1789483536501460000,1.4104599609375,4.237407268130779,0.896493497171998,-4.028565780252218
1789483536511510000,1.420510009765625,3.5257442686527964,1.4072697671681642,-3.6835499812990427
1789483536521560000,1.43056005859375,2.4387176782310007,1.882035397106409,-3.3169390211313963
1789483536531609000,1.440609130859375,1.3817705842524766,2.551728555861115,-2.7241794644534587
1789483536541659000,1.450658935546875,-0.3089227413088083,3.3822061508119106,-1.8589310003727673
1789483536551709000,1.460708984375,-2.3456705612212416,4.419357826474308,-1.75150172226727
1789483536561759000,1.470759033203125,-3.2660967226445674,4.211131255623698,-2.4657313573628663
1789483536571809000,1.48080908203125,-3.9046979930430648,4.128411471360922,-2.4475696777284144
1789483536581858800,1.49085888671875,-3.626800504595041,5.228073086950182,-2.640348504078388
1789483536591908900,1.500908935546875,-2.54026841969192,6.259401755547523,-2.473112992046773
1789483536601959000,1.510958984375,-1.958774937915802,6.75891136611998,-2.0205092172950505
1789483536612008700,1.5210087890625,-1.4894354246795176,7.14647802055478,-1.7288377627775071
1789483536622058000,1.53105810546875,-0.6987608478069305,7.094338083472848,-1.6895951550610362
1789483536632108000,1.54110791015625,0.04107550396574661,5.705320012310147,-2.1875972836799917
1789483536642157800,1.55115771484375,1.7905360940605402,1.3636661877632141,0.014959741787984966
1789483536652207900,1.561207763671875,4.266602967476844,-16.761240005564687,7.362853411069512
1789483536662258000,1.5712578125,7.578956998905539,-30.732767459535598,4.923082424393296
1789483536672308000,1.581307861328125,8.76284237357974,-32.543616273784636,2.3244297664023934
1789483536682357800,1.591357666015625,6.934435106286406,-27.625100718915462,3.3334134783312677
1789483536692407800,1.60140771484375,4.326288497632742,-17.864859418869017,1.6271601800665259
1789483536702457900,1.611457763671875,1.7251603894390164,-9.577330956760049,-1.5877001302070914
1789483536712508000,1.6215078125,-0.31883155638277527,-3.5927053427696225,-3.4250428374975916
1789483536722557000,1.631556884765625,-6.660024290910362,1.8388339687615631,-5.281723428595066
1789483536732607000,1.64160693359375,-9.715030285444856,4.952175832408666,-6.164129948225617
1789483536742657000,1.651656982421875,-6.490640368673205,5.337334256657957,-5.065726223742962
1789483536752707000,1.66170703125,-4.101862487131357,4.778469370797276,-4.071614648383855
1789483536762756900,1.6717568359375,-2.2114988221406935,3.286679491946101,-3.107870446498692
1789483536772807000,1.681806884765625,-0.5883365526039153,1.4757266328006982,-1.5283081761702895
1789483536782857000,1.69185693359375,0.42461701280400155,0.0931447321653366,0.06881956146508456
1789483536792907000,1.701906982421875,0.7553494348607956,-0.7456102772653103,1.2143763014625757
1789483536802956800,1.711956787109375,0.6392576154153794,-1.2340525503784416,1.4184101698637008
1789483536813005800,1.722005859375,0.6763970403075218,-1.3313415427416562,0.8987983400482684
1789483536823056000,1.732055908203125,0.8596533474873751,-1.078708259409666,0.35744032317511737
1789483536833106000,1.74210595703125,1.0024391856562345,-0.7161766775101422,0.18217757203243673
1789483536843156000,1.752156005859375,1.0738204873681068,-0.23796704459786414,0.3212911514293402
1789483536853206000,1.7622060546875,1.1910539511293172,0.1611228743702173,0.4975316615629941
1789483536863256000,1.772256103515625,1.1666852335482836,0.4840887540787458,0.7121586740404368
1789483536873305900,1.782305908203125,1.0299714818347245,0.6954068612039089,0.8608437263157218
1789483536883356000,1.79235595703125,0.8678397226829081,0.7255699442774057,1.0383828248925506
1789483536893406000,1.802406005859375,0.4502122399726882,0.5258581037938594,1.2279828750759363
1789483536903456000,1.8124560546875,-0.1078501338660717,0.11138239964544773,1.245044192253053
1789483536913504800,1.8225048828125,-0.6797211432289332,-0.3667413085490465,1.1515339147109538
1789483536923554800,1.832554931640625,-1.405845287322998,-0.36552316493093967,0.9485300469446927
1789483536933604900,1.84260498046875,-2.0557178933203217,-0.33508360300362106,0.7220709962457418
1789483536943654700,1.852654541015625,-2.4454309121340514,-0.4382926330655813,0.5188734325382858
1789483536953705000,1.862705078125,-2.5487831500589846,-0.6825555629372596,0.25356501122415065
1789483536963755000,1.872755126953125,-2.333379819446802,-0.8685323080569505,-0.023936171382665634
1789483536973805000,1.88280517578125,-1.989504422700405,-0.9274375014901161,-0.3189782713770866
1789483536983854800,1.892854736328125,-1.7843167811542748,-0.872813346377015,-0.5997292495600879
1789483536993905000,1.90290478515625,-1.708906443122029,-0.6771738698989153,-0.8703240137793123
1789483537003954000,1.912953857421875,-1.56397540961802,-0.39478666881620883,-1.0018621894858777
1789483537014004000,1.92300390625,-1.3866028267145156,-0.16642565695345402,-0.9568518120229244
1789483537024053800,1.9330537109375,-1.235301673656702,-0.1483750364780426,-0.8624044728264212
1789483537034103800,1.943103759765625,-1.2435890250086783,-0.46051673983335495,-0.7715690405167639
1789483537044153900,1.95315380859375,-1.6691197916567324,-1.1778379112035036,-0.6808266933180391
1789483537054204000,1.963203857421875,-2.421547932243347,-1.8892326151341199,-0.5177447938345372
1789483537064253700,1.973253662109375,-2.8550258585035797,-2.632168704754114,-0.3586702302962541
1789483537074303700,1.9833037109375,-2.7402619997262954,-3.3571418521821497,-0.2774899305604398
1789483537084354000,1.99335400390625,-2.4036136316239833,-3.9915105995774267,-0.10170490910932421
1789483537094404000,2.003404052734375,-2.544680975437164,-4.158099338138103,0.8297953117750585
1789483537104452900,2.013452880859375,-2.9551673176884647,-3.7715918373674153,2.548345927685499
1789483537114503000,2.0235029296875,-2.0961238457277416,-3.408825862190127,4.4077018754720685
1789483537124553000,2.033552978515625,-1.3064227900624275,-3.4803204880833625,4.931591309541464
1789483537134602800,2.043602783203125,-0.7541627092942595,-3.8969688600957393,4.76937947089076
1789483537144652800,2.05365283203125,0.31110856091529127,-3.52631593106091,3.520418689715862
1789483537154702800,2.063702880859375,0.9900909415408968,-2.851428126272559,1.5472987078443168
1789483537164753000,2.0737529296875,1.216041677391529,-1.9610043044030665,0.26329467033892867
1789483537174802700,2.083802734375,1.4815242131635546,-0.9080144236177206,-0.3265389158897102
1789483537184852700,2.093852783203125,1.4874696775645018,-0.6277332549035549,-0.44348990944772954
1789483537194902000,2.103902099609375,1.7502675042971967,-0.8945441166698932,-0.015454028110951184
1789483537204952000,2.1139521484375,2.2005326069682836,-1.1913842059969901,0.7125979422405362
1789483537215001900,2.124001953125,2.0262316865950822,-1.3669856875747441,1.1417096361152828
1789483537225052000,2.134052001953125,1.4042922126621007,-1.1943769580721855,1.151846999248117
1789483537235102000,2.14410205078125,0.44553953545391556,-0.9659943188995123,0.6886220233693718
1789483537245152000,2.154152099609375,-0.5904138703346252,-0.5416320115089416,0.037621582385897634
1789483537255201800,2.164201904296875,-1.0114520017385482,-0.09758651400506496,-0.7969476657927036
1789483537265251800,2.174251953125,-0.8413865269780159,0.38610476518869397,-1.7603769565097986
1789483537275302000,2.184302001953125,-0.14343933364152908,0.9414093282192945,-2.3989405252464113
1789483537285352000,2.19435205078125,0.7526093423724174,1.3265999011725187,-2.5188889470547435
1789483537295401000,2.20440087890625,1.4377128362268208,1.4227940840363502,-2.247815167146921
1789483537305451000,2.214450927734375,1.7456699473738668,1.353929222124815,-1.682362427328527
1789483537315501000,2.2245009765625,2.118887758460641,1.061501688542962,-1.1148767203778027
1789483537325550800,2.23455078125,2.354144959577918,1.085800848019123,-0.510269197256863
1789483537335601000,2.244600830078125,2.4199866742759943,1.2792553816735743,0.13339900114238262
1789483537345651000,2.25465087890625,2.357968317258358,1.5893103418827057,0.6354832845084368
1789483537355701000,2.264700927734375,2.0863257975518703,1.9700988804847002,0.9064192633807658
1789483537365750800,2.274750732421875,1.7920009059160946,2.453616556677222,1.010447208610177
1789483537375800800,2.28480078125,1.6306985833257437,2.8484400503724814,1.0669877187386154
1789483537385849900,2.294849853515625,1.5413438910931347,3.127450468498468,0.9309463863939046
1789483537395899600,2.304899658203125,1.4170359589010477,3.2127322122037407,0.579635432819277
1789483537405950000,2.314949951171875,1.3264958562761544,3.2713831386148926,0.2862999906122684
1789483537416000000,2.325,1.2971943584680556,3.132918670776486,0.09131254830211401
1789483537426050000,2.335050048828125,1.350314538758993,2.938188125836849,0.15144545689933
1789483537436100000,2.34510009765625,1.4018641087323427,2.7865625631302593,0.22871413614936173
1789483537446150000,2.35514990234375,1.497105520915985,2.702239435324073,0.23826946161054074
1789483537456200000,2.365199951171875,1.464257144281268,2.6953262949347496,0.19382650877200067
1789483537466250000,2.37525,1.281645491680503,2.6139433122336864,0.05098448343649506
1789483537476298800,2.385298828125,1.0446908389955758,2.4875346083700656,-0.1031150681681931
1789483537486348800,2.395348876953125,0.955278279095888,2.3956723172307015,-0.2531676094044
1789483537496398800,2.40539892578125,0.8527484634697436,2.3649516002744435,-0.6257324364751577
1789483537506449000,2.415448974609375,0.7357663441210984,2.3772733217090365,-1.1532774704426527
1789483537516498700,2.425498779296875,0.8614134159624576,2.4173113175868988,-1.4531404147222637
1789483537526548700,2.435548828125,0.6813268979251385,2.4269945072114467,-1.4401786418184637
1789483537536599000,2.44559912109375,0.24938334162533282,2.438920507326722,-1.3281950614094733
1789483537546649000,2.455649169921875,0.22005963198542594,2.222003265020251,-0.9127953742839395
1789483537556699000,2.465698974609375,0.285368262720108,1.8650275636821985,-0.15986805200353263
1789483537566749000,2.4757490234375,0.1944242554694414,1.5481810436367989,0.4612410355199128
1789483537576798000,2.4857978515625,0.37561084370315073,1.330269529595971,0.9767569743238389
1789483537586847700,2.49584765625,0.5291758500397205,1.0631313355714083,1.2203604173734783
1789483537596897800,2.505897705078125,0.380011709010601,0.9236667507797479,1.0897061118293554
1789483537606947800,2.51594775390625,0.000009352350234985351,0.9532470655292272,0.6426324986759573
1789483537616998000,2.525997802734375,-0.9253267929464578,0.8783516912817955,-0.19763678777515886
1789483537627047700,2.536047607421875,-2.7859394627958536,0.3761263920098543,-1.0805253918342292
1789483537637097700,2.54609765625,-5.874755956995487,-1.1869593752920626,-1.4929232667952774
1789483537647147800,2.556147705078125,-8.652039235126972,-3.753602007168531,-1.3925805859498679
1789483537657198000,2.566197998046875,-7.760119621741771,-6.12111790497303,-0.549809838071838
1789483537667246800,2.576246826171875,-3.777247086650133,-6.641841568487882,0.5432282677244394
1789483537677297000,2.586296875,-0.21511048514544961,-4.05327352052927,1.1505198422975838
1789483537687347000,2.596346923828125,0.8786182332634925,0.06261106221377849,0.4314931821838021
1789483537697396700,2.606396728515625,0.30026597212255,2.8934558346629142,-1.154292346573621
1789483537707446800,2.61644677734375,-0.9038947133392095,3.6432495350927114,-2.272577414090186
1789483537717496800,2.626496826171875,-1.8416911117583512,3.144427906784415,-3.1666561052054165
1789483537727547000,2.636546875,-2.359185291832685,2.2070903580486774,-3.0671693105369804
1789483537737596700,2.6465966796875,-1.597590094450116,0.865944629651308,-1.6724895603507757
1789483537747646700,2.656646728515625,0.5368067833095789,-0.7937333799213171,-0.09785948572754859
1789483537757696800,2.66669677734375,1.7789800963014364,-2.3454022656738758,0.5826879522576928
1789483537767745800,2.676745849609375,1.9355811093330382,-3.6207290757268664,0.8311755140870809
1789483537777795800,2.6867958984375,1.4246177923321723,-4.457686680346727,1.0340830088067798
1789483537787846000,2.696845947265625,1.1578560304045677,-4.632495550242066,1.2260501534476875
1789483537797896000,2.70689599609375,1.048444638571143,-3.9827135451376434,1.220787629809603
1789483537807945700,2.71694580078125,0.5938192948639393,-2.77175370105505,0.8751788333993404
1789483537817995800,2.726995849609375,0.48926294184625146,-1.5860679989606141,0.6779933695882558
1789483537828045800,2.7370458984375,1.0517226373285053,-0.671765873375535,0.6745723090983927
1789483537838096000,2.747095947265625,1.492984057071805,0.09991758730113506,0.6219657043527811
1789483537848146000,2.75714599609375,1.752930293765664,0.6641787792474031,0.4283636519864201
1789483537858195700,2.76719580078125,1.9475065249264238,1.045645363241434,0.34863720432072876
1789483537868245000,2.777244873046875,2.123517756348848,1.114838726454973,0.19659765398576853
1789483537878295000,2.787294921875,2.289149048054218,0.9100210872650146,0.16568623676300048
1789483537888344800,2.7973447265625,2.638141933944821,0.628967765134573,0.32127792662158605
1789483537898395000,2.807394775390625,2.6959175388261674,0.21974457468688488,0.5776642788767814
1789483537908445000,2.81744482421875,2.38170633572042,-0.24627193160653113,0.5912057513646781
1789483537918495000,2.827494873046875,1.7950415887862443,-0.7861381024867296,0.3492781325727701
1789483537928544800,2.837544677734375,1.4745599271088838,-1.2150795543611048,0.16910919694900511
1789483537938594800,2.8475947265625,1.312649117231369,-1.578009195667505,0.12821721459031105
1789483537948644900,2.857644775390625,0.8613333364635706,-1.62400989934206,0.10628332294076681
1789483537958693600,2.867693603515625,0.34147768795490263,-1.2886194223463534,0.11090791400149463
1789483537968743700,2.87774365234375,0.15999766973257065,-0.7193804419875145,0.3087446082629263
1789483537978794000,2.8877939453125,0.059091363655030725,-0.08851824140846729,0.639372547031939
1789483537988844000,2.897843994140625,0.2496560210868716,0.4167261134237051,0.9887652458950876
1789483537998893800,2.907893798828125,0.6049553136453032,0.7632926489502191,1.3400000654935835
1789483538008943900,2.91794384765625,0.7228942953273654,0.8963409369587898,1.4316311782255768
1789483538018994000,2.927993896484375,0.3009793810889125,1.2493798833698033,1.0592137237362562
1789483538029044000,2.9380439453125,0.1461149825915694,1.2907231166273354,1.0221626347146928
1789483538039093800,2.94809375,0.22633856612443923,1.4405372459977865,0.8941255989968776
1789483538049142800,2.958142822265625,0.4553717781603336,1.4384627778112888,0.5950542434863746
1789483538059192800,2.96819287109375,0.4746544246487319,1.2848860810369251,0.34205665688663717
1789483538069243000,2.978242919921875,0.29550781781002877,0.8572060274004936,-0.017308423805981875
1789483538079292700,2.988292724609375,0.413622886711359,0.2845984473913908,-0.27596038290560243
1789483538089342700,2.9983427734375,0.5454758274555206,-0.24433248797655105,-0.3923306539662182
1789483538099392800,3.008392822265625,0.5344434151791035,-0.9192027571082114,-0.2000996707573533
1789483538109443000,3.018443115234375,0.46893151695728297,-1.7749246834307908,0.07420826876610517
1789483538119492900,3.028492919921875,0.3201660198569298,-2.182897581556439,0.181093941514194
1789483538129543000,3.03854296875,0.0399976638674736,-2.0401935764521357,0.22663024254739284
1789483538139593000,3.048593017578125,-0.02329670443534851,-1.4610370131909847,0.2734929698787629
1789483538149641700,3.058641845703125,-0.058480099888890975,-0.7564408833593129,0.001154576862603426
1789483538159691800,3.06869189453125,-0.0021731062553822992,-0.14789865113794803,-0.31137773324549195
1789483538169741800,3.078741943359375,0.06414777026176452,0.34955051977336404,-0.4172838934369385
1789483538179792000,3.0887919921875,0.13545958693400026,0.6991945630490779,-0.4955881993450224
1789483538189841700,3.098841552734375,0.18416538484878836,0.946414004638791,-0.7943551650814712
1789483538199891700,3.1088916015625,-0.21153518394194543,1.064092289558053,-1.2338896149016916
1789483538209941800,3.118941650390625,-0.6123159055411815,1.0918559102743863,-1.6268068365842103
1789483538219991800,3.12899169921875,-0.8470167148847132,1.036450833916664,-1.8825329713650047
1789483538230041900,3.139041748046875,-1.1006945388335734,0.7941086429744958,-1.969226189303398
1789483538240091000,3.1490908203125,-1.1600234375715255,0.7224854222655296,-1.6503301893822848
1789483538250141000,3.159140869140625,-0.9847580560803413,0.6544377219557762,-1.3577424968026577
1789483538260191000,3.16919091796875,-1.0541220996856688,0.7797983780711889,-1.1576273362152278
1789483538270240800,3.17924072265625,-1.0488076266646384,0.9170651605576277,-0.6034826107442378
1789483538280290800,3.189290771484375,-0.9631751698255538,1.0164105009287596,0.07207359482496976
1789483538290340900,3.1993408203125,-0.8443535600900649,1.1686270152658222,0.5522095196247101
1789483538300391000,3.209390869140625,-0.8018260854840278,1.2165782684862614,1.0711524372026324
1789483538310440700,3.219440673828125,-0.762722155585885,1.088273960134387,1.3399480430454016
1789483538320490800,3.22949072265625,-0.8066191649794578,1.007634489277005,1.4515309336990116
1789483538330540000,3.2395400390625,-1.064709544673562,1.084409685921669,1.5033014529466628
1789483538340589800,3.24958984375,-1.05783147559762,1.0051976175189017,1.3424915900483727
1789483538350639900,3.259639892578125,-1.1347095480948686,0.7656003413707018,1.057458258371055
1789483538360690000,3.26968994140625,-1.6333534817487,0.13075228602588176,0.7759054622858762
1789483538370740000,3.279739990234375,-2.1016724197655914,-0.6141413674026728,0.5485276162415742
1789483538380789800,3.289789794921875,-2.2911142106473443,-1.1385855127453803,0.41459333917871116
1789483538390839800,3.29983984375,-2.1169103209078313,-1.4831716881096362,0.31116087562441824
1789483538400889900,3.309889892578125,-1.620947589161992,-1.6596674881786107,0.25865765818804504
1789483538410940000,3.31993994140625,-0.8283698090165853,-1.8243670519918203,0.23872137009650468
1789483538420988700,3.32998876953125,0.021698110132291913,-2.006191938129067,0.27647885382175447
1789483538431039000,3.3400390625,0.7264058105796575,-2.1681313895791767,0.346597369056195
1789483538441089000,3.350089111328125,1.4557909292310476,-2.4233354001820087,0.4921133628413081
1789483538451138800,3.360138916015625,2.2262311118483544,-2.7374089483827353,0.9236597365170717
1789483538461188900,3.37018896484375,3.091502956804633,-3.112503074735403,1.7508688311912117
1789483538471239000,3.380239013671875,3.925919060248136,-3.338970235675573,2.3970078036181626
1789483538481289000,3.3902890625,4.24809115923047,-3.364009984385967,2.264796843216568
1789483538491338800,3.4003388671875,3.7742408905714746,-3.4090696078181266,1.2151590493381024
1789483538501388800,3.410388916015625,2.2039152351438998,-3.239226835897565,-0.5231026676058769
1789483538511437800,3.420437744140625,-0.40955636792480943,-3.11877499461174,-1.6542178444705902
1789483538521488000,3.43048779296875,-2.0736101083636282,-3.242251152154803,-1.4999018736362457
1789483538531537700,3.44053759765625,-2.5832155810147523,-3.103260030093789,-0.8787015276327729
1789483538541587700,3.450587646484375,-2.8706255786955355,-2.717622882416844,-0.13914748166650534
1789483538551637800,3.4606376953125,-3.0413042169183493,-2.430287119016051,0.45041342510059473
1789483538561688000,3.47068798828125,-3.159790311089158,-2.1932015334278345,1.0007122887983917
1789483538571737900,3.48073779296875,-3.0887387527883052,-1.9333312845796347,1.392928522604704
1789483538581788000,3.490787841796875,-2.8393630099475384,-1.5824264275878668,1.5644158468618987
1789483538591838000,3.500837890625,-2.463492638525367,-1.205498656067252,1.5190838362291454
1789483538601887700,3.5108876953125,-2.1596363868258894,-0.965265420103073,1.102889929986
1789483538611937800,3.520937744140625,-2.18196351557672,-0.8607675192743539,0.6095651455283164
1789483538621987800,3.53098779296875,-2.189893724054098,-0.838534644678235,0.1599015158817172
1789483538632037600,3.54103759765625,-2.116412892779708,-1.0722925471484661,-0.42909912665411826
1789483538642087700,3.551087646484375,-2.4110025728315114,-1.3139625379174946,-0.8327285887479782
1789483538652137700,3.5611376953125,-3.1794618107646704,-1.4547791218400001,-0.9000247400380671
1789483538662187800,3.571187744140625,-4.25549646705091,-1.5071663116812706,-0.5752839596115052
1789483538672237600,3.581237548828125,-5.047138427650928,-1.53973002615571,-0.25328955528363584
1789483538682287600,3.59128759765625,-5.013945767623186,-1.8607775050222872,-0.10016498619094491
1789483538692337000,3.6013369140625,-3.91759429949522,-2.2389105606794355,0.5022220844015479
1789483538702386700,3.61138671875,-2.055323925566673,-2.5271383044838904,1.091563284003362
1789483538712436700,3.621436767578125,0.18821502556577324,-2.8757079965263603,1.1740698639068752
1789483538722486800,3.63148681640625,2.404242577177286,-2.5098195054143666,1.4083748058006167
1789483538732536800,3.641536865234375,3.9440003681227562,-1.612376160171628,1.5715373693048953
1789483538742586600,3.651586669921875,4.861267480993271,-0.805322695428133,1.1583402337249369
1789483538752636700,3.66163671875,4.967375739628077,-0.25567864237725735,0.7327478000175207
1789483538762686700,3.671686767578125,3.070161478090286,-0.21883739671409128,-0.06737104315720498
1789483538772736800,3.68173681640625,0.37208793027400966,-0.7690513586074114,-1.201235810991004
1789483538782785500,3.69178564453125,-1.0459186272248626,-1.688179296913743,-2.869012590540945
1789483538792835800,3.7018359375,-0.28768501522988077,-1.948421886205673,-3.8306256256163116
1789483538802886000,3.711885986328125,0.8348562484264374,-1.686746633762121,-2.9766607720941303
1789483538812936000,3.72193603515625,1.086753618699312,-1.5953946302324533,-1.5608197220660744
1789483538822985700,3.73198583984375,1.3225871583998203,-1.6853040337383747,-0.587204918225482
1789483538833035800,3.742035888671875,1.1463923871040345,-1.5533090541750192,0.11899353223629296
1789483538843085800,3.7520859375,1.4751771822243929,-1.3310112878739833,0.7884327892951667
1789483538853136000,3.762135986328125,2.028432411509752,-1.022187330764532,1.4100056218728423
1789483538863185700,3.772185546875,2.5976824977844952,-0.545809004932642,1.937201550141722
1789483538873234700,3.782234619140625,2.7636381991386414,-0.013029577443003653,1.8469198061920702
1789483538883284700,3.79228466796875,2.924962149038911,0.5871715274125338,1.1548838827259837
1789483538893334500,3.80233447265625,3.078606650352478,0.9890168825685978,0.00045906887911260127
1789483538903384600,3.812384521484375,3.081081516033411,1.446849497884512,-0.9470959955535828
1789483538913434600,3.8224345703125,3.1664228809714317,2.043891846448183,-1.441851251205802
1789483538923485000,3.83248486328125,3.3046348353534936,2.614743522700667,-1.731318473677337
1789483538933534700,3.84253466796875,3.5013130072295664,3.0611767921239137,-1.5656526951804757
1789483538943584800,3.852584716796875,3.4899843884855506,3.3757945302039385,-1.1571131761480122
1789483538953633800,3.8626337890625,3.4224510674387214,3.5686359003961083,-0.8186391269885003
1789483538963683600,3.87268359375,3.3079952516973017,3.7648137215346096,-0.6332333136245608
1789483538973733600,3.882733642578125,3.470806225284934,3.855511645069718,-0.49985491687878963
1789483538983783700,3.89278369140625,3.4003117163449526,3.7774060766041275,-0.36026173727139826
1789483538993833700,3.902833740234375,3.2152614384204146,3.67234586571753,-0.2441391573615372
1789483539003883800,3.9128837890625,3.443604914626479,3.4148867696642875,-0.12294789588525891
1789483539013933600,3.92293359375,3.502622920784354,3.1828035224080082,-0.07262209555320441
1789483539023983600,3.932983642578125,3.417822823116183,3.102720516389608,-0.19736308540031314
1789483539034033700,3.94303369140625,3.4056191751033067,3.1707150252074,-0.4074443807395175
1789483539044082700,3.953082763671875,3.380524481335282,3.3547511576533315,-0.6710397510580718
1789483539054132700,3.9631328125,2.9768080716103316,3.550068562570214,-0.8393661270663142
1789483539064182800,3.973182861328125,2.239314465305209,3.4913428173571823,-0.8735419529125094
1789483539074232800,3.98323291015625,1.1803010864466428,3.182336489418149,-0.8619717804975807
1789483539084282600,3.99328271484375,0.13213292672932148,2.6986569006621837,-0.6305424671053886
1789483539094332700,4.003332763671875,-0.6349860025107861,2.177640976202488,-0.25846600807346404
1789483539104382700,4.0133828125,-1.3820897332042454,1.750852902969718,0.1425605780456215
1789483539114432800,4.023432861328125,-2.0397072542399166,1.3690911354213953,0.44997890614084896
1789483539124481800,4.033481689453125,-2.2288696436583995,1.1672563114345074,0.8470830581191927
1789483539134531800,4.04353173828125,-2.1760563373595474,0.9714975924909114,1.0622570369549096
1789483539144582000,4.053581787109375,-2.121329890915751,0.6484615701556206,1.1021861656308174
1789483539154631700,4.063631591796875,-1.3425702082425355,0.32499475518763066,1.0134196485497058
1789483539164681700,4.073681640625,0.5079793327540159,-0.0869926392763853,0.41596638109758494
1789483539174731800,4.083731689453125,1.5151035344213246,-0.646431525632739,-1.3380913092628122
1789483539184781800,4.09378173828125,0.03490940081775188,-1.7355507044196128,-3.5877456745356318
1789483539194831600,4.10383154296875,-2.03863816370368,-3.785207105743885,-3.706189683130383
1789483539204881700,4.113881591796875,-2.639927648317814,-6.438831855502724,-0.5357268791183829
1789483539214930700,4.1239306640625,-0.3724035720944404,-9.201887286317348,1.1933167084295302
1789483539224980700,4.133980712890625,0.562400074249506,-8.73261207048893,-0.28076171877272427
1789483539235030500,4.144030517578125,-0.7778647796601057,-4.725735559475422,-1.387474933373928
1789483539245080800,4.154080810546875,-0.44989422353208064,-1.789805441698432,-1.8727282011874018
1789483539255131000,4.164130859375,0.7163479424238205,-0.4745826745867729,-2.1050497872442007
1789483539265181000,4.174180908203125,1.7572101630419492,0.1966466076940298,-1.7132321973666547
1789483539275230700,4.184230712890625,2.5496137556642293,0.3772194479435682,-0.8965327332038432
1789483539285280800,4.19428076171875,2.520262865756452,0.06604571283757686,-0.31240247318334874
1789483539295329800,4.204329833984375,1.6602520100682974,-0.6137900697469711,-0.24824878463745115
1789483539305379600,4.214379638671875,0.886138984157145,-1.3357500068336725,-0.37608094543293114
1789483539315429600,4.2244296875,0.8326017474979162,-1.7084136911690233,-0.4270882982883602
1789483539325479700,4.234479736328125,1.026527405795455,-1.7360265052378177,-0.4687195547070354
1789483539335529700,4.24452978515625,1.2879758637458085,-1.4773936892300843,-0.5309716474153101
1789483539345579500,4.25457958984375,1.3131979832857847,-1.0724930381566284,-0.5389443067949264
1789483539355629600,4.264629638671875,1.2494658080875873,-0.7555179232954978,-0.49291050456836816
1789483539365679600,4.2746796875,1.1262301813021303,-0.42845220705270765,-0.2970220217652619
1789483539375728600,4.284728759765625,0.8639668998375535,-0.13814181175529955,0.06676577074043452
1789483539385778700,4.29477880859375,0.7345338797166943,-0.011478840869665146,0.5244539360843599
1789483539395828700,4.304828857421875,0.7068842407688498,0.02507248193621635,1.0867021077077834
1789483539405878800,4.314878662109375,0.7939657273724675,0.020261282262206075,1.70757168738693
1789483539415928800,4.3249287109375,0.9153288382843137,-0.14167992275357247,2.300132506622374
1789483539425978600,4.334978515625,0.8603168528974056,-0.2509305710673332,2.7140622673258186
1789483539436028700,4.345028564453125,0.7301824065089225,-0.3235451409012079,2.8568545352354646
1789483539446078700,4.35507861328125,0.4781146481052041,-0.44583939518332477,2.786289299146831
1789483539456128800,4.365128662109375,0.21420739882588385,-0.47420039727091784,2.5854534230694175
1789483539466177800,4.375177734375,0.08205459835231303,-0.4570312358051538,2.41023071167618
1789483539476227800,4.385227783203125,0.04380260910838842,-0.19610826303362847,2.425257015894353
1789483539486278000,4.39527783203125,0.21851152576059102,0.06085515845715999,2.1884164911083874
1789483539496327700,4.40532763671875,0.30849282545894385,0.4403589179456234,1.0377576056662947
1789483539506377700,4.415377685546875,0.1871604019463062,0.9756085349410771,-0.0678416563436389
1789483539516427800,4.425427734375,-0.13707725126370787,1.5208277572870255,-0.17904153902903197
1789483539526477800,4.435477783203125,-0.47507118875607846,1.6314152071624994,-0.0977259224757552
1789483539536526600,4.445526611328125,-0.6148622290231287,1.4347744446873665,0.14392390228807925
1789483539546576600,4.45557666015625,-0.5846294417142868,1.174362928569317,0.6529163576073944
1789483539556626700,4.465626708984375,-0.5592145760811865,0.8208335682928561,1.198236263848841
1789483539566676700,4.4756767578125,-0.4249382075823843,0.5182061277359724,1.5338869992159305
1789483539576726800,4.485726806640625,-0.23068755511417985,0.315437822291255,1.8230587458722292
1789483539586776800,4.49577685546875,-0.12508885343670845,0.23552198953330516,2.039553232721984
1789483539596827000,4.505826904296875,-0.15782207925915717,0.31823183692395685,2.031759071714431
1789483539606876400,4.51587646484375,-0.18711831637024878,0.41662206852734085,1.7832725327983499
1789483539616925200,4.52592529296875,-0.16190094607062636,0.4546224210977554,1.4118248001240192
1789483539626975200,4.535975341796875,-0.05414908494725823,0.40485856549739835,1.0002024395801126
1789483539637025300,4.546025390625,-0.03499306051321328,0.41209202388226984,0.5667595846332609
1789483539647075000,4.556074951171875,-0.13801029433012008,0.453584310221672,-0.20447934714630245
1789483539657125000,4.566125,-0.36270405238959935,0.5091442848801613,-1.0894221072562038
1789483539667175200,4.576175048828125,-1.0790846915066241,0.5058166017621756,-2.0153904129765925
1789483539677225500,4.5862255859375,-1.5561094985485076,0.4886527009934187,-2.7467662670537827
1789483539687275300,4.596275146484375,-1.335985569155216,0.4188298077046871,-3.250319307798147
1789483539697324300,4.60632421875,-0.5486813454985618,0.2611924373626709,-3.4544390278518198
1789483539707374300,4.616374267578125,-0.5105418767184019,0.3572334754914045,-3.438170030096173
1789483539717424000,4.626424072265625,-0.7763789250165224,0.5773036288708449,-3.0403076070964334
1789483539727474200,4.63647412109375,-0.6520072799384593,0.7391840436100959,-2.2596122801855203
1789483539737524200,4.646524169921875,-0.3575976326286793,0.8054670723348856,-1.6386863672092555
1789483539747574300,4.65657421875,-0.3494394971469417,0.7766992430120706,-0.9146524003274739
1789483539757624000,4.6666240234375,-0.4971744456231594,0.7035702939152717,-0.1712890252061188
1789483539767674000,4.676674072265625,-0.6438789185404777,0.7923673522651195,0.2767398428454995
1789483539777723400,4.686723388671875,-0.7427583949655294,0.8468371935993433,0.5715452114745975
1789483539787773400,4.6967734375,-1.00333591530025,0.9287012378156184,0.6766393246307969
1789483539797823200,4.7068232421875,-1.5286603506088257,1.0345827019572258,0.6585561170600355
1789483539807873300,4.716873291015625,-2.0544138249844313,1.0282342097133397,0.6492988977625965
1789483539817923300,4.72692333984375,-2.2715233749926087,0.8369277940034866,0.7016502856381237
1789483539827973400,4.736973388671875,-2.1356208665966987,0.17586919260323047,0.4495201295226812
1789483539838023200,4.747023193359375,-1.8055436935782432,-0.7504892814785241,0.03104848760589957
1789483539848073200,4.7570732421875,-1.6181272710442542,-1.595704426833987,-0.32261165944337844
1789483539858122200,4.767122314453125,-1.5206442174136638,-2.2254379156440494,-0.5041984990410506
1789483539868172300,4.77717236328125,-1.3029197503775358,-2.6202947270870207,-0.3853486861243844
1789483539878222300,4.787222412109375,-0.9510803159493952,-2.820390013930201,-0.1180878886334598
1789483539888272400,4.7972724609375,-0.6492530858594924,-3.0555443391948938,0.14937807604074477
1789483539898322400,4.807322509765625,-0.2689852831959724,-3.467725210404396,0.37882249922603367
1789483539908372200,4.817372314453125,0.03588372574262321,-3.8419951608926057,0.8241824403293431
1789483539918422300,4.82742236328125,0.24002273501865565,-4.083250141119957,1.79046185978055
1789483539928472300,4.837472412109375,0.6657739394843578,-4.289601565748453,3.0210178002148864
1789483539938521000,4.84752099609375,1.2875275354564188,-4.211905747127533,3.983268840932846
1789483539948571100,4.857571044921875,1.8169107446365058,-3.6933395539075136,4.190174976834655
1789483539958621200,4.86762109375,2.1051655225783583,-3.021370851436257,3.2246523671001195
1789483539968671200,4.877671142578125,1.585732483395934,-2.57997440713644,1.6786255788877606
1789483539978721300,4.88772119140625,0.5629634072206914,-2.4012094930917023,0.499250959636271
1789483539988771300,4.897771240234375,-0.6521569906074554,-2.626913268443942,-0.4408423175483942
1789483539998821400,4.9078212890625,-1.785469458320737,-2.8759757075518366,-0.982660499279201
1789483540008870400,4.917870361328125,-2.5589292810201645,-2.6661487157672643,-1.0260847765944898
1789483540018920200,4.927920166015625,-2.9981951430320737,-2.111296572679281,-0.865165900363773
1789483540028970200,4.93797021484375,-3.1021903550356624,-1.4659446589767933,-0.6036949383206666
1789483540039020300,4.948020263671875,-2.960465424096584,-0.9253139334648847,-0.39588644675165413
1789483540049070300,4.9580703125,-2.626566646963358,-0.44250995849967,-0.20284312424659728
1789483540059120000,4.9681201171875,-2.1978034742653367,-0.07242343117594718,-0.06460822738036513
1789483540069170200,4.978170166015625,-1.9157985504984854,0.22371172475218773,0.06078413904756307
1789483540079220200,4.98822021484375,-2.323500814989209,-0.13892331752181053,-0.19024024778306484
1789483540089269200,4.998269287109375,-2.183414883428812,-0.12678805857002734,-0.1304062490671873
1789483540099319300,5.0083193359375,-2.8320611625015735,-0.3894090674310922,-0.38267917465418577
1789483540109369300,5.018369384765625,-3.767209676760435,-0.6595049422174691,-0.39932891535572707
1789483540119419400,5.02841943359375,-4.555336907237768,-0.9652467154026031,-0.1636908982273191
1789483540129469200,5.03846923828125,-4.5811412105798714,-1.4157593630939722,-0.0007250263389199971
1789483540139519200,5.048519287109375,-3.972037837344408,-1.8621026161462066,0.16442907630875706
1789483540149569300,5.0585693359375,-2.798652229374647,-2.0739093835711477,0.5977347878072411
1789483540159618300,5.068618408203125,-0.5319019140027463,-2.043294465076923,1.0932360395211727
1789483540169668000,5.078668212890625,2.442591012533009,-1.9374153390228748,1.415150729676336
1789483540179718100,5.08871826171875,4.640698145920038,-1.6741723988711832,1.5853607274740933
1789483540189768200,5.098768310546875,5.816504259034991,-0.838318371579051,1.7981085751414299
1789483540199818500,5.108818603515625,6.076896485930681,0.05240998619496822,1.6102259964004157
1789483540209868300,5.118868408203125,5.567302119195461,1.131004848358035,1.4751982250124216
1789483540219918300,5.12891845703125,3.835025029619038,1.6463392200499771,1.1045868700969963
1789483540229968400,5.138968505859375,-0.10301467653363942,0.9970318467199801,0.5304087528355419
1789483540240017200,5.14901708984375,-2.479137659163773,-0.41111061162948603,-0.44351613986752925
1789483540250067200,5.159067138671875,-2.4578049482777713,-2.005215202051401,-1.5232739813953637
1789483540260117200,5.1691171875,-0.574820872144401,-2.6970085489332676,-1.3693231906116008
1789483540270167300,5.179167236328125,0.5329837178900838,-2.7058915280908344,-0.004929346160963177
1789483540280217000,5.189217041015625,0.8362944645360112,-2.715099501419067,1.003021880915016
1789483540290267100,5.19926708984375,1.465435540410876,-2.796590036147833,0.7704202358078212
1789483540300317200,5.209317138671875,1.674917079758644,-2.5036837791383264,-0.06585954261571168
1789483540310366200,5.2193662109375,1.9041800088971852,-1.8184733177781105,-0.7269963238187134
1789483540320416300,5.229416259765625,2.299220360213518,-1.1232406440973282,-0.6739987469941378
1789483540330466300,5.23946630859375,2.581397717937827,-0.4759370118051767,-0.024663316613435744
1789483540340516400,5.249516357421875,2.763394453510642,-0.00952536871433258,0.35246553043723106
1789483540350566100,5.259566162109375,2.839543627211451,0.5938993743628264,0.20718962901830673
1789483540360616200,5.2696162109375,2.9624720877438784,1.161087267410755,-0.3718463766030967
1789483540370666200,5.279666259765625,3.2966631258219476,1.7080612244695423,-0.7510640126265585
1789483540380715300,5.28971533203125,3.4156004708915946,2.192401907482743,-0.8457821315884589
1789483540390765300,5.299765380859375,3.3506741174727677,2.6223639345765113,-0.713132268312946
1789483540400815400,5.3098154296875,3.2031898923546076,2.9214976877987384,-0.4522931744325906
1789483540410865400,5.319865478515625,3.176712804317474,3.1336358791351318,-0.3989215766638517
1789483540420915500,5.32991552734375,3.1476497914403674,3.245648977899551,-0.3476435901734978
1789483540430965200,5.33996533203125,3.2038854734033344,3.3215731106728312,-0.2748535176422447
1789483540441015300,5.350015380859375,3.206815097114444,3.371066917160153,-0.40539764081016183
1789483540451065300,5.3600654296875,3.3491765723913907,3.341509983286261,-0.4276001933332532
1789483540461114000,5.370114013671875,3.4077304681688547,3.3440725272506473,-0.3093189010195434
1789483540471164200,5.3801640625,3.271002614864707,3.2840707707524297,-0.33366825631298125
1789483540481214200,5.390214111328125,3.0926895362406968,3.1344173849016426,-0.43246743404343724
1789483540491264300,5.40026416015625,2.989087707468867,2.9794208844572303,-0.6007193565759807
1789483540501314000,5.41031396484375,2.988129676091671,2.811317065158486,-0.7243270315442234
1789483540511364000,5.420364013671875,2.947205545029044,2.745924847793579,-0.7112596063088625
1789483540521414400,5.430414306640625,2.5172142918407916,2.8486744436502454,-0.5971726238798349
1789483540531463200,5.440463134765625,1.7449474783182144,2.96668356795907,-0.4409948777616024
1789483540541513200,5.45051318359375,0.9338023603469133,3.019196430006623,-0.27379677513092754
1789483540551563300,5.460563232421875,0.3564233281522989,3.0263854647278783,-0.04294854956232011
1789483540561613300,5.47061328125,-0.042159810337424275,3.027888855028152,0.18143800571151078
1789483540571663400,5.480663330078125,-0.29482991854846474,2.9665993968069553,0.4288213326260447
1789483540581713200,5.490713134765625,-0.7023276003777981,2.6408956165671347,0.7177456803925335
1789483540591762400,5.500762451171875,-0.9666250180184841,2.249935812562704,0.8636050077226013
1789483540601812000,5.51081201171875,-0.9907242710083722,1.8924872330158948,0.8440519467949866
1789483540611862000,5.520862060546875,-1.0553326445192097,1.51007664617002,0.7298896341074258
1789483540621912000,5.530912109375,-0.6823182470500468,1.0664911673933266,0.4343560242690146
1789483540631962000,5.540962158203125,0.10793138240873813,0.3480880460053682,-0.11046762288808822
1789483540642012000,5.551011962890625,0.42758068491518497,-1.0078384874165058,-0.9860475113689899
1789483540652062000,5.56106201171875,-0.9031231444448232,-3.0588170772552488,-2.0766041756130753
1789483540662111000,5.571111083984375,-3.4059248800516126,-5.921998769685626,-1.8303877735860645
1789483540672160800,5.581160888671875,-4.80246399436891,-9.707800918713211,0.48982919742688535
1789483540682210800,5.5912109375,-3.0628052701085804,-13.125988483488559,2.2975316764742133
1789483540692260900,5.6012607421875,-1.489141994690895,-12.59272565639615,1.0920334587983787
1789483540702311000,5.611310791015625,-0.9876000015079974,-5.9239206776589155,0.2204806338764727
1789483540712361000,5.62136083984375,0.740523183259368,-0.7049807452350855,-0.9899480259388684
1789483540722411000,5.631410888671875,1.6908599142998455,2.124552944615483,-2.1218005771674213
1789483540732460000,5.6414599609375,1.2418290295988321,3.9817958457708356,-2.659807822307944
1789483540742510000,5.651510009765625,1.1819459310442209,4.221537498825788,-2.751248965425789
1789483540752559900,5.661559814453125,1.7655606427580117,3.467778986418247,-2.2220509035542606
1789483540762610000,5.67160986328125,2.412409809280932,1.989446555033326,-1.4068192469216882
1789483540772660000,5.681659912109375,2.4254116219341753,0.1590928298473358,-0.7087061954990029
1789483540782710000,5.6917099609375,1.9120242926567792,-1.580801456734538,-0.44745998212248084
1789483540792759800,5.701759765625,1.39180711735934,-3.0401287433981894,-0.47348026630282397
1789483540802809000,5.71180908203125,0.8971902472645044,-3.8753608393996952,-0.565144258391112
1789483540812859100,5.721859130859375,0.7545154682546854,-4.256638622823357,-0.5663458892658353
1789483540822909000,5.731908935546875,0.8745490841284393,-3.983520769867301,-0.3064500675849616
1789483540832959000,5.741958984375,0.84432550303936,-2.893750433695316,-0.17676190365925432
1789483540843009000,5.752009033203125,0.8349167464420199,-1.5602140112578868,-0.19292729490995406
1789483540853059000,5.76205908203125,0.8201374027222395,-0.2863374000132084,-0.20691855699196457
1789483540863108900,5.77210888671875,0.8542673436000943,0.6577244885414838,-0.24792481338009237
1789483540873158000,5.782157958984375,0.9283958251282572,1.2788228354752063,-0.05636646873578429
1789483540883208000,5.7922080078125,0.9996855760991573,1.6020166787207126,0.2764392524637282
1789483540893258000,5.802258056640625,1.1375532470881937,1.5737246502161024,0.5769928824212401
1789483540903308000,5.81230810546875,1.2390493357524275,1.4355577040195464,0.9143449418134987
1789483540913358000,5.822358154296875,1.3198507191732525,1.0488391908466814,1.371131262946874
1789483540923408100,5.832408203125,1.3218854398712514,0.3981389018535614,2.0182075162239372
1789483540933457000,5.842456787109375,1.061964337618649,-0.3171130620270967,2.5062849015474318
1789483540943507000,5.8525068359375,0.6775428493417799,-0.7480524097204208,2.7683436003506183
1789483540953557000,5.862556884765625,0.09856675721406936,-0.783614136967063,2.404669862678647
1789483540963607000,5.87260693359375,-0.22319062348753213,-0.6268319221496582,1.8788284177586436
1789483540973656800,5.88265673828125,-0.40876930920034643,-0.12034253569245337,1.4159154304385184
1789483540983707000,5.892706787109375,-0.45158860635980963,0.29643910731077194,0.8015653887212276
1789483540993757000,5.9027568359375,-0.3563375495649874,0.4871352821677923,0.2637101192720234
1789483541003806000,5.912805908203125,-0.3357353449106216,0.8423544952273369,-0.20350443769954144
1789483541013856000,5.92285595703125,-0.44518093127459285,1.192632160231471,-0.3082195614755153
1789483541023906000,5.932906005859375,-0.5900866842068732,1.3881722679883242,-0.15090981565266848
1789483541033956000,5.9429560546875,-0.5868168687559664,1.3465747677087783,0.0403068759471178
1789483541044006000,5.953005859375,-0.36680867469683287,1.1639584389328956,0.5686069660656153
1789483541054056000,5.963055908203125,-0.09797887432351708,0.9078156861752271,1.0961183900244533
1789483541064105000,5.97310498046875,0.19697452447414396,0.7246317866444587,1.5108192812308667
1789483541074154800,5.98315478515625,0.3754768420599401,0.5461503657162189,1.7987462885230778
1789483541084204800,5.993204833984375,0.38583003990054127,0.31708734306395053,2.0554837923035025
1789483541094254800,6.0032548828125,0.5165034154713154,0.3428782024025917,2.2626748826265333
1789483541104305200,6.01330517578125,0.5653811358869075,0.45735681449770926,2.306095214419067
1789483541114355200,6.023355224609375,-0.0014309095859527587,0.477736170181632,1.996055305648595
1789483541124404000,6.033404052734375,-0.5756628759264946,0.414072384044528,1.1900861290104687
1789483541134454000,6.0434541015625,-0.788434615926072,0.33587738372981546,0.18443068472146987
1789483541144504000,6.053504150390625,-0.9639186816692352,0.2603705995857715,-0.8315916936725377
1789483541154553900,6.063553955078125,-1.0902806968469172,0.27407413076758386,-1.5867326003491877
1789483541164604000,6.07360400390625,-0.8771616047143935,0.15369652376174925,-2.3679348538689315
1789483541174654000,6.083654052734375,-0.5480851331710815,0.0185872115701437,-2.8982985985189673
1789483541184703000,6.093702880859375,-0.9013491205096245,0.2901402994275093,-3.2238404661953446
1789483541194753000,6.1037529296875,-0.8862415677487849,0.725069593539834,-3.087095954017341
1789483541204803000,6.113802978515625,-0.7256430095136165,0.8470674952238798,-2.773827000197768
1789483541214853000,6.12385302734375,-0.7194236966073513,0.8531289872199297,-2.1996599157869814
1789483541224903000,6.13390283203125,-0.8652963948756456,0.7052817740082741,-1.4861040882997214
1789483541234953000,6.143952880859375,-1.221326924318075,0.4506891733020544,-0.42135289644151924
1789483541245002000,6.154001953125,-1.0293518155664205,0.48785132148265836,0.4693211007967591
1789483541255052000,6.164052001953125,-0.9837246213793754,0.5881260516583919,0.9001249855421483
1789483541265101800,6.174101806640625,-1.1637947728037834,0.7146580896407365,1.150798513108492
1789483541275152000,6.18415185546875,-1.4854004700750112,0.7377320912361145,1.2544986876882611
1789483541285202000,6.194201904296875,-1.8550012597084045,0.7354121238559485,1.3323162329927085
1789483541295252000,6.204251953125,-1.9359049344599246,0.6215998667150735,1.3782064620301127
1789483541305301000,6.214301025390625,-1.8153607387155293,0.3713257137298584,1.1920527529083191
1789483541315351000,6.22435107421875,-1.672946071946621,0.11743804642260074,1.0381693282723425
1789483541325401000,6.234401123046875,-1.4747703549891709,-0.11183949576318264,0.8075750043995678
1789483541335451000,6.244450927734375,-1.3124135549098253,-0.5146861369162797,0.5032834300227463
1789483541345501000,6.2545009765625,-1.1917307544123381,-1.023147700229287,0.33938846059069033
1789483541355551000,6.264551025390625,-0.9474830951750278,-1.525085999253392,0.4879154727600515
1789483541365601000,6.27460107421875,-0.4957739311754703,-1.905482323667407,0.9677380938269198
1789483541375650000,6.284650146484375,-0.017050430456921457,-2.154821826151013,1.6236618165567516
1789483541385700000,6.2947001953125,0.4991946263391524,-2.305861697924137,2.153798328322172
1789483541395750100,6.304750244140625,0.7391840436100959,-2.2986674025058744,2.272315548283607
1789483541405800000,6.314800048828125,0.8550006263107061,-2.27515793210268,1.9656347406826913
1789483541415850000,6.32485009765625,1.079101642641425,-2.364745264047384,1.7137451153248549
1789483541425900000,6.334900146484375,1.3499690863221883,-2.614807820108533,1.5726657888129352
1789483541435949000,6.344948974609375,1.6423387522369621,-2.920250318086147,1.2872466726884244
1789483541445998800,6.354998779296875,1.67966164393723,-3.248483909064531,0.6690447778485715
1789483541456049000,6.365048828125,1.3222551499664783,-3.6066409291416406,0.04499284180626273
1789483541466099000,6.375098876953125,0.692670714238286,-3.914202903491258,-0.36072175599858164
1789483541476149000,6.38514892578125,-0.09251169495880603,-4.171280891272425,-0.7023145947657525
1789483541486198000,6.395197998046875,-0.855399854761362,-4.072310813954473,-0.7661959691762924
1789483541496248000,6.405248046875,-1.3392267430335283,-3.5698464452296492,-0.6479669185064733
1789483541506298000,6.415298095703125,-1.6100649606198072,-2.8934365454405544,-0.4746456568203866
1789483541516348000,6.425347900390625,-1.8106820793800056,-2.2692823180675505,-0.25529139662533995
1789483541526398000,6.43539794921875,-1.8069237497597932,-1.793477408209443,0.06861059488952159
1789483541536448000,6.445447998046875,-1.697195400931686,-1.5354875662803649,0.2704305135682225
1789483541546496800,6.455496826171875,-1.526324601137638,-1.432861304542422,0.2684079216994345
1789483541556546800,6.465546875,-1.448964298081398,-1.51535487883389,0.07506473946496844
1789483541566596900,6.475596923828125,-1.570217518877983,-1.6741981178343295,-0.33315862629041076
1789483541576647200,6.485647216796875,-1.9376023860275744,-1.6165993308246134,-0.9071130908638239
1789483541586697000,6.495697021484375,-2.249581007775664,-1.7574077314406633,-1.4904890253856777
1789483541596747000,6.5057470703125,-2.6866420532196758,-1.786427489697933,-1.8522117751203477
1789483541606796300,6.51579638671875,-3.219904880312085,-1.62130531655848,-1.8880898748397825
1789483541616846300,6.525846435546875,-3.857893571770191,-1.4197194988965987,-1.6884062375374138
1789483541626896100,6.535896240234375,-4.5520191609919065,-1.1757897465020417,-1.1903478486865757
1789483541636946200,6.5459462890625,-4.789379471868276,-0.9391016357988119,-0.4784449760381132
1789483541646996200,6.555996337890625,-3.615916707009077,-0.8500684306055307,-0.08693937471918761
1789483541657046300,6.56604638671875,-1.645067884939909,-1.1434896513998507,-0.09327245019823312
1789483541667095300,6.57609521484375,-0.04306961865872144,-1.7284382420659063,0.5577081170409918
1789483541677145300,6.586145263671875,1.2993079896211623,-1.5111188486993312,1.2829248639665543
1789483541687195400,6.5961953125,2.781371424227953,-1.0710416703045367,1.828756957513839
1789483541697245200,6.6062451171875,3.6200665201649067,-0.1584305665463209,2.2468369697645305
1789483541707295200,6.616295166015625,3.7342517022714015,0.6373796196490525,2.1079193513311445
1789483541717345300,6.62634521484375,3.0081381526365876,0.7896697837442159,0.6853625101167709
1789483541727394000,6.63639404296875,0.9567956979215144,0.8026812410086392,-0.36400910710617895
1789483541737444000,6.646444091796875,0.17327070054262875,0.25372750830948354,-1.2291416897222398
1789483541747494100,6.656494140625,1.1477832569405435,-0.2723807708531618,-1.707823616321385
1789483541757544200,6.666544189453125,1.6641013789728283,-0.9061702570557594,-1.634502651783824
1789483541767594200,6.67659423828125,0.18545067541897295,-1.823140140545368,-1.6145539426021276
1789483541777644000,6.68664404296875,0.9725555771112442,-1.8612071286112069,-0.12308043622374534
1789483541787693300,6.696693359375,7.752205779877305,-2.1340578550636766,3.281914469501376
1789483541797743400,6.706743408203125,-5.968964519000053,-1.6357330703616142,0.4995204972926527
1789483541807793200,6.716793212890625,-1.538365459804237,-2.584752289062738,-1.0517561742719261
1789483541817843200,6.72684326171875,2.718181100821495,-2.253909392368793,0.9230210002221166
1789483541827893200,6.736893310546875,2.685470671352744,-1.7942934007674454,1.472942555040121
1789483541837942000,6.74694189453125,3.5732770042002198,-0.7398807937026023,1.8786331874474882
1789483541847992000,6.756991943359375,3.6867572529077526,0.28180677084624767,1.0924026574369519
1789483541858042400,6.76704248046875,3.1146324879795313,1.1277192508161067,-0.09878631824888288
1789483541868092400,6.777092529296875,2.9444968705922365,1.6539081939995288,-0.8878997102193534
1789483541878142200,6.78714208984375,3.221191997513175,2.0858751311749217,-1.2076163788735865
1789483541888192300,6.797192138671875,3.394866894942522,2.2810469901412724,-1.1406288551412522
1789483541898241300,6.8072412109375,3.798790225416422,2.6534868025928735,-0.9837364579476415
1789483541908291300,6.817291259765625,3.827805307498574,3.0844647287309166,-0.8644282337389886
1789483541918341000,6.827341064453125,3.6462206598579883,3.2393501700162886,-0.7634711473222822
1789483541928391200,6.83739111328125,3.3694267487376925,3.3107992032021283,-0.6860282074838876
1789483541938441200,6.847441162109375,3.2363848904699086,3.3191701411843297,-0.5971977948537096
1789483541948491300,6.8574912109375,3.166977592244744,3.2365000412821767,-0.5498508642019704
1789483541958540300,6.867540283203125,3.1116864976555108,3.0787714855253694,-0.5479885409288108
1789483541968590300,6.87759033203125,3.0633862848669287,2.9416432347267865,-0.6701869336210191
1789483541978640400,6.887640380859375,3.0037720663815737,2.9715298389464615,-0.7850237115040422
1789483541988690200,6.897690185546875,2.9400428137928247,3.0568180123925206,-0.8070650090508162
1789483541998740200,6.907740234375,2.876047603744268,3.151649674731493,-0.5633016261991113
1789483542008790300,6.917790283203125,2.575960495319962,3.263109231266379,-0.16434329772144554
1789483542018839000,6.927839111328125,2.0826210978150366,3.438412606680393,0.3107967184871435
1789483542028889000,6.93788916015625,1.3136936578482388,3.6153374458163974,0.6243691122327
1789483542038939100,6.947939208984375,0.5790303065329789,3.6603830407232043,0.8815553096286952
1789483542048989200,6.9579892578125,0.03982055373489857,3.537382683998346,1.0651252128023654
1789483542059039200,6.968039306640625,-0.1548579687565565,3.4075387449890373,1.2282263284429906
1789483542069088300,6.978088134765625,-0.17578794406056403,3.31446941614747,1.2829323166206479
1789483542079138300,6.98813818359375,-0.15414952822625635,3.195356129989028,1.2282970555916428
1789483542089188400,6.998188232421875,0.011404606589674949,3.0290672511577603,1.008351186178997
1789483542099238100,7.008238037109375,-0.2179080069094896,2.8091525806009767,0.5729377618115395
1789483542109288200,7.0182880859375,-0.8866086474955082,2.433681437629461,-0.09382891503721474
1789483542119338200,7.028338134765625,-1.2486322798728942,1.8628548958182334,-0.8803533864930272
1789483542129387300,7.03838720703125,-1.7399118222385643,0.6237935773670673,-1.964410605715215
1789483542139437300,7.048437255859375,-1.5373375780612228,-1.630045087853074,-3.6317440984770655
1789483542149487400,7.0584873046875,-2.3151690399736164,-4.078019839251041,-5.064873990827799
1789483542159537400,7.068537353515625,-4.115524517259002,-7.225212534573674,-4.255103376080095
1789483542169587200,7.078587158203125,-4.382029089555144,-11.300564031398295,-0.3476631716568023
1789483542179637200,7.08863720703125,-1.6838731241524219,-14.264023376613855,2.275213023290783
1789483542189686300,7.098686279296875,-0.1281798051893711,-11.047744285583496,1.5399191189870238
1789483542199736000,7.108736083984375,0.2420207039028406,-3.604862813553214,0.8364408142041414
1789483542209786000,7.1187861328125,1.431791044962406,0.927972923541069,-0.2509475222021341
1789483542219836200,7.128836181640625,1.4908552283495664,3.3355309088766574,-1.0744207182835788
1789483542229886200,7.13888623046875,0.9010708880901336,4.164723724713921,-1.4832054442487657
1789483542239936000,7.14893603515625,1.151988015154004,3.7524867394030093,-1.5922776672556995
1789483542249985300,7.1589853515625,1.6957190447688102,2.840743650650978,-1.0956038646310566
1789483542260035300,7.169035400390625,2.04717978207767,1.2514660419940948,-0.5397611030705273
1789483542270085400,7.17908544921875,1.6745853635862469,-0.7133212880790233,-0.05835428155213594
1789483542280135200,7.18913525390625,1.072428740748763,-2.7253812414586545,0.0010455635301768779
1789483542290185200,7.199185302734375,0.6862780905917286,-4.060368447226286,-0.28540676809959115
1789483542300234200,7.209234130859375,0.5137935719907284,-4.574769337460398,-0.6087786713257431
1789483542310284000,7.219283935546875,0.42449324029386043,-4.185460807794332,-0.5489533673729747
1789483542320334000,7.229333984375,0.4594488183408975,-2.7336966498613355,-0.4316837363198399
1789483542330384100,7.239384033203125,0.6785007345885038,-1.0392542008996009,-0.5953439471479505
1789483542340434400,7.249434326171875,1.021679965764284,0.4289250852614641,-0.6445150975521654
1789483542350484200,7.259484130859375,1.113904660475254,1.4995640199840068,-0.477129655655846
1789483542360533200,7.269533203125,1.1908420619443059,2.034195212820172,-0.1395374308321625
1789483542370583300,7.279583251953125,1.2898255832657217,2.0793185491383075,0.3537895455826074
1789483542380633000,7.289633056640625,1.2919395066797732,1.7151467988163231,0.9273780263878405
1789483542390683100,7.29968310546875,1.4933099280253053,1.0243681819349526,1.4335437338486312
1789483542400733200,7.309733154296875,1.6638883207440376,0.33887948815524577,1.9467349560320377
1789483542410783200,7.319783203125,1.8661551064074038,-0.7258458386093377,2.7380440314158796
1789483542420832300,7.329832275390625,1.7127452906325458,-0.6772142019093036,2.761982540886104
1789483542430882300,7.33988232421875,1.4348624152317642,-1.1422019496768712,2.885082266332209
1789483542440932400,7.349932373046875,0.8492977384939789,-1.2796955266565084,2.6557155845582483
1789483542450982400,7.359982421875,0.17544775232076643,-1.1565864488601685,2.165217840220034
1789483542461032200,7.3700322265625,-0.3852233061790466,-0.7210907530367374,1.478897664052248
1789483542471082200,7.380082275390625,-0.5578687144301832,-0.10452420431375503,0.8448268766902387
1789483542481131300,7.39013134765625,-0.6680664343357086,0.2442816345721483,0.17430917674489319
1789483542491181000,7.40018115234375,-0.8047326205804943,0.35701369526088234,-0.20037490750215947
1789483542501231000,7.410231201171875,-0.880502731835842,0.5259738391280174,-0.31605931519046426
1789483542511281200,7.42028125,-1.0532264660201966,0.7244049921512603,-0.4155413606185466
1789483542521331200,7.430331298828125,-1.1327100448407232,0.8921563447505235,-0.40096659956015646
1789483542531380200,7.440380126953125,-1.006581619223207,1.0051637152493,-0.09016520489789545
1789483542541430300,7.45043017578125,-0.5595952459618448,0.9315653950750827,0.3618880232989788
1789483542551480300,7.460480224609375,-0.14808978979587553,0.7855728698194027,0.8842094043340534
1789483542561530000,7.470530029296875,-0.30951354680880905,0.5202759197473525,1.4484462655566632
1789483542571580200,7.480580078125,-0.10486768398918211,0.14476795189678668,1.920656658054143
1789483542581630200,7.490630126953125,0.26341252456493675,-0.29934359658062454,2.3084546370267867
1789483542591679200,7.50067919921875,0.2702420052587986,-0.4141548016309738,2.4253951091907915
1789483542601729300,7.510729248046875,0.5481915161550045,-0.26955986821353434,2.511803080447018
1789483542611779300,7.520779296875,0.9419009841937571,-0.16948972069919108,2.4111811442688107
1789483542621829000,7.5308291015625,0.7546517349202185,0.016587562185525893,1.8037112174540757
1789483542631879200,7.540879150390625,0.11539287739582359,0.20556582720875738,0.8073059781998395
1789483542641929200,7.55092919921875,-0.8183972079914063,0.3814911339133978,-0.44577232129648325
1789483542651978200,7.560978271484375,-1.284886665558815,0.5972498538345098,-1.6527919033207
1789483542662028000,7.571028076171875,-1.0926163001876323,0.7237742930322885,-2.6507807585045695
1789483542672078000,7.581078125,-0.6708288847863674,0.6986755076110363,-3.6824101636141537
1789483542682128100,7.591128173828125,-0.9213105430424213,0.8339023087024688,-4.332264649432897
1789483542692178200,7.60117822265625,-1.0543056395590304,0.9807792155772447,-4.175131429220736
1789483542702228000,7.61122802734375,-0.9203367295742034,1.1503303110748528,-3.4879853236228224
1789483542712277200,7.62127734375,-0.6532879673987627,1.2833546336859465,-2.490178400877118
1789483542722327300,7.631327392578125,-0.6060165131360292,1.1682318784683943,-1.3378726980760693
1789483542732377000,7.641377197265625,-0.602009031060338,0.7735328879356383,-0.5355452389411628
1789483542742427100,7.65142724609375,-0.6120563412895426,0.3908610198050737,0.01244870881512761
1789483542752477200,7.661477294921875,-0.709496761354804,0.09025134881138801,0.5594426857486366
1789483542762526000,7.67152587890625,-1.0239449880868197,-0.04476210179030895,0.9154127171754837
1789483542772576000,7.681575927734375,-1.5972500488407908,-0.09660977792739868,1.3108245321527123
1789483542782626000,7.6916259765625,-2.0125439375042915,0.02002279733121395,1.7100089975364505
1789483542792676000,7.701676025390625,-2.537146488279104,0.09959434669613837,1.8805738001212478
1789483542802726100,7.71172607421875,-3.002818126657605,0.11336977407038211,1.9848691641151903
1789483542812776200,7.721776123046875,-2.802746220690012,0.2018845083475113,1.6904134857065976
1789483542822825200,7.7318251953125,-2.384229132196307,0.12694997113347053,1.2188052968859673
1789483542832875300,7.741875244140625,-2.1865356457978486,0.01963993549346924,0.8569275027200579
1789483542842925000,7.751925048828125,-2.0412860478639603,-0.15973054322898386,0.575626635569334
1789483542852975000,7.76197509765625,-1.6796645665466785,-0.7155722818762064,0.410020624435693
1789483542863025200,7.772025146484375,-1.1824018581181763,-1.4688216757178305,0.4657667693160474
1789483542873074200,7.78207421875,-0.6816219353489578,-2.1766326759427783,0.6680648269005119
1789483542883124200,7.792124267578125,-0.32986557609438893,-2.836066306489706,0.7921076784156262
1789483542893174300,7.80217431640625,-0.2517711135447025,-3.4393314750909805,0.7331047236964107
1789483542903224300,7.812224365234375,-0.4644944112926721,-3.911908070552349,0.6307565482474863
1789483542913274000,7.822274169921875,-0.8369844926267862,-4.2248342022836205,0.8337623157098889
1789483542923324200,7.83232421875,-1.0867403208263218,-4.373115715259313,1.7293348986446857
1789483542933373200,7.842373291015625,-0.7971035870067775,-4.284567663234472,3.1025708787858486
1789483542943423000,7.852423095703125,-0.16181392537429928,-3.7916637345373627,3.6697026577323673
1789483542953473000,7.86247314453125,0.3108217067979276,-2.905121138015389,2.754867155922949
1789483542963523000,7.872523193359375,-0.0008219839073717594,-2.26505037958622,1.45695208196491
1789483542973573000,7.882572998046875,-0.6905600056946277,-2.3493664931297302,0.5344470684409142
1789483542983623000,7.892622802734375,-1.2014147477544843,-2.506350367999077,-0.046523704635351895
1789483542993672200,7.902672119140625,-1.4926486876375973,-2.21223298163414,-0.3713840197883546
1789483543003722200,7.91272216796875,-1.7939685527272522,-1.686405857500434,-0.5999160043038427
1789483543013772300,7.922772216796875,-2.1295780793011185,-1.0101683916687965,-0.6078299922987819
1789483543023822000,7.932822021484375,-2.453622986418009,-0.27158056038618084,-0.30439050470665097
1789483543033872100,7.9428720703125,-2.7038117992073296,0.28793256025016306,0.05046440508514642
1789483543043922200,7.952922119140625,-2.880340917024016,0.5852624789208173,0.2940086652934551
1789483543053971000,7.962970947265625,-2.6889111671954393,0.21458675353229045,0.45482948797717687
1789483543064021000,7.97302099609375,-2.4996733744531867,-0.18868483503460884,0.6731416917733848
1789483543074071300,7.9830712890625,-2.525207044160366,-0.5750719242960214,0.4699675820067525
1789483543084121300,7.993121337890625,-2.8662650453984737,-0.9754863698661327,0.17328677489459512
1789483543094171100,8.003171142578125,-3.399910149806738,-1.1225070691257715,-0.09529358076229691
1789483543104220200,8.01322021484375,-3.6145173616051673,-1.026273723295331,-0.3603868249557912
1789483543114270200,8.023270263671876,-3.765374278026819,-0.7648574140489101,-0.3214105400253087
1789483543124320000,8.033320068359375,-3.6969022148251534,-0.7083797400236129,-0.06102269704379141
1789483543134370000,8.0433701171875,-2.37505286918059,-0.6347486866235733,0.5775648370902985
1789483543144420000,8.053420166015625,-0.08334332298859953,-0.6052513739824295,1.1479401280026882
1789483543154470100,8.06347021484375,2.071260330367088,-0.2517114923119545,1.8419608686104416
1789483543164519200,8.073519287109375,4.226299014139175,0.46754503103494643,2.420962533570826
1789483543174569200,8.0835693359375,5.235790529459715,0.9986088867783546,2.3693952818103132
1789483543184619300,8.093619384765624,5.4869093165755265,1.4757763171613216,2.200709132578969
1789483543194669300,8.10366943359375,5.061677825134992,1.395779820382595,1.8068910165339707
1789483543204719000,8.113718994140624,4.970999775344133,1.2076011813044547,1.6509239174917338
1789483543214768000,8.12376806640625,4.314837421552837,1.0636229184806347,1.4767698582433164
1789483543224818200,8.133818115234375,3.496785300672054,0.7493886267602443,0.42838820190578697
1789483543234868000,8.143867919921876,1.4353867313668132,1.0015577997118235,0.2236569258250296
1789483543244918000,8.15391796875,-0.5087409647762775,0.8215794182240963,0.47350788496211166
1789483543254968000,8.163968017578124,-1.0569532314583658,0.34093057546615596,1.659562566499412
1789483543265018000,8.17401806640625,-0.4538493908986449,-0.5434662411987781,2.3822268524631856
1789483543275067100,8.184067138671875,0.20576047299802303,-1.4162526995688676,3.2564076878011226
1789483543285117200,8.1941171875,0.08197188850492239,-1.8480875347971915,4.642874320915341
1789483543295167200,8.204167236328125,0.38105975675880904,-1.9219377839058636,5.237319638723135
1789483543305217000,8.214217041015624,1.9639026561930775,-1.7442390377879142,4.730510226531327
1789483543315267000,8.22426708984375,-0.5399643705576658,-1.382806941562891,2.020581113487482
1789483543325317000,8.234317138671875,0.5332473372623324,-1.1637158623486756,0.585520545335114
1789483543335366100,8.2443662109375,2.117395474076271,-0.7283014150679111,0.5091780410192907
1789483543345416200,8.254416259765625,2.112469415850937,0.004830488896369934,0.3329816622883081
1789483543355466200,8.26446630859375,2.4893916344136,0.6112661042273044,0.20020473856702445
1789483543365516300,8.274516357421875,2.9969314067065715,0.7463596343278884,-0.1811566314868629
1789483543375566300,8.28456640625,3.4326229173630476,1.2581576485872268,0.09492182484045625
1789483543385615000,8.294614990234376,3.507304356598854,1.6964526197403669,-0.06531462208405137
1789483543395665200,8.3046650390625,3.423880223459005,2.0115251158505676,-0.1859108402766287
1789483543405715200,8.314715087890624,3.5241830106854435,2.3445465256273743,-0.2781540935575962
1789483543415765000,8.324764892578125,3.459205219340324,2.7157243553191424,-0.48891588197425007
1789483543425815000,8.33481494140625,3.4902906779557465,3.05929989233613,-0.7150850828811526
1789483543435865000,8.344864990234376,3.5360558193087575,3.3713533328860996,-0.9384539855450391
1789483543445914000,8.3549140625,3.564053833302855,3.67712082503438,-1.1049698049999772
1789483543455964200,8.364964111328124,3.67532984996438,3.825511059081554,-1.351931326305866
1789483543466014200,8.37501416015625,3.668367609736323,3.848922914329171,-1.466888954089582
1789483543476064300,8.385064208984375,3.652056526404619,3.7280174840569495,-1.5572881869390607
1789483543486114000,8.395114013671876,3.6120366507053374,3.651039458316564,-1.590491952882707
1789483543496163000,8.4051630859375,3.43750425966382,3.654371233087778,-1.6248469346880912
1789483543506213000,8.415213134765626,3.1303292388051744,3.6778321881741283,-1.7798736841402947
1789483543516263200,8.42526318359375,2.8398344268515703,3.7578076421648263,-1.9805568538740277
1789483543526313000,8.43531298828125,2.44940507646203,3.885395326679945,-2.1372627885848283
1789483543536363000,8.445363037109376,1.8007915306150912,4.026718106558919,-2.3805001748010515
1789483543546413000,8.4554130859375,1.095688912566006,4.181518207648396,-2.429536154518276
1789483543556462000,8.465462158203126,0.30940088021457196,4.279241499775648,-2.088233530869335
1789483543566512000,8.47551220703125,-0.5624208247765898,4.076239970096945,-1.3924410313487052
1789483543576562200,8.485562255859374,-1.727683624306321,3.2739947824180122,-0.6354775854200124
1789483543586612200,8.4956123046875,-3.7042777120292185,1.9054379000037907,0.6036855859704315
1789483543596662000,8.505662109375,-6.5073021651387215,-0.15404665237367152,2.1657368956580756
1789483543606712600,8.515712646484374,-8.440470368111134,-2.979389904797077,3.64774684651196
1789483543616761300,8.52576123046875,-8.183563645243645,-5.672697261124849,5.241398432469368
1789483543626811400,8.535811279296874,-6.595823329156636,-7.458433845949172,6.629449704426527
1789483543636861400,8.545861328125,-4.491420899905264,-7.790043050840497,6.607935207232832
1789483543646911500,8.555911376953125,-2.2312451406180855,-6.274281344771385,5.474383597001433
1789483543656961500,8.56596142578125,-0.47972383686751124,-3.963210387766361,3.060989745119214
1789483543667010600,8.576010498046875,0.6577721270754933,-1.743883063957095,0.4363303930819034
1789483543677060400,8.586060302734374,0.3686699385240674,-0.25843524760901926,-1.6886059978932142
1789483543687110400,8.5961103515625,-1.232472295449674,0.6548246754467487,-3.098998573257029
1789483543697160400,8.606160400390625,-3.3980361726284025,0.14449088852107525,-4.088777672369778
1789483543707210500,8.61621044921875,-3.774498372463882,-2.8811498953193424,-4.913243167424202
1789483543717259500,8.626259521484375,-1.8925249346777795,-6.596797727146744,-5.1412265781462185
1789483543727309600,8.6363095703125,0.0490580454185605,-8.102771614173054,-4.037137501503527
1789483543737359600,8.646359619140625,1.0471423238009214,-6.0870122217535965,-1.3881797206424176
1789483543747409700,8.65640966796875,0.35659985376298425,-2.1730688459813594,0.8819130370251834
1789483543757459500,8.66645947265625,1.23081985206753,-0.09061609047055244,0.8929774518750607
1789483543767509500,8.676509521484375,3.477352285927534,0.38385552495718,0.11719188964180648
1789483543777558500,8.68655859375,4.356824797932803,0.9019581923186778,-0.1614420963872224
1789483543787608300,8.6966083984375,4.904639005208015,1.2491297080010175,0.3745180069651454
1789483543797658400,8.706658447265625,5.384526800465584,1.1909762097179888,0.9530162524480372
1789483543807708400,8.71670849609375,5.6328539110362525,0.9805115045517683,1.24912020952031
1789483543817758500,8.726758544921875,5.6871910659015175,0.6254436826616525,1.2780774239353834
1789483543827808300,8.736808349609374,5.451067603343725,0.20111761562824249,1.0963942112911491
1789483543837857500,8.746857421875,4.844953182791174,-0.10354103849530219,0.8707268954917788
1789483543847907600,8.756907470703124,4.133248097737133,-0.26402503044009207,0.6972657138783485
1789483543857957400,8.766957275390626,3.569600653775036,-0.2842062332034111,0.8795693234432488
1789483543868007400,8.77700732421875,3.251216548898816,-0.4399000682622194,1.2749683520041406
1789483543878057500,8.787057373046874,3.013830226798355,-0.5070043502420186,1.6450871741622686
1789483543888106500,8.7971064453125,2.629272398790717,-0.4414157335221767,1.8817859523899851
1789483543898156300,8.80715625,2.031687467782944,-0.2871305962175131,1.8741802996918557
1789483543908206300,8.817206298828125,1.3371204184040426,-0.03330255014300346,1.6295555507704615
1789483543918256600,8.827256591796875,0.5236600092276931,0.27020751846730706,1.2803370394304394
1789483543928306700,8.837306640625,-0.2166556687608361,0.5124678763449192,0.7429983412012457
1789483543938355500,8.84735546875,-0.6161258192181587,0.5976923369050026,0.23343407734334468
1789483543948405500,8.857405517578124,-0.6023905777238309,0.4664034597843885,-0.17230214777141808
1789483543958455600,8.86745556640625,-0.22022782815918326,0.12198621124625206,-0.3406168333418667
1789483543968505300,8.87750537109375,0.2370892388500273,-0.13500994347035883,-0.30406989445015786
1789483543978555400,8.887555419921876,0.538402089677006,-0.3368780852049589,-0.06375460622571408
1789483543988605400,8.89760546875,0.6330944896757602,-0.3482154717773199,0.33121918266043066
1789483543998654500,8.907654541015624,0.635032764261961,-0.17386135991215704,0.6618236674886196
1789483544008704500,8.91770458984375,0.6035575756765902,-0.14619067817628384,0.9606903672724961
1789483544018754600,8.927754638671875,0.6091887134313583,0.07098258471786975,1.074565022125095
1789483544028804600,8.9378046875,0.6979765655614435,0.3857943840652704,1.2045944737691432
1789483544038854400,8.9478544921875,0.9312545755602419,0.7033271328091621,1.3256757720649242
1789483544048903400,8.9579033203125,1.2074949444510041,1.0936100604653358,1.399596309930831
1789483544058953500,8.967953369140625,1.251820262259245,1.375072547918558,1.451579887407273
1789483544069003500,8.97800341796875,1.3067851936340331,1.4156371980190277,1.3473482362993061
1789483544079053300,8.98805322265625,1.1315456772364676,1.1919932778060436,1.1815256598055361
1789483544089103400,8.998103271484375,0.9304721930108963,0.7642167780578136,0.9606678631797433
1789483544099153400,9.0081533203125,0.8300318239446729,0.2766021879404783,0.6312016616664826
1789483544109202400,9.018202392578125,0.8202315838117152,-0.2211807449698448,0.34418957726210353
1789483544119252500,9.02825244140625,0.7099358103591948,-0.4505389511764049,0.1376126733146608
1789483544129302500,9.038302490234376,0.5705448022603988,-0.31980946150422096,-0.03604512684941292
1789483544139352600,9.0483525390625,0.37057043838314707,-0.05476151775717735,-0.19211510174423455
1789483544149402400,9.05840234375,0.10145670650191604,0.2254986081689596,-0.296669262804836
1789483544159451400,9.068451416015625,-0.20456512573361396,0.46847149823009965,-0.4389784233726561
1789483544169501400,9.07850146484375,-0.3300841872811317,0.621556027573347,-0.6353624346077442
1789483544179551500,9.088551513671876,-0.4385398858249187,0.5759048679888248,-0.8275885955110192
1789483544189601500,9.0986015625,-0.5740729763865471,0.2746107218623161,-0.9140463972583412
1789483544199651600,9.108651611328124,-0.6251566824138164,-0.025817747345566747,-0.7305177759431302
1789483544209700600,9.11870068359375,-0.6934662485301494,-0.178193836158514,-0.48252471963241694
1789483544219750400,9.12875048828125,-0.7567243764758109,-0.2107943755120039,-0.32806656384840605
1789483544229800400,9.138800537109375,-0.8686649945259094,-0.12789105137586593,-0.1888365184649825
1789483544239850500,9.1488505859375,-1.0486521438419818,-0.017052257087826726,-0.03999620256274938
1789483544249900500,9.158900634765626,-1.1876865205228329,0.06348609148263931,0.09843290170133114
1789483544259950300,9.168950439453125,-1.258358724117279,0.1425631353288889,0.3406212172560394
1789483544269999600,9.17899951171875,-1.2477251019001006,0.27968554090857506,0.6005792905181646
1789483544280049700,9.189049560546875,-1.2887690599501131,0.42597032710909843,0.9036559361472726
1789483544290099500,9.199099365234375,-1.2574398557066917,0.37890871620476246,0.9980230497144162
1789483544300149500,9.2091494140625,-1.1044786604821681,0.418964247739315,1.1110377267368137
1789483544310199600,9.219199462890625,-0.8265957850813865,0.32868308831155296,1.2609215603426098
1789483544320248300,9.229248291015624,-0.7383516844391822,0.3796808696210384,1.4249768349029124
1789483544330298400,9.23929833984375,-0.8111597310185432,0.3723907126128673,1.6526764602474868
1789483544340348400,9.249348388671875,-0.7329729140102863,0.30805297273695464,1.7982056057751177
1789483544350398500,9.2593984375,-0.9268588248193264,0.30075229433476924,2.0160976844631135
1789483544360448300,9.2694482421875,-1.1615899562358856,0.3219114022195339,2.2699795065514743
1789483544370497500,9.27949755859375,-1.2643857293218375,0.39264264252483844,2.5795149729311464
1789483544380547600,9.289547607421875,-1.2093465636670588,0.4174918370991945,2.788598160611093
1789483544390597600,9.29959765625,-1.1448299600929022,0.4586117829948663,2.9037051337376236
1789483544400647400,9.3096474609375,-1.243890053781867,0.48343292051851744,2.911608161947131
1789483544410697500,9.319697509765625,-1.5980162109076976,0.4080225824862718,2.8743495676547286
1789483544420747500,9.32974755859375,-2.074641789498925,0.20283669450581074,2.6722721670836207
1789483544430796300,9.33979638671875,-2.520671154296398,-0.07558452555537223,2.391592062179744
1789483544440846300,9.349846435546874,-2.8310587074607607,-0.3721002052336931,2.1169933230161666
1789483544450896400,9.359896484375,-3.0003555359363556,-0.7061188093543053,1.9695365704268215
1789483544460946400,9.369946533203125,-2.9353227995336053,-1.398762051063776,2.0988937488324937
1789483544470996500,9.37999658203125,-2.510717915558815,-2.3372879328012464,2.4793992327094077
1789483544481045500,9.39004541015625,-1.9275380881309507,-3.346060486197471,3.1302228558212515
1789483544491095600,9.400095458984374,-1.2722177381217479,-3.9502293256402012,3.5967569562479853
1789483544501145300,9.410145263671875,-0.8320388529181479,-3.9991327650189397,3.8899838235139845
1789483544511195400,9.4201953125,-0.29341888270676136,-3.6918028458595273,3.97311569570899
1789483544521245400,9.430245361328126,0.04356268113898113,-2.767902286323905,3.569242634117603
1789483544531294500,9.44029443359375,-0.05858427264941856,-1.8549819704860449,3.1352269477188583
1789483544541344500,9.450344482421874,-0.5705395415633917,-1.054883147186041,2.581974056521058
1789483544551394600,9.46039453125,-1.3217255731344222,-0.47969665659964084,2.0565300864860414
1789483544561444600,9.470444580078125,-1.2208312497556209,-0.17558745305240153,1.6115372251294553
1789483544571494700,9.48049462890625,-0.8078489990353583,0.1015367129355669,0.7699968227639794
1789483544581543400,9.49054345703125,-0.6060030691325664,0.5319359624028206,0.07260331778749823
1789483544591593500,9.500593505859374,-0.4179588700890541,1.0368138220101595,-0.37114991877153514
1789483544601643300,9.510643310546875,-0.11623685393929481,1.5188380447745322,-0.7044139051325619
1789483544611693000,9.520693115234375,0.010895561088994145,1.9652941105514763,-1.0742623859167097
1789483544621743000,9.5307431640625,0.033930399717763064,2.1737550746798515,-1.4348029401294886
1789483544631793200,9.540793212890625,0.7867409637507051,2.0281150161236523,-1.2880436682850123
1789483544641842200,9.55084228515625,1.5942250019311903,1.522141177973151,-0.8051773686733097
1789483544651892200,9.560892333984375,1.6230688190996645,0.8409434593856334,-0.04488492445237934
1789483544661942300,9.5709423828125,1.2982929673597217,0.13512743237018585,0.8482363198075443
1789483544671992300,9.580992431640626,1.9280374159552156,-0.8915209694564342,2.1482366025418043
1789483544682042000,9.5910419921875,2.4303370956376193,-2.3478584266543385,3.0401828116729854
1789483544692091100,9.601091064453126,2.636568985539675,-3.46585240226984,3.752584062297642
1789483544702141200,9.61114111328125,2.650496096344292,-3.848037363666296,4.225901246993243
1789483544712191200,9.621191162109374,1.6324819596111773,-3.298043182003498,4.269162881092727
1789483544722241300,9.6312412109375,0.7725634583815931,-1.9766811814844607,3.855845699329674
1789483544732291300,9.641291259765625,0.8004986362725496,-0.7709837879747152,3.227907277242839
1789483544742340400,9.65134033203125,1.3480048005118965,0.21080723499357698,2.904605005186796
1789483544752390100,9.66139013671875,1.749015750670433,0.858950825241208,2.664153742557764
1789483544762440200,9.671440185546874,1.7507082338020203,1.0398328775703907,2.434174481843412
1789483544772490200,9.681490234375,1.6676853749394416,1.150686284905672,2.592335583798587
1789483544782540300,9.691540283203125,1.7110510539352892,1.0426678087353707,3.135088123770058
1789483544792589300,9.70158935546875,1.6074460102930663,0.6269307063490152,3.4339912831068036
1789483544802639400,9.711639404296875,1.4981883477166293,-0.07673720272183418,3.692760292714834
1789483544812689400,9.721689453125,1.6896528765976428,-1.0731249063193797,3.939233884373307
1789483544822739200,9.7317392578125,2.196512265411019,-1.6571189727395772,4.144038079559802
1789483544832789200,9.741789306640625,2.8777129066079854,-1.5985259139955044,3.884605637606978
1789483544842838300,9.75183837890625,3.1335727507710454,-1.212415888109803,2.946255112436414
1789483544852888000,9.76188818359375,3.221181183858216,-0.7075093869298696,1.5907202086806296
1789483544862938000,9.771938232421874,3.5551723154500126,-0.14841478396654129,0.7923469670642167
1789483544872988200,9.78198828125,3.9072815797954794,0.3414730117797851,0.09084770726934074
1789483544883038200,9.7920380859375,4.09102252868712,0.6907423765242099,-0.621023674262315
1789483544893087200,9.802087158203125,4.086738567757607,1.090556518113613,-1.173900352558866
1789483544903137300,9.81213720703125,3.9310903254061933,1.5817232477545737,-1.4133005717650056
1789483544913187300,9.822187255859374,3.810639068642258,2.160695686620474,-1.2099441642340272
1789483544923237400,9.8322373046875,3.817034907159209,2.489524905404448,-1.177555221804604
1789483544933287200,9.842287109375,3.8736423450440167,2.556236388674378,-1.192727071973309
1789483544943336200,9.852336181640625,3.7438758551850913,2.5415438464552165,-1.1386052403591573
1789483544953386200,9.86238623046875,3.4271418556034563,2.5783979515999556,-1.283212740997225
1789483544963436000,9.87243603515625,3.2445155899554488,2.5160697979807853,-1.6517323112651705
1789483544973486000,9.882486083984375,2.618513688889146,2.476407065156102,-1.8727526049762964
1789483544983536000,9.8925361328125,2.0629902224108574,2.2569699489831923,-2.280640455166995
1789483544993585200,9.902585205078125,1.2553154108986257,2.1767636088460685,-2.466952715851366
1789483545003635200,9.91263525390625,0.2570613289073109,1.9198352586686611,-2.73042449632287
1789483545013685200,9.922685302734376,-0.7588125809267163,1.5737398477852345,-2.8182638155564663
1789483545023735300,9.9327353515625,-1.877396923650801,1.2668529962182045,-2.787221319299936
1789483545033785000,9.94278515625,-3.168363201384246,0.8287333816319704,-2.6023446443766356
1789483545043834000,9.952834228515625,-4.372508104754984,0.32773499380648136,-2.0588912626594302
1789483545053884200,9.96288427734375,-5.505840227016806,-0.44370062958896156,-0.8874382301874458
1789483545063934200,9.972934326171876,-5.813190604442358,-1.7533955731898545,0.4416046802230179
1789483545073984300,9.982984375,-5.083720145595073,-3.172042474418878,2.093601341512799
1789483545084034300,9.993034423828124,-3.821902805456519,-4.380922589617968,3.759363347174227
1789483545094083300,10.003083251953125,-2.4629598468229172,-4.617539973172545,4.435523363855481
1789483545104133000,10.013133056640624,-1.6693974395543336,-4.052704780730605,3.138422528889775
1789483545114183200,10.02318310546875,-1.8915549206018447,-2.6286393615841863,1.0174740385070442
1789483545124233200,10.033233154296875,-2.131405294728279,-0.8457406305342913,-0.15298596433959902
1789483545134283300,10.043283203125,-2.0863421641647815,0.43423371306359765,-0.9283893953874707
1789483545144332300,10.053332275390625,-1.7663970935821531,1.815010610103607,-0.9416590651966631
1789483545154382300,10.06338232421875,-1.6167855010464787,3.1892677499860524,-0.6249459622725844
1789483545164432400,10.073432373046876,-2.0328888063967225,4.468417333197594,0.051726168649271126
1789483545174482200,10.083482177734375,-1.4340657118961213,5.219102429509163,0.9567219020329415
1789483545184532200,10.0935322265625,1.1985285247936843,4.10873938716352,1.5890592897310851
1789483545194581200,10.103581298828125,3.342501624672115,0.4536334100604057,1.6042498446002602
1789483545204631300,10.11363134765625,4.2148225113570685,-3.5977930212974547,1.9305569975607095
1789483545214681000,10.12368115234375,3.9681121883332726,-8.392208733767271,2.2970070680782197
1789483545224731100,10.133731201171875,3.150830467303097,-12.415242598855494,3.286112505713105
1789483545234781200,10.14378125,3.8304409166991706,-12.473229508399962,3.7376688172385095
1789483545244830200,10.153830322265625,3.7537788250401616,-7.15625122655034,3.2565228386133906
1789483545254880300,10.16388037109375,3.222297620667517,-1.8184212953299284,1.5685798346735536
1789483545264930300,10.173930419921875,3.1463764105036853,1.6354752962082624,-1.0590279919058083
1789483545274980400,10.18398046875,2.5555416844084857,3.546276769071817,-3.0258804378151893
1789483545285030100,10.194030029296876,2.4721900319829584,4.326014941388368,-3.869174551980197
1789483545295079200,10.2040791015625,2.884899310980737,4.2176241247743365,-3.753423727992177
1789483545305129200,10.214129150390624,3.216434573853016,3.278725318071246,-3.4110984832972284
1789483545315179000,10.224178955078125,3.208186969989538,1.861173226341605,-2.9543419727802274
1789483545325229000,10.23422900390625,3.362238590799272,0.2608914085894823,-2.077911312688887
1789483545335279000,10.244279052734376,3.619181846284866,-1.0951625506043434,-0.9255059489056467
1789483545345328400,10.254328369140625,3.6089816470488905,-1.8674094903826712,-0.2148484001431614
1789483545355378200,10.264378173828124,3.264090351258218,-1.9837398678243159,0.20421565470881758
1789483545365428200,10.27442822265625,2.136207726573944,-1.6452835735172033,0.7694932571560144
1789483545375478300,10.284478271484375,0.7928013597682118,-1.211002514180541,1.1182524804212153
1789483545385527000,10.294527099609375,0.0924224092401564,-0.7578355525881052,1.393984607528895
1789483545395577000,10.3045771484375,-0.08395005671009421,-0.2946966475576162,1.6589603628225624
1789483545405627100,10.314627197265626,0.16062208524122834,0.3268085266113281,1.9628684908397496
1789483545415677200,10.32467724609375,0.6239959680713713,0.8477759357541799,2.068029824013263
1789483545425727200,10.334727294921874,1.0242881024360657,0.9869570274293422,1.9144950666844844
1789483545435776300,10.3447763671875,1.6323687084950507,0.8850462204843759,1.9275949328847228
1789483545445826300,10.354826416015625,2.3012546425201,0.7833616235107183,2.124070421795547
1789483545455876000,10.3648759765625,2.699519654971361,0.6309913799166679,2.2304513598918914
1789483545465926100,10.374926025390625,2.5500024627208706,0.6095148766458034,2.432470016013086
1789483545475976200,10.38497607421875,1.898686087656021,0.4483130918204784,2.723447350786626
1789483545486025200,10.395025146484375,1.188556435225159,0.20020517695844173,2.7286104326382277
1789483545496075300,10.4050751953125,0.8271593372482806,0.009320786052942275,2.710838336843252
1789483545506125300,10.415125244140626,0.7527753465890884,-0.13568623529672622,2.5144880817472934
1789483545516175400,10.42517529296875,0.7836147214889526,-0.12766016522943974,2.0029948956534267
1789483545526225400,10.435225341796874,0.8750093951165676,-0.03617430618703365,1.6625317915685474
1789483545536274200,10.445274169921875,0.92649064909406,-0.07610358099341392,1.2342790526106953
1789483545546324200,10.45532421875,0.7641957352697849,-0.22549042486250398,0.5290313270024954
1789483545556374300,10.465374267578126,-0.07709493011832237,-0.31981004602611063,-0.22704423017576336
1789483545566424000,10.475424072265625,-1.2069523620069027,-0.36391865234375,-0.9928902168706059
1789483545576473300,10.485473388671876,-1.7277414919734,-0.4670148696810007,-1.5691121879845857
1789483545586523400,10.4955234375,-1.5160942990243433,-0.3951894043982029,-1.748304972052574
1789483545596573200,10.5055732421875,-0.9824772516667842,-0.3166080351144075,-1.817351328010857
1789483545606623000,10.515623046875,-0.49968905879259107,-0.3254997821003198,-1.9366181972958147
1789483545616673000,10.525673095703125,-0.2353811197578907,-0.23271569994091987,-1.8514194556988774
1789483545626721800,10.5357216796875,-0.02037058785557747,-0.05178980847001075,-1.4895856468051671
1789483545636771800,10.545771728515625,0.08172551252841949,0.045447161445021624,-1.102274136175215
1789483545646822000,10.55582177734375,0.1163327155292034,0.11959785480499267,-0.9751077458120881
1789483545656871700,10.56587158203125,0.12693476443118415,0.25535949342548847,-0.8824506510332226
1789483545666921000,10.5759208984375,0.0876852977156639,0.29392390961945053,-1.0123166557438672
1789483545676971000,10.585970947265626,-0.1558498841370456,0.3002139496743679,-1.2254086406737565
1789483545687020800,10.596020751953125,-0.5747825859606266,0.16089432631134987,-1.4483727619290352
1789483545697070800,10.60607080078125,-0.8131003436923027,-0.10989069978296756,-1.1390180589437484
1789483545707121000,10.616120849609375,-0.8466875559955834,-0.27799042742848395,-0.8665703603342175
1789483545717170000,10.626169921875,-1.0554138930618762,-0.38879356588125225,-0.6297773279517889
1789483545727219700,10.6362197265625,-1.1978396657466888,-0.40622751576304433,-0.2709098215177655
1789483545737269800,10.646269775390625,-1.5534072538524866,-0.3729138597041368,-0.07082987837418914
1789483545747320000,10.656320068359374,-1.6218734718352554,-0.20297931784689424,0.25084756895899774
1789483545757368800,10.666368896484375,-1.5959031642764805,0.06017302141189575,0.6265178877644241
1789483545767419000,10.6764189453125,-1.524446532306075,0.3845259715646505,0.872100083541125
1789483545777469000,10.686468994140625,-1.4268793075233697,0.7278057405054569,0.9427852927476167
1789483545787519000,10.69651904296875,-1.3413023802638053,1.0518518166661261,0.9730853000737726
1789483545797568800,10.70656884765625,-1.3200146775633097,1.2679676794618366,0.8939987577468156
1789483545807617800,10.71661767578125,-1.146430381026864,1.14608317502439,0.8785118502795696
1789483545817667800,10.726667724609374,-1.0825473261158913,0.7807868045866488,0.7333775492884218
1789483545827718000,10.7367177734375,-0.9672989717572927,0.14790157374739646,0.6164034671157598
1789483545837768000,10.746767822265625,-0.7788461919128894,-0.5081809928059577,0.7207290801174938
1789483545847817000,10.75681689453125,-0.452531074841693,-0.9554512975752353,0.8180528515331447
1789483545857867000,10.766866943359375,-0.13472593889720738,-1.2363555666238069,0.9840066531911492
1789483545867916800,10.776916748046874,0.09296301892288028,-1.4026497061520815,1.2428544271238147
1789483545877966800,10.786966796875,0.22918752581477164,-1.6000737279593944,1.4886194321215152
1789483545888017000,10.797016845703125,0.2406049918860197,-1.8916887761145829,1.6537674703545868
1789483545898066000,10.80706591796875,0.10484678733162581,-2.3643811069101095,2.0087796165347096
1789483545908116000,10.817115966796875,0.05289039012305438,-2.926869443964958,2.9190865350037813
1789483545918166000,10.827166015625,0.3007109394110739,-3.4837679981887337,4.32271180818975
1789483545928216000,10.837216064453125,0.7916606653004884,-3.9682653330683704,5.392184037220478
1789483545938264800,10.847264892578124,1.021224550146982,-4.1978298755019905,4.953060798549652
1789483545948315000,10.85731494140625,0.8309878094952553,-4.191519961702824,2.8482226082295177
1789483545958365000,10.867364990234375,0.03439085683636367,-3.8775194787383076,1.0122397911153733
1789483545968414700,10.877414794921876,-0.7639421989001334,-4.162809415525198,0.14452756726965307
1789483545978464800,10.88746484375,-1.061615670311451,-4.326147627857328,-0.22910233174934982
1789483545988514000,10.89751416015625,-1.314820762182027,-3.9228450596302746,-0.3150672354131937
1789483545998564000,10.907564208984375,-1.5710148067355154,-3.230367237615585,-0.2552650931403041
1789483546008614000,10.91761376953125,-1.8183014683425425,-2.5710873363256455,-0.09636457099467516
1789483546018664000,10.927663818359376,-1.7878800265938042,-2.0217419739603995,0.07530380891785025
1789483546028713000,10.937712890625,-1.6149714373618362,-1.6362953804194926,0.23241116403639314
1789483546038762800,10.9477626953125,-1.3634103133060038,-1.444980196881294,0.17477657506093383
1789483546048812800,10.957812744140625,-1.1195663394987583,-1.3748475069910286,-0.028277415457367894
1789483546058862800,10.96786279296875,-0.9184440476953982,-1.3113432953298092,-0.2633069452986121
1789483546068911900,10.977911865234375,-0.684278148946166,-1.395660577917099,-0.6102665717959403
1789483546078962000,10.9879619140625,-0.3839958102107048,-1.579549995368719,-1.0189400194063782
1789483546089012000,10.998011962890626,-0.10942483583688735,-1.8142179984211921,-1.4274829725049436
1789483546099062000,11.00806201171875,-0.23040331307901069,-1.9986247177451848,-1.7806183650277554
1789483546109111800,11.01811181640625,-0.9685831663489342,-1.9934628049373626,-1.7477984838351606
1789483546119160800,11.028160888671875,-1.8608125763356684,-1.8144465464800594,-1.386085232581198
1789483546129211000,11.0382109375,-2.359820082604885,-1.739036208447814,-1.0280736853893846
1789483546139261000,11.048260986328126,-2.278046493151039,-1.8465818064093589,-0.8512672850012779
1789483546149310700,11.058310791015625,-1.565337784012407,-1.9082026885420083,-0.3859516204535961
1789483546159360000,11.068360107421874,-0.06019304128661752,-1.994993083244562,0.08333232667054981
1789483546169410000,11.07841015625,1.2134335407197474,-1.80795543089509,0.7496586758732795
1789483546179459800,11.0884599609375,2.3803018757499754,-1.2162234636992215,1.5367663540445267
1789483546189510000,11.098510009765626,3.059357175481319,-0.32260289161503314,2.6531922035604714
1789483546199560000,11.108559814453125,3.362379460574686,0.32815351147949695,3.114751730445027
1789483546209608700,11.118608642578126,2.849117218981683,0.5948720187872648,2.9443028093248604
1789483546219658800,11.12865869140625,1.8571075843378901,0.6021726971894502,2.889712848742306
1789483546229708800,11.138708740234375,2.1494024314507842,-0.41990298989415165,2.035412625785917
1789483546239758800,11.1487587890625,2.6349709026932713,-1.4202180960685014,1.323062228565663
1789483546249808000,11.158807861328125,1.8823902018934486,-1.4568746328145266,1.9858819944195447
1789483546259858000,11.16885791015625,1.6384060889631509,-1.9698720859915018,1.9728518324546516
1789483546269908000,11.178907958984375,0.9286521379768848,-2.1196733558803795,1.3098334752887486
1789483546279957800,11.188957763671874,1.8772300426512956,-1.8836960237950084,0.4629010046213865
1789483546290006800,11.1990068359375,1.4746031817287206,-1.75541801892817,0.20893150424957274
1789483546300056800,11.209056884765625,0.5843430259883403,-1.1004589034467935,0.6974451620984822
1789483546310107000,11.21910693359375,2.2910545894145966,-1.1463660836189984,-0.03051455197584582
1789483546320157000,11.229156982421875,3.6005689157515763,-0.3069493954092264,-0.2450991615001112
1789483546330207000,11.23920703125,3.8177392560362815,0.7242839961200952,-0.4097098779860884
1789483546340256000,11.249256103515625,3.7018618830591437,1.5812088684916494,-0.5851707820493728
1789483546350305800,11.259305908203125,4.062987105292081,2.2496406290084123,-0.6824540022589266
1789483546360355800,11.26935595703125,4.1175557308256625,2.710329218277335,-0.9679241179183125
1789483546370406000,11.279406005859375,4.149589283946156,3.0787469356060027,-1.0594872069153933
1789483546380454700,11.28945458984375,4.068877332374453,3.223116828095913,-1.1571691441189498
1789483546390505000,11.2995048828125,4.138502657264471,3.2695576767534016,-1.2321278659261763
1789483546400555000,11.309554931640625,4.073262415590882,3.159498634666204,-1.1004894447155296
1789483546410605000,11.31960498046875,3.7677006751477715,2.9545716898828744,-0.8215138787072152
1789483546420653800,11.32965380859375,3.6126188345074652,2.6686773574620486,-0.5593698031755164
1789483546430703900,11.339703857421876,3.5265298660725355,2.37560743432343,-0.33667375827189533
1789483546440754000,11.34975390625,3.2345985915750264,2.5029817683488127,-0.05046427722098305
1789483546450804000,11.359803955078124,2.9635645591557025,2.7494974455833434,0.13079249017210676
1789483546460853800,11.369853759765626,2.701481310433149,2.9434038146585224,0.2583967970284633
1789483546470903000,11.379903076171875,2.576495917370915,2.8763141457259653,0.2673672900727019
1789483546480953000,11.389953125,2.901921465191245,2.5233377431571484,0.0735126055189874
1789483546491003000,11.4000029296875,3.171709881463647,2.122671368652582,-0.07002122887242584
1789483546501053000,11.410052978515624,3.0013030459195376,1.8113403971582651,-0.07948325002696364
1789483546511102000,11.42010205078125,2.302036002156138,1.5630121175438165,-0.008753324895910918
1789483546521151700,11.43015185546875,1.344197517183423,1.5663853933691978,-0.01745419808537699
1789483546531201800,11.440201904296876,0.5609831931889057,1.8098282390296458,0.022218083452363497
1789483546541251800,11.450251953125,-0.17413257806897162,2.2396324452131986,0.08036797870593144
1789483546551302000,11.460302001953124,-0.6887696151465177,2.625298234462738,0.1753273773441091
1789483546561351000,11.470350830078125,-0.9817454302608967,2.7649288234710694,0.43464499727822836
1789483546571401000,11.48040087890625,-1.1532307086914777,2.74978386130929,0.8128345323629677
1789483546581451000,11.490450927734376,-1.1797726786583662,2.6482909875154492,1.336320938589424
1789483546591501000,11.5005009765625,-1.1705658743739127,2.5585358977884054,1.8349490901522338
1789483546601550300,11.51055029296875,-0.7779600567281246,2.406680617979169,1.8546173749573527
1789483546611600100,11.52060009765625,0.03643266486227512,2.2596464747160674,1.3653019722715019
1789483546621650200,11.530650146484374,0.509939234650135,2.529240829721093,1.4752594536803663
1789483546631700200,11.5407001953125,-1.7626579070538282,2.792270419383049,1.8848750044465064
1789483546641749200,11.550749267578125,-4.94828876184225,1.014886067840457,1.5118347418837248
1789483546651799300,11.56079931640625,-4.685451479882001,-5.649378344857692,-3.1068916645944116
1789483546661849300,11.570849365234375,-8.113396468561888,-12.591202392351626,-5.752352397119998
1789483546671899400,11.5808994140625,-2.7803292216986417,-16.024088929086922,-1.9342492762073873
1789483546681949200,11.59094921875,3.72479033870399,-12.437772410571574,0.028760084407776592
1789483546691998200,11.600998291015625,1.4082482568114996,-3.6743466841459274,-1.9002055523082613
1789483546702048300,11.61104833984375,0.03643149581849575,1.8443764053195715,-3.896294321835041
1789483546712098000,11.62109814453125,-0.9693857149034738,4.84623650059998,-4.603328492468595
1789483546722148000,11.631148193359374,-0.6886176394551992,6.292676833161711,-3.451090886467695
1789483546732197400,11.641197265625,1.9307880298376083,5.67232199807167,-1.1469364308528602
1789483546742247200,11.6512470703125,4.3749569592118265,3.634975043222308,0.7531619347538798
1789483546752297200,11.661297119140626,4.43104943331182,1.0920587393701076,1.8836974850997328
1789483546762347300,11.67134716796875,3.1331016261279583,-1.5646721597105264,2.8210245124414564
1789483546772397300,11.681397216796874,1.7464853554099797,-4.612001628267765,3.0680253428444266
1789483546782446000,11.691446044921875,0.6213385854303837,-6.923813174507021,2.1714793848328293
1789483546792496000,11.70149609375,-0.1253963119506836,-7.200700609129667,1.0751628418877721
1789483546802546200,11.711546142578126,-0.18167261818498373,-5.742993617144227,0.36741336259171364
1789483546812596200,11.72159619140625,0.22364918090999125,-3.534330310690403,-0.22910094350986182
1789483546822645200,11.731645263671876,0.5842050788223743,-1.2952268577873707,-0.8946827214229851
1789483546832695300,11.7416953125,0.8562661162018775,0.45647126383483405,-1.4226120054677127
1789483546842745300,11.751745361328124,0.9553554359853267,1.487176247575879,-1.6857818803831934
1789483546852795100,11.761795166015625,1.0748226501479745,1.9018910211771725,-1.6106455369867383
1789483546862844200,11.77184423828125,1.3456497618183494,1.981798086106777,-1.3643969862557948
1789483546872894200,11.781894287109376,1.623276616631448,1.9796482145965097,-1.0055985995352268
1789483546882944000,11.791944091796875,1.9440011471539735,1.8468337353438138,-0.711538057924062
1789483546892994000,11.801994140625,2.322833290991187,1.6304624364823102,-0.3423331357404589
1789483546903044000,11.812044189453125,2.4744369341269135,1.0707347963124514,0.1864351564116776
1789483546913093400,11.82209326171875,2.2740049626752734,0.19692893176674842,0.8061447524007409
1789483546923143200,11.83214306640625,1.8656486181899905,-1.2485849335998296,1.713397617061436
1789483546933193200,11.842193115234375,1.0694088084056972,-2.7371634491890666,2.3389110039584335
1789483546943243300,11.8522431640625,-0.0301616217687726,-3.3050083448410033,2.106555077240616
1789483546953292000,11.8622919921875,-0.7811629444226622,-2.7194214562714096,1.2443006804093717
1789483546963342000,11.872342041015624,-0.9206570475697516,-1.4463105687022209,0.41619112976416944
1789483546973392100,11.88239208984375,-0.8750980963133275,-0.11483984662294387,0.03259703222215175
1789483546983442400,11.8924423828125,-0.718301414579153,0.7868763536334037,-0.12216302911788224
1789483546993492200,11.9024921875,-0.6408955188155174,1.3951988056242466,-0.14027451293505727
1789483547003541200,11.912541259765625,-0.5983773965597152,1.8816396757870912,0.05225815663412213
1789483547013591300,11.92259130859375,-0.38550387668609615,2.0747972723215815,0.3196539056163281
1789483547023641000,11.93264111328125,-0.060965486963838335,2.1467314586758612,0.670916782265529
1789483547033691100,11.942691162109375,0.22623452122807503,1.9493588747948407,1.0946833157200366
1789483547043740200,11.952740234375,0.4803776246011257,1.5577905835032462,1.5186600578591227
1789483547053790200,11.962790283203125,0.6861201235510408,1.2708780139505862,1.9711672403685747
1789483547063840300,11.97284033203125,0.7230722822427749,1.2146487617284059,2.234722022948414
1789483547073890300,11.982890380859375,0.6480288778267801,1.1390858634829522,2.1918734996944664
1789483547083939300,11.992939208984374,0.40435704571604725,0.9790303260833024,2.019325414337963
1789483547093989000,12.002989013671876,-0.0974842226743698,0.9061807784497737,1.4660983882337808
1789483547104039200,12.0130390625,-0.834971910695359,0.7334761873573065,0.7392806358523667
1789483547114089200,12.023089111328124,-1.51268770545125,0.45385845098793504,0.1342091484814882
1789483547124139300,12.03313916015625,-1.6915233466446398,0.19219839611351489,-0.4350860921092331
1789483547134188300,12.043188232421874,-1.3359399764478206,-0.03769055596888065,-0.6978352573946118
1789483547144238300,12.05323828125,-1.028198553878069,-0.18619652535021303,-0.8757913392744958
1789483547154288400,12.063288330078125,-0.5680442176163196,-0.06417290470302105,-1.049852751803398
1789483547164338200,12.073338134765624,-0.14043372208476065,0.18392331972122192,-1.230356472339481
1789483547174387200,12.08338720703125,0.0027215156520716843,0.4293073625773191,-1.4705883931294084
1789483547184437200,12.093437255859374,-0.19157588030099867,0.5643026930004358,-1.457324276278168
1789483547194487300,12.1034873046875,-0.37731823214292526,0.6411749202787875,-1.269235215179622
1789483547204537000,12.113537109375,-0.5405675971478223,0.7152215687423944,-1.2455362135536967
1789483547214587100,12.123587158203126,-0.6298164909183979,0.638300241625309,-1.1514540544077754
1789483547224636400,12.133636474609375,-0.5604314045250416,0.5751917512834072,-0.8565965172000228
1789483547234686200,12.143686279296874,-0.6989905649095773,0.37789573976993557,-0.6495208699502051
1789483547244736300,12.153736328125,-1.087910387519002,0.1690489911943674,-0.3379118121668696
1789483547254786300,12.163786376953125,-1.4899001195818184,-0.06792027453780174,-0.0018283844709396362
1789483547264835000,12.1738349609375,-1.960154994097352,-0.38363574472665785,0.23294088699892163
1789483547274885000,12.183885009765625,-2.4078227737516165,-0.6892752265810966,0.5202408484339713
1789483547284935200,12.19393505859375,-2.9410476069211957,-0.9772691616296768,0.8107322993867099
1789483547294985200,12.203985107421875,-3.3205846841573714,-1.2215350141108035,1.0773805179372429
1789483547305035000,12.214034912109375,-3.4037861144572497,-1.4143711236059664,1.2795780377566814
1789483547315084300,12.224084228515625,-3.065143357667327,-1.441903273653984,1.36477867904976
1789483547325134300,12.23413427734375,-2.416277882885933,-1.4657967749387024,1.331284259596467
1789483547335184400,12.244184326171874,-1.5716712248176334,-1.7112427771151064,1.1691298502214251
1789483547345234200,12.254234130859375,-0.6938737333524971,-2.1386159567594527,0.9224445155084132
1789483547355283200,12.264283203125,0.10442490865774452,-2.638134335160255,0.5704942411169409
1789483547365333200,12.274333251953125,0.6807119078319519,-3.1183798578143116,0.07186009820476173
1789483547375383000,12.284383056640625,0.7521826413929462,-3.4862767661392686,-0.3754584296204149
1789483547385433000,12.29443310546875,0.4126380403924733,-3.7523125518798826,-0.5472361151263118
1789483547395483100,12.304483154296875,0.2513022539239377,-4.0333249574780465,-0.13336553726419806
1789483547405532200,12.3145322265625,0.8068612301070243,-4.325107763415574,1.2359557536512613
1789483547415582200,12.324582275390625,1.9054682951420545,-4.225378976684809,2.792937943381071
1789483547425632300,12.33463232421875,2.407407763209939,-3.52997153095901,3.0615929717093704
1789483547435682300,12.344682373046876,2.0826105764210223,-2.546251585754752,1.4395916357107459
1789483547445731000,12.35473095703125,0.6025123774725943,-1.7269535564661025,-0.6869941299065947
1789483547455781000,12.364781005859374,-1.5018717124044894,-1.5145236887067555,-1.7809060959279537
1789483547465831200,12.3748310546875,-2.423960838603973,-1.4499609079033136,-1.890250560005009
1789483547475881200,12.384881103515625,-2.4687071583032605,-1.1063953077584505,-1.5261754019252955
1789483547485931300,12.39493115234375,-2.4687749628424642,-0.7483247969210147,-1.0996215758398176
1789483547495980300,12.404980224609375,-2.4593185677111147,-0.30356968984305854,-0.7132961536377668
1789483547506030300,12.4150302734375,-2.360508649390936,0.025593875461816785,-0.36856224036589263
1789483547516080000,12.425080078125,-2.2872329852998257,0.24305180051624772,-0.018218524388223887
1789483547526130200,12.435130126953124,-2.018410199189186,-0.0337497093886137,0.2955105942890048
1789483547536179200,12.44517919921875,-1.900261958670616,-0.342495340564847,0.39830870546251534
1789483547546229200,12.455229248046875,-1.8507856878399849,-0.8679892872214316,0.5766112626925111
1789483547556279300,12.465279296875,-2.7221090879201886,-1.3895447253853082,0.7468486599538475
1789483547566329300,12.475329345703125,-3.7342706992328165,-1.8266455183178185,0.9129721190903335
1789483547576379400,12.48537939453125,-4.814934768885374,-1.9640046552628279,0.8046531986687332
1789483547586428200,12.49542822265625,-5.791434699708223,-2.0167542486757037,0.5599642984699458
1789483547596478200,12.505478271484375,-4.465985722136497,-2.192400153917074,0.34677798632010814
1789483547606528500,12.515528564453126,-1.5246854556284843,-1.962365071362257,0.5776395828269422
1789483547616578600,12.52557861328125,1.3677087411522864,-1.6335539727568626,0.43294513455778355
1789483547626627600,12.535627685546874,3.066405632688105,-1.1988421207875013,0.31434198987856504
1789483547636677400,12.545677490234375,4.041908076906204,-0.6592419073671102,0.24774222335480153
1789483547646727700,12.555727783203125,4.220453502981364,0.09625088148713111,0.3048465048458427
1789483547656777700,12.56577783203125,4.0196471452593805,1.1065741714566946,0.36474458177387714
1789483547666826500,12.575826416015625,4.214349048626422,1.4543535899043083,-0.38881577771306036
1789483547676876500,12.58587646484375,2.9292347117915747,1.0582429790079593,-1.6134490501001477
1789483547686926600,12.595926513671875,0.26497341720610856,0.6858312236070633,-1.893768943389505
1789483547696976600,12.6059765625,-1.0805424890995026,-0.16584347315132617,-2.1430331886798144
1789483547707026400,12.6160263671875,0.40747810034602877,-0.7284662502408027,-2.204723044395447
1789483547717075700,12.62607568359375,1.4661854819953442,-0.7681850971668959,-1.0857619042482227
1789483547727125800,12.636125732421876,1.533905850046873,-0.7304027712613343,0.41034908920507873
1789483547737175800,12.64617578125,0.9995710098087787,-1.090233862030506,1.6815759531259535
1789483547747225600,12.6562255859375,0.6073991996660828,-1.705574083828926,2.2303911541372536
1789483547757275600,12.666275634765626,0.5894114152938127,-2.4247084421008824,1.6278195207580923
1789483547767324700,12.67632470703125,0.5623778624176978,-2.5368957283884286,0.8393206074241548
1789483547777374500,12.68637451171875,0.6610726299256086,-1.8921674995422362,0.5976246419636533
1789483547787424500,12.696424560546875,1.0358797560304402,-1.3681874645799397,0.6110030328443273
1789483547797474600,12.706474609375,1.532272111365199,-0.8422083647549152,0.5444633990099653
1789483547807523600,12.716523681640625,2.088980111452937,-0.24249767376482484,0.37068226472716775
1789483547817573600,12.72657373046875,2.69804782885313,0.4329699767380953,0.0024351181924343107
1789483547827623700,12.736623779296876,3.1410657368749377,1.1603110223412514,-0.46918585704453286
1789483547837673700,12.746673828125,3.190600459894538,1.7751538160115479,-0.887934562337026
1789483547847722500,12.756722412109376,3.0177929929494858,2.0806740554004906,-1.0749452536143362
1789483547857772500,12.7667724609375,2.8741368016868827,2.230176050081849,-0.9972019425898789
1789483547867822600,12.776822509765625,2.7796856630980966,2.3474264649778602,-0.7438444366365671
1789483547877872600,12.78687255859375,2.6418150694996116,2.248794241312146,-0.5247989501297473
1789483547887922400,12.79692236328125,2.5721412292927504,2.0693618032693863,-0.42058140061236915
1789483547897971700,12.8069716796875,2.573064189356565,2.034566384220123,-0.15348892715936527
1789483547908021800,12.817021728515625,2.8898873285263775,2.0096862099856136,0.16408928642775863
1789483547918071600,12.827071533203124,3.1306133164435623,2.015019387707114,0.27514565072292463
1789483547928121600,12.83712158203125,3.048083501794934,2.0990221975177525,0.26566839546663684
1789483547938170600,12.847170654296875,2.9828339077711106,2.069964445337653,0.16851751466616988
1789483547948220400,12.857220458984376,2.894071336212754,2.1532903788000346,-0.0427195128796855
1789483547958270500,12.8672705078125,2.7182676100611687,2.4531699819535016,-0.38691732368059456
1789483547968320500,12.877320556640624,2.7210657163470984,2.873734066104889,-0.6540560291618108
1789483547978370600,12.88737060546875,2.8363778566569087,3.2429958330422637,-0.8123992827508598
1789483547988419600,12.897419677734375,2.678715351873636,3.513766246089339,-0.8998657500840723
1789483547998469600,12.9074697265625,1.9724293692588806,3.6130642401874065,-0.8417981765188276
1789483548008519700,12.917519775390625,0.8111439489275216,3.4849329503148794,-0.5195038759289309
1789483548018569700,12.92756982421875,-0.6185007316559553,3.266839649966359,-0.09443102738251909
1789483548028618500,12.937618408203125,-2.1483739651858804,3.1131302667230365,0.29771179412771015
1789483548038668500,12.94766845703125,-2.9706273371487852,2.873516623961925,0.5235159976471215
1789483548048718600,12.957718505859376,-2.2475959714382885,2.6602807005167004,0.5216882707633078
1789483548058768400,12.967768310546875,-0.23155367042422292,2.7375504026800392,0.2579286863263696
1789483548068817700,12.977817626953126,0.2585077283233404,2.9412200408786533,-0.09488299066741018
1789483548078867700,12.98786767578125,-2.1486422607332467,2.316491813009977,-1.1456868691831827
1789483548088917500,12.99791748046875,-1.7164257327109573,-0.10146130961179732,-2.305098896858096
1789483548098967600,13.007967529296875,-1.623858508172631,-3.704705582052469,-2.16594352414608
1789483548109017600,13.018017578125,-3.7996898046046494,-7.901594377312064,-0.647676411127299
1789483548119066600,13.028066650390626,0.033409517648816105,-11.833535766589641,2.6468624160170555
1789483548129116400,13.038116455078125,3.352532897081971,-13.413265794700383,2.2365590291172266
1789483548139166700,13.048166748046874,0.4082411936730146,-8.121340121042728,-0.623981647285074
1789483548149216800,13.058216796875,-1.6846639822691678,-1.139134378799796,-2.0260275423251093
1789483548159265500,13.068265625,-1.3704074787169693,2.1773305950790642,-2.551130297707021
1789483548169315600,13.078315673828126,0.5052800106674432,3.3085628224521875,-1.6363259216882287
1789483548179365600,13.08836572265625,2.8012381542146203,2.9199329227000472,-0.621156068470329
1789483548189415700,13.098415771484374,3.4891730721026657,1.9947242031753063,-0.01999740716163069
1789483548199464400,13.10846435546875,2.4798639276117087,0.6918062063634395,-0.03310574892926961
1789483548209514500,13.118514404296874,1.1538614078104494,-0.8901257157057523,-0.24346907608024773
1789483548219564800,13.128564697265626,1.0061211621046067,-2.2040625346601006,-0.31312391932569444
1789483548229614600,13.138614501953125,0.9811337281033397,-2.7509628419607877,-0.38011173531897363
1789483548239664600,13.14866455078125,0.7630489033222198,-2.7266134136021134,-0.5849048976548016
1789483548249713700,13.158713623046875,0.8959931464344263,-2.33767313272655,-0.6596349983379245
1789483548259763500,13.168763427734374,1.159403259846568,-1.825284751358628,-0.6790305306162685
1789483548269813500,13.1788134765625,1.0667913193836807,-1.0354618228793144,-0.6803804839204997
1789483548279863600,13.188863525390625,0.9867436769396066,-0.2626473123461008,-0.6411546812083572
1789483548289912600,13.19891259765625,0.9543290155470371,0.3903986629903316,-0.4153212150618434
1789483548299962600,13.208962646484375,0.8953849514082074,0.8436807753950357,-0.05580386641696095
1789483548310012700,13.2190126953125,0.9289680720582604,1.0225076487600804,0.3102464641932398
1789483548320062700,13.229062744140625,1.017883203829825,0.9507529106259346,0.6346838777590542
1789483548330112800,13.23911279296875,1.2686641372933982,0.6976619466543197,0.8592186823971569
1789483548340161500,13.24916162109375,1.436390355451405,0.3850204770833254,1.0358177236448973
1789483548350211600,13.259211669921875,1.4001155114993453,0.16377894183695316,1.2637762191213666
1789483548360261600,13.26926171875,1.205301379929483,-0.005808978539705276,1.5855281929954885
1789483548370311400,13.2793115234375,0.6290984057769179,-0.09333937795460223,1.9037245202146469
1789483548380360700,13.289360595703124,0.1707987574711442,-0.4071089747726917,2.046781868801266
1789483548390410800,13.29941064453125,-0.10342267281264066,-0.7216524785727262,2.1174827139683066
1789483548400460500,13.30946044921875,-0.4003108390651643,-0.809423701006174,1.6949315476529299
1789483548410510600,13.319510498046874,-0.7198986206427216,-0.607167436736822,1.0865627723023294
1789483548420559600,13.3295595703125,-0.6645280310764908,-0.4453904823720455,0.740837875231728
1789483548430609700,13.339609619140624,-0.5209004813864827,-0.0809323163241148,0.5945891101926565
1789483548440659500,13.349659423828125,-0.36643940299302336,0.4923427876830101,0.6084463706314563
1789483548450709500,13.35970947265625,-0.44364159287810323,1.1541297033578157,0.6286449629209935
1789483548460758800,13.3697587890625,-0.6633820759117602,1.7701210825413465,0.5908670209296047
1789483548470808600,13.37980859375,-0.5988523205950856,1.792468523427844,0.6120838503509759
1789483548480858600,13.389858642578124,-0.2954559414923191,1.4901654925197363,0.6954979735534638
1789483548490908700,13.39990869140625,-0.24045491589084267,1.2296277196735144,1.0134366727497428
1789483548500958700,13.409958740234375,-0.06681918142810464,0.9281143778383731,1.2858037804037332
1789483548511007500,13.420007568359376,-0.028126243483647704,0.5409428602010011,1.3110356906853615
1789483548521057500,13.4300576171875,-0.14259404192380606,0.2748275794833898,1.106445722771436
1789483548531107600,13.440107666015624,-0.35243732725605365,-0.1533767902880907,1.041441774071753
1789483548541157400,13.450157470703125,-0.633504750977084,-0.3763812435537576,1.2626280719995497
1789483548551206700,13.46020654296875,-0.25537520245127376,-0.28742227264046666,1.4668902692638337
1789483548561256700,13.470256591796876,-0.11528064919300376,-0.26783669768273827,1.2251133109889925
1789483548571306800,13.480306640625,-0.395368268096447,-0.17718962755203246,0.6902464097008109
1789483548581356500,13.4903564453125,-0.6974187855482101,0.09540858544409274,0.26320845336019993
1789483548591405600,13.500405517578125,-1.0349918672800063,0.28404548968374727,-0.1866262950696051
1789483548601455600,13.51045556640625,-1.1390192279875277,0.5026829799115657,-0.5825238477371633
1789483548611505200,13.520505126953125,-0.8362216915607452,0.6556921059310435,-0.8062035699158906
1789483548621555200,13.53055517578125,-0.1295394031047821,0.6564654283910989,-1.2961233682356774
1789483548631605200,13.540605224609376,0.2610346164524555,0.5726800607234239,-2.205379462477565
1789483548641654000,13.550654052734375,-0.1653665032893419,0.6670318305909633,-2.644874457070231
1789483548651704000,13.5607041015625,-0.3898416136294603,0.841029968625307,-2.4606615067526696
1789483548661754000,13.570754150390625,-0.5406254648149014,1.0592740756213663,-2.4312295144326983
1789483548671804200,13.58080419921875,-0.6031640463143587,1.177592996531725,-2.3251382069326936
1789483548681853000,13.59085302734375,-0.9059031305521726,0.9826964473754167,-1.935840637052059
1789483548691903200,13.6009033203125,-1.140788575747609,0.6468664099186658,-1.3117873858354985
1789483548701953300,13.610953369140624,-1.1211971555709839,0.35636019978821276,-0.8081719473794102
1789483548712003000,13.621003173828125,-1.5476830309867857,0.0838210235029459,-0.15397811718210577
1789483548722052000,13.631052001953124,-1.9646733483046293,-0.20437223351001738,0.41592400326058265
1789483548732102100,13.64110205078125,-2.428821722638607,-0.5167594360589981,0.6972055811889469
1789483548742152200,13.651152099609375,-2.8632161792218684,-0.7125175704807043,0.8104794936694204
1789483548752202000,13.661201904296876,-2.981045855310559,-0.7476561038792133,0.8056639100812375
1789483548762251300,13.671251220703125,-2.776163334190845,-0.7537099970906972,0.8850082265615463
1789483548772301300,13.68130126953125,-2.496019528120756,-0.5898264258354902,1.0772507540777325
1789483548782351000,13.69135107421875,-2.1195196266233918,-0.7466863820642232,1.0001305433876813
1789483548792401200,13.701401123046875,-1.5639356621295213,-1.128037815245986,0.8444903382122516
1789483548802451200,13.711451171875,-0.9725444711953402,-1.646028254404664,0.7735257275424897
1789483548812500000,13.7215,-0.4721031327307224,-2.2518577205359933,0.9092935036428272
1789483548822550000,13.731550048828124,0.15474274487905204,-2.9049989729404446,1.2664398853726684
1789483548832600000,13.74160009765625,0.7071714602123945,-3.3578415248841047,1.9859937842309474
1789483548842650000,13.751650146484375,1.3754425502747296,-3.6251673504352566,2.740488209697604
1789483548852699100,13.76169921875,2.2364134831666944,-3.711823889625072,3.1257261289238927
1789483548862749200,13.771749267578125,2.713703078624606,-3.7776808018922803,3.0284084949880836
1789483548872799200,13.78179931640625,2.613703073737025,-3.904422098711133,2.2897407303370536
1789483548882849000,13.79184912109375,1.9851374596625566,-3.7401574191838503,0.9537997309759259
1789483548892898000,13.80189794921875,1.009081692410633,-3.4520097548782824,-0.4103182922080159
1789483548902948000,13.811947998046875,-0.34964119373150165,-3.6037504683971404,-1.4463414022319019
1789483548912998100,13.821998046875,-1.341700439670682,-3.7520273051977155,-1.6140692278251052
1789483548923048000,13.8320478515625,-2.014902483329177,-3.447359298723936,-1.2168993171341715
1789483548933097200,13.84209716796875,-2.5157564942479134,-2.812197355124354,-1.004988358682394
1789483548943147300,13.852147216796874,-2.772810516631603,-2.040845902881026,-0.857157658214122
1789483548953197000,13.862197021484375,-2.8923025729745624,-1.4673001652389763,-0.6656747168935835
1789483548963247000,13.8722470703125,-2.8388644127756355,-1.108490818732977,-0.5060612241730094
1789483548973296000,13.882296142578125,-2.6386218264162538,-0.8335884204477071,-0.41145211854353547
1789483548983346000,13.892345947265625,-2.452777767765522,-0.5363666383266449,-0.24296704484224318
1789483548993396000,13.90239599609375,-2.319752860632539,-0.27647885382175447,-0.14376988077014685
1789483549003446000,13.912446044921875,-2.055848826223612,-0.34005203906595705,-0.2609372935578227
1789483549013496000,13.92249609375,-2.061139333847165,-0.45398061606287954,-0.34379327142089605
1789483549023545000,13.932545166015625,-1.996175571027398,-0.5694809724211692,-0.29765549736320973
1789483549033595100,13.94259521484375,-2.071409967970848,-0.5654857653051615,-0.0664807432539761
1789483549043645200,13.952645263671876,-2.442985857069492,-0.6786480341047049,0.1801427052039653
1789483549053695200,13.9626953125,-2.7526374971747396,-0.7416302677184343,0.3879718742348254
1789483549063744000,13.972743896484374,-3.1044670677959916,-0.7247779171168803,0.7296576519824564
1789483549073794000,13.9827939453125,-2.840312273496389,-0.9697089555084705,0.9700631027083844
1789483549083844000,13.992843994140625,-1.7800222988307475,-1.3397761936098336,1.1252231231514365
1789483549093894000,14.002893798828126,0.16520926690101623,-1.644959748390317,1.889811145674437
1789483549103943200,14.012943115234375,1.9824866528928278,-1.6981489022642373,2.415257599927485
1789483549113993200,14.0229931640625,3.1935128402099013,-1.1518021371930838,2.739881475976109
1789483549124043000,14.03304296875,4.124470624780654,-0.3428431310892105,2.971011952552199
1789483549134093000,14.043093017578125,4.393660490638017,-0.06988835974037647,2.3704399685576556
1789483549144142000,14.05314208984375,3.453709252272546,0.19929449185431003,1.4674606164976953
1789483549154192100,14.063192138671875,1.7291639259919522,0.19247487496733665,0.6541385198134928
1789483549164242000,14.073241943359376,-0.06328472369164229,-0.3990373119980097,-0.7861166213072835
1789483549174292000,14.0832919921875,-0.03099953389763832,-1.2300479909121989,-2.519052028661966
1789483549184341200,14.09334130859375,0.7313330378487706,-1.4010317495614288,-2.1782351427033544
1789483549194391000,14.10339111328125,1.067075981543958,-1.391732590818405,-1.1752002561762929
1789483549204441000,14.113441162109375,1.2819202169686554,-1.591636739003658,-0.2774312957083806
1789483549214491100,14.1234912109375,1.5677394383266567,-2.0478969904363153,0.12374249859536066
1789483549224541200,14.133541259765625,1.2677251028776169,-2.356532146975398,0.10622414923259056
1789483549234590000,14.14358984375,1.374884331870079,-1.9429402399241924,0.14753893271377308
1789483549244640000,14.153639892578125,1.871779960551858,-1.3154711889147759,0.30973931838870045
1789483549254690000,14.16368994140625,2.2138807488411665,-0.7976496765822172,0.5558615758588538
1789483549264740000,14.173739990234376,2.5074703119397164,-0.33297230993807314,0.6008890505870804
1789483549274789000,14.1837890625,2.7019623719483614,0.24992343985140322,0.4280576547771692
1789483549284839200,14.193839111328124,2.9674212345838544,0.90559099586308,0.015076070777187122
1789483549294889200,14.20388916015625,3.163570414149761,1.415565886348486,-0.5055736598517745
1789483549304939000,14.21393896484375,3.2198224627256393,1.7179367217957973,-0.8519046330567449
1789483549314988000,14.223988037109375,3.3785353533446787,2.072023715955019,-1.1309304679475725
1789483549325038000,14.2340380859375,3.5852789921611548,2.250866371411085,-0.9849854350954294
1789483549335088000,14.244088134765626,3.6790053236067295,2.325563592737913,-0.7824870326332748
1789483549345138200,14.25413818359375,3.497624674105644,2.4957319433510303,-0.6189430685959756
1789483549355188200,14.264188232421875,3.1319618084430694,2.5350059691190716,-0.501808315968886
1789483549365237000,14.274237060546875,3.0391210276603697,2.3211592202991245,-0.5907188446305692
1789483549375287000,14.284287109375,2.998492664673924,2.1876228565126654,-0.6379322850957513
1789483549385337000,14.294337158203126,2.99850084798038,2.0817115817546843,-0.767066760661453
1789483549395387100,14.30438720703125,3.1398359028190375,2.374836449950933,-0.8684886881109326
1789483549405436200,14.314436279296874,3.2230449319034813,2.6899627220749855,-0.6867148015085608
1789483549415486200,14.324486328125,3.0954560783445833,2.762500719541311,-0.3578903684975579
1789483549425536300,14.334536376953125,2.718541166305542,2.9752544124275446,0.11071294855182058
1789483549435586300,14.34458642578125,2.266774719160795,3.1395185074329373,0.4205204276727512
1789483549445635000,14.354635009765625,1.8091484400719404,3.1962691531807184,0.5496108449010179
1789483549455685000,14.36468505859375,1.2513532292693852,3.274593917354941,0.6277380772091448
1789483549465735200,14.374735107421875,0.5519499919056892,3.3274943174153564,0.7446606483902781
1789483549475785000,14.384784912109374,-0.24549744010269642,3.2312825988948344,0.8523625328920781
1789483549485834200,14.394834228515625,-0.8547633104234933,2.9676579659491775,0.9301374811638146
1789483549495884300,14.40488427734375,-1.1358026040285825,2.7171155174165964,1.0718023524787277
1789483549505934000,14.41493408203125,-1.0126046789050103,2.601424022400379,1.1665241247024387
1789483549515984100,14.424984130859375,-0.8427443713277578,2.525725515076518,0.9690696346916258
1789483549526034200,14.4350341796875,-0.7295598906964064,2.3679349999994037,0.5263401882223785
1789483549536083000,14.4450830078125,-0.05160568407475948,2.3796961649417874,0.366607708764635
1789483549546133000,14.455133056640625,-0.16054244413375854,1.9930764359682798,0.02955357287302613
1789483549556183000,14.46518310546875,-0.5252817652106285,0.32693478333950043,-1.406415780687332
1789483549566233000,14.475233154296875,-2.715797420555353,-2.4317379023462533,-2.9817648172348736
1789483549576282000,14.4852822265625,-6.012092882108688,-6.0449547027468675,-1.8056588443905115
1789483549586332200,14.495332275390625,-4.027776091179251,-11.061351955175398,0.8444865388199686
1789483549596382200,14.50538232421875,1.1254261714428662,-14.460774613726139,0.8500378162715584
1789483549606432800,14.515432861328126,0.8554010238051414,-9.588678864726424,0.02277647995352745
1789483549616481500,14.5254814453125,0.09900748671889305,-1.8365286144286392,-0.39923086180873213
1789483549626531600,14.535531494140624,0.16020985117852687,1.8129981012374161,-1.6940078569367527
1789483549636581600,14.54558154296875,-0.11275719512999056,3.588236088401079,-2.007776284711063
1789483549646631400,14.55563134765625,0.7959253370076418,3.9004830056965347,-1.6854723760426042
1789483549656681500,14.565681396484376,2.263305581745505,3.0993373036921024,-1.1093317996017633
1789483549666730800,14.575730712890625,3.0987767471998926,1.6925941907465456,-0.6471962994601577
1789483549676780800,14.58578076171875,2.7212632847458122,-0.08150222516655921,-0.3024429508354515
1789483549686830600,14.59583056640625,2.011682936760783,-1.8077917647659778,0.08151917630136013
1789483549696880600,14.605880615234375,1.5404150858104229,-3.1918893306612968,0.1452980401854962
1789483549706929700,14.6159296875,1.0599679031044245,-3.8829596239656206,-0.16377565390132368
1789483549716979500,14.6259794921875,0.5535153415262699,-3.8503707750499245,-0.5917746372938156
1789483549727029500,14.636029541015626,0.3647819911748171,-3.2588971665292976,-0.9749779088873416
1789483549737079600,14.64607958984375,0.6308958105877042,-2.0390432373732326,-1.0920002141159026
1789483549747129600,14.656129638671874,0.8802139780223369,-0.6910866599172353,-1.136216226330772
1789483549757178600,14.6661787109375,0.9216291074723004,0.4218710750967264,-1.169531051433459
1789483549767228700,14.676228759765625,0.9773387197345494,1.2045488079965114,-1.10858061590828
1789483549777278700,14.68627880859375,1.092074813722074,1.6447721168637275,-0.7099009582415222
1789483549787328500,14.69632861328125,1.282534549474716,1.8024299454718826,-0.2814903983734548
1789483549797377500,14.70637744140625,1.426777892975509,1.763411355769634,0.1339206869289279
1789483549807427600,14.716427490234375,1.6817212068155407,1.1850240233153104,0.7820242374271154
1789483549817477600,14.7264775390625,1.5353490345925092,1.2365765158981084,0.8176120489630848
1789483549827527400,14.73652734375,1.4860875755563376,0.8621130886644125,1.1872400919295847
1789483549837576700,14.74657666015625,1.2301070276230572,0.501927193108201,1.596762119193375
1789483549847626800,14.756626708984374,0.8439131228461861,0.12802490688860416,2.06735440896973
1789483549857676500,14.766676513671875,0.3857300866574049,-0.34860768596529956,2.50586901422292
1789483549867726600,14.7767265625,-0.11093407135605811,-0.9073784638017416,2.8980732653304933
1789483549877776600,14.786776611328126,-0.39429464751556514,-1.4659814838558434,2.9001953720510003
1789483549887825400,14.796825439453125,-0.5579778738930821,-1.674929939240217,2.333752452151477
1789483549897875500,14.80687548828125,-0.6444352372489869,-1.1403361558049916,1.6220279317446051
1789483549907925500,14.816925537109375,-0.6426943849310278,-0.19172844051420687,1.1998870997957884
1789483549917975600,14.8269755859375,-0.6040390755832195,0.5719844796746969,0.9748775903180241
1789483549928024600,14.837024658203125,-0.5862285474739969,1.0086538954526185,0.6745734781421721
1789483549938074600,14.84707470703125,-0.5427287207044661,1.3137854277849197,0.36095549168922003
1789483549948124700,14.857124755859376,-0.5111971257567406,1.6422352918624876,0.17428550360836087
1789483549958174700,14.8671748046875,-0.6152187873758376,1.5811030700296163,0.11895393087826668
1789483549968224500,14.877224609375,-0.41504912012219425,1.1386129852741955,0.3323246596843004
1789483549978273500,14.8872734375,-0.03934299935102462,0.778011494654417,0.7039560783624649
1789483549988323600,14.897323486328125,-0.13680150306224823,0.6886380977213382,0.9995244672533125
1789483549998373600,14.90737353515625,-0.21001871496438979,0.45646775670349593,1.0633986812707037
1789483550008423700,14.917423583984375,-0.3579483457624912,0.2533651047378778,1.0502082872428
1789483550018472700,14.92747265625,-0.4407366652168333,0.07966799547672271,0.9748249833479523
1789483550028522500,14.9375224609375,-0.3055553837675601,0.037463761475682256,0.8290174592703581
1789483550038572500,14.947572509765624,-0.08700148016996681,-0.051100072640180585,0.5784406700767576
1789483550048622600,14.95762255859375,0.13390227448940276,-0.05845335801243782,0.19603212905749678
1789483550058672600,14.967672607421875,-0.23298224192261693,-0.05049275439679622,-0.2837893229655921
1789483550068721400,14.977721435546876,-0.6614345220405609,-0.04749707971215248,-0.6855598593197763
1789483550078771700,14.987771728515625,-0.9091104752261191,0.10555880805850028,-1.0135215014889836
1789483550088821800,14.99782177734375,-0.8813035268247127,0.2483563366651535,-1.4193953815087674
1789483550098871800,15.007871826171876,-0.8100035467207432,0.2799006449639797,-1.7159399950206278
1789483550108920600,15.017920654296875,-0.23857958700563758,0.2722504224717617,-1.951675481174141
1789483550118970600,15.027970703125,0.03879705590605736,0.5231400770068169,-2.2939443195067346
1789483550129020700,15.038020751953125,-0.45334816337823863,0.8308961126238107,-2.3660749052159487
1789483550139070500,15.048070556640624,-0.4548573988974094,0.962516413655877,-2.150265039629489
1789483550149120500,15.05812060546875,-0.37586160359382625,1.042957731592655,-1.7778746192775665
1789483550159169800,15.068169677734375,-0.4203571634024381,1.015063177973032,-1.3981955032221973
1789483550169219600,15.078219482421876,-0.49688744537532326,0.7772802577704191,-0.9421429031908511
1789483550179269600,15.08826953125,-0.6513736582100391,0.5926841533541679,-0.4866054130747914
1789483550189319700,15.098319580078124,-1.2168980019599198,0.19421148950159547,0.13859759269878266
1789483550199368700,15.10836865234375,-1.4742939696490764,-0.25022388410270213,0.730909697870165
1789483550209418500,15.11841845703125,-1.4647440510153769,-0.5101981778472662,1.1308132713086902
1789483550219468500,15.128468505859376,-1.6907833419322966,-0.6503150890678167,1.4218531499244271
1789483550229518600,15.1385185546875,-2.074224440869689,-0.7388602184832096,1.3564255689851938
1789483550239568600,15.148568603515624,-2.6542642167061565,-0.7127665768057108,1.0648306868351995
1789483550249617700,15.15861767578125,-3.031309477126598,-0.53408174225986,0.8921253650903701
1789483550259667700,15.168667724609374,-3.0495874766170976,-0.38122225384414193,1.0630882270820439
1789483550269717800,15.1787177734375,-2.866840799459815,-0.1890694504380226,1.6084841211691498
1789483550279767600,15.188767578125,-2.2704852641165254,-0.4181313040465116,1.8629102792672811
1789483550289816600,15.198816650390626,-1.4388848026156424,-1.0075070635050534,1.9293647190362213
1789483550299866600,15.20886669921875,-0.5859744631150737,-1.8506611846774816,2.156574222776294
1789483550309916400,15.21891650390625,0.2404010668117553,-2.772697119385004,2.525725515076518
1789483550319966500,15.228966552734375,0.9074199648559093,-3.4680794306695457,2.8224060299277305
1789483550330016500,15.2390166015625,1.3709499150305986,-4.104036324039101,2.706733239611983
1789483550340065500,15.2490654296875,1.789805441698432,-4.748581013011932,1.8924222049556672
1789483550350115600,15.259115478515625,2.0252222172915935,-5.1979398144930595,0.8739682155005634
1789483550360165600,15.26916552734375,1.8805653245538472,-5.148583955171704,0.25076252102404833
1789483550370215700,15.279215576171875,1.1263123796928673,-4.775821486636996,-0.845646960901469
1789483550380264400,15.289264404296874,-0.11949154488630592,-4.3537697942763565,-2.0363430385038255
1789483550390314500,15.299314453125,-1.19175018976517,-4.012825774806737,-2.0682314840652047
1789483550400364500,15.309364501953125,-1.9546552276372908,-3.478325514873862,-1.4823995346933603
1789483550410414600,15.31941455078125,-2.6131097840189934,-2.686398892113566,-0.9872700389012694
1789483550420464600,15.329464599609375,-3.0256840384602546,-1.8666215548753737,-0.5507029144540428
1789483550430513700,15.339513671875,-3.1638919011890887,-1.208966039916873,-0.1297182668030262
1789483550440563700,15.349563720703125,-3.039524932286143,-0.8103215266287326,0.08135054173618554
1789483550450613500,15.359613525390625,-2.714885566407442,-0.3478407932460308,0.3035543461434543
1789483550460663600,15.36966357421875,-2.3060551746696234,-0.09778817405700684,0.5055113352052867
1789483550470712600,15.379712646484375,-2.1033897450774908,0.055633624416589735,0.6730750562779605
1789483550480762400,15.389762451171874,-2.0214181488335132,-0.05741758522391319,0.6575296235565096
1789483550490812400,15.3998125,-2.1604262220293284,-0.32295068213939665,0.5382981909111142
1789483550500862700,15.40986279296875,-2.8329952284812925,-0.6372843425810336,0.39098143131434915
1789483550510912800,15.419912841796876,-3.7674434855163095,-1.2148837395280598,0.2279693821966648
1789483550520961500,15.42996142578125,-4.259367755526304,-1.5277654475957154,0.08753039941489696
1789483550531011600,15.440011474609374,-4.644776939666271,-1.4880150364875793,0.04217625001557171
1789483550541061600,15.4500615234375,-4.78027145178318,-1.2675310416102408,0.2557959120813757
1789483550551111700,15.460111572265625,-4.149290593260527,-1.1729442939430474,0.5909564162461087
1789483550561160400,15.470160400390625,-2.298323703634739,-0.943174584326148,1.237722471062839
1789483550571210500,15.48021044921875,0.1340346686974168,-0.9493915591448545,1.9137008475668726
1789483550581260800,15.4902607421875,2.5560475881040094,-1.0622504610836505,2.5244582716196775
1789483550591310600,15.500310546875,4.12954281347841,-0.7801888386934995,3.1476778484910723
1789483550601360600,15.510360595703125,5.100353300487995,-0.03350596376061439,3.579013209764659
1789483550611409700,15.52040966796875,5.5624844897806645,0.4909995563805103,3.5508269797220824
1789483550621459700,15.530459716796875,3.983378146526217,0.6258388194590807,3.360677625092864
1789483550631509500,15.540509521484376,1.595081911021471,-0.013366262051463126,2.398144260302186
1789483550641559600,15.5505595703125,1.1082979265093802,-1.632042399150133,0.5509303665343672
1789483550651609600,15.560609619140624,2.188063878278434,-2.4529928718209266,-0.3047593380190432
1789483550661658600,15.57065869140625,2.7293890157952903,-2.5202269176602363,-0.09926993704736232
1789483550671708700,15.580708740234375,1.627066364303231,-2.3448171592622993,-0.017649090469814836
1789483550681758700,15.5907587890625,0.5804857660382986,-2.7394951070070266,-0.6034444706909358
1789483550691808800,15.600808837890625,0.6247200445622205,-3.1515771940171717,-0.8100750045217573
1789483550701857500,15.610857421875,0.9635773208856582,-2.863354710909724,-0.7306600339580327
1789483550711907600,15.620907470703125,1.0931067871183155,-2.04615394616127,-0.6745580613773315
1789483550721957600,15.63095751953125,1.7572557557493447,-0.9371873266100883,-0.6126944565299898
1789483550732007700,15.641007568359376,2.7924481140375135,-0.2970814968675375,-0.4793902209989726
1789483550742057500,15.651057373046875,3.112982382684946,0.16222762074172495,-0.20777119176592676
1789483550752106800,15.661106689453124,2.9305554390013215,0.5596007989197969,-0.21115984782353042
1789483550762156800,15.67115673828125,2.8841391402631995,0.7188508651554584,-0.5123498394558206
1789483550772206600,15.68120654296875,2.8611346967726945,0.8870330103874206,-0.5373568549403921
1789483550782256600,15.691256591796876,2.7250585853755473,0.8341799566000699,-0.4894617523539811
1789483550792305700,15.7013056640625,2.5032570781588555,0.9509317743241786,-0.38868893646299835
1789483550802355500,15.71135546875,2.738240723031759,1.1679214973449705,-0.2316473765896633
1789483550812405500,15.721405517578125,2.653719442304969,1.0444435862362385,0.052915433232765645
1789483550822455600,15.73145556640625,2.5038643964022396,1.149610180106759,0.2372012843897566
1789483550832505600,15.741505615234376,2.570751820760965,1.503745105060935,0.12958984551723116
1789483550842554600,15.7515546875,3.0458932982742786,1.8370137675970792,0.03518328813897678
1789483550852604700,15.761604736328126,3.3972833084344862,2.1988930230677126,0.10056032391777261
1789483550862654700,15.77165478515625,3.5575732391119,2.4003549220889804,0.011575492477440275
1789483550872704800,15.781704833984374,3.467536409834027,2.7469723110198974,0.035401632180949674
1789483550882753500,15.79175341796875,3.447661496540904,2.8843121587425467,0.005252130108233541
1789483550892803600,15.801803466796875,3.535169684123993,2.724581615513563,-0.0259048593734391
1789483550902853600,15.811853515625,3.2609809870660302,2.7360557802081105,0.06580083469841629
1789483550912903400,15.8219033203125,2.736182036936283,2.646604057341814,0.07308258920442312
1789483550922953700,15.83195361328125,2.2152906156390904,2.633677355751395,0.0722176064055413
1789483550933002800,15.842002685546875,2.0780723484694956,2.4951029977977273,0.017133944021910427
1789483550943052500,15.852052490234374,2.06941090310812,2.6694775679290292,0.06099690501540899
1789483550953102600,15.8621025390625,2.2234850280106064,3.13817059995532,0.08755432827975601
1789483550963152600,15.872152587890625,2.312362750381231,3.5450825908511874,0.029748766651563344
1789483550973202700,15.88220263671875,1.9333856451153755,3.738753397604823,-0.15127225575689227
1789483550983251500,15.89225146484375,1.2010755789279937,3.7015544245451686,-0.052319677563011646
1789483550993301500,15.902301513671874,0.500595652243495,3.5245810700923204,0.3000900127674453
1789483551003351800,15.912351806640626,0.14416414078474044,3.3805051921129223,0.7139633123096079
1789483551013401900,15.92240185546875,-0.26709727749228473,3.2462837686717507,0.7171106704246253
1789483551023450600,15.93245068359375,-0.9555968435257672,3.245212340047955,0.5893012329176068
1789483551033500700,15.942500732421875,-1.9824878219366073,3.2137346672445535,0.5046691487601027
1789483551043550700,15.95255078125,-2.7084832981497047,2.9233097056567665,0.20221006877375766
1789483551053600500,15.9626005859375,-3.3660061266392467,2.3460756348907945,-0.194933227904886
1789483551063650600,15.972650634765625,-6.215427004742622,1.1807289564698933,0.2484751407392323
1789483551073699800,15.982699951171876,-10.766147358095646,-1.7982120355159044,1.0897116647873073
1789483551083749600,15.99274951171875,-4.802596680837869,-7.596456999760866,-1.3822823331668972
1789483551093799700,16.002799560546876,-0.8842302279263734,-9.735884272903203,-0.5210149015463889
1789483551103849700,16.012849609375,1.1853770745366812,-9.167185390770435,0.6708429133117199
1789483551113898800,16.022898681640626,2.045372440394759,-7.112613744875788,1.351720898425579
1789483551123948500,16.032948486328124,0.08697744170725345,-3.5902176176071166,1.0389541950397192
1789483551133998600,16.04299853515625,-0.26944997809827326,-0.20612287656962872,-1.1472938659884035
1789483551144048600,16.053048583984374,-0.04241232379376888,2.633563373982906,-2.8370629163116217
1789483551154098700,16.0630986328125,-0.1863157678157091,4.3617935262560845,-2.7780042858824134
1789483551164147700,16.073147705078124,0.6359276672750711,4.584738358289003,-1.04907986773476
1789483551174197800,16.08319775390625,2.9548773948311804,2.8251749101191757,0.6974373441182077
1789483551184247800,16.093247802734375,3.0025282038003205,0.5133364758729935,1.4898276388674974
1789483551194297600,16.103297607421876,2.3623797039598227,-1.8211463363796472,1.799520926157385
1789483551204347600,16.11334765625,1.7153554731309413,-4.324675217217207,1.2092463912282139
1789483551214396700,16.123396728515626,0.7916074738085269,-5.8370770914644,0.1818876309088431
1789483551224446500,16.133446533203124,0.5838116955906152,-5.753008230680227,-0.0922303024678491
1789483551234496500,16.14349658203125,0.779428960236907,-4.57120550749898,-0.026566364622628316
1789483551244546600,16.153546630859374,0.9327835386931895,-2.8751848494350907,0.10388387884991243
1789483551254595800,16.163595947265627,1.155842937016487,-1.1150362948536872,0.10628222696222364
1789483551264645600,16.173645751953124,1.478901171183586,0.4159282410442829,0.038935546494717706
1789483551274695700,16.18369580078125,1.6822452306896447,1.587784155228734,0.10384991264822892
1789483551284745700,16.193745849609375,1.854871203587949,2.210450189870596,0.2367333746170625
1789483551294795800,16.203795654296876,1.991440359199047,2.355407526859641,0.4094554648336023
1789483551304844500,16.213844482421877,1.9963915518656372,2.323476849591732,0.5898334766307846
1789483551314894600,16.22389453125,1.9564479562729595,2.1677321611285207,0.6667518446058035
1789483551324944600,16.233944580078123,1.9473817295029758,1.7426082217156886,0.5439530748676509
1789483551334994400,16.243994384765625,1.8446113831192255,1.0619915178865194,0.3863222438642755
1789483551345043700,16.254043701171874,1.8125570794716477,-0.17468845838606356,0.10821949690142646
1789483551355093800,16.26409375,1.7681719943001866,-1.093635779428482,0.0923977314566262
1789483551365143600,16.2741435546875,1.5063494423404336,-1.5430156236976384,0.10539861252810806
1789483551375193600,16.284193603515625,0.9495607782319188,-1.84325996851027,0.23187557758865876
1789483551385243600,16.29424365234375,0.02733575069308281,-2.0976099926322695,0.6206738379113376
1789483551395292400,16.30429248046875,-0.6644447367072105,-2.223633496570587,1.162556682376191
1789483551405342500,16.314342529296876,-0.8217094743445515,-2.0518179632723332,1.7268112253859638
1789483551415392500,16.324392578125,-0.5518401017904281,-1.6365858877986668,2.2342605429165063
1789483551425442800,16.33444287109375,-0.031386487388610836,-0.90018241481781,2.132478915309161
1789483551435491600,16.34449169921875,0.39666912156194445,-0.04616027815043926,1.957064334605634
1789483551445541600,16.354541748046874,0.6223015852436423,0.6265846693903208,1.6181408611781893
1789483551455591700,16.364591796875,0.3563455867409706,1.4157178620398043,1.2712160137332975
1789483551465641700,16.374641845703124,0.13876754243820905,1.7311165213644504,1.2815028683394194
1789483551475691500,16.38469140625,0.18945844975560902,1.723961388912797,1.3412715467341243
1789483551485740500,16.394740478515626,-0.08673749547153711,1.7848726614713668,1.2451280711442232
1789483551495790600,16.40479052734375,-0.4376769853852689,1.5240245075017214,1.2563706190399824
1789483551505840600,16.414840576171876,-0.5404816724300384,1.018532315388322,1.413680657123774
1789483551515890700,16.424890625,-0.697746263936907,0.5038666367381811,1.5136716019220648
1789483551525939700,16.434939697265627,-0.6733131028175353,0.2144973216831684,1.7350282879807053
1789483551535989500,16.444989501953124,-0.5615802822992205,0.06223287655115127,2.0612167829975485
1789483551546039600,16.45503955078125,-0.5837958404343575,0.19741642302274703,2.2871964526817203
1789483551556089600,16.465089599609374,-0.4042061660032719,0.5565291363894939,2.4068673727229237
1789483551566139600,16.4751396484375,-0.09928213894180953,0.7395593066632747,2.359439558854699
1789483551576188700,16.485188720703125,-0.07835983548760414,0.9695429512917995,1.8312255395844577
1789483551586238700,16.49523876953125,-0.38003150968961413,1.1805366487681865,0.9148900815408676
1789483551596288800,16.505288818359375,-0.6266646758239716,1.1440502078920602,0.42124074130393563
1789483551606338800,16.5153388671875,-0.8287245407383889,0.9820230781584978,0.05602211227752268
1789483551616387000,16.525386962890625,-0.9088064507782458,0.98737145344913,-0.25389409704804417
1789483551626437000,16.53543701171875,-0.8616226747989654,1.0605138465493917,-0.4986035285782069
1789483551636487000,16.54548681640625,-0.8117278862953186,1.1798813997298478,-0.8469753599610179
1789483551646537000,16.555536865234377,-0.4014367743551731,1.176207095131278,-1.1373208996370434
1789483551656587000,16.5655869140625,0.13207272097468375,1.100506249719858,-1.4112880628988147
1789483551666636000,16.575635986328123,0.5197802451848983,1.0755682078182696,-1.721583261604607
1789483551676686000,16.58568603515625,0.4575602646479383,1.1115490372598171,-1.859215078011155
1789483551686736100,16.595736083984374,0.060579812114499504,1.1037433319449423,-1.5280074396580456
1789483551696786200,16.6057861328125,-0.07982815447449684,1.1060936944633721,-1.0740119913522153
1789483551706835000,16.6158349609375,-0.27914544268250463,0.9194260444700717,-0.4617404364094138
1789483551716885000,16.625885009765625,-0.6024035833358764,0.7208113515734672,0.14063823168091474
1789483551726935000,16.63593505859375,-1.0978384918153286,0.45780455826520916,0.4790606237184256
1789483551736985000,16.645985107421875,-1.5746306591451167,-0.27685119426548477,0.8126862099334597
1789483551747035100,16.65603515625,-1.9693968696951865,-0.6314098975896835,1.229590894794464
1789483551757084200,16.666084228515626,-2.374848724910617,-0.5913496898800135,1.5947373353675007
1789483551767134200,16.67613427734375,-2.639671627730131,-0.3107265758603811,1.9608545206688344
1789483551777184000,16.68618408203125,-2.9049299993574618,0.0683007982879877,2.1949467696599663
1789483551787234000,16.696234130859374,-2.856805143135786,0.16169102964699267,2.213415177156031
1789483551797283000,16.706282958984374,-2.6817589573532343,0.041328620210289956,2.3666810544155537
1789483551807333000,16.7163330078125,-2.3510931707918643,-0.09277180719971656,2.6231518700838086
1789483551817383200,16.726383056640625,-2.542571435937285,-0.26684885568916794,2.8262159436047076
1789483551827433200,16.73643310546875,-3.140593443188071,-0.08453121759891509,2.942291177241504
1789483551837483300,16.746483154296875,-3.3132045107781884,0.20357260756492612,2.806188470098376
1789483551847532000,16.756531982421876,-2.8091993423521515,0.4932300919115543,2.402673428164422
1789483551857582000,16.76658203125,-1.8814789322674272,0.5952928745478391,1.795198532913625
1789483551867632000,16.776632080078127,-1.1771342929787934,0.3752835114449262,1.2548945551380515
1789483551877682200,16.78668212890625,-1.1781880398154259,-0.7078583464980125,1.2940078373864292
1789483551887731200,16.796731201171873,-1.159039687231183,-2.962592499253154,1.6544706501878796
1789483551897781200,16.80678125,-0.418756304077059,-4.934304660153389,2.025214910767972
1789483551907831300,16.816831298828124,0.28051790007948874,-6.102990127608179,2.6298405540674925
1789483551917881000,16.826881103515625,0.7449450182896107,-6.419134636864066,3.1948008341938254
1789483551927931100,16.83693115234375,0.7298603349477052,-5.365158667650818,2.82001095148474
1789483551937980200,16.846980224609375,-0.1141973109357059,-3.939608562904596,1.3488795375198126
1789483551948030000,16.857030029296876,-1.2466975124180317,-2.845205890756845,-0.1161942569065839
1789483551958080000,16.867080078125,-1.7095973479956388,-1.794035042092204,-0.6869869695134461
1789483551968130000,16.877130126953126,-1.4556179107517002,-1.1130874988734722,-0.5805104620881378
1789483551978179000,16.887178955078124,-0.9715092829287052,-0.7032131510406732,-0.29685733272284265
1789483551988229000,16.89722900390625,-0.40338615485727786,-0.5883516771078109,-0.03856953076049685
1789483551998279200,16.907279052734374,-0.09842066327426582,-0.5336807602435351,-0.009608516953140496
1789483552008329200,16.9173291015625,-0.21805357112633064,-0.08670563902854919,-0.06398644222021102
1789483552018379300,16.927379150390625,-0.8335410741746425,0.692590634739399,0.0026255261979997156
1789483552028428000,16.937427978515625,-1.3841688775658607,1.2289859146386384,0.14999474663436413
1789483552038478000,16.94747802734375,-1.2758289143562316,1.4003630565196274,0.2552315561968833
1789483552048528100,16.957528076171876,-0.2508007341425866,1.2269617153346537,0.22291370624229312
1789483552058578000,16.967577880859373,0.4880662794075906,0.8195131333440542,0.3917914325229823
1789483552068627200,16.977627197265626,0.9831715175412594,0.5733733036845922,0.6646594754364341
1789483552078677200,16.98767724609375,1.6050396798036992,-0.02878010428249836,1.4204638875231146
1789483552088727000,16.99772705078125,2.326889288383722,-0.3212052997767925,2.589891405516863
1789483552098777000,17.007777099609374,3.337556861746311,-0.4815232875049114,3.3024843793213368
1789483552108826000,17.017826171875,4.406652366419136,-0.6484791058123112,3.8012265126526352
1789483552118876000,17.0278759765625,4.993166014444828,-0.675619041672349,3.7522301342934368
1789483552128926000,17.037926025390625,3.979383231671154,-0.8160621161073446,3.4004011481940744
1789483552138976000,17.04797607421875,2.2277169664919376,-0.8596364694178104,2.9937644671082495
1789483552149026000,17.058026123046876,1.2157236974835395,-0.853521785929799,2.561507314814627
1789483552159075000,17.068074951171877,1.3593421870842575,-0.5441191521495581,2.2009096235871315
1789483552169125000,17.078125,1.5778832312002777,-0.20606676246821878,1.8673297031447291
1789483552179175200,17.088175048828123,0.995989644190669,-0.25346447345912454,1.5137535811170935
1789483552189225200,17.09822509765625,0.20101327847093342,-0.39067280375659463,1.3346839850373566
1789483552199274000,17.10827392578125,0.5470446842074393,-0.6838081933468579,1.227058453707397
1789483552209324000,17.118323974609375,1.3387524035200475,-0.9893079744696617,1.566379986541718
1789483552219374000,17.1283740234375,1.2880445450678466,-1.2525953382849693,2.1980346526727077
1789483552229423900,17.138423828125,1.491076177623868,-1.563238912037015,2.4327874113991856
1789483552239474200,17.14847412109375,2.3890736496180294,-1.6843588618427514,3.4680946282386778
1789483552249523200,17.158523193359375,3.0134590553984046,-1.372006730607152,4.086305729298293
1789483552259573000,17.168572998046876,3.4749545771360397,-1.26242232029438,3.8239825343400238
1789483552269623000,17.178623046875,3.2759213665664193,-1.1851058563798664,2.5302640352889894
1789483552279673000,17.188673095703123,3.264372383069992,-0.9528495906442404,0.8563028680156916
1789483552289722000,17.19872216796875,3.2743846585184335,-0.3505015368878841,-0.08194405064992606
1789483552299772000,17.20877197265625,3.5611774010837074,0.3373626538515091,-0.7697252392809838
1789483552309822200,17.218822265625,3.809955178031325,1.082798159071803,-1.0472235723435879
1789483552319872300,17.228872314453124,3.859639538654685,1.8339128789722918,-1.1940122894782572
1789483552329922300,17.23892236328125,3.9405139873117205,2.517420043545961,-1.3324278766736388
1789483552339971000,17.24897119140625,4.039209923863411,3.075159724768996,-1.5207716431856155
1789483552350021000,17.259021240234375,4.137502540311217,3.5787633266568184,-1.6360098414763806
1789483552360071200,17.2690712890625,3.920452027013898,3.975560750773549,-1.6190180824041365
1789483552370121000,17.279120849609374,3.506184997180104,4.144420356875658,-1.6770340719126164
1789483552380170000,17.289169921875,2.7996248737990856,4.132538780423999,-1.835957390411943
1789483552390220300,17.29922021484375,2.0887831275761126,3.8702404276460407,-2.0396790510587395
1789483552400270000,17.30927001953125,1.1332590570256114,3.4054958409845826,-2.102278861226141
1789483552410320100,17.319320068359374,0.26600217573195695,2.9325235242038965,-1.9223134853504598
1789483552420369200,17.329369140625,-0.5020084416508674,2.4565958647489547,-1.5300746013209223
1789483552430419200,17.339419189453125,-1.1826239764362574,1.92353002153337,-0.955345499113202
1789483552440469000,17.349468994140626,-1.350230367606878,1.3245727792590856,-0.3251600287519395
1789483552450519000,17.35951904296875,-1.6214818421691655,0.8342167814791202,0.38336737611405547
1789483552460569000,17.369569091796876,-2.4463068181857466,0.6759475429743528,1.18688287598975
1789483552470618000,17.3796181640625,-3.3609579033389685,0.482441571393609,1.7187740494027732
1789483552480668200,17.389668212890626,-4.238470221187174,0.0064472764432430265,2.194915497738868
1789483552490718200,17.39971826171875,-4.161292873482406,-0.869790199163556,2.881357692851126
1789483552500768300,17.409768310546873,-3.2532597451642156,-2.095661196652055,3.295114727336168
1789483552510817000,17.419817138671874,-2.0062039208278057,-2.913821161821484,3.747604228058457
1789483552520867000,17.4298671875,-0.8115791254743934,-3.034958062762022,3.9120629688531157
1789483552530917000,17.439917236328125,-0.41604952933639283,-2.5530934144735333,3.004522300226986
1789483552540967000,17.449966796875,-0.8958394171774386,-1.692582500308752,1.6874413380280135
1789483552551016200,17.46001611328125,-1.0032304090991615,-0.7711006923526526,0.5772026527144014
1789483552561066200,17.470066162109376,0.3195265529096126,0.20807868681252,-0.06036109132990241
1789483552571116300,17.4801162109375,2.3581281839951873,1.3564683852136135,-0.6830114900112152
1789483552581166000,17.490166015625,2.0016373435646293,2.0185995842814446,-1.9664717760287225
1789483552591216000,17.500216064453124,-0.8488815589085221,0.8142927683472633,-3.4720956805735823
1789483552601265200,17.51026513671875,-1.4818541757702826,-1.6772732874959706,-3.493385136839747
1789483552611315000,17.52031494140625,-0.2699430223122239,-4.579621453666687,-2.115101225659251
1789483552621365000,17.530364990234375,1.580262235291302,-8.360380932351946,-0.8800668977018445
1789483552631414800,17.540414794921876,2.9345021308004853,-10.878810445201397,-0.2792551866672933
1789483552641464000,17.550464111328125,3.16354440292567,-8.929188535556197,0.6041767304882407
1789483552651514000,17.56051416015625,2.6808289830267427,-4.722988891115785,0.8675991919253021
1789483552661564000,17.57056396484375,2.3241879204705356,-1.5857932736724614,0.4258715429097414
1789483552671614000,17.580614013671877,2.109253084152937,0.6051286243855953,-0.17357947423085568
1789483552681664000,17.5906640625,2.1187539029479026,2.1913146967679262,-0.3981296956337988
1789483552691712800,17.600712646484375,2.399701718877256,2.969728927004337,0.030966216149926184
1789483552701762800,17.6107626953125,2.5868948540493846,3.3554595981836317,0.43130138593874867
1789483552711812900,17.620812744140625,2.8307670310378072,3.2908652531981466,0.4286680417604744
1789483552721863000,17.63086279296875,3.279927971859276,2.666210675087571,0.24973734269477427
1789483552731912000,17.640911865234376,3.7101895664215085,1.911229927408695,0.1616175990846008
1789483552741962000,17.6509619140625,3.8575779299497603,1.228238895663619,0.3312674057163298
1789483552752012000,17.661011962890626,3.928493294650316,0.5613695621579885,0.8928590861923992
1789483552762062000,17.67106201171875,3.8536519886776803,-0.164556940472126,1.851825844542682
1789483552772110800,17.68111083984375,3.4123554976209998,-0.7871937490195036,3.0843986777573824
1789483552782161000,17.691160888671874,2.1550214403763412,-1.100847610503435,3.952872533625364
1789483552792211000,17.7012109375,0.7147136192202568,-1.052919153636694,4.176119271214306
1789483552802261000,17.711260986328124,-0.28453137350454927,-0.7026327208042145,3.7383176365360615
1789483552812311000,17.72131103515625,-0.5835924998819828,-0.3035679362773895,2.794018432094157
1789483552822360000,17.731360107421875,-0.39252135423272844,-0.07255728668868541,1.813000439324975
1789483552832409900,17.741409912109376,0.16933233818039298,0.16946107912659644,1.2886042247772216
1789483552842460000,17.7514599609375,0.8050665287099779,0.2280523843050003,1.0650284744296223
1789483552852510000,17.761510009765626,1.2826723505102098,0.040831776604056354,1.2305910117477177
1789483552862559000,17.77155908203125,1.6199509793400764,-0.10976093592345713,1.4961828531131147
1789483552872609000,17.781609130859376,1.7717852163612842,0.04711538691818714,1.488744812066853
1789483552882659000,17.7916591796875,2.0006828193187713,0.38197044186294077,1.466786078236997
1789483552892709000,17.801709228515627,1.8449474832057953,0.29828678100407124,1.065476510458067
1789483552902758000,17.8117578125,1.3030956914663314,0.26528935128748415,0.21534268646612761
1789483552912808000,17.821807861328125,1.4943746346473692,0.4821072248727083,-0.33669074593931436
1789483552922858000,17.83185791015625,1.5545149228334425,0.6755278562575578,-0.6659286916546523
1789483552932908000,17.841907958984375,1.6731635140895842,0.8057400440573692,-0.7569755747579038
1789483552942957800,17.851957763671876,1.431017137980461,0.6775806971341372,-0.8467524379253387
1789483552953007000,17.862007080078126,0.8669359787762164,0.24161913736462592,-1.1070992182441055
1789483552963057200,17.87205712890625,-0.23357140345480293,-0.27358547046780585,-1.385235045492649
1789483552973107000,17.88210693359375,-1.5698270582556724,-0.7030272730797529,-1.2760634537644684
1789483552983157000,17.892156982421874,-2.54696411793828,-0.8769880017131566,-0.6733988814048468
1789483552993206000,17.9022060546875,-2.7392542839884757,-0.8185065866500139,-0.2042953688815236
1789483553003256000,17.912256103515624,-2.645956407088041,-0.6704530372112989,-0.021374211940169332
1789483553013305900,17.922305908203125,-2.303642268308997,-0.2402607084929943,0.1805598346374929
1789483553023356000,17.93235595703125,-1.5485598138213157,0.2526063953250646,0.5405173282653093
1789483553033406000,17.942406005859375,-0.4925193132936954,0.4508060776799917,0.8390835107326508
1789483553043455000,17.952455078125,0.43175943190455435,0.45434594224393365,0.872507641428709
1789483553053505000,17.962505126953126,0.8493933078229426,0.5284282465428114,0.7606205071315169
1789483553063555000,17.97255517578125,0.8513561323285103,0.5916425353467464,0.20447481710165738
1789483553073605000,17.982605224609376,0.6888824278712272,0.7205980010837316,-0.4404685157999396
1789483553083654000,17.99265380859375,0.24672321903798727,0.57175476257205,-0.5036809049077332
1789483553093704000,18.002703857421874,0.029792496195435524,0.2656833190411329,-0.31391777311712504
1789483553103754000,18.01275390625,-0.1628793626487255,-0.04087503122389316,-0.49830374191403387
1789483553113803800,18.0228037109375,-0.642708632652089,-0.27143676800131794,-0.5783373558327556
1789483553123853000,18.03285302734375,-1.1746505133390426,-0.37730829527080056,-0.5291641596019268
1789483553133903000,18.042903076171875,-1.49851363414824,-0.436484122338891,-0.34552447912767525
1789483553143953200,18.052953125,-1.619804264345765,-0.4736006778120994,-0.13383856160342691
1789483553154003000,18.0630029296875,-1.6426725142359733,-0.5443664049088954,0.006620148792117833
1789483553164053000,18.073052978515626,-1.5214660551905632,-0.4713151972234249,-0.035192893934249875
1789483553174102000,18.08310205078125,-1.2767191411942242,-0.08740180459916591,-0.2173293302386999
1789483553184151800,18.09315185546875,-1.1106296573925762,0.36006431500315667,-0.42902518463507294
1789483553194201900,18.103201904296874,-1.0622047953110187,0.7119692889481782,-0.5673167801246046
1789483553204252000,18.113251953125,-0.8336994796067476,0.864790198919177,-0.41529140444546936
1789483553214301000,18.123301025390624,-0.48846748061962425,0.8194587728083134,0.006392477516084909
1789483553224351000,18.13335107421875,-0.005738835912942886,0.39361704051494595,0.49290641291514037
1789483553234401000,18.143401123046875,0.5372141220014542,-0.32560382699668405,0.9340415759302675
1789483553244451000,18.153451171875,0.8170673476271331,-1.1394774931490421,1.2245816883303224
1789483553254499800,18.163499755859377,0.8960143353529274,-2.0064158100128173,1.5421408866897224
1789483553264550000,18.1735498046875,0.6773574097722769,-2.551577749213576,2.045474731725454
1789483553274600000,18.183599853515624,0.3892944280754775,-2.8605951830685137,2.7946248735547066
1789483553284650000,18.19364990234375,0.11182079106271266,-3.1541064202338456,3.7338960207015273
1789483553294700000,18.203699951171874,-0.09918108972012996,-3.40811216096282,4.446878286084533
1789483553304749000,18.2137490234375,-0.40332404940649863,-3.5993595399618146,4.7571577026993035
1789483553314799000,18.223799072265624,-0.7925177205212414,-3.961934961003065,4.462415462434292
1789483553324849000,18.233848876953125,-1.5162623490676284,-4.3985956089526415,4.020075892065465
1789483553334899000,18.24389892578125,-2.2319255240976807,-4.791959551489353,3.3319705860465763
1789483553344948000,18.253947998046876,-2.6927321867883203,-4.882766780617833,2.848477752034366
1789483553354997800,18.263997802734377,-2.7463082941532133,-4.708706683263182,2.7391180903881787
1789483553365047800,18.2740478515625,-2.519670452821255,-4.161591856428981,2.5333903506159783
1789483553375098000,18.28409814453125,-2.285563006260991,-3.29910175114572,2.193696185076982
1789483553385148200,18.294148193359376,-2.0936371434785426,-2.4855741219520566,1.8580869507640598
1789483553395197000,18.304197021484374,-1.8710038616128264,-1.9015800555318594,1.546039647693932
1789483553405247000,18.3142470703125,-1.5992157959558069,-1.5846505333781242,1.2048835929088293
1789483553415297000,18.324297119140624,-1.3981087017215788,-1.470516204676032,0.759123692702502
1789483553425347000,18.33434716796875,-1.2151881293021143,-1.4618202725231646,0.3039331893932074
1789483553435395800,18.344395751953126,-1.150332137705758,-1.3719213904112577,-0.08680727277211844
1789483553445446000,18.35444580078125,-1.1717085416030137,-1.2610785044699906,-0.38418526836819944
1789483553455496200,18.36449609375,-1.1485994686942547,-1.2029226680994034,-0.6060366060759872
1789483553465546000,18.3745458984375,-1.0803040041685104,-1.3619880254179237,-0.7781218962263315
1789483553475596000,18.384595947265623,-1.1270283459424972,-1.475523803704977,-0.6552891511533409
1789483553485645000,18.39464501953125,-0.8334387828439473,-1.5803870307147503,-0.7014674764171243
1789483553495694800,18.40469482421875,-0.7287538350105285,-1.6383762783467768,-0.900903276438266
1789483553505745000,18.414744873046875,-1.052277348601818,-1.521276085576415,-0.99692502534464
1789483553515795000,18.424794921875,-1.3631108919680117,-1.3679939878344536,-0.9055908497326075
1789483553525844000,18.434843994140625,-1.1501554659646003,-1.415925951832533,-0.8108977190814912
1789483553535894000,18.44489404296875,-0.5307577124036849,-1.4600655378103256,-0.6376383436504751
1789483553545944000,18.454944091796875,0.3518028287447989,-1.2391723776102066,-0.0677346340388991
1789483553555994000,18.464994140625,1.1862756308116018,-0.9043231678843497,0.41194746431242674
1789483553566043000,18.47504296875,1.6402958482325076,-0.6028197629213333,0.9936389894112944
1789483553576093000,18.485093017578127,1.9547057887807486,-0.4130740206569433,1.734313563840091
1789483553586143000,18.49514306640625,2.0867647734910246,-0.14208850355446337,2.0013925750233232
1789483553596193000,18.505193115234373,2.0320482639193536,-0.008660860839486122,2.0351221184067425
1789483553606242800,18.515242919921874,2.041821762175858,0.04807166472971439,2.2320868521392345
1789483553616292400,18.525292236328124,1.8408911935523151,0.06291910524964332,2.469221537566185
1789483553626342100,18.535342041015625,1.576536200505495,-0.21769640998542308,2.696362652245164
1789483553636392200,18.54539208984375,1.9906717129141092,-1.0144885929554701,2.4994910036236044
1789483553646442200,18.555442138671875,2.6990152125805613,-2.139790261235833,2.0143568321451544
1789483553656491000,18.565490966796876,2.8696184474796054,-2.870626163217425,1.987773653385043
1789483553666541000,18.575541015625,2.871087350988388,-3.1750673751980063,1.8204903566889463
1789483553676591000,18.585591064453126,2.6455110014081,-3.103625356274843,1.0819426382210104
1789483553686641200,18.59564111328125,2.3287875232204795,-3.137637515991926,0.08034991332627832
1789483553696691000,18.60569091796875,2.135774595853686,-2.7061358582407236,-0.4428079185329377
1789483553706740200,18.615740234375,2.192114907234907,-2.1415327209889887,-0.7428012842591851
1789483553716790300,18.625790283203123,2.525384154292941,-1.704073031616211,-1.0758957592722027
1789483553726840000,18.635840087890625,2.982637508416176,-0.8207488126188516,-1.2512624822460114
1789483553736890000,18.64589013671875,3.519219835320115,0.2761573667824268,-1.254962359677255
1789483553746939100,18.655939208984375,3.824405728188157,1.0578963575273752,-0.786307029312849
1789483553756989200,18.6659892578125,3.50885918482542,1.5482435874789953,-0.48863487307578324
1789483553767039000,18.6760390625,3.822523567703366,2.0605098037719727,-0.4082740730293095
1789483553777089000,18.686089111328126,4.103208641043305,2.1827146262049673,-0.15487776943556963
1789483553787138300,18.69613818359375,4.160681171324849,2.4388801753163336,-0.05615786748640239
1789483553797188000,18.70618798828125,4.281152886354923,2.7563720075279474,-0.30648937668204307
1789483553807238100,18.716238037109374,4.391728645792603,3.2246418457061052,-0.32609592136256393
1789483553817288200,18.7262880859375,4.390752494236827,3.6841304115355014,-0.227585789706558
1789483553827338200,18.736338134765624,4.195589403098821,3.691062841147184,-0.21009623718000947
1789483553837387000,18.746386962890625,3.855277251791954,3.4827626205384727,-0.163702296404168
1789483553847437000,18.75643701171875,3.5170740554630755,3.330065044686198,0.12610475248098374
1789483553857487000,18.766487060546876,3.2444179747998714,3.2618571853786706,0.5835437653694302
1789483553867537000,18.776536865234377,3.0753917799592014,2.9226071103453632,0.9215435480806976
1789483553877586200,18.786586181640626,2.7897236575096844,2.5520190632402895,1.1258609095983207
1789483553887636200,18.79663623046875,2.4508950227588415,2.332932075679302,1.3574093193255363
1789483553897686300,18.806686279296876,2.0226298627108332,2.406526888722181,1.2865104673683643
1789483553907736000,18.816736083984374,1.5726403621107339,2.8328140266954898,1.385753224147856
1789483553917786000,18.8267861328125,1.000392847585678,3.2679180928528306,1.3982280903175472
1789483553927835100,18.836835205078124,0.12518179241716862,3.4511645362257957,1.5135677031561732
1789483553937885000,18.846885009765625,-0.9869769011735916,3.3685622408628464,1.5030404639229178
1789483553947935200,18.856935302734374,-2.121643194648623,3.061629212066531,1.4607815771251915
1789483553957985300,18.8669853515625,-2.5109429564863444,2.6911802811712024,1.3689074494175613
1789483553968034000,18.877033935546876,-1.6779969255954026,2.407814005923271,1.3687322389811276
1789483553978084000,18.887083984375,0.37608547547757626,2.0843559587836262,1.1464963589351624
1789483553988134100,18.897134033203123,2.385243862196803,2.3120967929214236,1.710043776588887
1789483553998184200,18.90718408203125,2.0462129828721283,2.5192542732357976,2.4718188605830074
1789483554008234000,18.91723388671875,1.2532143469661474,0.17845277935564516,0.3413847489744425
1789483554018283000,18.927282958984375,-2.3117630309224126,-5.720367943838238,-5.380917962318659
1789483554028333300,18.937333251953124,-7.162135023891925,-12.639467533826828,-7.229589434483647
1789483554038383400,18.94738330078125,-1.8601146571993827,-16.712409046900273,-2.9177690226644275
1789483554048433200,18.95743310546875,2.074477538847923,-12.238539293515682,0.013599367554439232
1789483554058482200,18.967482177734375,1.270304013454914,-3.239567612159252,-1.154821923405677
1789483554068532200,18.9775322265625,1.317941962942481,2.2041280011117457,-2.186709102668613
1789483554078582000,18.98758203125,0.9649912793368101,5.250280242583155,-2.4492924098677933
1789483554088632000,18.997632080078127,1.3730933568000792,6.067587974837422,-2.132593043208122
1789483554098681000,19.00768115234375,2.7060779905736445,4.702342993450165,-1.7083901641629635
1789483554108731100,19.017731201171873,3.484750579485297,2.6320184826284647,-1.2327753700494766
1789483554118781200,19.02778125,3.2322049744367596,0.5441612377256154,-0.8270738509219139
1789483554128831200,19.037831298828124,2.159126829868555,-1.2901280733436344,-0.23033033917434512
1789483554138881300,19.04788134765625,1.7063316241979598,-3.641662558162212,-0.349945948831737
1789483554148930000,19.057929931640626,1.4622025498390196,-5.404229279801249,-0.5315692845148965
1789483554158980000,19.06797998046875,1.2646128160759806,-5.352954435116052,-0.5400888006549328
1789483554169030100,19.078030029296876,1.209029168280959,-4.058516681879759,-0.5240047310121357
1789483554179080200,19.088080078125,1.0514403132557868,-2.5923908211171627,-0.645831586978212
1789483554189129200,19.098129150390626,1.2325590969502924,-1.2890613208949566,-0.7368719672754407
1789483554199179300,19.10817919921875,1.597765451017022,-0.2513403209120035,-0.6180647513914853
1789483554209229300,19.118229248046877,1.7779449080348013,0.40223815386593337,-0.5191230964504182
1789483554219279000,19.128279052734374,1.9227920626476407,0.8369681260138749,-0.29421637149369345
1789483554229329200,19.1383291015625,2.060210820825398,1.0906389357000588,0.015931162369716912
1789483554239378200,19.148378173828124,2.203899745313823,1.042462057030201,0.49720173548888413
1789483554249428000,19.158427978515626,2.3307974017381667,0.9643892217904328,1.0579258758828043
1789483554259478000,19.16847802734375,2.278520394273102,0.8521721248865127,1.443147136235237
1789483554269528000,19.178528076171876,1.9576734064146875,0.495657026797533,1.7955713117487728
1789483554279577300,19.188577392578125,1.6380056914687156,-0.06220598854422569,2.026470025395602
1789483554289627100,19.198627197265626,1.1264312568321824,-0.5411456892967224,1.8971467492595313
1789483554299677200,19.20867724609375,0.5343780948579311,-1.2102812141686676,1.6836328856557607
1789483554309727200,19.218727294921877,-0.0431415148511529,-1.8937579836040734,1.6245651951372622
1789483554319777300,19.22877734375,-0.41918402796983717,-2.0196844569087027,1.4135080770358441
1789483554329826000,19.238825927734375,-0.6410170993685722,-1.3773527678102253,1.3055258412227033
1789483554339876000,19.2488759765625,-0.7445870716974139,-0.4704828380525112,1.265405281627923
1789483554349926100,19.258926025390625,-0.4975822957716882,0.10399345843791961,1.163428350644186
1789483554359976000,19.268975830078126,-0.01014145478606224,1.2465396915078162,1.004596436755359
1789483554370025200,19.279025146484376,-0.15207155290842056,1.26706634670794,0.8992202187221496
1789483554380075300,19.2890751953125,-0.22357845376133917,1.7282962032467126,0.7156548455931245
1789483554390125000,19.299125,-0.1327042968764901,1.7787264138013124,0.9156126236617564
1789483554400175000,19.309175048828124,0.04651142967566847,1.4604267723381519,1.2999153078645467
1789483554410224000,19.31922412109375,0.16541034243106842,0.9495651621460914,1.539372298759222
1789483554420274000,19.32927392578125,0.20131058091707527,0.3399105847686529,1.440519418080151
1789483554430324000,19.339323974609375,0.17271701218262314,0.03720949445366859,1.4118164706870913
1789483554440374000,19.3493740234375,0.0588076513428241,-0.15841069280207157,1.344337510176003
1789483554450424300,19.35942431640625,-0.27029227414131163,-0.30700901664197444,0.9723173113759607
1789483554460473000,19.36947314453125,-0.8220119644224643,-0.45350773785412307,-0.4508827961780131
1789483554470523100,19.379523193359375,-0.9105179308712482,-0.45475686113238334,-0.5204929234988988
1789483554480573200,19.3895732421875,-1.2030150225579739,-0.23601883313953875,-0.9557984305124729
1789483554490623200,19.399623291015626,-1.5117442871212958,-0.06238017606735229,-1.3438967806711792
1789483554500672000,19.409672119140627,-1.7394506344676017,0.21000994713604448,-1.4918978692702949
1789483554510722000,19.41972216796875,-1.2360825949013232,0.42955870698988435,-1.5544586626015602
1789483554520772000,19.429772216796874,-0.5645266014168039,0.5443564680367707,-1.8503101792827248
1789483554530822100,19.439822265625,-0.7467945186138153,0.7946148389309644,-1.8802189953342079
1789483554540871200,19.44987109375,-0.6454407610297203,0.9916992535203695,-1.513681684924662
1789483554550921200,19.459921142578125,-0.19198270753622054,0.9616665188282728,-1.094845009087771
1789483554560971000,19.469970947265626,-0.14034838188886642,0.9035837476938963,-0.8276388643935322
1789483554571021000,19.48002099609375,-0.3544669333875179,0.7871417265713214,-0.39641748488843437
1789483554581071000,19.490071044921876,-0.3488590303778648,0.8168816157966852,-0.01923603086769581
1789483554591120100,19.5001201171875,-0.7449608734458685,0.9381237306773662,0.02476049337759614
1789483554601170200,19.510170166015627,-1.2410013466030358,0.7130863102793693,-0.009423515775054693
1789483554611220200,19.52022021484375,-1.7663982626259327,0.35090953316688533,0.13700374763607978
1789483554621270000,19.53027001953125,-2.267985263994336,-0.08852057949602603,0.35015023923218247
1789483554631318800,19.54031884765625,-2.6183131978809833,-0.4086854303091764,0.5796075218990445
1789483554641368800,19.550368896484375,-2.8183868574142457,-0.6519330456584692,0.6876262903302908
1789483554651419000,19.5604189453125,-2.957348753380775,-0.8128419850170612,0.8473515728622675
1789483554661469000,19.570468994140626,-2.9540123024344442,-0.8985223726511001,1.169742136900872
1789483554671518700,19.580518798828123,-2.5171920800089835,-1.1652595846593379,1.4466387777432799
1789483554681568000,19.590568115234376,-1.8219529765874147,-1.77981245547235,1.6889821377292273
1789483554691618000,19.6006181640625,-1.1033715760231018,-2.5203677874356507,1.8797037392884492
1789483554701667800,19.610667724609375,-0.430967404744029,-3.20648542676866,1.997413149998337
1789483554711718000,19.6207177734375,0.23686573229245841,-3.8412960727125403,2.0796308299578725
1789483554721767000,19.630766845703125,1.0534336059648544,-4.54138320068717,2.392146481192112
1789483554731817000,19.64081689453125,1.9051415474057196,-5.4661652192324395,2.9242452329412103
1789483554741866800,19.65086669921875,2.525249714258313,-6.10822919730544,2.8338363554805515
1789483554751916800,19.660916748046876,2.652788298934698,-5.8789382111161945,1.5546559387393295
1789483554761966000,19.670966064453125,2.176171488171816,-4.74446305629909,-0.4481326937522739
1789483554772015900,19.681015869140627,1.100987238169834,-3.4731916591167447,-1.7486767279744146
1789483554782066000,19.69106591796875,-0.2277876689542085,-2.5625790356993674,-2.588631760844588
1789483554792116000,19.701115966796873,-1.063767879909277,-1.9476853886246681,-2.8246809891223905
1789483554802166000,19.711166015625,-1.6708710192382334,-1.404800746706128,-2.3543100870117546
1789483554812214800,19.72121484375,-2.1742589325487613,-1.0439543414145707,-1.8377194316484033
1789483554822264800,19.731264892578125,-2.448418988034129,-0.9247960470706224,-1.5287367768459021
1789483554832315000,19.74131494140625,-2.3962854806929825,-0.9896353067278861,-1.4265572359621523
1789483554842364700,19.75136474609375,-2.3538883544683453,-0.7715688943862915,-0.9916729500353336
1789483554852414000,19.7614140625,-2.2701947567373515,-0.5713163711547852,-0.6639470163181423
1789483554862464000,19.771464111328125,-2.157666694188118,-0.49805473558902735,-0.5126721667453646
1789483554872513800,19.781513671875,-2.440097149890661,-0.4482599003285169,-0.5261980032727122
1789483554882563800,19.791563720703124,-3.2293121756047007,-0.5163257208168507,-0.649891018436849
1789483554892612900,19.80161279296875,-4.175295972132683,-0.7334931384921074,-0.7284945995524525
1789483554902663000,19.811662841796874,-4.905191962915659,-1.1779238359212876,-0.9986597401827573
1789483554912712700,19.821712646484375,-5.134624987924099,-1.7792296871483324,-0.9322253202885389
1789483554922762800,19.8317626953125,-4.543278220653534,-2.1869681919962165,-0.4098839924439788
1789483554932813000,19.84181298828125,-2.5538404334485527,-2.211223512330651,0.3198164392342791
1789483554942861800,19.85186181640625,0.3097171065568924,-2.014133837044239,0.950170142301917
1789483554952912000,19.861911865234376,2.84678176177144,-1.7919623274713754,1.5430860585853456
1789483554962962000,19.8719619140625,3.9991012008368965,-1.369233174240589,2.21602799000293
1789483554973012000,19.882011962890626,4.706032495617866,-0.5214297659575939,2.7647590198621153
1789483554983060700,19.892060791015624,5.580522835296392,0.19666589691638944,2.5276100136488675
1789483554993110800,19.90211083984375,5.903300498956441,0.7514584187716246,1.7868460073709487
1789483555003160800,19.912160888671874,4.779659165103733,0.9559685994476079,1.001423944199085
1789483555013211000,19.9222109375,2.0784253996908664,0.8176379871219396,0.45026557759512215
1789483555023261000,19.932260986328124,0.35700288160592314,0.06686404348313808,-0.38163193062357603
1789483555033310000,19.94231005859375,0.27620675888210533,-0.8099836729764938,-0.6610181232593954
1789483555043360000,19.952360107421875,0.690598584139347,-1.5908979033350943,-0.21830959171401335
1789483555053409800,19.962409912109376,0.4054948175743222,-2.192319489896297,0.6970218221198767
1789483555063459800,19.9724599609375,0.09187573514282703,-2.7129952226161955,1.6549245314352214
1789483555073508900,19.9825087890625,0.22069150014817712,-3.0058336750864982,1.4798374291203915
1789483555083559000,19.992558837890623,0.3071618691161275,-2.7120073806226253,0.6248617911204696
1789483555093609000,20.00260888671875,0.9930886620521545,-2.046529209214449,-0.15458974627442656
1789483555103659000,20.012658935546874,2.0369161622166634,-1.1731325099915266,-0.32687640421576797
1789483555113707800,20.022707763671875,2.3633622852563856,-0.004680266770720482,-0.14550686063058674
1789483555123757800,20.0327578125,2.1357073758363723,0.18740239400863645,-0.29121311629079283
1789483555133807900,20.042807861328125,2.9159137501865624,0.8721025677591562,-0.1121970770291984
1789483555143858000,20.05285791015625,3.3797073197335004,1.5799375333815813,-0.25889570472761986
1789483555153907700,20.06290771484375,3.4460207435965535,2.1129612910211084,-0.522781107501313
1789483555163957000,20.07295703125,3.3350013320446013,2.4466911413282153,-0.6822855868894606
1789483555174007000,20.083007080078126,3.4028584782183167,2.60435013898015,-0.521759728564322
1789483555184057000,20.09305712890625,3.446631568971276,2.5156799218803645,-0.18052439799793063
1789483555194107000,20.10310693359375,3.3694816937953234,2.473365213242173,0.117850207420066
1789483555204156000,20.113156005859373,3.2097230935156342,2.4956793363809586,0.23975597384124994
1789483555214206000,20.1232060546875,3.0291531758755443,2.426619244158268,0.11908457152061164
1789483555224255700,20.133255859375,2.881000257715583,2.410620880037546,-0.003579173661023378
1789483555234305800,20.143305908203125,2.711277897304296,2.5734271774500606,0.003777034320682287
1789483555244355800,20.15335595703125,2.6151293071478605,2.749677478325367,0.10732545240484177
1789483555254404900,20.16340478515625,2.5932997526556254,3.0532693800002333,0.2767419617373496
1789483555264455000,20.173454833984376,2.637608265459537,3.501330542886257,0.44734366226643324
1789483555274505000,20.1835048828125,2.509205172908306,3.815102477791905,0.5755460446137934
1789483555284555000,20.193554931640627,2.393784896048903,3.9430969895422456,0.6339152314741164
1789483555294603800,20.203603759765624,2.2902859431296587,3.8901591800808903,0.7747527851194143
1789483555304653800,20.21365380859375,1.9789941346019506,3.7084032675266263,0.8914145134072751
1789483555314704000,20.223703857421874,1.3642699988752602,3.436267411345243,0.828623418451473
1789483555324754000,20.23375390625,0.6954173825979232,3.160304690352082,0.8315333876140415
1789483555334803000,20.243802978515625,-0.041973932376503945,2.871952443385124,0.8775101989563554
1789483555344853000,20.25385302734375,-0.8925409601539372,2.663573896843195,0.8297777761183679
1789483555354903000,20.263903076171875,-1.5447048919588326,2.5470021118611097,0.41713995492160316
1789483555364952800,20.273952880859376,-2.271126484629512,2.381416997385025,-0.16319191746292636
1789483555375003000,20.2840029296875,-2.8992291573673485,1.9698440289407968,-0.5164314462136477
1789483555385052000,20.294052001953126,-3.3898487745195625,1.2434931634187698,-0.14147256361320615
1789483555395101700,20.304101806640624,-1.7376649200946093,-0.8381798398911953,-1.0051577969651668
1789483555405151700,20.31415185546875,0.6363648896485566,-3.6414421934098002,-3.573146363557875
1789483555415201800,20.324201904296874,-0.6380535733878612,-5.722593803194165,-3.753078275555372
1789483555425251000,20.3342509765625,-1.6768565233886241,-8.42214385330379,-1.4602254045471548
1789483555435300900,20.34430078125,-0.17426760262548924,-11.149614760518073,0.07690736252381467
1789483555445351000,20.354350830078126,0.0063911623418331145,-9.448433358690142,-1.085812611522153
1789483555455401000,20.36440087890625,-0.03169920659959316,-3.404564697614312,-1.5165303523540496
1789483555465449700,20.37444970703125,0.15904840618371963,1.188297930419445,-1.354849113448709
1789483555475499800,20.384499755859373,0.01869301003217697,3.2028356720894573,-1.3971668908268213
1789483555485549800,20.3945498046875,0.6276502527952194,3.3540801265239715,-1.0175123246908186
1789483555495599900,20.404599853515624,1.6515753671377895,2.264368827062845,-0.62146206567958
1789483555505650000,20.41464990234375,2.6874299887269735,0.8345376839965581,-0.007290878527378663
1789483555515699000,20.424698974609374,3.0270345762863755,-0.6482534803628921,0.7935915602978318
1789483555525749000,20.4347490234375,2.4336978042423723,-2.128462811535597,0.9397040586713701
1789483555535798800,20.444798828125,1.9838912589937447,-3.1275299634754656,0.45888274542335417
1789483555545848800,20.454848876953125,1.4810098339006303,-3.4495886652112007,-0.2126458668638952
1789483555555897900,20.46489794921875,0.7081953233674169,-3.1705168722867962,-0.6380211324229836
1789483555565947600,20.47494775390625,0.47444706550836563,-2.4278484936922786,-0.9192701963212341
1789483555575998000,20.484998046875,0.6882268865719438,-1.5141823279231785,-1.030529334913194
1789483555586048000,20.495048095703126,1.0642305289849638,-0.6967220354557037,-0.9689074298672378
1789483555596097000,20.505096923828123,1.3156427460893987,0.08732990840673446,-0.8177795875497161
1789483555606146800,20.515146728515624,1.2148361009940505,0.7782616700232029,-0.6090065617974847
1789483555616196900,20.52519677734375,0.9820108031988143,1.308928635403514,-0.4105634260755032
1789483555626247000,20.535246826171875,0.8495014443725347,1.5514140342086553,-0.15983051473842932
1789483555636296000,20.5452958984375,1.0582555462285876,1.5445225211292504,0.03212238218141719
1789483555646345700,20.555345703125,1.3227689447075128,1.4185790966898202,0.42358021710217
1789483555656396000,20.56539599609375,1.5574612054184078,1.2194979553252459,0.8841587701253593
1789483555666446000,20.575446044921875,1.6168918840304016,0.7900766109794378,1.5637236268140375
1789483555676496100,20.58549609375,1.4260752976641058,-0.15964286494553087,2.6050173707172273
1789483555686545000,20.595544921875,0.9619396366812288,-1.1917413488715887,3.5451106479018923
1789483555696595000,20.605594970703127,0.30322657549381254,-2.0543460204452275,3.8472345228508114
1789483555706645000,20.61564501953125,-0.30956396182179446,-1.888234836268425,2.9729955275848505
1789483555716695000,20.625695068359374,-0.762444215427339,-0.9300403774648904,2.288138701967895
1789483555726744000,20.635744140625,-0.7824220045730471,-0.12000818917155265,1.6381322404578327
1789483555736794000,20.645794189453124,-0.929921719521284,0.4860767130255699,1.076206359591335
1789483555746844200,20.65584423828125,-0.8315281269170344,0.910081877541542,0.7847415335617959
1789483555756894000,20.66589404296875,-0.8568119135163724,1.4046476019710301,0.333597821425274
1789483555766943000,20.67594287109375,-0.5572352388322354,1.68544314994812,0.13819337754575534
1789483555776993000,20.685992919921876,0.12420856347084044,1.763415447422862,0.22219562110081315
1789483555787042800,20.696042724609374,0.347038902278617,1.7972861528426407,0.43599235676657405
1789483555797092900,20.7060927734375,-0.013733707124367356,1.6296593034058808,0.4452724454829469
1789483555807143000,20.716142822265624,-0.29594920490197835,1.0441390503317116,0.4222668694812804
1789483555817192200,20.726192138671873,-0.6005972645662725,0.5175760131388902,0.6104648708470165
1789483555827242000,20.736241943359374,-0.6598094050567597,0.11124445247948168,1.0616457001235335
1789483555837292000,20.7462919921875,-0.08859481377601623,-0.061926002559065815,1.4527232122234999
1789483555847342000,20.756342041015625,0.03312719357609749,-0.2642652689367533,1.3189856267765163
1789483555857390800,20.766390869140626,-0.4878291827160865,-0.48272038833498954,1.172520953964442
1789483555867441000,20.77644091796875,-1.0304909756641834,-0.35863398993909357,1.004069563337043
1789483555877491000,20.786490966796876,-1.199450608074665,-0.25596213549375535,0.2891248387746513
1789483555887541000,20.796541015625,-1.0554232454121113,-0.27040508686602116,-0.36581637572385367
1789483555897590000,20.806590087890626,-1.2658768446624278,-0.1257575464785099,-0.6952608037967234
1789483555907640000,20.81664013671875,-1.3022785298645496,0.020201661029458046,-0.8524840403798967
1789483555917690000,20.826690185546877,-0.6281237155258655,0.24946166755855081,-1.1017318459920584
1789483555927740000,20.836739990234374,-0.17589315800070762,0.5805979942411184,-1.7593518512457609
1789483555937790000,20.8467900390625,-0.626201807552576,1.0138684152305126,-1.9359443896874784
1789483555947839000,20.8568388671875,-0.45018005473613737,1.2831319308459759,-1.6639176929689943
1789483555957889000,20.866888916015625,-0.06959668331742286,1.3092588902711868,-1.539616336648166
1789483555967938800,20.876938720703127,-0.16723755785822866,1.1162877562195062,-1.2929862392537295
1789483555977988900,20.88698876953125,-0.4974918410092592,0.9142401662647723,-0.9854504222586751
1789483555988038100,20.8970380859375,-1.2821861744284628,0.5421481443375349,-0.16724106498956678
1789483555998088000,20.907087890625,-1.754819468513131,0.1602349856197834,0.8073403188608587
1789483556008138000,20.917137939453124,-1.8308686889708041,0.06000292554199695,1.4400458092190325
1789483556018188000,20.92718798828125,-2.011679429629445,-0.11957564297318458,1.7719086966104804
1789483556028236800,20.93723681640625,-2.411855390268564,-0.4350520437091589,1.7332855359666048
1789483556038286800,20.947286865234375,-2.679448926845193,-0.6891571531593799,1.4450184830650685
1789483556048337000,20.9573369140625,-2.6108494378715754,-0.845039788788557,1.0671106144659221
1789483556058387000,20.967386962890625,-2.2457214097380636,-1.0551648867368697,0.6897505890078842
1789483556068436000,20.97743603515625,-1.5913789648503065,-1.4231880517899989,0.3531823004044592
1789483556078486000,20.987486083984376,-0.8067916720021515,-1.9995278040647506,0.001559212140738964
1789483556088536000,20.9975361328125,-0.1029274366416037,-2.718832258206606,-0.4159612665310502
1789483556098586000,21.007586181640626,0.3589589110445231,-3.2174434586346146,-1.035855717567727
1789483556108636000,21.017635986328123,0.3991144688874483,-3.30568580571115,-1.7273150832548736
1789483556118685000,21.027684814453124,0.2936871051888913,-3.329156697669625,-1.91271285944283
1789483556128735000,21.03773486328125,0.7101479918051511,-3.772368082436919,-1.2064337449602782
1789483556138784800,21.04778466796875,1.692442799577117,-4.329733669650555,0.29056977688595653
1789483556148834800,21.057834716796876,2.6539468213200568,-4.578566391655802,1.582785616289079
1789483556158884000,21.067884033203125,2.9104601609557865,-4.2851691362589595,1.7985441900797188
1789483556168934000,21.077933837890626,2.3000474586874247,-3.5876141571104525,0.6274693432703614
1789483556178984000,21.08798388671875,1.0810984424818306,-2.623293324381113,-0.4154914570622146
1789483556189034000,21.098033935546876,-0.218557264598459,-2.110942352414131,-0.7610765072707086
1789483556199083000,21.1080830078125,-0.9449608101557939,-1.8892963280200956,-0.9750034817200154
1789483556209132800,21.1181328125,-1.403616505357623,-1.557526379609108,-0.8465697748348117
1789483556219182800,21.128182861328124,-1.7964415187120437,-1.1319091037213802,-0.40149646865315736
1789483556229233200,21.138233154296874,-1.9563380661576986,-0.7847931176185607,0.038674525504931806
1789483556239282000,21.148281982421874,-2.0254402439564467,-0.6693979752004147,0.31058190669268365
1789483556249332000,21.15833203125,-1.998861449110508,-0.686887454661727,0.49099488020539284
1789483556259382000,21.168382080078125,-1.9514555548131465,-0.6790420018583536,0.5990387100126594
1789483556269432000,21.17843212890625,-1.9554408250570297,-0.8825812916755675,0.3262614141225815
1789483556279481900,21.18848193359375,-2.1688082659274337,-1.0625374613314866,-0.11149484704397618
1789483556289531000,21.19853076171875,-2.7427339427977797,-1.1312199524134396,-0.48803749170452354
1789483556299581000,21.208580810546874,-3.682093937271833,-1.144604334643483,-0.7200611177280545
1789483556309631000,21.218630859375,-4.555053998643159,-1.2163339383363723,-0.8451945409588515
1789483556319681000,21.228680908203124,-5.161275678962469,-1.2951526235073805,-0.761556984264031
1789483556329730000,21.23872998046875,-4.776972410237789,-1.373274558585882,-0.7822543929211795
1789483556339779800,21.24877978515625,-3.0346470971167085,-1.6575298916280268,-0.6792424928665161
1789483556349830000,21.258829833984375,-0.8432266018867492,-1.8649767102777957,-0.518573682406731
1789483556359880000,21.2688798828125,1.3145077507101,-1.8586545215189456,0.23440442021284252
1789483556369929000,21.278928955078126,2.690099500197172,-1.736781122997403,0.7482013897370546
1789483556379979000,21.28897900390625,3.3035715900361535,-1.2165543030887842,0.7141907643899321
1789483556390029000,21.299029052734376,3.519525540268421,-0.5854764139324427,0.7736922432158142
1789483556400079000,21.3090791015625,3.9419258999362587,-0.08070727539658545,0.5269423918992281
1789483556410128000,21.3191279296875,3.8120065576031803,0.16872575058937073,-0.4692265543811023
1789483556420178000,21.329177978515624,2.312911324174702,0.554829931256175,-1.3680993479050696
1789483556430228000,21.33922802734375,0.753777509368956,0.7334861242294312,-1.7800329663552343
1789483556440278000,21.349278076171874,0.6241697172030806,0.2708130831450224,-2.1785532687418163
1789483556450327800,21.359327880859375,1.0967995041564107,-0.39721185013651844,-2.0272677516445516
1789483556460377000,21.369377197265624,1.099106027533114,-0.9273726195603609,-1.2939946856439113
1789483556470427100,21.37942724609375,0.7151987723886967,-1.4833283399760722,-0.38674174791797994
1789483556480477000,21.389476806640626,0.4037167019858956,-1.9200065235823391,0.6479962907314301
1789483556490527000,21.39952685546875,0.5899702182203531,-2.266345680093765,1.1352927548103033
1789483556500576000,21.409575927734377,1.2313789472550154,-2.4566578240692616,1.3289857733957469
1789483556510626000,21.4196259765625,1.6369447842389344,-2.2975614870905874,1.2721145700082181
1789483556520675800,21.42967578125,1.7351853782385587,-1.6809253802627324,0.8713444428682326
1789483556530726000,21.439725830078125,1.8254846578449009,-1.044282258194685,0.7050927542421966
1789483556540775200,21.449775146484374,2.099126242414117,-0.23705694401562213,0.5764857366167009
1789483556550825000,21.459824951171875,2.5538170525729655,0.5178875633060932,0.0722048199892044
1789483556560875000,21.469875,2.774989029714465,1.217791151407361,-0.5624291542135179
1789483556570925000,21.479925048828125,3.043305619868636,1.7327292172580957,-0.9745934396144003
1789483556580973800,21.489973876953126,3.2733582380801436,2.2472604558736085,-1.0313481770154087
1789483556591023900,21.50002392578125,3.470632037761807,2.5202567282766104,-0.8085867387253791
1789483556601074000,21.510073974609377,3.6285827118366956,2.5558868445843457,-0.570884482543543
1789483556611123700,21.520123779296874,3.476511158928275,2.6164135017395016,-0.44048312884718177
1789483556621173800,21.530173828125,3.371619290345907,2.7139783884346484,-0.3107623047608882
1789483556631223000,21.54022314453125,3.3449867194861174,2.9409961689949036,-0.27095314920283853
1789483556641272800,21.55027294921875,3.1620553334116934,3.1870915749907494,-0.27996508850231766
1789483556651323000,21.560322998046875,2.8969506910413503,3.4653298397004604,-0.2141653132498264
1789483556661373000,21.570373046875,2.6267911033689972,3.6475837649047373,-0.11445267393626272
1789483556671422000,21.580421875,2.1071645874410865,3.6490327946692704,0.11520517280399799
1789483556681471700,21.5904716796875,2.0158821420162916,3.354615548574924,0.46696474692896006
1789483556691521800,21.600521728515623,2.471746087607741,3.2117209893345833,0.9616996904455125
1789483556701571800,21.61057177734375,2.488710666412115,3.3813188465833663,1.2092923492617904
1789483556711620900,21.620620849609374,2.389918868270516,3.671409461650252,1.1622639830399304
1789483556721671000,21.6306708984375,2.156958253657818,4.045778780859709,1.054512341112271
1789483556731721000,21.640720947265624,1.4406874681234358,4.3167029231637715,0.8132295230299234
1789483556741771000,21.65077099609375,0.7258943539261817,4.250480100193619,0.6770505357801914
1789483556751819800,21.66081982421875,0.30692952166497706,4.088865642914175,0.8312647998057305
1789483556761869800,21.670869873046875,0.24877719242572782,4.068611374914646,1.01501809672229
1789483556771920000,21.680919921875,0.0073678984194993965,4.139624939292669,0.7702672372031957
1789483556781969700,21.6909697265625,-0.5948012916386127,4.129825429812073,-0.10671298306230455
1789483556792019000,21.70101904296875,-1.296304131630063,3.9021845489174125,-1.2354419589102268
1789483556802069000,21.711069091796876,-2.320035184705257,3.28132877856791,-2.0772484648659826
1789483556812119000,21.721119140625,-3.720949445366859,1.966887517222762,-2.4891987421900033
1789483556822168800,21.7311689453125,-3.650987435868382,-0.698228348365426,-3.604411270393431
1789483556832219000,21.741218994140624,-2.456908583959937,-3.8852445200324057,-5.127734643888473
1789483556842268000,21.751267822265625,-3.3098370801717043,-6.927287572619319,-4.386023419888318
1789483556852317700,21.761317626953126,-2.7830075009971855,-10.668997481942176,-0.4056445282433182
1789483556862367700,21.77136767578125,-0.8047545401513576,-13.960354902571439,2.31860339833647
1789483556872418000,21.78141796875,-0.30612171241343017,-11.609455793046951,1.3804853667475283
1789483556882466800,21.791466796875,-0.6387590913087129,-4.692323119217157,0.25150599633511156
1789483556892516900,21.801516845703127,0.02007774238884449,0.01364800160229206,-0.34403299846090374
1789483556902567000,21.81156689453125,0.5589888045012951,2.580383572459221,-0.24105492761060593
1789483556912617000,21.821616943359373,1.0082640193521977,3.6178029591470953,-0.008002104669809341
1789483556922665700,21.831665771484374,1.8427818296045064,3.3436855737596747,-0.08319700985308737
1789483556932715800,21.8417158203125,2.4791847131758926,2.4603742142438887,-0.024805245834775266
1789483556942765800,21.851765869140625,2.681432794138789,1.188241816318035,0.11925021041110158
1789483556952815900,21.86181591796875,2.4226614464432,-0.4218810119688511,0.37482860728427764
1789483556962865000,21.871864990234375,1.898507223957777,-2.104065452381968,0.2348749603340402
1789483556972915000,21.8819150390625,1.4544368842735886,-3.2514357446074484,-0.251508590150997
1789483556982965000,21.891965087890625,1.0571297570690512,-3.633680327236652,-0.6614912206638603
1789483556993014800,21.902014892578126,0.61713967243582,-3.6003315998643632,-0.9603375352468341
1789483557003063800,21.912063720703124,0.3201385473281145,-3.0048931793659923,-0.9676408439975231
1789483557013113900,21.92211376953125,0.47833647416234015,-1.8954232864677905,-0.8224917107634245
1789483557023164000,21.932163818359374,0.7573541988119482,-0.6493909599602222,-0.766502550907433
1789483557033214000,21.9422138671875,0.8703387729570269,0.5558844087451696,-0.6314183731570839
1789483557043264000,21.952263916015625,0.8754571388840675,1.459445360085368,-0.4917625035770237
1789483557053312800,21.962312744140625,0.7289654319345951,2.058602508845925,-0.19668788955248892
1789483557063362800,21.97236279296875,0.6566869621872902,2.2404040141075847,0.2601852330815047
1789483557073412900,21.982412841796876,1.084920558053255,2.035845902636647,0.6079496731556951
1789483557083463000,21.992462890625,1.639284333102405,1.5758990716457366,0.9298469007194041
1789483557093512000,22.002511962890626,2.021155698505044,0.9608727381020784,1.2967308326095341
1789483557103562000,22.01256201171875,2.239735905587673,-0.1022381392031908,1.6266352794095873
1789483557113612000,22.022612060546876,2.3718799382328988,-1.12566173376441,2.208532665811479
1789483557123662000,22.032662109375,2.1816703778490423,-2.506234048143029,3.6529917614281175
1789483557133710800,22.0427109375,2.0308852114893496,-2.464189388617873,3.6164082899183034
1789483557143761000,22.052760986328124,1.3036580015242099,-2.5411685834020377,3.9510593467235564
1789483557153811000,22.06281103515625,0.35322277854532,-2.02496736574769,3.1418072028920054
1789483557163860700,22.07286083984375,-0.6544914979696274,-1.0969587863713501,2.145318084746599
1789483557173910000,22.082909912109375,-1.4473440034031868,-0.36741058611273764,1.0529179845929144
1789483557183960000,22.0929599609375,-1.7674504020273685,0.13145020516216754,0.4388254247680306
1789483557194009900,22.103009765625,-1.5932698931634426,0.5943482871741056,-0.10673577941600233
1789483557204060000,22.113059814453123,-1.1196163161203265,1.0021323847293853,-0.6524248477634043
1789483557214110000,22.12310986328125,-0.7289081487894058,1.3345090668618678,-0.986517174707353
1789483557224159000,22.133158935546874,-0.5555095840834081,1.5801777718782424,-0.9568583148289471
1789483557234208800,22.143208740234375,-0.24391272819451987,1.168829259839654,-0.9383432186469435
1789483557244258800,22.1532587890625,-0.11224683445505797,1.032144661155343,-0.627681305520609
1789483557254308900,22.163308837890625,-0.3945511064946651,0.7794482494592666,-0.2740813642259687
1789483557264358000,22.17335791015625,-0.41575069252029057,0.4033417311936617,0.3016374248725362
1789483557274408000,22.183407958984375,-0.33729835644364353,0.17949790449440478,0.9837174609862267
1789483557284458000,22.1934580078125,-0.25047588610239324,-0.05099310513436794,1.380229492290318
1789483557294508000,22.203508056640626,-0.24554244828820226,-0.061462476700544354,1.5895152168050408
1789483557304556800,22.213556884765627,-0.29066987625956536,-0.0879080005556345,1.70771591816321
1789483557314606800,22.22360693359375,-0.23847440959811209,-0.03232230693399906,1.952448657503724
1789483557324657000,22.233656982421873,-0.30743042039182034,0.15011574266552924,1.9328671741992234
1789483557334706700,22.243706787109375,-0.5944447332859039,0.428628732663393,1.3945591925464569
1789483557344756000,22.253755859375,-0.6990858419775963,0.7557388725697993,0.7135645953156053
1789483557354806000,22.263805908203125,-0.6639280193567275,0.9178928435534238,0.09687982704043388
1789483557364856000,22.27385595703125,-0.5244283632516861,1.0410749865859745,-0.5427593350384384
1789483557374905900,22.28390576171875,-0.21330138989686964,1.1125701970010995,-1.536343306326866
1789483557384955000,22.293954833984376,-0.9753256263464689,1.2357879958689213,-2.6064754605710503
1789483557395005000,22.3040048828125,-1.7466472679734228,1.428559223434329,-2.9487381614238024
1789483557405054700,22.3140546875,-1.6712410215944051,1.506792217671871,-2.7570222881302238
1789483557415104800,22.324104736328124,-1.8521119680076836,1.4451497082293032,-2.33822769786939
1789483557425154000,22.334154052734377,-2.1134330001860855,1.1626304051995278,-1.3821812108799814
1789483557435203800,22.344203857421874,-1.9245172790050507,0.6526660361081361,-0.20591113351508974
1789483557445254000,22.35425390625,-1.9766636458277702,0.19503332727849482,1.1108873584806918
1789483557455304000,22.364303955078125,-1.6727251226723192,-0.13513152402341366,2.14296713770628
1789483557465354000,22.37435400390625,-1.3880208768188953,-0.43160278003811836,2.6183237192749975
1789483557475402800,22.38440283203125,-1.532687706428766,-0.6570166325330734,2.6893413753062485
1789483557485452800,22.394452880859376,-1.8631302056282757,-0.7054729126662016,2.2986790929436682
1789483557495502800,22.4045029296875,-2.390070843961835,-0.6482885516762733,1.4564356568753718
1789483557505553000,22.414552978515626,-2.669043852686882,-0.685149086561799,0.6750928258411586
1789483557515602000,22.424601806640624,-2.6022254019111393,-0.9118979870527982,-0.05112542627714574
1789483557525652000,22.43465185546875,-2.1968967346839605,-1.265423255676031,-0.5572611039258539
1789483557535702000,22.444701904296874,-1.7411258742034434,-1.7327052518606185,-0.7371501266296953
1789483557545751800,22.454751708984375,-1.2747364429444075,-2.30259188247323,-0.7976393013186752
1789483557555800800,22.46480078125,-0.8180190953940153,-2.836455598068237,-0.8555641784776001
1789483557565851000,22.474850830078125,-0.38310499885082244,-3.165774646195769,-1.0281993575956672
1789483557575900700,22.484900634765626,0.05380399783663451,-3.3813761297285554,-1.095861492653936
1789483557585951000,22.494950927734376,0.5184814375460147,-3.6909576272070406,-0.7813817748051136
1789483557596000000,22.505,1.0903577076058835,-4.1816918106496335,0.13250680154301225
1789483557606049800,22.5150498046875,1.6919494631022214,-4.78758323610127,1.498560395899415
1789483557616100000,22.52510009765625,2.4489729686550796,-4.993799051651358,2.638902981445193
1789483557626150100,22.535150146484376,2.828744585299492,-4.54455364741683,2.225018375057727
1789483557636199200,22.54519921875,2.129710181248188,-3.933109264013171,0.688927070730552
1789483557646249000,22.5552490234375,0.9119850808143615,-3.283932239064574,-0.24913586967028675
1789483557656299000,22.565299072265624,0.10494082229062915,-2.477589552938938,-0.3634098260387778
1789483557666349000,22.57534912109375,-0.5661410143435001,-2.133447614210844,-0.655186932887882
1789483557676398000,22.585398193359374,-1.242125966718793,-1.7209031703859567,-0.9396356696102768
1789483557686448000,22.5954482421875,-1.959195063024014,-1.0630056633651257,-0.9751463242568075
1789483557696498200,22.605498291015625,-2.490534959229827,-0.43571547605395317,-0.7299630646698176
1789483557706548200,22.61554833984375,-2.6624188815891743,-0.00684182871878147,-0.48788010918572544
1789483557716597000,22.625596923828127,-2.5904993082821366,0.08024141145050526,-0.30937596496902403
1789483557726647000,22.63564697265625,-2.500491705098748,-0.01305938805937767,-0.09896810455657541
1789483557736697000,22.645697021484374,-2.5171879883557557,-0.2489431966423988,-0.04500022139512002
1789483557746747100,22.6557470703125,-2.5081974571704864,-0.36764497939050195,-0.015531148467771708
1789483557756797200,22.665797119140624,-2.6107465620189902,-0.515771009543538,-0.36592104167472567
1789483557766846200,22.67584619140625,-3.0047189918428656,-0.6253232711523771,-0.6911417511053383
1789483557776896300,22.685896240234374,-3.529557689461112,-0.585429067659378,-0.8753390654623507
1789483557786946000,22.695946044921875,-4.275390669566392,-0.512218285498023,-0.8336021567121148
1789483557796996000,22.70599609375,-4.8950505081295965,-0.5751911667615175,-0.6701035661865026
1789483557807045000,22.716045166015626,-4.407338302856683,-1.19867670109272,-0.6857937411408871
1789483557817095200,22.72609521484375,-2.701101371204853,-2.1039830347955224,-0.7568153426948935
1789483557827145200,22.736145263671876,-0.9602056524954735,-2.8143074791461227,-0.3279965673521161
1789483557837195300,22.7461953125,1.363537592947483,-3.0589445030272007,0.7242609075054526
1789483557847244000,22.756244140625,4.004004170447588,-2.875520364999771,1.2478228631861508
1789483557857294000,22.766294189453124,5.282137270092964,-2.0134055227696894,1.6778803134784102
1789483557867344100,22.77634423828125,6.296486162316799,-0.7816869682967662,1.9130678103603422
1789483557877394200,22.786394287109374,6.290670169514417,-0.2796212435007095,1.059020977643132
1789483557887443000,22.79644287109375,4.278753716258705,0.36233868967592714,0.7729902324263006
1789483557897493200,22.8064931640625,1.3205632513567804,0.26021336319744587,-0.19146445581577717
1789483557907543300,22.816543212890625,0.2680485868677497,-0.8626239607959986,-1.6439324511691926
1789483557917593300,22.82659326171875,1.2014683776378632,-1.6879887427777052,-1.700541496489197
1789483557927642000,22.83664208984375,1.2320204600289464,-2.381860064977407,-0.41958614249732346
1789483557937692200,22.846692138671877,0.856936562809348,-3.0001912852853536,0.6098513055259361
1789483557947742200,22.8567421875,0.5887988363534212,-3.2649656727880236,1.1312708788830785
1789483557957792000,22.8667919921875,0.5248533106654882,-3.5120214482486247,1.0783333616826682
1789483557967841000,22.876841064453124,0.7759288431614637,-3.3832378319472074,0.7816020664922892
1789483557977891300,22.886891357421874,1.4571452664494513,-2.6048808848559855,0.4108119940090924
1789483557987941000,22.896941162109375,2.4322452673465014,-1.6062018554508686,0.2992567220147699
1789483557997991200,22.9069912109375,2.7411908050090075,-0.6161977154105901,0.3055377750456333
1789483558008040200,22.917040283203125,2.703868497830629,0.10872983931005001,-0.03140796856805682
1789483558018090200,22.92709033203125,2.964070755112171,0.6768669959068297,-0.35459677031226455
1789483558028140000,22.93714013671875,3.187138336741924,1.3910510382950305,-0.6389736839074641
1789483558038190000,22.947190185546877,3.4762165598958727,1.6632131979614495,-0.7163507919680326
1789483558048239000,22.957239013671874,3.59429582683146,1.9572709630936382,-0.6121203099038451
1789483558058289200,22.9672890625,3.6610470575898884,2.5112913315325973,-0.22522892438210546
1789483558068339200,22.977339111328124,3.8693560460269447,2.5260323890686034,0.1323936234921217
1789483558078389200,22.98738916015625,3.8122096789598463,2.1243752499610182,0.3311004516515881
1789483558088438000,22.99743798828125,3.549135665634274,2.0790572678536177,0.5115929932065307
1789483558098488000,23.007488037109376,3.641618134498596,2.1445079374074933,0.304488265992701
1789483558108538000,23.0175380859375,3.1057430790811775,2.3646499869793653,0.057322162025421855
1789483558118588200,23.027588134765626,2.9319337416172027,2.5720062047362324,-0.004536620516330004
1789483558128637200,23.03763720703125,3.2921973785847425,2.8606086270719766,0.08173077322542667
1789483558138687200,23.047687255859376,3.83866747777462,3.315948841050267,0.1794284925200045
1789483558148737300,23.0577373046875,4.013813616800308,3.68407663552165,0.11076777487844228
1789483558158787300,23.067787353515627,3.9165351458311077,4.093914158475399,-0.2002151138305664
1789483558168836000,23.077836181640624,3.9656045894265173,4.488151961237192,-0.2380564764469862
1789483558178886100,23.08788623046875,3.9089585730969905,4.692886013796925,0.09299451003968714
1789483558188936200,23.097936279296874,3.3462954639971256,4.789707388648391,0.12872063406780362
1789483558198986000,23.107986083984375,2.137402489316463,4.554427975699305,-0.3047289428807795
1789483558209036000,23.1180361328125,0.6886211465865373,4.062836883166432,-0.3895623582966625
1789483558219085300,23.128085205078126,0.045260698962211604,3.538528346902132,0.3341417921088636
1789483558229135000,23.138135009765627,0.10018062215149402,3.325294177022576,1.0760706043824553
1789483558239185200,23.14818505859375,0.08541209208667278,3.4235675042480227,1.1325550004094838
1789483558249234200,23.158234130859373,-0.9106658149093388,3.3979397265166043,0.4150656328655779
1789483558259284000,23.168283935546874,-4.943222710624337,2.49923790564537,-1.2178427354641257
1789483558269334000,23.178333984375,-10.833265668600797,-0.3382008582413196,-3.6653345256507395
1789483558279384000,23.188384033203125,-6.996687856581807,-4.163694966188073,-7.4872460989356036
1789483558289433300,23.198433349609374,1.208167583015561,-3.535120584285259,-7.121435349234938
1789483558299483100,23.208483154296875,1.8378320982426404,-1.6996914555311202,-5.33259203056693
1789483558309533200,23.218533203125,1.221237492468953,-2.2552537927150724,0.19653087235987185
1789483558319583200,23.228583251953125,1.2906985667079687,-6.011763211762905,7.256560443517565
1789483558329633300,23.23863330078125,3.7202345750957724,-7.507533684682846,4.792883972857892
1789483558339682000,23.24868212890625,-0.7529062794923782,-3.847378607496619,0.0968948054138571
1789483558349732000,23.258732177734377,-3.9308722987413405,-0.3004869213968515,-1.0721326073464006
1789483558359782100,23.2687822265625,-1.6856471480876207,1.137586564835906,0.8312950488135218
1789483558369832000,23.27883203125,0.6499550235837698,0.8607757025808095,1.9718752425074577
1789483558379881200,23.288881103515624,1.1999275779366492,0.20560791278481483,1.2459794272765516
1789483558389931300,23.29893115234375,0.6276227802664042,-1.0155325490504503,0.18067768886350094
1789483558399981000,23.30898095703125,0.7667740613251924,-2.6341648470073937,-0.363192603091523
1789483558410030000,23.319030029296876,0.4180342734128237,-3.6627854256898162,-0.6773707076452672
1789483558420080000,23.329080078125,-0.4479360752016306,-3.750782858094573,-1.1412891456808893
1789483558430130200,23.339130126953126,-0.5969283667951822,-3.119942284825444,-1.1805632445141672
1789483558440180000,23.349179931640624,0.6161708274036646,-2.3306536093533037,-0.9336055226005613
1789483558450229200,23.359229248046876,1.4787988798528908,-1.542775969722867,-0.6366130191907287
1789483558460279300,23.369279296875,1.5893758083343505,-0.9600158290117978,-0.353289998562634
1789483558470329000,23.3793291015625,1.6131290243655443,-0.6350748498380184,-0.034290246006101366
1789483558480379100,23.389379150390624,1.7504472447782753,-0.2743132002204656,0.35965237320140003
1789483558490428200,23.39942822265625,1.5018021542996167,0.12282090850472449,0.9288706030331552
1789483558500478000,23.40947802734375,1.0692577094972133,0.4885545013159513,1.5147770789459347
1789483558510528000,23.419528076171876,0.9985220852777361,0.6653676967710256,1.7456243546664714
1789483558520578000,23.429578125,1.208781330999732,0.7014040557920932,1.712250785113871
1789483558530627300,23.43962744140625,1.2125555888414383,0.5613935275554657,1.58853760394454
1789483558540677000,23.449677001953123,1.1122270826518534,0.30894261505305765,1.2791311707720159
1789483558550727200,23.45972705078125,0.7182423778682947,-0.2549088270485401,1.031007546884194
1789483558560777200,23.469777099609374,0.4102297371417284,-0.7769348053336143,0.7822059506695717
1789483558570826000,23.479825927734375,0.45146074219644067,-1.037773022431135,0.5693038622885942
1789483558580876000,23.4898759765625,0.48133273336887356,-1.0972399414002896,0.5551009302172809
1789483558590926000,23.499926025390625,0.36044425423145293,-1.0210703094333409,0.600830342669785
1789483558600976100,23.50997607421875,0.19034575398415327,-0.8969161064982414,0.9484922722175717
1789483558611025200,23.520025146484375,0.1706874060511589,-1.0036328524202107,1.322443950536847
1789483558621075200,23.5300751953125,0.1853530602633953,-0.9425357019007206,1.3237614628762007
1789483558631125200,23.540125244140626,0.06737286978811025,-0.43846389797925944,1.1085600845769048
1789483558641175300,23.55017529296875,-0.3489014082148671,0.18009703943133354,1.0621474391005932
1789483558651224000,23.56022412109375,-0.6581894757047295,0.661204147350788,0.9286752996567637
1789483558661274000,23.570274169921873,-0.9080136929653584,1.086233394217491,0.57716334361732
1789483558671324200,23.58032421875,-1.032757386226207,1.3392822726130484,0.4105700750119984
1789483558681374200,23.590374267578124,-0.8402904023043811,1.4740081384450197,0.29443047090210017
1789483558691423200,23.60042333984375,-0.5891920734547078,1.5535311724931,0.21186624252721667
1789483558701473300,23.610473388671874,-0.4794048340462148,1.5655822602927685,0.33610352063588794
1789483558711523300,23.6205234375,-0.451561718352884,1.3258897070765494,0.4187438464542851
1789483558721572000,23.630572021484376,-0.40946445185765623,0.9417921900570392,0.3174145291917026
1789483558731622100,23.6406220703125,-0.3697695703290403,0.39096857183277606,0.2836060205542482
1789483558741672200,23.650672119140626,-0.4235958530627191,0.03833528361320496,0.458993585386686
1789483558751722200,23.66072216796875,-0.43107773325070736,-0.0010667524486780166,0.6960801573555916
1789483558761771300,23.670771240234377,-0.29992621877416964,0.19540566772222517,0.9682344990417361
1789483558771821300,23.6808212890625,-0.15642843294367192,0.32140929791629314,1.1542350634284317
1789483558781871400,23.690871337890623,-0.15963402405194937,0.26560207049846646,1.1803720327910034
1789483558791921200,23.700921142578125,-0.19666355882883071,0.39323242511153217,1.0192984043899922
1789483558801970200,23.71097021484375,-0.04952186353802681,0.4592068262785673,0.5861522673673928
1789483558812020200,23.721020263671875,0.07791216478534042,0.550448939692974,0.13362370414319447
1789483558822070000,23.731070068359376,-0.09676051150970161,0.6562059006720781,-0.15348996833898126
1789483558832120000,23.7411201171875,-0.38038923708610234,0.6952437795966864,-0.411319906998612
1789483558842169300,23.75116943359375,-0.580673397564888,0.7917822458535433,-0.5597028345221653
1789483558852219100,23.76121923828125,-0.8251415676850825,0.852787041914463,-0.6087922614596784
1789483558862269200,23.771269287109376,-0.8327788576304912,0.9512292959660291,-0.6285001476228237
1789483558872318200,23.781318115234374,-0.6756827545583248,1.0077426258265971,-0.60237362658903
1789483558882368300,23.7913681640625,-0.5492962625265121,1.002812183687091,-0.6170083742063492
1789483558892418000,23.80141796875,-0.5279284072618932,0.8072422653138637,-0.6781498753242194
1789483558902468000,23.811468017578125,-0.37830256700515746,0.47144320751726626,-0.4900301998917013
1789483558912517400,23.821517333984374,-0.28735439503602683,0.2539332600146532,-0.06197232591882348
1789483558922567200,23.831567138671875,-0.36954409101009367,0.1367103176474571,0.4786562441686168
1789483558932617200,23.8416171875,-0.42264790468811986,0.3695861765861511,0.9230782833673059
1789483558942667300,23.851667236328126,-0.4327040192782879,0.6372229677826166,1.2338472370646894
1789483558952716000,23.861716064453127,-0.8016986597120761,0.6492617806226014,1.535728097037971
1789483558962766000,23.87176611328125,-1.2618752078056334,0.8412257834583521,1.388768334185332
1789483558972816100,23.881816162109374,-1.623859092694521,1.0350789610415696,1.0098263002328574
1789483558982866200,23.8918662109375,-1.9096832824885843,1.0700210950851439,0.4872932857410982
1789483558992915200,23.901915283203124,-1.9686381602823733,0.9885252996593713,0.025997341696172953
1789483559002965200,23.91196533203125,-1.9484300695121288,0.5982914718419313,-0.42171939166635275
1789483559013015300,23.922015380859374,-1.8296856166660784,0.24917291374504566,-0.8535899557951837
1789483559023064000,23.93206396484375,-1.8010855451256036,0.11396247926652431,-1.263170216052234
1789483559033114000,23.942114013671876,-1.9519529829412698,0.27097090405523777,-1.6197906742118298
1789483559043164200,23.9521640625,-2.0768921987742184,0.6499047547012567,-1.9765847353726624
1789483559053214200,23.962214111328127,-2.1053823801994325,1.43808751475811,-2.1285823462620375
1789483559063263200,23.97226318359375,-2.102982333320379,1.931044050425291,-1.9535968046255408
1789483559073313300,23.982313232421873,-2.032220113354921,1.2828203806787728,-1.3631610147200524
1789483559083363300,23.99236328125,-1.466745453965664,-0.21925825247466563,-0.3534877496244386
1789483559093413000,24.0024130859375,-0.1983002383862622,-2.0220313122957942,0.7748813068699091
1789483559103462100,24.012462158203125,1.3444319104611873,-3.825103647324443,1.7182983947150408
1789483559113512200,24.02251220703125,2.8282582630872724,-4.996725168231129,2.98563259857893
1789483559123562200,24.032562255859375,4.202234247940779,-4.213547084593773,4.259043930399417
1789483559133611300,24.042611328125,4.949101247268915,-2.592763161560893,5.14603660877645
1789483559143661300,24.052661376953125,4.903646487039327,-1.3237638009637593,5.26170296935141
1789483559153711400,24.06271142578125,3.7067537467539307,-0.9890379253566265,3.799211081176996
1789483559163761200,24.07276123046875,2.207836207979917,-1.1759621804594993,1.2666516284272074
1789483559173810200,24.08281005859375,1.7746074341751634,-1.0823211892098188,-0.9619894671723246
1789483559183860200,24.092860107421874,0.8403285423576832,-0.6187099904924631,-1.971113318224251
1789483559193910000,24.102909912109375,-1.240745910537243,-0.5111714067935943,-3.3884202030211683
1789483559203960000,24.1129599609375,-1.297079792177677,-0.5061112007945776,-3.360673241178691
1789483559214009300,24.12300927734375,-1.553492009526491,-0.6382435430020094,-3.9324917166367173
1789483559224059100,24.13305908203125,-1.1883505373895167,-0.6180284379690886,-4.1232919363901015
1789483559234109200,24.143109130859376,-0.5088274740159511,-0.27424598020315166,-3.9740123522877693
1789483559244158200,24.153158203125,-0.07010751891639083,0.25491993296444415,-3.6366593430474397
1789483559254208300,24.163208251953126,0.4228349882254377,0.8304220653712749,-3.3029549194425343
1789483559264258000,24.173258056640623,1.2079518944382668,1.3737398380100727,-2.9735011390194295
1789483559274308000,24.18330810546875,2.021655464720726,1.3888175801545382,-2.7108763307660815
1789483559284357400,24.193357421875,2.491922029674053,0.7809189065337181,-2.774688877724111
1789483559294407200,24.2034072265625,2.5350796188771723,0.028373861569166183,-2.7904674616143104
1789483559304457200,24.213457275390624,2.4127263278841973,-0.5445347472131252,-2.320280830029398
1789483559314507300,24.22350732421875,1.9966578015863894,-0.552375523841381,-1.3474987506859004
1789483559324556000,24.23355615234375,1.6134008270442486,-0.461301752731204,-0.601415376016125
1789483559334606000,24.243606201171875,1.3739654634594916,-0.40127719987928867,-0.24757895908448843
1789483559344656100,24.25365625,1.186383182839304,-0.29844343287050723,-0.10184878369257785
1789483559354705400,24.263705322265626,0.8675498728908598,-0.011887421670556068,-0.04768656526911072
1789483559364755200,24.273755126953127,0.5489817166846245,0.5076128375291824,-0.036980297940829764
1789483559374805200,24.28380517578125,0.3846528858799487,0.8973170885145664,0.0947366409992799
1789483559384855300,24.293855224609374,0.3756687844354659,1.1616250275492668,0.47463707165513186
1789483559394904000,24.303904052734374,0.6204232241511345,1.3707821572482586,0.9952272815160452
1789483559404954000,24.3139541015625,1.142252803081274,1.4579899005800485,1.412973970159143
1789483559415004200,24.324004150390625,1.8688988521575927,1.363780169531703,1.607401878890395
1789483559425053200,24.33405322265625,2.4844904183685776,1.2492191398501395,1.4929714898511766
1789483559435103200,24.344103271484375,2.596412331718206,1.1743757880508898,1.1225508352022617
1789483559445153300,24.3541533203125,2.109282310247421,1.0334545747101307,0.6331823140896856
1789483559455203300,24.364203369140625,1.327673667883873,0.6888046864598989,0.03265171470158966
1789483559465252000,24.374252197265626,0.5417768998723477,0.20908347994089124,-0.4818983678949997
1789483559475302100,24.38430224609375,0.14748656320571898,-0.21524083352684972,-0.7245708502374589
1789483559485352200,24.394352294921877,1.0508499461472034,-0.5704080241382121,-0.43071569500528273
1789483559495402200,24.40440234375,-1.9552537780523298,-0.04659983861148357,-1.1167654567338525
1789483559505451300,24.414451171875,-3.6033541625559327,-0.050849897271394724,-1.3806257981315255
1789483559515501300,24.424501220703124,-3.6953836269557474,0.3123743430674076,-1.519123875978589
1789483559525551400,24.43455126953125,-2.5622259844779967,0.721199474108219,-1.0627690050650387
1789483559535600000,24.44460009765625,-0.9340987129449844,0.37498189814984795,-0.23163802423942834
1789483559545650200,24.454650146484376,0.6594587649881839,-0.18253741832077502,0.6803388367358595
1789483559555700200,24.4647001953125,1.8531249444425104,-0.6021387949198485,1.4947206716060637
1789483559565750000,24.47475,2.63626035798192,-0.8586176477640867,2.013952342997491
1789483559575799300,24.48479931640625,3.095684041881561,-0.7143202359884977,2.2869721424065528
1789483559585849300,24.494849365234376,3.0343747099161145,-0.18078385265171526,2.210725061289221
1789483559595899100,24.504899169921874,2.474607322257757,0.23619711231589316,1.659461736473441
1789483559605948200,24.5149482421875,1.9162088848650454,0.2484258947700262,1.0067783108390866
1789483559615998000,24.524998046875,1.4708710094630717,-0.08906184676587581,0.6238312059637159
1789483559626048000,24.535048095703125,0.9295394422054291,-0.04203296908736229,0.4958713271353393
1789483559636097800,24.545097900390626,0.47533674435708667,0.15429975035190582,0.33779067000523205
1789483559646147000,24.55514697265625,0.16768763971328735,-0.03993395098149776,-0.21377459689918904
1789483559656197000,24.565197021484376,-0.45738604059219357,-0.2716875278919935,-0.9783811414595692
1789483559666247200,24.5752470703125,-1.26691729362607,-0.33497663549780843,-1.7441157036691903
1789483559676296000,24.5852958984375,-1.420420340642333,-0.4644499876290559,-2.4713576728120445
1789483559686346000,24.595345947265624,-0.8402344343334436,-0.47103404219448564,-2.632164613100886
1789483559696396000,24.60539599609375,-0.02607026080191135,-0.32671441858708855,-2.282595973148942
1789483559706445800,24.61544580078125,0.6569786386102437,0.13341945940852165,-1.511376622852683
1789483559716495000,24.6254951171875,1.1429524757832288,0.5358177722722292,-0.7966738172873854
1789483559726545200,24.635545166015625,1.1917156299084424,0.33535189855098724,-0.461833046596311
1789483559736595000,24.645594970703126,0.9753905082762241,0.36342297778129573,-0.03734693016298115
1789483559746644000,24.65564404296875,0.8364075695216655,0.6072036770939827,0.3962000062128529
1789483559756694000,24.665694091796876,0.7120154661774635,0.1773667376846075,0.43419696124978363
1789483559766743800,24.675743896484374,0.5203688587278127,-0.454962612837553,0.21331698932480067
1789483559776793900,24.6857939453125,0.15872403306756167,-0.5286217232882976,0.3047330710666254
1789483559786843100,24.695843017578124,-0.20456567372288553,-0.3354243792653084,0.4953330555401742
1789483559796893200,24.70589306640625,-0.5894084561517462,-0.0441676430284977,0.5888849802669137
1789483559806943000,24.71594287109375,-0.8435106064599007,0.1271475395321846,0.48572530577201395
1789483559816992000,24.725991943359375,-1.2996867598056792,0.14319500349164008,0.14467238256782292
1789483559827042000,24.7360419921875,-0.6560480797618627,-1.2768892370641232,-0.7977680422648787
1789483559837091800,24.746091796875,0.2756131769031286,-3.6623856127172707,-2.524812784145772
1789483559847142000,24.756141845703127,0.7442302210837602,-9.477987369954585,-5.735943114110827
1789483559857191200,24.766191162109376,0.05697042597830295,-12.8156517837286,-7.11080055797398
1789483559867241000,24.776240966796873,-1.3661287784844636,-6.695662006002665,-3.1008906706139445
1789483559877291000,24.786291015625,-1.9731132598698138,-0.6146317812681198,0.40312436211593444
1789483559887340000,24.796340087890623,-1.9748031126528978,2.4556693975538013,1.891973730535805
1789483559897390000,24.80639013671875,-1.9496721785277127,5.27270717844665,3.481656120601296
1789483559907439900,24.81643994140625,-1.9942875653237104,7.592020478618145,3.9622719378724693
1789483559917490000,24.826489990234375,-2.4589193392604587,7.259391283029317,4.272375413398445
1789483559927539200,24.836539306640624,-2.4846271964907647,6.6155497738897795,4.872454353179037
1789483559937589000,24.846589111328125,-1.5952385628879069,6.2536296018868684,4.97587351886034
1789483559947639000,24.85663916015625,-0.9609451457511633,4.5877615055024625,3.7766362612754105
1789483559957688000,24.86668798828125,-0.7734083847731351,2.2732073825567958,1.6022852665290235
1789483559967737900,24.87673779296875,-0.850526695767045,1.0900585054636,0.04684811428412795
1789483559977788000,24.886787841796874,-0.7929097885787486,0.14346563712656496,-0.2857375344239175
1789483559987837200,24.896837158203127,-0.26949907793700695,-1.4977777210891245,-0.5203638172265141
1789483559997887000,24.906886962890624,1.3972235894501208,-2.814739440822601,-0.4136065200984478
1789483560007937000,24.91693701171875,3.8101580071270464,-4.699308155798912,-0.22042846529781818
1789483560017987000,24.926987060546875,5.449906742870807,-5.5444782929688685,-0.1911770171765238
1789483560028036000,24.9370361328125,4.529449601787328,-4.474716141080856,0.5221458783376962
1789483560038086000,24.9470859375,2.346162144130468,-2.74042098968029,0.9447118038307875
1789483560048136000,24.957135986328126,1.8507647911824285,-0.24255846404135226,0.48251463662981986
1789483560058185200,24.967185302734375,2.2734581424474714,4.369706199076772,0.6396596934102475
1789483560068235000,24.977235107421876,1.1491361328542231,4.033941043549776,-0.6904965850695968
1789483560078285000,24.98728515625,-1.8698142134368418,-3.390627357676625,-3.834383224584162
1789483560088335000,24.997335205078127,-1.6347311998426912,-2.1627029347896576,-3.0453952856242656
1789483560098384000,25.0073837890625,-1.1051181274294852,-0.8899217175662517,-1.4846519897952675
1789483560108434000,25.017433837890625,0.033889483185485,-1.35908587423563,1.2920213397443294
1789483560118484000,25.02748388671875,1.726760664242506,-0.1882423519641161,2.6817288544759155
1789483560128533200,25.037533203125,3.0527286972522734,0.7442886732727289,3.954036608968675
1789483560138583000,25.0475830078125,2.9517268218457695,0.5937485677152872,3.151581870192289
1789483560148633000,25.057633056640626,1.0041350297886877,1.6248860976547002,1.3899356243990362
1789483560158682000,25.06768212890625,-2.2927998256467284,2.406376082074642,0.8601274678051472
1789483560168732000,25.07773193359375,-2.3361514761172235,3.291944865128398,2.18595521556139
1789483560178782000,25.087781982421873,-0.93683442151919,3.5194998213052746,1.9915427966602146
1789483560188832000,25.09783203125,0.03444938209056854,1.2878846783310174,-0.36085305422805247
1789483560198881000,25.107881103515624,-0.884130274683237,-2.8825825584709643,-2.8918641815572976
1789483560208931000,25.11793115234375,-0.526049973104149,-4.8938814643502235,-3.8875419833198186
1789483560218981000,25.127981201171874,-0.45778819165229795,-4.447158856591582,-3.705115916419029
1789483560229030100,25.138030029296875,-1.6230676500558852,-1.9585142411530017,-3.4682264379248022
1789483560239080000,25.148079833984376,-3.2181916466534135,-0.9078507574886083,-4.501440481877327
1789483560249130000,25.1581298828125,-3.7161470135211943,-0.6194014798879623,-4.241236471030116
1789483560259180000,25.168179931640626,-2.8137445845663547,0.3052238867908716,-2.947736290904879
1789483560269229000,25.17822900390625,-2.197656174749136,0.6697293991118669,-2.7981138847142457
1789483560279279000,25.188279052734377,-1.8448235645651816,0.8931342498719692,-2.89239112804085
1789483560289329200,25.1983291015625,-1.1506406191330403,0.7319114222586155,-2.949325898183882
1789483560299378000,25.2083779296875,-0.5794038160204887,-1.2212830851763485,-2.9737843398749826
1789483560309428000,25.218427978515624,1.0969979493379591,-3.1341157716065644,-1.4283599014699457
1789483560319478000,25.22847802734375,2.1887959919452666,-1.1511948189496994,2.1127394649639726
1789483560329526800,25.23852685546875,2.620571790462732,0.5380886398136615,5.273612602853775
1789483560339576800,25.248576904296876,3.1842975603580475,0.06561082855165004,6.960141794472932
1789483560349627100,25.258627197265625,3.747363989561796,-0.5798690954446792,7.911053695052861
1789483560359677200,25.26867724609375,3.0460663167536257,2.089742912518978,6.723749451845884
1789483560369726000,25.278725830078123,1.1705763957679272,7.1297817372977725,4.5919212555304165
1789483560379776000,25.28877587890625,-0.3484334253769368,3.473402086997032,4.355984547716379
1789483560389826000,25.298825927734374,0.05659582051225006,0.9312602746486663,2.190623938024789
1789483560399874800,25.308874755859375,0.09426233801841735,-0.5167541753619909,-0.41910709027610715
1789483560409924900,25.3189248046875,-0.6426012267548591,-1.431936590912938,-1.9860322165451942
1789483560419975200,25.32897509765625,-0.015011654638312756,-0.5766863737553358,-1.6908822722621262
1789483560430024000,25.33902392578125,-1.3800199411928653,-2.32284556595087,-1.0376401898317038
1789483560440074000,25.349073974609375,-3.056176207357645,-3.833553495761752,-0.6373049469776452
1789483560450124000,25.3591240234375,-2.0287153201043604,-1.8831518339157103,0.31147761342339214
1789483560460174000,25.369174072265626,-4.220380145484209,-3.7778321930617094,0.5302864416301251
1789483560470222800,25.379222900390626,-4.057114998388291,-3.4970676247447727,1.83195823777318
1789483560480273000,25.38927294921875,-0.32765959048271176,-1.4500000708699226,4.296919487546384
1789483560490323000,25.399322998046873,-0.37874680364131924,-3.006023644700646,4.852710665050148
1789483560500372000,25.4093720703125,0.49044433365054424,-3.8555519770801063,4.811151450954378
1789483560510422000,25.419422119140624,0.6693547205805778,-4.061507680389285,4.132272238442302
1789483560520472000,25.42947216796875,-0.13454411605689673,-4.958927060234546,2.728048414841294
1789483560530520800,25.439520751953125,-0.7313280694127082,-6.846690187337995,1.548513490461558
1789483560540571000,25.44957080078125,-0.587355651807785,-8.427496904769539,0.3378893080741167
1789483560550621000,25.459620849609376,0.3173100459039211,-8.924213085231184,-1.0120067130118608
1789483560560671000,25.4696708984375,1.4451017774343489,-8.81575446407795,-2.587734519743919
1789483560570720000,25.479719970703126,1.175218668615818,-8.097113442280888,-5.819051020908355
1789483560580770000,25.48977001953125,-1.0227893883109092,-7.420678992572427,-9.381600879389048
1789483560590820000,25.499820068359377,-1.5284066681087016,-5.605542710262537,-9.495746314007043
1789483560600868900,25.509868896484374,-1.2268635156571865,-1.0297808546334504,-5.812419035547971
1789483560610919000,25.5199189453125,0.4249088353574276,0.37009646419584746,-3.987598979091644
1789483560620969000,25.529968994140624,2.5008324813604355,-0.03662263447642326,-2.495987963938713
1789483560631018200,25.540018310546873,1.7977403263509273,0.7028986782640219,0.6472288134902715
1789483560641068000,25.550068115234374,1.7627789030849932,-0.1306201840788126,2.6670155617296696
1789483560651118000,25.5601181640625,2.5162334641098973,0.5245137034475803,0.8270721704214811
1789483560661167000,25.5701669921875,1.1595943985044956,0.2995943564713001,-1.001044004970789
1789483560671217200,25.580217041015626,1.7489584675252436,-0.5977449438750744,-3.8522248784840105
1789483560681267000,25.590266845703123,-1.7486323043107985,-3.6038188574582337,-5.2872985983788965
1789483560691317000,25.60031689453125,-4.612295058256388,-5.260639139512181,-3.6421985647350548
1789483560701366300,25.6103662109375,-2.5101567745447158,-4.7816100069105625,-2.4775603268444537
1789483560711416000,25.620416015625,0.033781862659123724,-2.11113056846261,-1.7318027500629425
1789483560721466000,25.630466064453124,-4.984244456842541,-2.2511083634734153,-3.064193509596586
1789483560731515100,25.64051513671875,-2.308002801606059,-4.372315504792333,-3.994934728807211
1789483560741565000,25.65056494140625,0.32904140022993084,-2.5198621760010718,-4.408915927436947
1789483560751615000,25.660614990234375,-2.476086162638664,0.2676420518934727,-2.42922621178627
1789483560761664300,25.670664306640624,-1.581165029349923,1.127677749761939,0.27286066332459447
1789483560771714300,25.68071435546875,-1.7499720284819602,2.459166592019796,4.040948876485229
1789483560781764000,25.69076416015625,-1.2795735077120363,1.8390864822179078,7.3847799961954355
1789483560791813000,25.700813232421876,3.317405469599366,2.1122399910092353,7.1420894302070135
1789483560801863200,25.71086328125,3.156266813138127,2.0109359177857637,7.508318113058805
1789483560811913000,25.720912841796874,-3.2081612510263917,2.9189743068009615,9.901099385023116
1789483560821963000,25.730962890625,-6.920831528347731,6.071127839401364,9.77581880840659
1789483560832012300,25.74101220703125,-8.132354267010092,6.65247577522695,8.790677305966614
1789483560842062000,25.75106201171875,-9.268988645687699,6.221299696168303,9.311979061630367
1789483560852112100,25.761112060546875,-8.810375693649053,7.227672202685475,9.310569194832444
1789483560862161200,25.7711611328125,-7.269781744140386,7.289494160348177,8.697823081180452
1789483560872211000,25.7812109375,-4.790747837612033,6.592339578694105,7.507118674141168
1789483560882261000,25.791260986328126,-1.9774159254997967,6.446399660408496,6.445376162579655
1789483560892310000,25.80131005859375,-0.031215806996822356,6.028987318286299,5.84955429572165
1789483560902360300,25.8113603515625,1.2030062547296285,5.580512313902378,5.472369919091463
1789483560912410000,25.82141015625,2.296208318915963,5.458458298116922,5.191026674103736
1789483560922459100,25.831459228515627,3.247549843084812,5.154426251459121,5.1368976090312
1789483560932509200,25.84150927734375,3.8987271019399166,4.22710127043277,4.971064657273888
1789483560942559000,25.85155908203125,3.70942208918035,3.0417250726789233,4.240186085194349
1789483560952609000,25.861609130859375,2.7561978200048207,2.052758166731894,3.079246117299795
1789483560962658000,25.871657958984375,1.6722008065372704,1.3557239965870975,1.5900041693657636
1789483560972708000,25.8817080078125,0.6781921070307493,0.7723322799742222,0.12573007394969463
1789483560982758100,25.891758056640626,-0.2264145539700985,-0.26266134087145326,-1.2163842072188853
1789483560992807200,25.90180712890625,-0.8300415416210889,-1.4253640806548296,-2.431546179166436
1789483561002857200,25.911857177734376,-1.0098258618414402,-1.8584043461501598,-3.3305560430735346
1789483561012907000,25.921906982421874,-0.5940145251750946,-2.3099143343158066,-3.655581193399429
1789483561022956000,25.9319560546875,0.18529869972765445,-2.805912575766444,-3.729267484118044
1789483561033006000,25.942006103515624,0.492478981283307,-3.1119363807633516,-3.8624727162539956
1789483561043056000,25.95205615234375,0.5493266576647758,-3.6377529835030433,-3.6681504598543047
1789483561053105200,25.962105224609374,0.19261866735219954,-3.998073611354828,-3.269454508639872
1789483561063155200,25.9721552734375,-0.20214695867598056,-4.23255690549016,-2.8101079816296695
1789483561073205000,25.982205078125,-0.6865063463896512,-4.340943922711909,-2.1757596925005314
1789483561083254000,25.99225390625,-1.1823241167068481,-4.504673472449183,-1.18326256660074
1789483561093304000,26.002303955078126,-1.9047820664435624,-4.441881208449602,-0.5267302104532718
1789483561103354000,26.01235400390625,-2.433875498896837,-4.433807207587361,-0.0606344283785671
1789483561113404200,26.022404052734377,-3.3712674081683156,-4.363106362420321,0.20722429847288876
1789483561123453200,26.032453125,-3.7014071250289677,-4.35836033693701,0.6246619576994329
1789483561133503200,26.042503173828123,-4.256228872978687,-4.400144884221255,1.00734303204976
1789483561143553000,26.052552978515624,-5.38703264580667,-4.259214610791206,1.1152496453434229
1789483561153602000,26.06260205078125,-4.814218145048618,-4.294338531142473,0.9830815011702477
1789483561163652000,26.072652099609375,-4.469223388883472,-3.6540120443865653,0.4266704382024705
1789483561173702000,26.082701904296876,-3.244115776982903,-3.170933344133198,0.015635083766281605
1789483561183751200,26.092751220703125,-2.047669026899338,-2.6960741906926033,-0.436743357796967
1789483561193801200,26.10280126953125,-1.2513339400470256,-2.175749171106517,-1.0530036170497536
1789483561203851000,26.11285107421875,-0.644984249433875,-2.031129687769711,-1.5257663827329873
1789483561213900000,26.122900146484376,-0.3460118242532015,-1.7800849888034165,-1.549118909008801
1789483561223950000,26.1329501953125,-0.12631108870804308,-1.2756915517121552,-1.662248152321577
1789483561234000100,26.143000244140627,-0.22664368655085562,-1.2155047940358519,-1.026790440645814
1789483561244049200,26.153049072265624,-0.48258770186603067,-1.7943094751194117,0.7659723895534872
1789483561254099200,26.16309912109375,-0.20673077933490275,-1.9081730240561068,2.0630903217844665
1789483561264149200,26.173149169921874,0.005747603741288185,-1.8344523926764726,2.75895968593359
1789483561274198000,26.183197998046875,0.13289280518591404,-1.936820003478229,2.9430121849924324
1789483561284248000,26.193248046875,0.45106151374578474,-1.9419423149280248,3.1863881028965113
1789483561294298000,26.203298095703126,1.1370406213909388,-1.88156719507277,3.4160835782334207
1789483561304348000,26.213347900390627,2.3376421530663967,-1.761307661488652,3.329300782315433
1789483561314397200,26.223397216796876,3.5933529930233954,-1.7613121915332972,3.0592955084219575
1789483561324447200,26.233447265625,4.003395098638534,-2.0577084826156495,2.94810863134861
1789483561334497300,26.243497314453126,3.3077398156315088,-2.5946581815272567,2.771279069280624
1789483561344546000,26.253546142578124,1.9898451989620922,-3.0288135686576365,2.2441306334152817
1789483561354596000,26.26359619140625,0.9645546414852142,-3.3756343712061643,1.686080132677406
1789483561364646100,26.273646240234374,0.7185504209041595,-3.335029681356251,1.4403404082514344
1789483561374695200,26.283695068359375,1.027622215294838,-2.911503824789822,1.2621870502337813
1789483561384745200,26.2937451171875,1.106401737499237,-2.5487293740451333,1.263673781660199
1789483561394795300,26.303795166015625,0.9262988528490066,-2.0696113941162824,1.3911157740943132
1789483561404844000,26.313843994140626,0.823901723691821,-1.6590389810167252,1.3943950880259275
1789483561414894000,26.32389404296875,0.7903641957491636,-1.490369929050654,1.474741567286104
1789483561424944000,26.333944091796877,0.508499557235837,-1.3783341800630091,1.758900308085978
1789483561434993200,26.3439931640625,-0.2516577162981033,-1.0495645825117825,1.9287103467807172
1789483561445043200,26.354043212890623,-1.0908721599340439,-0.6978080771267414,1.562225935602188
1789483561455093200,26.36409326171875,-1.487480198958516,-0.5343570520699024,1.0815244128089399
1789483561465142000,26.37414208984375,-1.455455998188257,-0.24260347222685813,0.9798753986053168
1789483561475192000,26.384192138671875,-1.2192284907341002,-0.05512362906783819,0.8238429792419075
1789483561485242000,26.3942421875,-1.0764508358716964,-0.34344957254976033,0.7516071065273136
1789483561495292200,26.404292236328125,-0.7625678418070078,-0.41210166849344965,1.1086063348714261
1789483561505341000,26.4143408203125,0.06241816999018192,-0.12687515233159063,1.2296125221043825
1789483561515391200,26.42439111328125,0.24609657503962515,0.1877118983492255,1.3430872178539632
1789483561525441300,26.434441162109376,-0.10567746600210666,0.2763429524824023,1.3801530660532415
1789483561535490000,26.444489990234374,-0.7207037995457649,0.12188216634988784,1.275230510071665
1789483561545540000,26.4545400390625,-1.0179384411484003,-0.08791150768697262,1.0540539298202842
1789483561555590100,26.464590087890624,-1.092785300078988,-0.1855287090912461,0.6727115567278117
1789483561565639000,26.474638916015625,-1.3323784845739601,-0.14960077888071535,0.3423793860349804
1789483561575689000,26.48468896484375,-1.7907225565433502,0.06942863327413797,0.3222233907781541
1789483561585739000,26.494739013671875,-2.2885493285953995,0.42216596639007326,0.4228038259021938
1789483561595788000,26.5047880859375,-2.5788059478789567,0.773554222984612,0.7880280078865587
1789483561605838000,26.514838134765625,-2.1270921077042817,0.9700535311624408,0.8896354479707776
1789483561615888100,26.52488818359375,-1.4248884259670973,0.8867965712830423,0.751674838001281
1789483561625937000,26.53493701171875,-0.7857078943759203,0.6012663959994912,0.6797934047475457
1789483561635987000,26.544987060546877,0.10715572186112403,0.0866860575452447,0.5496043055623769
1789483561646037000,26.555037109375,0.48724400323927397,-0.394161522655189,0.5345514421308413
1789483561656086300,26.565086181640623,0.12119301504194736,-0.6878811418741941,0.316849077328667
1789483561666136000,26.575135986328124,-0.16325053404867648,-0.7110577270612121,0.03196731948386877
1789483561676186000,26.58518603515625,-0.3420411670565605,-0.4761427635103464,-0.0642015462756157
1789483561686235100,26.595235107421875,-0.4471884717047214,-0.23277707473933695,-0.06789345959611237
1789483561696285000,26.605284912109376,-0.514085248413682,-0.09104103788435458,0.0877028333723545
1789483561706335000,26.6153349609375,-0.49948096899986266,0.031386195127665995,0.22446721929460764
1789483561716384300,26.62538427734375,-0.23910393967330454,0.23852497074156997,0.2831028750713914
1789483561726434000,26.63543408203125,0.0698737466931343,0.3157593093305826,0.27560565118379887
1789483561736484000,26.645484130859376,0.3077005060374737,0.2730941798195243,0.4221045915916562
1789483561746533000,26.655533203125,0.43425650941729543,0.16383856306970118,0.5101072116281837
1789483561756583200,26.665583251953127,0.4021545672357082,-0.09494038341045379,0.36703240045011043
1789483561766633000,26.675633056640624,0.20947569412887096,-0.29272856235504147,0.04856083648614585
1789483561776682200,26.68568212890625,-0.2538607793003321,-0.3179635413765907,-0.13064444173723458
1789483561786732300,26.695732177734374,-0.7405570855289697,-0.22365473386794327,0.02293101292811334
1789483561796782000,26.705781982421875,-0.9668851302593946,0.0553559765189886,0.2152177449122071
1789483561806831000,26.7158310546875,-0.9161334326654672,0.2884647674307227,0.39846075421907007
1789483561816881200,26.725881103515626,-0.7380529937535524,0.3793327868357301,0.6814473094344139
1789483561826931000,26.735930908203127,-0.4173141424447298,0.42475949001461266,0.8651376241173595
1789483561836981000,26.74598095703125,-0.31257132694423195,0.4654305230990052,0.9342343220233916
1789483561847030300,26.7560302734375,-0.6253209330648184,0.5456006228789687,0.7153845042191446
1789483561857080000,26.766080078125,-0.7925812872767448,0.7324591192692518,0.32454788820296526
1789483561867130000,26.776130126953124,-1.242118367934227,0.8231617189794779,-0.07330218677185475
1789483561877179100,26.78617919921875,-1.5857447583556175,0.375099387049675,-0.30675387283712624
1789483561887229200,26.796229248046874,-1.4058113850533962,0.18364537956267593,-0.06467025976590812
1789483561897279000,26.806279052734375,-0.9812865805774926,0.24246114114671943,0.35765367366485296
1789483561907328300,26.816328369140624,-0.6257283448219298,0.2697135974705219,0.33399259289652106
1789483561917378300,26.82637841796875,-0.5856026706606149,0.11881576451659202,-0.06276318403556942
1789483561927428000,26.836427978515626,-0.4805342764675617,-0.0297977568924427,-0.15125475663281976
1789483561937477000,26.84647705078125,-0.2290098311603069,0.09329378524720668,-0.14660517726130784
1789483561947527200,26.856527099609377,0.18168986158072947,0.1751680585965514,0.030743805570900437
1789483561957577000,26.866576904296874,0.7147083585232495,0.13333411921262742,0.23456213152520358
1789483561967626000,26.8766259765625,0.9704682494431733,0.09307780440896748,0.3848565917585045
1789483561977676000,26.886676025390624,0.8743781114757061,0.015578969664871692,0.46675351533107456
1789483561987726300,26.896726318359374,0.6426145976930856,0.10770926409065723,0.5276905068527907
1789483561997775000,26.906775146484375,0.31980069367587566,0.2648994751870632,0.5135041605900973
1789483562007825200,26.9168251953125,-0.26797756745815277,0.2058054811835289,0.2536186411075294
1789483562017875200,26.926875244140625,-0.7473913154631853,0.0847904530569911,0.11072722367234528
1789483562027924000,26.936924072265626,-0.6308914266735315,0.03928688524961471,0.044966976712644095
1789483562037974000,26.94697412109375,-0.5072831671833992,-0.07679653169363737,-0.15966010834127664
1789483562048024000,26.957024169921876,-0.7345774265974759,-0.3992936248466372,-0.2157293476961553
1789483562058073000,26.967072998046874,-0.8413695758432149,-0.494526853723824,-0.44470571497827766
1789483562068123100,26.977123046875,-0.6352297481387853,-0.13635609738230706,-0.48325054968893527
1789483562078173200,26.987173095703124,-0.058441667574644085,0.15296177974641323,-0.09634104398861527
1789483562088222000,26.997221923828125,0.4112269314855337,0.19794804568141697,0.4228324674747884
1789483562098272000,27.00727197265625,0.4770306522607803,0.2557552147448063,0.34031390487253665
1789483562108322000,27.017322021484375,0.2952928598850965,0.21122575266659258,0.21248744316548107
1789483562118371000,27.02737109375,0.585671644243598,0.09008739042133092,0.3407973775405437
1789483562128421000,27.037421142578125,0.7968249161958694,0.09587532617300748,0.35038572848849
1789483562138471200,27.04747119140625,0.5826029043227434,0.24378216061741112,0.3094059217158705
1789483562148520000,27.05752001953125,0.08688976342380046,0.4242494946658611,0.30674824681393803
1789483562158570000,27.067570068359377,-0.18705752609372137,0.40080695201903577,0.24401114706769583
1789483562168620000,27.0776201171875,-0.951086088103056,0.19665420647859572,0.02338482111021876
1789483562178669300,27.08766943359375,-3.3170693695127964,-0.020403321081399917,-0.5997773264855146
1789483562188719000,27.097718994140624,-2.9765152261435985,-0.4978396315336227,-0.45656434894576664
1789483562198769200,27.10776904296875,0.029053076004981995,-0.3921083895176649,-0.7337801387399434
1789483562208818200,27.117818115234375,2.264376425847411,-0.40035979277342554,-0.6208193107966333
1789483562218868000,27.127867919921876,2.9507664523810146,-0.5693842340484261,-0.37214864748530085
1789483562228918000,27.13791796875,2.662697698530555,-0.5835866546630859,-0.7713803860768675
1789483562238967300,27.14796728515625,1.710962206608057,-0.701911713053286,-0.7692239386953413
1789483562249017000,27.15801708984375,0.2454144379943609,-0.4815709260389209,-0.5268282640002667
1789483562259067100,27.168067138671876,-0.7357640060335398,-0.039003099872171876,-0.6180879130713641
1789483562269116200,27.1781162109375,-1.105734213501215,0.004072364005446433,-0.46453328199833627
1789483562279166000,27.188166015625,-0.8825959047228097,-0.011554098062962292,-0.3200521842189133
1789483562289216000,27.198216064453124,-0.09346680372655392,0.13678878971114755,0.051308746954798694
1789483562299265000,27.20826513671875,0.4879232176750898,0.4050608100712299,0.7029362337954342
1789483562309315300,27.2183154296875,0.7305068161576986,0.761930566816777,1.1279670880973338
1789483562319365000,27.228365234375,0.8302478778481484,0.8629277660481631,1.326196581068635
1789483562329414100,27.2384140625,0.5063987855643034,0.7696269665382802,0.732537883593887
1789483562339464200,27.248464111328126,0.09131693221628666,0.5014958159536123,0.1912378074530512
1789483562349514000,27.258513916015627,-0.18664426911771295,0.0005057575650513172,0.3732158383253962
1789483562359563000,27.26856298828125,0.13511281932294367,-0.04480813288912177,0.5789033191524445
1789483562369613000,27.278613037109373,0.7299334001839161,0.12201061503514647,0.6386169794242829
1789483562379663000,27.2886630859375,0.914005772987008,0.12958981811776757,0.4115563826356083
1789483562389712100,27.298712158203124,0.27908406788408757,-0.08155366309285163,0.2492596421804279
1789483562399762200,27.30876220703125,0.011804419562220572,-0.034854601890593764,0.08607347860485315
1789483562409812200,27.318812255859374,-0.4025929586529732,-0.46964141879230736,0.2142847018457949
1789483562419861000,27.328861083984375,-0.7177794365316629,-0.6615808717086911,0.4094789918396622
1789483562429911000,27.3389111328125,-0.32351708385050293,-0.5249216997265815,0.37059228488877416
1789483562439961000,27.348961181640625,0.12887187910676,-0.3888236687585711,0.5742682797629386
1789483562450010000,27.359010009765626,0.709065968722105,0.0045823593541979785,0.8862738625831902
1789483562460060200,27.36906005859375,1.0287135176628828,0.583884760826826,1.149598051277548
1789483562470110200,27.379110107421877,0.30798809080719947,0.8005711169868707,0.7593144660342485
1789483562480159000,27.389158935546874,-0.3950923737645149,0.7216837504938245,0.02625299695767462
1789483562490209000,27.399208984375,-0.5910661967635155,0.5002139594495296,-0.5810391621373594
1789483562500259000,27.409259033203124,-0.9425672660827636,-0.12306173152327538,-0.7720221911117434
1789483562510308000,27.41930810546875,-0.9290922829598188,-0.6155541568100452,-0.1524877324938774
1789483562520358100,27.429358154296875,-0.12497370262444019,-0.20739391941875218,-0.11941738367155194
1789483562530408200,27.439408203125,0.3926052331238985,0.05958440786898136,0.17290420531779527
1789483562540457000,27.44945703125,0.4019792106688022,0.09777589909732341,0.5841396123707294
1789483562550507000,27.459507080078126,0.3203635882556438,-0.08652911341786385,0.4710065696656704
1789483562560557000,27.46955712890625,0.0005488660544157028,-0.2497726332038641,0.21151910958997905
1789483562570606000,27.479606201171876,0.36034722359776494,-0.007088204695284366,-0.10356836489364504
1789483562580656000,27.48965625,0.2898305028259754,-0.24480682749003171,0.032861382246762515
1789483562590706200,27.4997060546875,0.14696984585523604,-0.04317220225036144,0.13369652278423308
1789483562600755200,27.509755126953124,0.2659668121576309,0.3058335431218147,0.04096080981120467
1789483562610805000,27.519804931640625,0.23048516440987585,0.47186172519028186,0.21138474262058735
1789483562620855600,27.52985546875,0.225001764562726,0.48661184281557796,0.4351021664611995
1789483562630904600,27.539904541015623,0.05718026933670044,0.27545710955858227,0.6249838100649416
1789483562640954600,27.54995458984375,-0.0695078359901905,0.23160510835051534,0.5017345931455492
1789483562651004700,27.560004638671874,-0.12342413509488105,0.12285159590393305,0.17155995110198854
1789483562661053700,27.5700537109375,-0.18697686207294462,-0.021595161214470863,-0.10307342098355293
1789483562671103700,27.580103759765624,-0.25102818622291084,-0.16564853510111568,-0.27885055138915776
1789483562681153500,27.590153564453125,-0.2586766551494598,-0.2796270887196064,-0.42474531535878773
1789483562691202600,27.60020263671875,-0.13955986185967922,-0.2826487746283412,-0.4317166156761348
1789483562701252600,27.610252685546875,-0.05057575650513172,-0.27843057241141794,-0.33309330596923825
1789483562711302700,27.620302734375,0.053284430941939354,-0.26338380992710586,-0.1557794675156474
1789483562721351700,27.6303515625,0.06760580176115036,-0.21820728211700915,-0.09216872674003243
1789483562731401700,27.640401611328127,0.12326806775033473,-0.14790157374739646,-0.07790624650120735
1789483562741451800,27.65045166015625,0.2916694086909294,-0.009244798207283019,0.010635229652374982
1789483562751500500,27.66050048828125,0.24519524228572845,0.049481531527638435,0.1266318450950086
1789483562761550600,27.670550537109374,0.01625263114273548,0.07843202394098044,0.1988514242619276
1789483562771600600,27.6806005859375,-0.24667116005718706,0.14954612608402967,0.2620253810554743
1789483562781649700,27.690649658203125,-0.3906657894939184,0.26874796730875966,0.31099355623349545
1789483562791699700,27.70069970703125,-0.5164870488584041,0.3534887360051274,0.2331526300534606
1789483562801749800,27.710749755859375,-0.5260597638458013,0.3230252086803317,-0.010746727202832698
1789483562811798500,27.720798583984376,-0.3517354625970125,0.20554303085505962,-0.11594327782019972
1789483562821848600,27.7308486328125,-0.17253274165689944,-0.0010527239233255386,-0.048472208354622126
1789483562831898600,27.740898681640626,-0.06533142708837986,-0.09662935941070318,-0.12377981666475533
1789483562841947600,27.75094775390625,0.034247137516736983,-0.07067220359444618,-0.2880817594625056
1789483562851997700,27.760997802734376,0.022633856612443923,-0.10119184502065182,-0.28831308400034905
1789483562862047700,27.7710478515625,-0.08661211552619934,-0.07098112341314554,-0.026595161458849905
1789483562872096500,27.781096435546875,-0.2761281406879425,0.05502426034659147,0.18306348802149294
1789483562882146600,27.791146484375,-0.42220834422707554,0.20481004040539263,0.22664880111739039
1789483562892196600,27.801196533203125,-0.5174503409326077,0.3155629099756479,0.2180341175071895
1789483562902245600,27.81124560546875,-0.4814619127064943,0.32913784634172916,0.15030848875865338
1789483562912295700,27.821295654296875,-0.32084114263951774,0.25275398710221053,0.21275807680040595
1789483562922345700,27.831345703125,-0.11312018322348594,0.1157595918163657,0.35501726074665785
1789483562932394800,27.841394775390626,-0.02443126142323017,-0.0014230185404419898,0.49021264378651974
1789483562942444500,27.851444580078127,-0.3623369361102581,-0.0893067614376545,0.4344631379052996
1789483562952494600,27.86149462890625,-1.0094207881718873,-0.07003770508319139,0.2810566831313073
1789483562962543600,27.871543701171873,-1.2695949884027242,0.005797872623801231,0.12554580342397093
1789483562972593700,27.88159375,-1.0398293704390524,0.42587680360674857,-0.0488764052413404
1789483562982643700,27.891643798828124,-1.6218758099228143,0.7719350973501801,-0.3866621068105101
1789483562992692700,27.901692626953125,-1.138031970515847,0.4776598900750279,-0.5732993616655468
1789483563002742500,27.911742431640626,-0.07250000354349613,-0.05710954218804836,-0.9283911489531397
1789483563012792600,27.92179248046875,0.5325497103869915,-0.695233258202672,-0.3419825687371194
