time,seconds_elapsed,z,y,x
1789665970018596600,0.0525966796875,-0.5142763870716095,-0.6113251409381628,0.3297275558631867
1789665970028549400,0.06254931640625,-0.41235739682018757,-0.7126128475487232,0.2938559954823926
1789665970038501400,0.07250146484375,-0.3980126451253891,-0.7637991371676325,0.22528101989552377
1789665970048454400,0.082454345703125,-0.4362929836809635,-0.7144006077483296,0.17922957241442053
1789665970058406700,0.09240673828125,-0.5786790088772773,-0.6358052099391818,0.21872779885977506
1789665970068359700,0.102359619140625,-0.9104659084230661,-0.4893301618635654,0.29800007301717996
1789665970078311400,0.1123115234375,-1.4088304406136274,-0.2893827590584755,0.3440015804093331
1789665970088264400,0.122264404296875,-1.9384411749392747,-0.05638298147916793,0.3399193160643801
1789665970098216400,0.132216552734375,-2.3595693227142096,0.20838059236854314,0.2788799236141145
1789665970108169700,0.142169677734375,-2.620930686903,0.38147827443182464,0.08840771197238936
1789665970118122000,0.1521220703125,-2.804556484982371,0.44881899551600213,-0.06909077962189912
1789665970128075000,0.162074951171875,-2.789133290401101,0.5078425546318293,-0.178718882945925
1789665970138027000,0.172027099609375,-2.576770642659068,0.5409466595932841,-0.25588391915839165
1789665970147980000,0.18197998046875,-2.3172633819043633,0.5562319070085883,-0.3350030851133168
1789665970157931800,0.191931884765625,-2.0839000317096708,0.4888175361663103,-0.33748430746980007
1789665970167884800,0.201884765625,-1.8773071995407342,0.42918899689465756,-0.2538711180312559
1789665970177836800,0.2118369140625,-1.585810809329152,0.4568319138407707,-0.25243123968755826
1789665970187789800,0.221789794921875,-1.2297346871793269,0.5719666517570614,-0.3499728733712807
1789665970197742000,0.2317421875,-0.9359013784527778,0.6599746055558323,-0.46085386283323165
1789665970207694800,0.24169482421875,-0.7659925555586814,0.6395826826512813,-0.33847583925779906
1789665970217646800,0.251646728515625,-0.6116501351088285,0.6481257623299956,-0.21822651654044165
1789665970227600000,0.261599853515625,-0.45072015296220774,0.6669324618697166,-0.22426829918902366
1789665970237551900,0.2715517578125,-0.322599384483695,0.7696747512027621,-0.31510102808494117
1789665970247505000,0.2815048828125,-0.2815419824302196,0.9483297751322388,-0.5111141967136412
1789665970257457000,0.291456787109375,-0.4258323799431324,1.1177990375652909,-0.5778689346034079
1789665970267410000,0.301409912109375,-0.713556850400567,1.1959566284790635,-0.5304456507798284
1789665970277362000,0.31136181640625,-1.1005950970470906,1.2169988319858909,-0.5624371183242649
1789665970287315000,0.32131494140625,-1.343902918151021,1.2196835410252214,-0.7191365502290428
1789665970297267000,0.331266845703125,-1.2262830854207276,1.2233385564014314,-0.9312583749525248
1789665970307220000,0.341219970703125,-0.8291770337462425,1.172978488473594,-1.0884330962188542
1789665970317171700,0.351171630859375,-0.3133645231485367,0.9868743175819515,-1.019540177256614
1789665970327124700,0.361124755859375,0.33334172777235505,0.7111158869892359,-0.734462056589499
1789665970337077000,0.371076904296875,1.0481225670099257,0.5076823956340552,-0.5595701845858245
1789665970347030000,0.381030029296875,1.7167402054876089,0.42979222348481416,-0.5504824766363948
1789665970356981800,0.390981689453125,2.171178502190113,0.3793143743962049,-0.6186367060605437
1789665970366934800,0.400934814453125,2.422111411345005,0.36743250568360086,-0.6562575577940791
1789665970376886800,0.41088671875,2.5728566840857265,0.4422223737299442,-0.7070633236628026
1789665970386839800,0.42083984375,2.53819862768054,0.6324886327371001,-0.7060520277284086
1789665970396791800,0.430791748046875,2.231065692397952,0.8808486226640642,-0.7378278066955506
1789665970406744800,0.440744873046875,1.7242793688207865,1.1615085615627467,-0.6352461147516966
1789665970416696800,0.45069677734375,1.3511118266165256,1.3462164557904004,-0.4013808063842356
1789665970426649900,0.46064990234375,1.4615128140091895,1.3874195499248803,-0.35393951197993007
1789665970436601900,0.470601806640625,2.1838094357043505,1.167100536350906,-0.3543762594293803
1789665970446555000,0.480554931640625,3.257090993890166,0.6243832138232887,-0.3873313113089651
1789665970456507000,0.4905068359375,4.358945151087641,-0.09992211734578013,-0.5164407620312645
1789665970466459600,0.500459716796875,5.017905318903923,-0.8148767057150602,-0.6554360853433608
1789665970476412000,0.510411865234375,4.805045243033766,-1.5105392952457068,-0.45981969747990364
1789665970486365000,0.520364990234375,3.9742093361645936,-1.8476164101541042,-0.5256899806853383
1789665970496317000,0.53031689453125,2.7632717039138077,-1.6890050802133976,-0.7550301397785544
1789665970506270000,0.54027001953125,1.4106769452631474,-1.2103782448023557,-0.8599410053223371
1789665970516221700,0.5502216796875,0.1414654032200575,-0.7310127198532224,-0.5509961983121932
1789665970526174700,0.5601748046875,-0.7414420516699552,-0.2214602925635874,-0.40535814904998985
1789665970536127000,0.570126953125,-1.2128110249072312,0.27810324015319343,-0.45217835241388527
1789665970546080000,0.580080078125,-1.3065735967099665,0.4877788407683372,-0.44263431553170085
1789665970556032000,0.590031982421875,-0.9471505022197961,0.3924076647251844,-0.2727742636827752
1789665970565985000,0.599985107421875,-0.24914777930378912,0.04047989442646503,0.04174527471978217
1789665970575936800,0.609936767578125,0.5021551566451787,-0.42043636611849067,0.30773491976372896
1789665970585889800,0.619889892578125,1.082713987919688,-0.6912418504789472,0.3977521675582975
1789665970595841800,0.629841796875,1.3655728981673716,-0.7664758090309798,0.36881281759347767
1789665970605794800,0.639794921875,1.3220078972071407,-0.7852312167748808,0.3624114626511931
1789665970615747000,0.6497470703125,0.9484481408149004,-0.8011395645245909,0.3747918189378455
1789665970625699800,0.659699951171875,0.327021292579174,-0.7862956311360001,0.29558338553057983
1789665970635651800,0.66965185546875,-0.4001654392451048,-0.7158803249120712,0.22489527198094875
1789665970645604900,0.67960498046875,-1.1364794803768397,-0.6652642363965511,0.16240237452043219
1789665970655556900,0.689556884765625,-1.7214157960832117,-0.6331488502115011,0.07515276480829343
1789665970665510000,0.699510009765625,-2.129936975741386,-0.5800912137627602,0.027802089563198386
1789665970675462000,0.7094619140625,-2.3552000215888023,-0.49806934863626956,0.03300194149492308
1789665970685415000,0.719414794921875,-2.4642162766247986,-0.44289515842497346,0.05224168042335659
1789665970695367000,0.729366943359375,-2.4898119056522843,-0.45713937235474583,0.012997940195724367
1789665970705320000,0.73931982421875,-2.4559715953707695,-0.5270408838376403,-0.034874512167461215
1789665970715272000,0.74927197265625,-2.4478654458045956,-0.5938461828708649,-0.007126929270476102
1789665970725225000,0.759224853515625,-2.418839842328429,-0.6366919296458363,0.09702811293732375
1789665970735176700,0.7691767578125,-2.455203533607721,-0.6114788701951503,0.19919194479528812
1789665970745129700,0.779129638671875,-2.5539532461732626,-0.5367322567686438,0.22327811910789458
1789665970755082000,0.78908203125,-2.641325824677944,-0.5016930920913815,0.16539770214520394
1789665970765035000,0.799034912109375,-2.619491009488702,-0.5894903257489204,0.02146437444165349
1789665970774987000,0.808987060546875,-2.5929671597003936,-0.7269163904502988,-0.11722747241184114
1789665970784939800,0.818939697265625,-2.566960027262568,-0.8129924994036555,-0.20951332272551954
1789665970794891800,0.828891845703125,-2.486469024965167,-0.8694856632590293,-0.275667391308397
1789665970804844800,0.8388447265625,-2.2372452578157187,-0.8093255013287067,-0.28355715817753224
1789665970814796800,0.848796875,-1.917224199387431,-0.6952335504636168,-0.3168251849964261
1789665970824749800,0.858749755859375,-1.567569050195813,-0.6499877568095922,-0.27696031719576564
1789665970834701800,0.868701904296875,-1.2873323051452636,-0.629491789008677,-0.14313739155288785
1789665970844654800,0.87865478515625,-1.0279045393675565,-0.5858402788087725,0.052062414866313335
1789665970854606800,0.88860693359375,-0.847945447102189,-0.5945198443487286,0.32192959546335037
1789665970864559900,0.898559814453125,-0.6508902586072683,-0.7347486915111542,0.5941628476046026
1789665970874512000,0.908511962890625,-0.35108898138701916,-0.828502787746489,0.7331580613188445
1789665970884465000,0.91846484375,0.09710895962119102,-0.8536740538820624,0.7030126600325107
1789665970894417000,0.9284169921875,0.7742249618530272,-0.8773205946683883,0.5365107229724526
1789665970904370000,0.938369873046875,1.5735598150432109,-0.9089254009827971,0.250972437447682
1789665970914322000,0.948322021484375,2.186674762007594,-0.9717144501119851,0.14590528536364436
1789665970924275000,0.95827490234375,2.49034265152812,-0.9210361100152135,0.3828004629462957
1789665970934226700,0.968226806640625,2.5509745226234197,-0.6108993167415261,0.7565409096676856
1789665970944179700,0.9781796875,2.392849076503515,-0.06223053846359253,1.0294300684344022
1789665970954132000,0.988132080078125,2.168248878479004,0.652845192067325,1.209160174249485
1789665970964084700,0.998084716796875,2.0788257971853015,1.282640932458639,1.3769447715312242
1789665970974037000,1.008037109375,2.2639088083356618,1.621495870694518,1.526164442139864
1789665970983990000,1.017989990234375,2.9061078109651803,1.6899126965776086,1.629944257827103
1789665970993941800,1.027941650390625,3.887036664146185,1.4805319872558116,1.7787885192520916
1789665971003894800,1.037894775390625,4.920260352709889,1.034209192469716,1.8324797774292527
1789665971013846800,1.0478466796875,5.66700694052875,0.46605274665057655,1.7752929322212934
1789665971023799800,1.0577998046875,5.877449433863163,-0.18394962320625782,1.7565657276585698
1789665971033752000,1.067751953125,5.220682976698875,-0.6566458995245397,1.581560166147351
1789665971043705000,1.077705078125,4.041828581929207,-0.717181616768986,0.9965120606295764
1789665971053656800,1.08765673828125,2.5674340745151043,-0.42881402610242364,0.4353300569329411
1789665971063609900,1.09760986328125,1.0745441254675387,-0.185525201959908,0.5028734609823674
1789665971073561900,1.107561767578125,-0.16004969218075274,-0.02667436417490244,0.6371905998829752
1789665971083515000,1.117514892578125,-1.0846961016476153,0.2210531730674207,0.6571021919246762
1789665971093467000,1.127466796875,-1.5734762284129857,0.5945730358406901,0.6523821046002208
1789665971103420000,1.137419921875,-1.5924609148681164,0.8901485120594501,0.6813274824470281
1789665971113372200,1.1473720703125,-1.351153912192583,0.9685743985205888,0.8043933786887675
1789665971123325200,1.1573251953125,-1.0181301643282175,0.7506292744711041,0.9889591610319912
1789665971133277000,1.16727685546875,-0.6350555606156587,0.3651556467927992,1.0416807704593987
1789665971143230000,1.17722998046875,-0.34262685799002646,-0.03312485548853874,0.8422373716536908
1789665971153182000,1.187181884765625,-0.20240297926366327,-0.3196465260274708,0.527387724513933
1789665971163135000,1.197135009765625,-0.2816927890777588,-0.558600974227488,0.2602757609091699
1789665971173087000,1.2070869140625,-0.5558288791656494,-0.7006158280238509,0.13638985352143645
1789665971183040000,1.2170400390625,-0.911439721891284,-0.6918678734228014,0.08833170586042105
1789665971192992000,1.226991943359375,-1.4231640863925217,-0.560522005417943,0.03710457277446985
1789665971202944000,1.236944091796875,-1.9641993010520933,-0.34136370618641376,-0.01701663778517395
1789665971212897000,1.24689697265625,-2.3991209963798523,-0.16421411838382483,-0.030848617652244864
1789665971222848800,1.256848876953125,-2.767120780557394,-0.06689706896990537,0.03663195029404014
1789665971232801800,1.2668017578125,-2.997785977709293,0.120947515848279,-0.039659828481543806
1789665971242754000,1.276754150390625,-3.02196238758862,0.30752894886285065,-0.17470162839489056
1789665971252707000,1.28670703125,-3.0247920580565926,0.16677169391214847,-0.3395837274344638
1789665971262659000,1.2966591796875,-3.011471973234415,-0.1476508138567209,-0.5053139860022813
1789665971272612000,1.306612060546875,-2.788879023379087,0.2134077728807926,-0.4041870229113847
1789665971282563800,1.316563720703125,-2.566673611536622,0.630118396474421,-0.3729705948600545
1789665971292516900,1.326516845703125,-2.510714408427477,0.6296908187121153,-0.47863954876214265
1789665971302469000,1.33646923828125,-2.460772858172655,0.7906798375695944,-0.3224013776935637
1789665971312422100,1.346422119140625,-2.388157119295001,1.0199316607922315,-0.08852611418766901
1789665971322374100,1.3563740234375,-2.274012853720784,1.2823586083859204,0.004669389183679595
1789665971332327000,1.366326904296875,-2.1687813779205083,1.4081941885367035,0.0608558891095221
1789665971342279000,1.37627880859375,-2.0698107160806654,1.3920271898508072,0.16762642931165173
1789665971352232000,1.38623193359375,-1.8451351147323847,1.240672553040087,0.061192774647381154
1789665971362184000,1.396183837890625,-1.3825240329682826,0.7822212213039398,-0.2056013186472468
1789665971372137000,1.406136962890625,-0.8649328222602606,0.19491934551000595,-0.5113665275068954
1789665971382089000,1.4160888671875,-0.33698446818888184,0.01519172391295433,-0.8691932561837136
1789665971392042000,1.4260419921875,0.08096797215938567,0.29509339179024097,-1.040407608718425
1789665971401994000,1.435993896484375,0.4242214376151561,0.6785784759998321,-1.0220189884603024
1789665971411947000,1.445947021484375,0.6360264514744282,0.9439999292343855,-0.6549626226127148
1789665971421899000,1.45589892578125,0.5640156927525997,1.1169159711204468,-0.262599564214237
1789665971431852000,1.46585205078125,0.4085299474865198,1.2823375655978917,-0.09994089511148631
1789665971441804000,1.475803955078125,0.2877291466325521,1.4143625019080937,-0.08052709652408957
1789665971451757000,1.485757080078125,0.2811339861512184,1.322333768160641,-0.0732160793909803
1789665971461709000,1.495708984375,0.511259669598937,0.9360065923929214,-0.14640629368834196
1789665971471662000,1.505662109375,1.0570599067032336,0.42036125505566596,-0.31832477590441705
1789665971481613800,1.51561376953125,1.8481565083801745,0.043676936902105806,-0.6135303958974778
1789665971491566800,1.52556689453125,2.650180746784806,0.11606105898097156,-0.8744153747461736
1789665971501518800,1.535518798828125,3.157857881721854,0.4192059475407004,-0.9688071843631565
1789665971511471900,1.545471923828125,3.2509763104021547,0.7399471369370818,-0.9098303869985044
1789665971521424100,1.555424072265625,3.0939205393403766,0.9995363768868147,-0.7439856717381625
1789665971531377200,1.565377197265625,3.012857290112972,1.0267824034698307,-0.7022514664016664
1789665971541329000,1.575328857421875,3.0726293295085427,0.9735952954225242,-0.6993521647635846
1789665971551282000,1.585281982421875,3.412651557958126,0.7726239563971757,-0.7085299621492623
1789665971561234000,1.59523388671875,4.004688645580411,0.2819229445718229,-0.6940292161751538
1789665971571187000,1.60518701171875,4.650590009859204,-0.2510330085285008,-0.6496413545247167
1789665971581139200,1.61513916015625,5.0903889558345075,-0.5488828594200312,-0.6688417295571416
1789665971591092200,1.62509228515625,5.071030175369978,-0.7081136364333331,-0.6188726337082684
1789665971601044000,1.6350439453125,4.304631961619854,-0.7465694776862859,-0.4981299197170883
1789665971610997000,1.6449970703125,2.812141825544834,-1.1118180634595454,-0.5521530401971191
1789665971620949000,1.654948974609375,1.630572911119461,-1.5483448558963835,-1.308283030976355
1789665971630902000,1.664902099609375,0.954198667165637,-1.4000968067988753,-1.3671096062153576
1789665971640853800,1.674853759765625,0.2713964359909296,-1.2663807025313376,-0.9390633496150373
1789665971650806000,1.684805908203125,-0.2567582543075084,-1.1326935320973395,-0.8268717524785548
1789665971660759000,1.694759033203125,-0.5256792400956154,-1.0331477007180452,-0.8809887617871165
1789665971670711000,1.7047109375,-0.45486499768197536,-0.8145055343151092,-1.0567257063128053
1789665971680664000,1.7146640625,-0.2005371853917837,-0.4700342175021767,-1.2237187878906726
1789665971690615800,1.72461572265625,-0.07091770278811454,-0.43881285754740235,-1.01472905064784
1789665971700568800,1.73456884765625,-0.21129589529335496,-0.5363660538047552,-0.13875643652230502
1789665971710521000,1.74452099609375,-0.902090294265747,0.772017514936626,0.8583553435660898
1789665971720474000,1.75447412109375,-1.6703841125041246,1.6409829537138343,0.6442940752126276
1789665971730426000,1.764426025390625,-1.9808570058643817,1.3599094655781983,0.6495491461966186
1789665971740379100,1.774379150390625,-1.923915805980563,0.30795155818909403,0.8226777348548173
1789665971750331000,1.784330810546875,-1.6721669042676686,-0.5656178672522306,0.8020733382433652
1789665971760284000,1.794283935546875,-1.3355968620985745,-0.9655588500916957,0.21999164478313177
1789665971770236000,1.80423583984375,-1.2451269021004439,-0.9812813198804855,-0.4531373701717704
1789665971780189000,1.81418896484375,-1.403232474476099,-0.8833958229288458,-0.5690424348734319
1789665971790141200,1.82414111328125,-1.528730493235588,-0.8070885360568761,-0.31782201401405036
1789665971800094000,1.834093994140625,-1.6045289538025855,-0.7028218136355281,-0.1539749388443306
1789665971810046000,1.8440458984375,-1.6064871021330356,-0.690766634182632,-0.17318364331368355
1789665971819999000,1.8539990234375,-1.4781260951578616,-0.7535311333924531,-0.18729842217750847
1789665971829951000,1.863950927734375,-1.4424007017821072,-0.7994520498290657,-0.10937263072561472
1789665971839904000,1.873904052734375,-1.507435776272416,-0.8446060735464096,-0.029934498482011258
1789665971849856000,1.88385595703125,-1.6242589056670664,-0.8849684790730475,0.05885174621287733
1789665971859809000,1.89380908203125,-1.879538319593668,-0.8912854071348905,0.12018182870540767
1789665971869761000,1.903760986328125,-2.2331161951869727,-0.9545236613363027,0.06479045207947493
1789665971879714000,1.913714111328125,-2.639126853328943,-1.0322279555246234,-0.04260046677701175
1789665971889666000,1.923666015625,-2.879679238244891,-0.993136300586164,-0.12768398449644447
1789665971899619000,1.933619140625,-2.807479094430804,-0.8926751079276204,-0.24984496778771279
1789665971909570800,1.94357080078125,-2.479392802968621,-0.8066539440318942,-0.32789632184803486
1789665971919523800,1.95352392578125,-2.185596903643012,-0.85403295032233,-0.29039438378643245
1789665971929476000,1.96347607421875,-1.9955746825248002,-1.0488841990321873,-0.23618469122573732
1789665971939429000,1.97342919921875,-2.0748872886925933,-1.6789768765434623,-0.4746382041662931
1789665971949380900,1.983380859375,-2.1627976273357867,-1.8993124028608201,-0.8666583308786153
1789665971959334000,1.993333984375,-1.8062854518562554,-1.485348447626829,-1.0409051829770206
1789665971969286000,2.003285888671875,-1.47057582590878,-1.2172113056927918,-1.018514049079269
1789665971979239000,2.013239013671875,-1.057939612147212,-1.034604329267144,-0.7213043227221816
1789665971989191200,2.023191162109375,-0.7693973955661058,-1.1638365661188959,-0.15898571621105073
1789665971999143000,2.033142822265625,-0.48463119039237496,-1.3629270598337053,0.3658022010680288
1789665972009096000,2.043095947265625,0.081319854336977,-1.3411807997107505,0.6098273766610771
1789665972019048000,2.0530478515625,0.8863947124838829,-1.1302119444146752,0.6373553619906306
1789665972029001000,2.0630009765625,1.5998352430284022,-0.9464248182937502,0.5360303921096027
1789665972038953000,2.072952880859375,2.0100468599915504,-0.9433896883815527,0.5755271937828511
1789665972048906000,2.082906005859375,2.2016128034204243,-1.0547627356767655,0.6997055813111365
1789665972058858000,2.09285791015625,2.409499767053127,-0.992395711351931,0.6055607321925461
1789665972068811000,2.10281103515625,2.4323294384986163,-0.68492346111238,0.5924109624359757
1789665972078763000,2.112762939453125,2.2465660438686608,-0.31559505867958065,0.8560960933972149
1789665972088716000,2.122716064453125,2.220390569126606,0.056336511988937854,1.2269514862015842
1789665972098668000,2.13266796875,2.583330147305131,0.4065554325431585,1.387402160398662
1789665972108621600,2.14262158203125,3.2703929585337637,0.4868719550564885,1.3517393108651041
1789665972118573300,2.1525732421875,4.247475073158741,0.3375608067721128,1.224580153960362
1789665972128526300,2.1625263671875,5.176420641124248,0.03523147237896919,1.2427706943631172
1789665972138478600,2.172478515625,5.7331859243571754,-0.31230975339859723,1.2795803758442401
1789665972148431600,2.182431640625,5.664530321282148,-0.5000171217031777,1.246303252403438
1789665972158383600,2.192383544921875,4.763660508722067,-0.3965881652802229,1.220048428814858
1789665972168336600,2.202336669921875,3.3131600871145723,-0.07810542233511805,1.2303284152887761
1789665972178288400,2.212288330078125,1.8729910899072884,0.27100655989050865,1.3293234809175134
1789665972188241400,2.222241455078125,0.7243950552791356,0.5831793890364467,1.3169818857386708
1789665972198193700,2.232193603515625,-0.1817506518572569,0.9775943019308149,1.2628951985031365
1789665972208146700,2.242146728515625,-0.7849445087879896,1.2551885696485638,1.3323591953516005
1789665972218098700,2.2520986328125,-1.0158020136415957,1.4007958949789403,1.4982552754729985
1789665972228051500,2.262051513671875,-0.9212596896380185,1.345215754315257,1.6939707397967576
1789665972238003500,2.27200341796875,-0.6558031650900841,1.160000056695938,1.8099308226212858
1789665972247956500,2.28195654296875,-0.2986556143164635,0.9879670812547207,1.7454072047844529
1789665972257908500,2.291908447265625,-0.018111410751938818,0.7415913970127701,1.6027828407876192
1789665972267860700,2.30186083984375,0.09722411043345927,0.3552756194218993,1.4702210211217404
1789665972277813500,2.3118134765625,0.10495382790267467,0.02088379807472229,1.2922137935765088
1789665972287765500,2.321765625,0.05613397515416145,-0.15209639508873224,1.1665250745505094
1789665972297718500,2.331718505859375,-0.3942290349334478,-0.49430093601346015,1.574183646029979
1789665972307670500,2.34167041015625,-0.6642173576921224,-0.5568132140278816,1.5589878304637967
1789665972317623600,2.35162353515625,-0.9847855286091566,-0.5095037658423185,1.4196877885840833
1789665972327575600,2.361575439453125,-1.453576175791025,-0.4767646948009729,1.23584644805789
1789665972337528600,2.371528564453125,-1.592655560657382,-0.13755290595144032,0.7999710322018713
1789665972347480600,2.38148046875,-1.6775491818279027,0.22360329594165085,0.5435467590890825
1789665972357433600,2.39143359375,-1.727400131189823,0.6219634393304586,0.2945344062006101
1789665972367385600,2.401385498046875,-1.9994722744852302,0.6667240798160433,0.1898903748994693
1789665972377338600,2.411338623046875,-2.508378658956289,0.20487287650853395,0.2832443293686956
1789665972387290400,2.421290283203125,-2.9152660999327895,-0.4736673133075237,0.381161975024268
1789665972397243400,2.431243408203125,-2.775067940169573,-1.0435793706223369,0.2658115485306829
1789665972407195600,2.441195556640625,-2.449267713817954,-1.2127023038357496,0.2251272906385362
1789665972417148700,2.451148681640625,-2.25091254864037,-1.0213234074115753,0.1353558342985809
1789665972427100400,2.461100341796875,-2.366948327049613,-0.8103849472537636,0.1507702610515058
1789665972437053400,2.471053466796875,-2.669987271016836,-1.238319267912209,0.3911646789267659
1789665972447005400,2.48100537109375,-2.221527464202046,-2.236931077300012,0.9667144498676061
1789665972456958500,2.49095849609375,-2.578883689290285,-2.1724171040743587,2.0954004998892546
1789665972466910700,2.50091064453125,-2.4097411745935675,-1.4996893999293446,2.5606635574668646
1789665972476863700,2.51086376953125,-1.4931716885983943,-1.032573700222373,1.9630647440642117
1789665972486815500,2.5208154296875,-1.5655927816867827,-1.341390643069148,1.5874078692622482
1789665972496768500,2.5307685546875,-2.0299948385208846,-2.1799442847087978,1.3035541027583182
1789665972506720500,2.540720458984375,-1.5413070662140846,-1.095696511350572,0.7077424650333821
1789665972516672500,2.550672607421875,-0.5620686503380536,1.0865268242061137,-0.21652605103179812
1789665972526625500,2.56062548828125,-0.07876257106959819,1.9556316714540123,-0.363420639693737
1789665972536577500,2.57057763671875,-0.7448918998628854,0.719603144827485,-0.0002826163336634636
1789665972546530600,2.580530517578125,-1.5232523540854452,0.39001784697920083,0.2610102857287973
1789665972556482600,2.590482666015625,-2.1008125880658626,0.6660586016446352,0.3487285358659923
1789665972566435600,2.600435546875,-1.78365451785326,0.6376128438830375,0.22632377041410653
1789665972576387600,2.6103876953125,-0.7834259209185839,0.4643234386399388,0.272073421937041
1789665972586340400,2.62034033203125,0.24978315459787845,0.5141793564379215,0.42544681469164786
1789665972596292600,2.630292724609375,1.4436410572320222,0.9680638186499476,0.3393677100636065
1789665972606245600,2.64024560546875,2.1528420505106447,1.4697352834314108,-0.15810155378766358
1789665972616197600,2.65019775390625,0.9974316596925258,2.1358558443963527,-3.4492449663400646
1789665972626150700,2.660150634765625,-0.6764122378766536,3.8640339742213485,-10.289431178611517
1789665972636102400,2.670102294921875,-0.3892465703457594,2.5692244650632143,-3.4131738282665607
1789665972646055400,2.680055419921875,0.5460398910790681,-1.158032848276198,3.80019190890789
1789665972656007400,2.69000732421875,1.3816606941372156,-1.7474381260901688,0.06696523883529007
1789665972665960400,2.69996044921875,2.1647826636731624,-1.6276628688916563,-1.1376333265870808
1789665972675912700,2.70991259765625,1.7924504032492636,-1.8831117941662667,0.8687045228186995
1789665972685865700,2.71986572265625,0.9882768778562545,-1.1114005686998367,1.1636384131982922
1789665972695817500,2.7298173828125,1.4624398657262325,0.42009851246625185,1.0774028758995233
1789665972705770500,2.7397705078125,2.5593185725986958,0.7501379838228225,1.6184695086106657
1789665972715722500,2.749722412109375,2.7736902220755812,-0.3261155759111047,1.8313132178679108
1789665972725675500,2.759675537109375,2.6381208911567926,-0.7756754529222846,1.0355211518511176
1789665972735627800,2.769627685546875,1.3633891243875025,-0.9720628251582384,0.30126623520627616
1789665972745580500,2.77958056640625,0.027664251995086667,-1.14230687135607,0.015279986718297004
1789665972755532500,2.789532470703125,-0.7000386126577853,-1.2595458880752324,-0.3068327832922339
1789665972765485600,2.799485595703125,-1.3189444179832934,-1.567602952465415,-0.4537120282545685
1789665972775437600,2.8094375,-2.16629774441123,-1.5598822950854896,-0.6882368234440684
1789665972785389300,2.819389404296875,-2.604837045714259,-0.20635726984739303,0.38144057276993987
1789665972795342300,2.82934228515625,-1.500543094149232,1.5569994331255554,0.7624673040419816
1789665972805294600,2.839294677734375,-0.19600480265915393,1.6667068852961062,0.9720791917711495
1789665972815247600,2.84924755859375,0.053230070406198496,0.4537656581379473,2.12457807905674
1789665972825199600,2.85919970703125,1.0294698889881373,-0.9551748187214135,1.6531179204046724
1789665972835152600,2.869152587890625,1.9003204108595846,-1.636242773449421,0.5529550772950053
1789665972845104400,2.8791044921875,2.327389639121294,-1.804342793355882,-0.8338599308654665
1789665972855057400,2.889057373046875,1.7783815458863972,-1.850657531415671,-1.4598565712347626
1789665972865009700,2.899009765625,0.2551356215417385,-1.7057579159632323,-2.1932608623996375
1789665972874962700,2.908962646484375,-1.5756600021928548,-1.5084392542265355,-2.8504128117501732
1789665972884914700,2.918914794921875,-3.22838161675632,-0.9850849499471485,-2.6077903425619007
1789665972894867500,2.928867431640625,-3.771165136387944,0.21469021390676496,-1.9605390249788759
1789665972904819500,2.9388193359375,-3.293237243026495,0.8790376277193427,-1.1195756918489932
1789665972914772500,2.9487724609375,-2.8753403322577475,0.323235344299674,-1.2307573082253336
1789665972924724500,2.958724365234375,-2.8953882640302178,-1.0327030256904661,-2.127725144910812
1789665972934677500,2.968677490234375,-3.1014819145053623,-1.4347574935525655,-2.971974075582623
1789665972944629500,2.97862939453125,-2.9899650748252866,-0.6376959921218455,-2.631901578250527
1789665972954582500,2.98858251953125,-2.952546906057,0.04044350793883204,-2.1471043836414814
1789665972964534500,2.998534423828125,-2.5032062247544524,0.553361831464991,-1.8955875371187925
1789665972974487600,3.008487548828125,-1.5671370885193348,0.6781693106770516,-1.8630320059508083
1789665972984439600,3.018439453125,1.7699802127659319,1.0579989411190152,-1.5197428846597671
1789665972994391600,3.0283916015625,1.4885072039186953,0.32563290696069597,-1.9179875849753618
1789665973004344600,3.038344482421875,0.6671072339147329,-0.9394147203359753,-2.028762081855535
1789665973014296600,3.048296630859375,-0.06223989081382751,-1.8471521536432205,-1.955344963467121
1789665973024249600,3.05824951171875,-0.6232347744405269,-2.7925191334471107,-1.883566259935498
1789665973034201600,3.06820166015625,-1.4154156642228364,-2.8492192180514335,-2.9289029956191777
1789665973044154600,3.078154541015625,-2.6378391516059634,-2.7806594765663144,-4.5987779895573855
1789665973054106400,3.0881064453125,-3.2803730852782724,-2.9748052073553204,-2.5120839432150124
1789665973064059400,3.098059326171875,-3.1524183210164307,-1.9652673686750233,-0.09440145422816276
1789665973074011600,3.10801171875,-1.8994331066310404,-1.1260327590338886,1.9328402861922978
1789665973083964700,3.117964599609375,0.43039165068268775,-1.2931754782155156,2.729133871990442
1789665973093916400,3.12791650390625,2.3677397696882485,-1.592259108685702,2.744723070788383
1789665973103869400,3.137869384765625,3.4918215407848354,-2.174694401356578,2.6678525970757008
1789665973113820700,3.147820556640625,3.555267884778976,-2.812136272586882,1.7627099295020103
1789665973123773700,3.157773681640625,2.6882471503287553,-3.3611201081633566,1.728632887855172
1789665973133726000,3.167725830078125,1.8176918120115995,-3.1377509132385253,0.7867629563868045
1789665973143679000,3.177678955078125,0.4283075378850102,-2.9044530294954773,-0.12813128987252712
1789665973153630700,3.187630615234375,-0.6580556201919913,-2.704261881062388,-0.6085065763860941
1789665973163583700,3.197583740234375,-0.8036211522072553,-2.603468095448613,-0.9394757298082113
1789665973173535700,3.20753564453125,-0.5142521294131874,-2.9684263199731706,-0.8592816646307706
1789665973183488000,3.217488037109375,-0.1924301590427756,-3.346001449486613,-0.21200842747688292
1789665973193440800,3.227440673828125,0.08415770811140537,-3.496298978459835,0.3675760058075189
1789665973203392800,3.237392822265625,0.6087374625325203,-3.695078506529331,0.5695318258255719
1789665973213345800,3.247345703125,1.2980500985145569,-3.93411814879477,0.660292293202877
1789665973223297800,3.2572978515625,1.9297930274508892,-4.057869616147875,0.9690180506348609
1789665973233250800,3.267250732421875,2.203903544706106,-4.1251027852043505,1.4407926820635795
1789665973243202600,3.27720263671875,1.8518617926388978,-4.204505407743156,2.124700244131684
1789665973253155600,3.287155517578125,1.3207839083701371,-3.4286034525886175,3.283335442215204
1789665973263107800,3.29710791015625,1.3475836524903773,-2.261885193553567,4.3760114367008205
1789665973273060900,3.307060791015625,1.6514543711066245,-1.2725576376006007,5.549403474411368
1789665973283012900,3.317012939453125,1.7238929998517036,-0.5479644294008612,6.565303687730431
1789665973292966000,3.3269658203125,1.3045236784428358,-0.21859423560798166,6.806499631246924
1789665973302917600,3.336917724609375,0.9813584767699242,0.05292319641411304,6.700960112410783
1789665973312870700,3.34687060546875,0.8279495377779007,0.5593593913793563,6.650752020174265
1789665973322823000,3.356822998046875,0.43320553905963893,0.9898170930355786,6.535096180993318
1789665973332776000,3.36677587890625,-0.43244332251548767,1.7013579274386166,6.662610215750337
1789665973342728000,3.37672802734375,-0.8835171112209558,2.5911037039160725,6.6324085542321205
1789665973352680700,3.3866806640625,-0.5383657031893729,3.1332997790485617,6.6359028260886666
1789665973362632700,3.3966328125,-0.786903826162219,3.253739345374703,6.651201517507434
1789665973372584700,3.406584716796875,-1.205724281516671,3.6123902864485977,6.211304956376552
1789665973382537700,3.416537841796875,-1.9951830528587102,4.2918736023336646,5.570456783834099
1789665973392489700,3.42648974609375,-2.6983418433636426,5.241335888627171,5.253026326420903
1789665973402442800,3.43644287109375,-2.536234634131193,6.180918001419306,5.126773105379939
1789665973412394800,3.446394775390625,-2.079032133412361,6.422013991692662,4.830730888432264
1789665973422347800,3.45634765625,-1.5964549529403447,6.25489333821237,4.89782231093049
1789665973432299800,3.4662998046875,-1.1768366252064704,6.006498423102498,4.896562081736326
1789665973442252800,3.476252685546875,-0.9277367766976355,5.8112710345566265,4.375473092040419
1789665973452204800,3.486204833984375,-0.8955600157141685,5.744656581920385,3.716300158256292
1789665973462157800,3.49615771484375,-1.1203601202249527,5.612709533151984,2.930847699946165
1789665973472109800,3.50610986328125,-1.631033514368534,5.389875175756216,2.11736040276289
1789665973482062800,3.516062744140625,-2.4394950923442837,5.086363938102126,1.2699760966748
1789665973492014800,3.526014892578125,-3.538331947547197,4.375345666268467,-0.14626666602194308
1789665973501967600,3.535967529296875,-2.0799895802676676,4.199724895468354,-0.4657797749280929
1789665973511919600,3.545919677734375,-1.751798074865341,3.2104426399618387,-0.9713707512408495
1789665973521872600,3.55587255859375,-1.791621551209688,2.6832649780020117,-1.4191472519665955
1789665973531825000,3.565824951171875,-1.7237842787802218,2.4754618932604786,-1.584468162548542
1789665973541778000,3.57577783203125,-1.7166846759080885,1.9302260120406747,-1.8514654867976903
1789665973551729700,3.585729736328125,-1.6606524075627327,1.4241303010761737,-1.716014229300618
1789665973561681700,3.595681640625,-1.700277146464586,1.1917977552339434,-2.022895820170641
1789665973571634700,3.605634765625,-2.3727216497540473,0.6891314341962337,-2.9810359184384345
1789665973581587000,3.6155869140625,-2.8776994626045225,0.42494653701931234,-3.55781581569612
1789665973591540000,3.6255400390625,-2.4295406845629213,0.8618541454672813,-3.2872225127816197
1789665973601491700,3.63549169921875,-1.5415198321819306,0.3800894504219293,-2.9448434920728204
1789665973611444700,3.64544482421875,-1.0621510923624038,-1.0112371899440884,-3.1970144185900686
1789665973621396700,3.655396728515625,-0.6127181296665221,-2.0624612301006913,-3.763865627029538
1789665973631349800,3.665349853515625,-1.4571277307927608,-3.3215558672770857,-4.056888203895092
1789665973641301800,3.6753017578125,-2.177419880797714,-4.075515162953734,-2.3162942446112633
1789665973651254800,3.6852548828125,-2.558232530927658,-2.5215061438158153,0.5407745178967714
1789665973661206800,3.695206787109375,-2.2816415950335562,-0.37597938475459813,0.07413666483461856
1789665973671159800,3.705159912109375,-1.2085188076060265,1.1226415091603994,-1.181264963042736
1789665973681111800,3.71511181640625,-2.842702968025207,-2.760774334140122,0.7666770306915044
1789665973691064800,3.72506494140625,-2.780073785632849,-3.6441555440217255,2.199174178096652
1789665973701016800,3.735016845703125,-1.1835609650254248,-1.6540006945885717,1.2605132718026637
1789665973710969600,3.744969482421875,-0.022743746727705,-2.221389370905608,1.753029077965021
1789665973720921900,3.754921875,0.7081517764866352,-2.2945872935853897,1.3995406342208385
1789665973730875000,3.764875,0.2568600341815501,-2.8214246176749467,2.082277398943901
1789665973740827000,3.774826904296875,0.708462596001476,-3.0648218706279993,2.2485300374180075
1789665973750778600,3.784778564453125,1.138390282434225,-3.580910275557637,3.558826454043388
1789665973760731600,3.794731689453125,-0.678758654872328,-5.745403600895404,7.185069324755668
1789665973770683600,3.80468359375,1.5245277808487414,-4.585031203755736,7.98780083464682
1789665973780636700,3.81463671875,3.3557623805224894,-3.891820099030435,7.229915597698092
1789665973790589000,3.8245888671875,2.1009540423631665,-5.066116684365272,5.942448267996311
1789665973800542000,3.8345419921875,2.2228350396692753,-4.829752983310819,1.8357547074466942
1789665973810493700,3.84449365234375,3.207695971602201,-2.8483669851362703,-2.4185446587741373
1789665973820446700,3.85444677734375,2.8753368251264093,1.1435554101124406,0.32344752574563024
1789665973830398700,3.864398681640625,2.0765748033881186,2.5341744867309925,2.552936178085208
1789665973840351700,3.874351806640625,1.6858640057086944,0.8292011452741921,1.6616005020678042
1789665973850304000,3.884303955078125,1.2953952000916003,-0.5745522843360901,2.491456165727973
1789665973860256800,3.8942568359375,1.419722421506047,-0.6190929984606802,2.857816366004944
1789665973870208800,3.904208740234375,1.440023451256752,-0.4646045936688781,1.7211176899194716
1789665973880161800,3.914161865234375,0.8096218539267778,-0.4602236021056771,0.8951584491759538
1789665973890113800,3.92411376953125,1.2007312955349683,-0.7175928279183804,0.24488953733742236
1789665973900066800,3.93406689453125,2.648845114266872,-1.4512237674459814,-0.5603337893694639
1789665973910018600,3.9440185546875,3.1090327682763337,-2.0235344103351234,-2.210849418321252
1789665973919970800,3.953970703125,3.223707779726386,-2.068499048960209,-3.60052390756607
1789665973929923800,3.963923828125,4.074065548667312,-1.6713059035241602,-4.311494248604774
1789665973939875800,3.973875732421875,4.938227386555075,-1.377607327093184,-3.7837130677938458
1789665973949828900,3.983828857421875,5.0663236051142215,-1.7785878821134566,-2.9472283413827416
1789665973959780600,3.993780517578125,3.5688702936738728,-1.7378917145878074,-3.618331951457262
1789665973969733600,4.003733642578125,1.8759240746192634,-1.1569216721639037,-4.796158756744862
1789665973979686000,4.013685791015625,0.8596575122058391,-0.21890520125329493,-6.259646670219301
1789665973989639000,4.023638916015625,0.5773281787902117,0.9736024558156728,-5.957470480561256
1789665973999591000,4.0335908203125,-0.28251696494221684,1.77322898542881,-5.124254400557279
1789665974009544000,4.0435439453125,-1.9645419770099222,1.7226868389323353,-4.089879203870892
1789665974019495700,4.05349560546875,-3.465788981644809,1.8760957779243588,-3.1116344752073286
1789665974029448700,4.06344873046875,-3.7040760519772764,2.4790774534091353,-2.034997761374712
1789665974039400700,4.073400634765625,-3.3547944122731685,2.9150442738756537,-1.674063093277812
1789665974049353700,4.083353759765625,-3.1039614563614126,3.0024411100387574,-1.6943945181667803
1789665974059305700,4.0933056640625,-3.556536297279596,2.922823675705492,-1.9327415019929408
1789665974069258800,4.1032587890625,-3.6025302789524196,2.6233070606455207,-2.378392096605897
1789665974079210800,4.113210693359375,-2.9125059875696895,2.4263608854830263,-2.4386679938703772
1789665974089162800,4.123162841796875,-1.488286985296756,2.027878284758329,-1.9806635291188954
1789665974099115800,4.13311572265625,-0.058238546217978,2.1637103582665325,-1.4510592245340346
1789665974109068000,4.143068115234375,0.6750795279681682,2.5936031195163727,-1.4289204579621553
1789665974119021000,4.15302099609375,0.2584936997979879,2.9158292867735027,-1.8540104951053857
1789665974128973000,4.16297314453125,-0.6439727343037724,3.05204480664134,-2.2509978888362645
1789665974138926000,4.172926025390625,-1.2847896349251269,3.11237740252912,-2.3395412646859883
1789665974148878000,4.182878173828125,-1.2425526676982641,3.3879508319437504,-2.1785370482593773
1789665974158831000,4.1928310546875,-0.9790990074053406,3.431196683952212,-1.4179022203415632
1789665974168783000,4.202783203125,-0.8694953078702091,2.8857389766752717,-0.30090251646041866
1789665974178736000,4.212736083984375,-0.7275235625632107,2.468122636413574,0.3472831593632698
1789665974188688100,4.222688232421875,-0.5777293069370091,1.790605067643523,1.2026239774137735
1789665974198641200,4.23264111328125,-0.6724287211984395,1.0518792891949416,3.398643490871787
1789665974208593200,4.24259326171875,-1.2073306938000024,0.8057260155320167,3.7673523001015186
1789665974218546200,4.252546142578125,-1.0039870726853608,0.8622785083591937,4.790012509074807
1789665974228498200,4.262498291015625,-0.6019337738670408,1.007634489277005,5.703643603530526
1789665974238451000,4.272450927734375,0.08101699893288314,1.3979483965933321,6.035383741325139
1789665974248403200,4.2824033203125,0.7623280417017638,1.8008920683801173,8.20430891163051
1789665974258356000,4.29235595703125,0.8353442511390894,1.8025737378567457,10.532012439006566
1789665974268308200,4.30230810546875,-0.6026526627261192,1.2181705061137675,11.618925047659873
1789665974278260200,4.31226025390625,-2.6838953848600386,0.17171674909889698,11.487551414865255
1789665974288213000,4.322212890625,-5.352766219067573,-1.2049936291545629,10.984889477741717
1789665974298165000,4.3321650390625,-4.588190544569492,-1.3120721941262483,8.925852084609865
1789665974308118000,4.342117919921875,-2.8084102378010747,-0.635797318893671,6.806050133913755
1789665974318070300,4.3520703125,-1.7370412352383136,0.13184534195959569,4.810303601953387
1789665974328023300,4.362023193359375,-1.1703414179682732,0.6877262435734272,3.412695981621742
1789665974337975000,4.37197509765625,-0.6900631620883941,0.8723661871314048,2.2863363287210463
1789665974347928000,4.381927978515625,-0.24582521075233815,0.707756639689207,1.4928805966973304
1789665974357880000,4.391880126953125,-0.2898608979642391,0.19612112251520156,0.8980237754791974
1789665974367833000,4.4018330078125,-0.28324878634810446,-0.4876140055954456,0.07540975351035595
1789665974377785000,4.41178515625,0.8265244734108448,-0.6112514911800623,-0.3392261096358299
1789665974387738000,4.421738037109375,1.6126805499456822,-1.067982867255807,-0.41789515720307824
1789665974397690000,4.431690185546875,2.0343734919965266,0.06390227106809615,-1.2571850041627883
1789665974407643100,4.44164306640625,1.1739609236396849,1.74310915697515,-1.8882243148744104
1789665974417595100,4.45159521484375,-0.17807547047585248,1.4909744708150625,-1.896920247027278
1789665974427547100,4.461547119140625,-2.777446944260597,1.2352391298145056,-1.852612903267145
1789665974437500000,4.4715,-6.543147385501861,0.9353180256068706,-1.8934756595313549
1789665974447452200,4.4814521484375,-9.010359336811304,-2.3875778581023215,-2.4455443093806504
1789665974457405200,4.4914052734375,-6.7604971740067,-8.585914611834287,-3.2168419856101274
1789665974467357200,4.501357177734375,0.31765725190639493,-9.763919111776351,0.9001414982855319
1789665974477310200,4.511310302734375,2.55314689822644,-13.382359784305095,7.913571815353632
1789665974487262000,4.521261962890625,8.798677072548866,-12.835767520040273,4.665409685589373
1789665974497215000,4.531215087890625,7.419003168314695,-14.592638075864315,0.992899276959896
1789665974507167000,4.5411669921875,4.000386856733262,-12.335518489277362,-3.41529184333384
1789665974517120000,4.5511201171875,2.942437307713926,-7.637205189734697,-4.3564235236555335
1789665974527072300,4.561072265625,3.4711835341647266,-3.055966948521137,-4.147988278490304
1789665974537025300,4.571025390625,3.331228827768564,0.5900415298908949,-4.074759960672259
1789665974546977000,4.58097705078125,2.9397219112753867,2.9200334604650733,-3.9687200910985467
1789665974556930000,4.590929931640625,2.921219747640192,3.9702749193251132,-4.293372316458821
1789665974566882000,4.600882080078125,3.171931122998893,4.51946889052093,-5.017243640124797
1789665974576834300,4.610834228515625,3.32397169624716,5.036958394420147,-5.44934267924726
1789665974586787300,4.620787353515625,3.572951717768609,5.229590505775809,-5.711649799853563
1789665974596739000,4.630739013671875,4.002755339430272,4.650175583839416,-6.394123529726267
1789665974606692000,4.640692138671875,3.7722573155388233,3.3676182380110022,-7.20464788545072
1789665974616644000,4.65064404296875,3.5034126098573206,2.6854344309955835,-7.595107923239469
1789665974626597000,4.66059716796875,3.5584546981215475,2.526096686476469,-7.884952454590797
1789665974636549000,4.670549072265625,3.70324895350337,2.3870810144960877,-7.882672819221019
1789665974646502100,4.680502197265625,3.4770883742943406,2.0957021131843327,-8.135327729862928
1789665974656454100,4.6904541015625,3.32618206577301,2.091393017813563,-8.125303179454804
1789665974666407200,4.7004072265625,3.01277750287503,2.5466426308989525,-8.044639158678054
1789665974676359200,4.710359130859375,2.3188912753671405,3.2199469658881426,-7.7887015731036655
1789665974686312200,4.720312255859375,1.9940978879705071,3.7961943637043234,-7.79068836300671
1789665974696264000,4.730263916015625,1.8556001023843884,4.4233623859405515,-7.6119743023663755
1789665974706217000,4.740217041015625,0.995568203908205,4.690374907758832,-6.807130330365895
1789665974716169200,4.750169189453125,-0.5954466038048267,4.643095854711532,-5.02141654189527
1789665974726122200,4.760122314453125,-3.9235017699733374,4.008659887298942,-2.8862597856789827
1789665974736074200,4.77007421875,-10.870182902109622,2.630507493543625,-0.49156362000405784
1789665974746027300,4.78002734375,-25.004144313049316,-0.9404378528386353,6.43895168249011
1789665974755979000,4.78997900390625,-15.937831033825873,-7.27184452188909,19.272979665386675
1789665974765931000,4.799930908203125,1.0968246385976672,-9.908324075579642,26.32336345632076
1789665974775884000,4.809884033203125,1.2381250605143606,-10.930578041839599,20.540866096305844
1789665974785836300,4.819836181640625,-0.8910580281198024,-12.162787594699859,13.677985237145423
1789665974795789000,4.8297890625,-6.907727716624736,-10.551819547760486,9.331042074018717
1789665974805741000,4.839740966796875,-6.990231812310219,-4.316820412063598,5.668642432776093
1789665974815694000,4.849694091796875,-1.504663535080105,0.39473873802125453,-0.26395605685710904
1789665974825646000,4.85964599609375,1.3820214902736245,0.6432271766334772,-3.132970693224668
1789665974835599000,4.86959912109375,1.2810801128827034,-1.3791396512269973,-4.126937891677022
1789665974845551000,4.879551025390625,1.3974807790815829,-2.0429133568048474,-5.076547477486729
1789665974855504100,4.889504150390625,1.3049883733451366,-3.2942186552792787,-5.414496991315484
1789665974865456000,4.8994560546875,-3.0404572447001934,-5.97801467141807,-5.831793013581633
1789665974875409200,4.9094091796875,-9.887848273783922,-11.2056996358335,-1.3212515258818864
1789665974885361200,4.919361083984375,0.30837475203722714,-13.89274793176651,2.3175673332870006
1789665974895314200,4.929314208984375,8.365027296853064,-9.34761385411322,-0.6193669930964708
1789665974905266000,4.939265869140625,9.405962582707405,-3.607047756376862,-2.814961559140682
1789665974915218200,4.94921826171875,7.797320932888984,0.5050497090429067,-4.983969147032499
1789665974925171200,4.959171142578125,6.541493188554048,3.350914355969429,-5.476611209923028
1789665974935123200,4.969123291015625,5.562853907614946,4.921496031984686,-5.863813122698664
1789665974945076200,4.979076171875,4.480000218963623,5.559699242976308,-6.222443605506419
1789665974955028000,4.989028076171875,3.8100796811938284,5.606458071541786,-6.810301361617445
1789665974964981000,4.99898095703125,3.6302982835829254,4.623513786885142,-6.814480693128704
1789665974974933200,5.008933349609375,3.7836429251670833,2.6781349216371773,-6.3793462318331
1789665974984886300,5.01888623046875,3.992653924393654,0.6713116998672485,-5.204505748879909
1789665974994838000,5.028838134765625,3.7536253880441186,-1.236849487620592,-3.2993735538244247
1789665975004791000,5.038791015625,3.5882664835393427,-3.2626603184551,-1.270986735022068
1789665975014743000,5.048742919921875,4.657427162402868,-4.8178556247681374,0.6214022983163595
1789665975024696000,5.058696044921875,5.088853416830301,-5.558375300896167,1.2388351084798574
1789665975034648000,5.06864794921875,4.773852232390642,-4.919906716966628,1.252196402095258
1789665975044601000,5.07860107421875,3.0747979057192802,-2.5269179397314785,0.1818020897835493
1789665975054553000,5.088552978515625,1.7239245640337466,-0.66716860871315,1.3916332220971583
1789665975064506000,5.098506103515625,0.8407201720237731,0.38629356575906276,1.060998122934997
1789665975074458000,5.1084580078125,0.017000819161534307,1.4113608358740806,0.5335416440337896
1789665975084410000,5.11841015625,-1.1563368580132722,2.3165210391044617,1.0613090885803103
1789665975094363100,5.128363037109375,-3.1976468712747095,2.6715175493240353,1.856117404256761
1789665975104315100,5.138315185546875,-3.1271219671964645,2.9115006099194285,1.7957126199156044
1789665975114268000,5.148267822265625,-1.6318723032802342,2.4960703815251586,1.922884709367156
1789665975124219600,5.1582197265625,0.9909003582276403,1.6710574817210435,1.2086322779178618
1789665975134172700,5.168172607421875,1.38075702329576,1.2109873166114091,0.538057952414453
1789665975144124700,5.178124755859375,0.11863785066641866,0.846574743270874,-0.06662555855214596
1789665975154077700,5.18807763671875,-1.7402018912263213,0.5254068528950214,-0.5366384410053491
1789665975164030000,5.198030029296875,-3.2716777376472947,0.628919249817729,-0.8754106693938374
1789665975173983000,5.20798291015625,-2.9836896478176116,0.8337555937081574,-1.3853566260457038
1789665975183934700,5.217934814453125,-1.2191413969725369,1.0123235238760708,-1.408212016454339
1789665975193887700,5.2278876953125,0.5066955765537917,1.253448155722022,-0.8253408165842294
1789665975203839700,5.23783984375,1.3613069112859666,1.325845867934823,0.31140929742753504
1789665975213792800,5.247792724609375,1.2951841876894234,1.1506646575957535,1.405015558500588
1789665975223744500,5.25774462890625,0.2106608122602105,0.9444675467461348,2.2697601647123693
1789665975233697500,5.267697509765625,-2.0751228510141373,0.9591209259986877,2.454642100332677
1789665975243649800,5.27764990234375,-4.892535310438275,0.9689765495806932,1.6432883080467582
1789665975253602800,5.287602783203125,-6.103141518777608,0.5692120923519134,1.5609133916988969
1789665975263554800,5.297554931640625,-3.9343759229481217,-0.1169821193486452,2.378738425825536
1789665975273506600,5.307506591796875,-0.920180954490602,-0.7178343815892935,3.6138323019504544
1789665975283459600,5.31745947265625,1.775731177508086,-0.6522539481759071,5.169064433142543
1789665975293411800,5.327411865234375,3.416304819768667,-0.19207681556046008,7.113229246425628
1789665975303364900,5.33736474609375,2.041055161717534,1.1107517494022845,9.699378542804718
1789665975313316900,5.34731689453125,-1.2086965753257275,3.0658266637563703,11.310134992820023
1789665975323270000,5.357269775390625,-3.1138106502026317,4.219014117828011,11.53851237129569
1789665975333221600,5.3672216796875,-2.12458231684044,4.167028494524955,9.622134559604525
1789665975343174700,5.377174560546875,-0.36614100456833837,3.377341175124049,7.559196651902794
1789665975353126700,5.387126708984375,-0.6387512002632022,1.9539824429422616,6.332579219961166
1789665975363079700,5.39707958984375,-2.142830067323148,0.020053192469477652,5.6676095825970165
1789665975373032000,5.407031982421875,-3.060258508235216,-2.222932070302963,5.570846659934521
1789665975382984700,5.416984619140625,-3.569753798510134,-4.19976873461008,5.716040143766999
1789665975392936700,5.426936767578125,-3.3593501758813855,-4.604124611282348,5.684601049408316
1789665975402889700,5.4368896484375,-2.3871903200894593,-2.917380315607786,6.376124931699037
1789665975412841700,5.446841796875,-1.5060983901888132,-0.473187420836091,7.445732185286283
1789665975422794800,5.456794677734375,-1.2705337305575608,1.0907575936436653,7.653053916251659
1789665975432746800,5.466746826171875,-0.7125771917134524,1.9519822090357541,6.793394065958261
1789665975442699800,5.47669970703125,-0.8226981931209564,2.5246663614124056,5.150263286560773
1789665975452651800,5.48665185546875,-2.0261638820558785,2.4728496649354694,3.5765804296597836
1789665975462603800,5.496603759765625,-1.775524987411499,1.4222154073655604,2.8444375367328525
1789665975472556800,5.506556884765625,-0.09442541962563991,-0.5549345606744289,2.666710149042308
1789665975482508500,5.516508544921875,0.9623007250785827,-3.2083447908997536,2.487192663064599
1789665975492461600,5.526461669921875,1.4369465280294418,-5.573492206007242,2.026138747614622
1789665975502413800,5.536413818359375,3.799752348446846,-7.618822560825944,1.883379797452688
1789665975512366800,5.546366943359375,5.140082084286212,-9.100444681406021,0.9732926592141389
1789665975522318800,5.55631884765625,4.4669326475977895,-10.130154808890818,-0.5036521172046661
1789665975532271900,5.56627197265625,2.410602175337076,-11.01662667826414,-1.6948405083686113
1789665975542223600,5.5762236328125,-0.44735082265958187,-11.610753431642054,-2.714488091522455
1789665975552176600,5.5861767578125,-1.9884392776869235,-10.346134478086233,-3.306415289029479
1789665975562129000,5.59612890625,-0.9257251446142792,-6.483607401296496,-2.0754437535315753
1789665975572082000,5.60608203125,2.652972131069004,-4.137157672396302,-1.3900836545675992
1789665975582033700,5.61603369140625,4.7800130931079385,-2.277801140087843,-0.9355378058373928
1789665975591986700,5.625986572265625,3.371392495852709,0.34277065037488935,1.203520049470663
1789665975601938700,5.635938720703125,2.5738579700827597,1.556748380973935,0.9743453831374644
1789665975611890700,5.645890625,3.8312557402133938,2.2583453289896247,0.8218944755226373
1789665975621843700,5.65584375,3.9963901883125303,2.8525188441187144,0.5274538485527038
1789665975631795700,5.665795654296875,3.855038766860962,2.7388831125885247,-0.7902437842398882
1789665975641748700,5.675748779296875,3.9629438457846637,2.2993682442516086,-1.9475088630139827
1789665975651700700,5.68570068359375,3.8449870361849663,0.4712169975459575,-3.1548575308620928
1789665975661653800,5.69565380859375,3.392764954227209,-0.976748352625966,-4.29012880449295
1789665975671605800,5.705605712890625,2.8373195214211937,-1.0385048438370228,-5.121141236972808
1789665975681558800,5.715558837890625,2.7457261103510855,-0.8953086713016033,-5.966662087276577
1789665975691510800,5.7255107421875,3.021747868055105,-0.6826853267967701,-6.553628447505831
1789665975701463800,5.7354638671875,3.214874192668497,-0.4166577243626117,-7.15231564066708
1789665975711415800,5.745415771484375,3.3764977100372313,-0.06243044494986534,-7.65281017062366
1789665975721368800,5.755368896484375,3.370476257790625,0.3480880460053682,-8.164022493949531
1789665975731320800,5.76532080078125,3.4897619779065248,0.6246142461001872,-8.887923628231883
1789665975741273600,5.775273681640625,3.5673759634628888,0.8307944058150053,-9.576628361448645
1789665975751225600,5.7852255859375,3.6339717113986607,1.1088029534220696,-10.187609803515672
1789665975761178600,5.7951787109375,3.61786901012063,1.5164952810406684,-10.691120466423033
1789665975771131000,5.805130859375,3.269975902165472,2.0058231048166753,-10.974372759902476
1789665975781082600,5.81508251953125,2.8104394055411217,2.4228379720538853,-11.020056652712821
1789665975791035600,5.82503564453125,2.6563071207106113,2.6191683534055947,-10.834794777864218
1789665975800987600,5.834987548828125,2.3136463604509827,2.8195582392811773,-10.244330638647078
1789665975810940700,5.844940673828125,1.5617409285642205,2.62272107745111,-9.4458795825541
1789665975820893000,5.854892822265625,0.24881825508847832,1.7526438780397176,-8.070856134474276
1789665975830846000,5.864845947265625,-2.4489023876369,0.4895955348014831,-5.574860571750998
1789665975840797700,5.874797607421875,-9.03455620495677,-1.0563608185231685,-1.1989724691689014
1789665975850750700,5.884750732421875,-23.400609046459195,-4.511154066640138,6.6485033644646405
1789665975860702700,5.89470263671875,-19.587503879964352,-6.856249458321929,24.37616672799587
1789665975870655700,5.90465576171875,1.3645640133857726,-7.687282933589816,36.4356809952259
1789665975880607700,5.914607666015625,3.7959202229380606,-8.953844253385066,28.171934975242614
1789665975890560500,5.924560546875,-0.3759387604832649,-7.097576334741711,19.161734628385304
1789665975900512800,5.9345126953125,-6.336719973027706,-1.080895540320873,6.586356997153162
1789665975910465800,5.9444658203125,-7.356673261129855,2.0812562392026184,0.33520576807856556
1789665975920417800,5.954417724609375,-2.3038065189599988,1.4593565127581356,-1.401932497793436
1789665975930370800,5.964370849609375,1.6351779206968844,-0.6370224767744541,-3.153490334162116
1789665975940322600,5.974322509765625,2.855364881199598,-2.5741882249504324,-4.421628109493851
1789665975950274800,5.98427490234375,1.6511285001531242,-3.3987527964651583,-5.682194572788476
1789665975960227800,5.994227783203125,-0.11235445954799651,-4.952589673906564,-6.189930744436383
1789665975970179800,6.004179931640625,-3.374107015508413,-8.863000783899427,-4.910993342670798
1789665975980132900,6.0141328125,-7.739061636143922,-14.420664721655845,-0.9773112472057341
1789665975990084600,6.024084716796875,-2.487790628957748,-14.410781625545024,2.221701651725173
1789665976000037600,6.03403759765625,4.9754444797933095,-6.223838859257102,-0.28430151027143
1789665976009989600,6.04398974609375,8.92702171291113,-1.3035212234020233,-4.040836063760519
1789665976019942700,6.053942626953125,7.6348717783510684,1.6610931370675563,-6.581208528348803
1789665976029895000,6.06389501953125,6.601759733468294,3.5444764416515824,-7.1332555508881805
1789665976039848000,6.073847900390625,5.653488702785968,4.599540206101537,-7.0398384315222495
1789665976049799700,6.083799560546875,4.7217093726992605,5.077373991438746,-7.008213459202647
1789665976059752700,6.093752685546875,4.150617457950115,4.8243601843565695,-6.888389394426345
1789665976069704700,6.10370458984375,4.036173917168378,4.039889138299227,-6.265341666990518
1789665976079657000,6.113656982421875,4.630098425972461,2.6197616431236264,-5.633626064452528
1789665976089610000,6.12360986328125,4.551280325323343,0.5622013368070126,-4.624714979368448
1789665976099561700,6.133561767578125,4.3438650708556175,-1.8021119655638933,-2.3854104509353635
1789665976109515000,6.143514892578125,4.765161560934782,-3.9955876397579906,-0.3350941243976354
1789665976119467000,6.153467041015625,5.739039326560497,-5.571065271121263,0.9175041364967822
1789665976129420000,6.163419921875,5.778500399333239,-5.803914242053032,2.0723113007247447
1789665976139372000,6.1733720703125,4.507425986027718,-4.079359563422202,2.820418655502796
1789665976149324800,6.18332470703125,2.905782232272625,-1.2213882991164922,2.2838158703327176
1789665976159277000,6.193277099609375,1.5540613338470457,0.9786275905013084,0.946417804031074
1789665976169230000,6.20322998046875,0.9922750075817107,2.2067601031810042,0.19467092370688915
1789665976179182000,6.21318212890625,-0.4476175107717514,2.5802836192160843,0.18743220462501048
1789665976189135000,6.223135009765625,-2.4369524221241474,3.1829391314864157,0.7324222943902016
1789665976199086800,6.2330869140625,-3.4015649312764404,3.14512699496448,2.35268599294126
1789665976209040000,6.243039794921875,-2.5332734462380406,2.1299258698254824,3.5193621664002537
1789665976218991900,6.252991943359375,-0.15170217160675672,1.3963251793056726,2.844363010191917
1789665976228944100,6.262944091796875,1.7600953630894423,0.8097223916918039,2.051004308801889
1789665976238897200,6.272897216796875,2.4485949291229248,0.39418870292305946,1.2418246456846593
1789665976248849000,6.282848876953125,2.2217237174265083,0.474116226118803,0.37366087867915626
1789665976258802000,6.292802001953125,0.2571468152336776,0.6299228739023208,0.23956863457560537
1789665976268754000,6.30275390625,-4.194516220909357,0.6088496907353401,-0.47672991574853657
1789665976278707000,6.31270703125,-7.94652949758172,0.510965070566535,-1.9494044675022362
1789665976288659200,6.3226591796875,-5.241817534664273,0.26425299397706986,-2.374559094314277
1789665976298612000,6.332612060546875,-0.45568405897989867,0.6224982768595219,-1.3402870657414196
1789665976308564000,6.34256396484375,1.4407428515724836,1.2695979110121727,-0.3971048826307058
1789665976318517000,6.35251708984375,2.0274225038148463,1.5388976669847965,0.43349926130920646
1789665976328469000,6.362468994140625,1.965122114985436,1.3735866932749747,1.119421085809171
1789665976338422000,6.372422119140625,0.44334524028003214,0.9709545716553926,1.1171060868650675
1789665976348374000,6.3823740234375,-2.720277196317911,0.23944413141310214,1.0204197365701198
1789665976358326800,6.392326904296875,-5.6187190026998515,-0.2208680257588625,1.0517188379362226
1789665976368279000,6.402279052734375,-4.422383896297216,-0.1794225011706352,1.5713377550795673
1789665976378231000,6.41223095703125,-1.2037933134540915,-0.14750059173107147,3.0165377321913835
1789665976388184000,6.42218408203125,0.6203348152153194,-0.27774259014725683,4.870967914013565
1789665976398135800,6.4321357421875,1.835686756777018,-0.27280513374507426,6.83159257144928
1789665976408088800,6.4420888671875,2.9682398574903606,0.3520867602527141,8.719226519215107
1789665976418041000,6.452041015625,2.488507837316394,2.028739870023727,9.880292743837833
1789665976427994000,6.461994140625,-0.24810104672983288,4.084536089277267,10.542061539334059
1789665976437946000,6.471946044921875,-3.0004128190815447,4.887988314658403,10.138093785196542
1789665976447899100,6.481899169921875,-2.6004905409425496,4.2857828842431305,8.75435686930716
1789665976457851000,6.491850830078125,-0.965386708395183,3.1676112139731645,7.38719465612173
1789665976467804000,6.501803955078125,-1.4022022546455264,1.5220008927196262,6.051033145877718
1789665976477756000,6.511755859375,-2.853880780121684,-0.5276800585240126,5.585999805402755
1789665976487709000,6.521708984375,-3.705388303619623,-2.5111247427940366,5.886845623239875
1789665976497661000,6.531660888671875,-3.8315140988886354,-3.970623294371366,6.257589153167605
1789665976507614000,6.541614013671875,-3.7265962190821766,-4.241339931404591,6.211155318772793
1789665976517566000,6.55156591796875,-3.5979683778643605,-3.1693022358000276,6.701349988511204
1789665976527518000,6.56151806640625,-3.7399440686941143,-1.5505559560745954,7.57240976921916
1789665976537471000,6.571470947265625,-2.961688828411698,-0.2536760703831911,7.552768664681911
1789665976547423000,6.581423095703125,-0.7633786467332393,0.8037035697937012,6.632752253103256
1789665976557376000,6.5913759765625,0.436989770306088,1.5941618735671041,5.402127923607826
1789665976567328000,6.601327880859375,-0.43368776961863037,2.2220839290410277,3.3274995781123637
1789665976577281000,6.611281005859375,-0.8476280517160892,2.2360545867264268,2.0594649708941577
1789665976587233000,6.62123291015625,0.07086157042039558,0.618728695192933,1.3711176728129386
1789665976597186000,6.63118603515625,0.7813830169141293,-2.2153034751206637,0.6416378616154194
1789665976607137800,6.6411376953125,1.5245990925192832,-4.999014740473032,1.0167147445723415
1789665976617090800,6.6510908203125,3.698111006093025,-7.125144725146889,1.5478116258025167
1789665976627043000,6.66104296875,5.393252543234825,-9.003027094227075,0.7982634245663881
1789665976636996000,6.67099609375,3.742809394997358,-10.699344689410925,0.05432137277424335
1789665976646948000,6.680947998046875,-0.44748190169334406,-12.471253824412821,-0.6378150884568691
1789665976656899800,6.69089990234375,-2.813084074831009,-13.55809044522047,-0.5326911646842957
1789665976666852900,6.700852783203125,-1.9493907312378287,-10.509105026149749,-0.09671206925809382
1789665976676805000,6.71080517578125,-1.1646901142083108,-6.000444529891014,-0.6079325758904218
1789665976686758100,6.720758056640625,1.9398470962144434,-3.702842710790038,-0.5354810876637697
1789665976696710100,6.730710205078125,4.18210915927887,-1.7132330741494892,-0.45613341018259523
1789665976706663000,6.740662841796875,3.927819925433397,0.2297767238795757,-0.053069911408424375
1789665976716615000,6.750614990234375,4.242508975183964,1.299737613210082,0.2677449277460575
1789665976726568000,6.76056787109375,4.648301606661081,1.8182330792814492,-0.2048813520759344
1789665976736520000,6.77052001953125,3.995437417632341,1.8062480424553156,-1.5441121867626904
1789665976746473000,6.780472900390625,3.499109359705448,1.2072341015577315,-2.836704019871354
1789665976756425000,6.790425048828125,3.568255961167812,0.23115736458301542,-3.5819548161745067
1789665976766378000,6.8003779296875,3.179477008333802,-0.8048685219198465,-4.449235662865639
1789665976776330000,6.810330078125,3.0423756455421445,-1.1115946299672126,-5.099973361259699
1789665976786283000,6.820282958984375,3.1648394111722706,-1.080884434404969,-5.671095671147108
1789665976796235000,6.830235107421875,3.2115912254750727,-0.8716910643488168,-6.43227351990044
1789665976806188000,6.84018798828125,3.4799770814731716,-0.5322217936068773,-7.006275769138336
1789665976816140000,6.85014013671875,3.762651282803714,-0.06210369721353054,-7.629898666113615
1789665976826092000,6.860092041015625,4.022999670557677,0.49915831291675566,-8.277183593705296
1789665976836045000,6.870045166015625,4.203448592166603,1.1327549068957568,-8.758951795881986
1789665976845997000,6.8799970703125,4.283248981851339,1.6848510292738674,-9.30634193252623
1789665976855949800,6.88994970703125,4.203735007892549,2.165748878356814,-9.959956063139439
1789665976865901800,6.89990185546875,4.0145235186353325,2.5702619914174076,-10.529997007530927
1789665976875854800,6.909854736328125,3.611223873017728,3.035011838775873,-10.990821205878257
1789665976885807000,6.91980712890625,3.016397154676914,3.3361364735543724,-11.346473549658059
1789665976895760100,6.929760009765625,2.715008316004276,3.4967256794393062,-11.328515868163109
1789665976905711900,6.9397119140625,2.2836989659547804,3.8538124399363993,-10.386729523324966
1789665976915665000,6.949664794921875,1.0765561959423124,4.047513057306409,-8.719663157066702
1789665976925617000,6.959616943359375,-1.3436546424783766,3.559388179579377,-6.729229344561696
1789665976935570000,6.96956982421875,-7.081572709923982,2.5137311259001494,-3.8907355186641213
1789665976945522200,6.979522216796875,-20.039650266337393,-0.7021276938915252,2.443345922553539
1789665976955475200,6.98947509765625,-21.541403905320166,-5.5342170111954205,20.500396138751505
1789665976965427000,6.999427001953125,-1.4631260944247244,-8.322824231895805,33.92729882913828
1789665976975380000,7.0093798828125,3.993703725707531,-9.746703773081302,25.375708511710165
1789665976985332000,7.01933203125,0.3924715237416327,-8.699770123594998,18.046687812137602
1789665976995284000,7.029283935546875,-3.4371196442604064,-3.659657064536214,9.79051485775709
1789665977005237000,7.039237060546875,-7.5685110082149505,-0.07833703913390636,1.665716705214977
1789665977015189000,7.04918896484375,-7.032089424830675,-0.5783481694877147,-2.94036839248538
1789665977025142000,7.05914208984375,-2.9652246013224124,-2.9077520710408686,-4.4443841311812395
1789665977035094000,7.069093994140625,-0.41038609674721954,-6.188461840927601,-4.954963417300582
1789665977045047000,7.079047119140625,-0.20882146800383924,-7.366808286175131,-6.019858255413174
1789665977054998800,7.088998779296875,-1.45251804504022,-6.206480312699079,-6.706307318657636
1789665977064951800,7.098951904296875,-2.531779408288002,-4.645489471849799,-6.510653229132294
1789665977074904000,7.108904052734375,-5.204489382266998,-5.076364522135258,-5.629067378234863
1789665977084857000,7.118857177734375,-7.6952002825856205,-6.359626801362634,-2.780988562390208
1789665977094809000,7.12880908203125,-1.414676974684745,-6.176074653041362,-0.3364402783095836
1789665977104762000,7.13876220703125,6.187696117252111,-3.0952883205622435,-1.568015040397644
1789665977114713900,7.1487138671875,9.09482976413369,-0.4225158027410507,-2.473131404486298
1789665977124667000,7.1586669921875,9.884005626881121,0.7890425917565822,-3.056508215790987
1789665977134619000,7.168618896484375,8.687351371526718,1.804671002396941,-3.7803736942380666
1789665977144572000,7.178572021484375,7.727762243494391,2.3033389014482495,-3.9030981566309926
1789665977154524200,7.188524169921875,7.254628598672151,2.483388010084629,-3.8735178418815135
1789665977164476000,7.198475830078125,6.691234837210178,2.13722187205255,-3.449026939675212
1789665977174429000,7.208428955078125,6.284462547045946,1.0839607731103897,-2.7570693421423433
1789665977184381000,7.218380859375,5.87288548694849,-0.565247864896059,-1.5589444297134876
1789665977194334000,7.228333984375,5.904100124901532,-2.128454043707251,0.09929214887917041
1789665977204286200,7.2382861328125,6.488395220094919,-3.2409862467855213,1.3587562038898466
1789665977214239000,7.248239013671875,6.438411584264039,-3.822648070865869,1.9483634340167044
1789665977224191000,7.25819091796875,5.4908045704483985,-3.3469799391299486,2.297987019026279
1789665977234144000,7.26814404296875,4.890003746134043,-1.7094558936983346,2.323883676826954
1789665977244096000,7.278095947265625,4.419769914406538,-0.020395137774944304,1.5469062013953923
1789665977254049000,7.288049072265625,3.265149797183275,1.3599766855955122,-0.005292261189222335
1789665977264000800,7.298000732421875,1.363684892463684,1.8174398830771445,-1.2766814395323396
1789665977273953800,7.307953857421875,-0.6897510273993015,1.9562240843892096,-1.8300374988436698
1789665977283906000,7.317906005859375,-3.2932968642592426,2.4218419467538594,-1.4646429287284612
1789665977293859000,7.327859130859375,-4.570693466323614,1.8121166422277688,-1.0163374356925488
1789665977303811000,7.33781103515625,-3.712450497090816,0.8258481815844774,-0.8037152602314949
1789665977313764000,7.34776416015625,-2.211703404802084,-0.1331517483830452,-0.4761372105523944
1789665977323715800,7.3577158203125,-1.4718097516179085,-1.3740513881772756,-0.21252952874153852
1789665977333668000,7.367668212890625,-0.573273423506692,-1.6960674198150634,0.06383242070227861
1789665977343621000,7.37762109375,0.039330651326105,-0.4274544281870126,0.1353641637355089
1789665977353573000,7.387572998046875,-0.16539580244906246,1.2108189743071793,0.4531695919409394
1789665977363526100,7.397526123046875,0.17407061874866483,1.8129782274931667,1.3075360120013355
1789665977373478000,7.407477783203125,-0.2289699375413358,1.9255045364767311,1.8830477890193462
1789665977383431000,7.417430908203125,-1.6429840644031761,2.1014000325649977,2.513125268961489
1789665977393383000,7.4273828125,-1.9640613538861273,2.2539427101165055,2.7069036277428267
1789665977403336000,7.4373359375,-0.5089122296899556,2.115131036275625,2.273146007758379
1789665977413288000,7.447287841796875,0.81644380890131,1.915502782422304,1.9172583939179777
1789665977423241000,7.457240966796875,1.2756981275834143,2.0217589250952006,1.4651160991981624
1789665977433193000,7.46719287109375,1.3590749144501983,2.023939776265621,1.02360830347836
1789665977443146000,7.47714599609375,1.1218716938316822,1.7417109806150197,0.9382076095685362
1789665977453098000,7.487097900390625,0.35039983007907866,1.2054501407504081,0.858027572916448
1789665977463051000,7.497051025390625,-1.320328127426654,0.6678600981086492,0.4460495308026671
1789665977473003000,7.5070029296875,-3.700529757672548,0.35360242551267146,-0.21831483414471148
1789665977482955000,7.516955078125,-4.961970081192255,-0.007122983747720718,-0.3084963325902819
1789665977492908000,7.526907958984375,-3.437945865951478,-0.2659136206656694,1.2007158057048917
1789665977502860000,7.536860107421875,-0.8652287364669143,-0.30174948867857454,4.3025075168117874
1789665977512813000,7.54681298828125,1.1736696856081485,-0.24044834001958368,6.800678962269425
1789665977522764800,7.556764892578125,2.210780152477324,-0.08472060269117355,8.786158367237448
1789665977532717800,7.5667177734375,1.1493223030760884,1.2024714172005653,10.094013820451497
1789665977542670000,7.576670166015625,-0.9267807911470531,3.136781775945425,10.13682771078348
1789665977552623000,7.586623046875,-2.1400978658802807,3.9654286483377215,9.06323694051802
1789665977562575000,7.5965751953125,-1.5130876645542681,3.4357144536376,7.780704144608974
1789665977572527900,7.60652783203125,-0.6507542111374437,2.561041158607602,7.082355969256162
1789665977582480000,7.61647998046875,-0.7358038996525108,1.3477555019259453,6.543406913220882
1789665977592433000,7.626432861328125,-1.3105816633075476,-0.22603812187314032,5.928378241589665
1789665977602385200,7.63638525390625,-2.0579694716393946,-1.8664444447427988,5.635571937823295
1789665977612338200,7.646338134765625,-2.9796786586105823,-3.1294846046745777,5.5096869655728336
1789665977622290000,7.6562900390625,-3.8425168466791506,-3.4661692131340502,5.279022937464714
1789665977632242000,7.666241943359375,-4.117624704408645,-2.574776838493347,5.388292290478945
1789665977642195000,7.67619482421875,-3.937542278024554,-1.2954448844522237,6.0552948949754235
1789665977652147000,7.68614697265625,-3.2437907828122374,-0.35395547673404215,6.599831395754218
1789665977662100000,7.696099853515625,-1.2231816122740506,0.477118915066123,6.789488875213265
1789665977672052000,7.706052001953125,0.31725100919306276,1.3676076188653707,6.31423926115036
1789665977682005000,7.7160048828125,0.19046645775437354,1.870173694398999,4.834857320712507
1789665977691957000,7.72595703125,-0.7303636082947254,1.9979104319959877,3.6370591560199856
1789665977701910000,7.735909912109375,-0.40585572330858555,1.0067360791325568,3.161370273756981
1789665977711862000,7.745862060546875,0.9075181645333766,-1.3140753506422043,3.0246339448854327
1789665977721815000,7.75581494140625,2.206713925951719,-3.6547482497066257,2.425088089068234
1789665977731767000,7.76576708984375,4.311608814895153,-5.5918701587408775,1.8764561356693505
1789665977741720000,7.775719970703125,6.162193427205086,-7.090251106420159,1.3491747210741043
1789665977751672000,7.785672119140625,5.899561896950006,-8.922569994199275,0.19988953513801097
1789665977761625000,7.795625,3.2374738547503945,-10.86688853673935,-0.6731319010317325
1789665977771576800,7.805576904296875,-0.7439127526324242,-12.073180389010906,-1.0220394467264413
1789665977781528800,7.81552880859375,-2.628238379567861,-10.750278757834433,-0.7136334227681159
1789665977791481900,7.82548193359375,-2.1244975611664354,-6.649414049568772,-0.917282602700591
1789665977801434000,7.83543408203125,0.48864963225349783,-4.259814914771915,-1.2299532983660697
1789665977811387100,7.84538720703125,3.198861507761478,-2.8466981751412153,-0.22534020273685454
1789665977821339000,7.8553388671875,4.769516249012947,-1.0538637410104275,-0.4172252951174974
1789665977831292000,7.8652919921875,4.5826551222741605,0.7331161218732595,0.04485211816132068
1789665977841244000,7.875243896484375,4.32659011092782,2.0244775364041327,0.6369283687502145
1789665977851197000,7.885197021484375,4.415156867653131,2.662666718870401,-0.23871698618233203
1789665977861149200,7.895149169921875,3.6198248203635215,2.519927057930827,-1.8538795622020958
1789665977871102200,7.905102294921875,3.4053789366066454,1.9034896885454653,-3.031684740179777
1789665977881054000,7.915053955078125,3.560646655207872,0.6676864951074123,-3.935360257810354
1789665977891007000,7.925007080078125,3.4721330899745224,-0.6414730264425277,-4.658190547990799
1789665977900959000,7.934958984375,3.2027918329477307,-1.138972466236353,-5.177224943244457
1789665977910912000,7.944912109375,2.8510686453104017,-1.089900100031495,-5.781389106512069
1789665977920864000,7.954864013671875,2.7526924422323704,-0.9441016360431909,-6.621982437285781
1789665977930816000,7.96481591796875,2.987854950803518,-0.7473743643283843,-7.270248777130246
1789665977940769000,7.97476904296875,3.2196561662480234,-0.41094226932525635,-7.896014531353115
1789665977950721000,7.984720947265625,3.469007943691313,-0.006909633257985114,-8.52930717394948
1789665977960674000,7.994674072265625,3.677736034323275,0.29719197150468823,-9.054782415905594
1789665977970625800,8.004625732421875,3.7106782267212868,0.5404349106788635,-9.693346861425042
1789665977980578800,8.014578857421874,3.7029911793500183,0.8467243808746338,-10.131410361909866
1789665977990531000,8.024531005859375,3.567219603857398,1.2794868523418903,-10.474351692676544
1789665978000484000,8.034484130859376,2.973651068884134,1.9159359131425617,-10.662938328033684
1789665978010436000,8.04443603515625,2.3491119338467716,2.2912556649446487,-10.648995142877101
1789665978020389000,8.05438916015625,2.2982792799711227,2.456159811419248,-10.777750117605924
1789665978030340900,8.0643408203125,2.2165317017413675,2.875061515316367,-10.466948138421774
1789665978040294000,8.0742939453125,1.3736673572957514,2.8772102177828547,-9.5049472730726
1789665978050246000,8.084245849609376,-0.30356413688510653,2.0249141742557284,-7.877406861516833
1789665978060198100,8.0941982421875,-3.9382933886528013,0.6324941856950521,-5.226597169178724
1789665978070151200,8.104151123046876,-13.008782492256163,-1.6388018102824686,-0.7531471025109291
1789665978080103000,8.11410302734375,-29.654981575667858,-5.85733019042015,10.856339085674286
1789665978090056000,8.124055908203125,-15.953900709617137,-7.767070171532034,32.825828118300436
1789665978100008000,8.134008056640624,5.5120390816569325,-9.640173489642143,35.438049429047105
1789665978109961000,8.1439609375,5.024765267801285,-8.323985092368721,23.782196626484392
1789665978119913200,8.153913330078124,-0.5206747098065913,-4.187345306366682,13.756640840709208
1789665978129866200,8.1638662109375,-8.448840721571445,1.2008879474014043,1.8595733899295328
1789665978139818200,8.173818359375,-8.410513036742806,4.116920355531573,-2.628295078191161
1789665978149771300,8.183771240234375,-2.3159984765350816,3.4240397979348898,-3.0900971816599365
1789665978159723000,8.193722900390625,1.6701906357586382,0.4166390196621418,-4.327766753491759
1789665978169676000,8.203676025390624,2.6666426367640494,-2.50143921508193,-5.31481905798912
1789665978179628000,8.2136279296875,1.7056104703165589,-4.065446188881993,-6.024041678577661
1789665978189580300,8.223580322265626,1.4038624429427087,-4.8375072506994,-6.077751056933403
1789665978199533300,8.233533203125,-1.2884898046173154,-7.9449214778631925,-4.944437347111106
1789665978209485000,8.243485107421876,-9.461718956720828,-13.607645041984318,-0.0012608137160539626
1789665978219438000,8.25343798828125,-6.454819113707542,-13.75609840439558,8.302246138769387
1789665978229390000,8.26339013671875,3.2075252912104126,-6.110119541096687,6.61178077674508
1789665978239343000,8.273343017578124,7.984094381344318,-1.7829928390741347,-1.492011997169256
1789665978249295400,8.28329541015625,8.027419728329777,0.7424713947176933,-5.736004488909244
1789665978259248000,8.293248046875,7.857104078200459,2.523429513093829,-7.027064290145039
1789665978269200100,8.3032001953125,6.9605129658728835,3.51909883928895,-7.412350140166282
1789665978279153200,8.313153076171876,5.7245981287539,4.140483601948619,-7.394715114754438
1789665978289105200,8.323105224609375,4.941619367080927,4.252967825356126,-7.392507960098982
1789665978299057000,8.333056884765625,4.3135435823500154,3.5212364358395334,-7.57737002197504
1789665978309010000,8.343010009765624,4.180595247584582,1.957096191048622,-7.392109316170215
1789665978318962200,8.352962158203125,4.147583789342642,0.0673421823889017,-6.5801306699842215
1789665978328915200,8.362915283203124,4.483300429552793,-2.050351982372999,-4.546669616657495
1789665978338867200,8.3728671875,4.832825814884901,-4.086323557215929,-2.6260540212661025
1789665978348820200,8.3828203125,4.934753572964668,-5.426687195324898,-1.1673720467686652
1789665978358772000,8.39277197265625,4.972616562891006,-5.608873315989971,0.34706630174219605
1789665978368725000,8.40272509765625,5.069449628180265,-4.823307460433244,0.7413087806791067
1789665978378677200,8.41267724609375,5.527802467978001,-3.260774650838971,1.2096236270427703
1789665978388630300,8.42263037109375,4.367991796374321,-0.8720692500114441,1.1962123568058014
1789665978398582300,8.432582275390626,2.9061984118580817,1.0340846893072129,0.4028489792406559
1789665978408535000,8.44253515625,1.9805191522121428,1.953797149503231,0.6801870802402495
1789665978418487000,8.452487060546876,1.5973966177046297,2.513550508636236,1.0918418817490338
1789665978428439000,8.46243896484375,0.8036766817867755,2.3306787437945604,1.839887861728668
1789665978438392000,8.47239208984375,-1.0794079321116208,2.0599340497106313,3.5840611408039926
1789665978448344300,8.48234423828125,-2.1636901922613383,2.555360774883628,4.81100619726479
1789665978458297000,8.492297119140625,-2.904135049587488,2.102358063942194,4.064663221810758
1789665978468249000,8.5022490234375,-1.472034208023548,1.5216712223738431,3.141986651112139
1789665978478202000,8.5122021484375,-0.5300637387901544,1.234468145442009,2.734912163130939
1789665978488154000,8.522154052734376,-2.036167389675975,1.0942881058573721,1.6928531339436768
1789665978498107100,8.532107177734375,-4.856538114383817,0.924599063193798,0.4567582640826702
1789665978508059100,8.54205908203125,-5.213537781119347,0.8833020071655512,-0.17493483436256646
1789665978518012200,8.55201220703125,-2.5669752248317,1.3473930983543396,-0.4290861210420727
1789665978527964200,8.561964111328125,0.15588307402059434,1.967102036756277,-0.39215953518301244
1789665978537917200,8.571917236328124,1.4314308333478867,2.2742618600457907,-0.3234241448700428
1789665978547869200,8.581869140625,1.9282645027093588,1.9825725776106118,-0.10534253495931625
1789665978557821000,8.591821044921875,1.4269215392298995,1.1642653129249811,0.2968245994970202
1789665978567774000,8.60177392578125,-0.48387964137271045,0.15436346323788167,0.32417934715151786
1789665978577726200,8.611726318359375,-3.0008944651186464,-0.5861269867956638,-0.36130583949685097
1789665978587679200,8.62167919921875,-5.157181687647104,-0.8174573698580264,-1.4210302892342208
1789665978597631200,8.63163134765625,-5.493507399666309,-0.9060182813644408,-1.5029846420824526
1789665978607584000,8.641583984375,-3.7944343682944774,-0.7432265969991684,-0.3137400784626603
1789665978617536000,8.651535888671875,-0.3683534199208021,-0.3456991050422191,2.5699881429120897
1789665978627489000,8.661489013671876,2.350134554892778,0.061253802385926245,6.01406622800827
1789665978637441300,8.671441162109375,3.790962308269739,0.5239309351235628,8.689067527794837
1789665978647394300,8.681394287109375,4.206991671600938,1.969854550334811,10.892347972166538
1789665978657346000,8.691345947265624,2.4308761709503828,4.632019749423861,12.493893526244163
1789665978667298000,8.701298095703125,-1.1055271466217935,6.36265462475121,12.8923398866117
1789665978677251000,8.7112509765625,-3.059980860337615,5.525577777665853,10.989610076522826
1789665978687203000,8.721203125,-1.3112620467871428,3.5137282521665094,8.387506839686631
1789665978697156000,8.731156005859376,-0.2502076636202633,1.6035551403343677,6.881803001773357
1789665978707108000,8.741108154296874,-2.1582754737362264,-0.5536053578972816,5.53910478323698
1789665978717061000,8.75106103515625,-3.7088802373886107,-2.6348727030158043,4.536520270825922
1789665978727013000,8.76101318359375,-3.475205337026715,-4.630728540569543,4.514547508470714
1789665978736966100,8.770966064453125,-3.249235604214668,-5.600919142115115,4.835883741150796
1789665978746918100,8.780918212890626,-3.56605932790637,-4.810245149764419,4.9795232735395425
1789665978756870100,8.7908701171875,-3.5109207935303446,-2.6941163346230983,5.721922187542915
1789665978766823200,8.8008232421875,-2.8977450562894345,-0.7734212442547083,6.5117936313390725
1789665978776775200,8.810775146484374,-1.994282304626703,0.5354109450370073,6.623934155875444
1789665978786728200,8.820728271484375,-0.6381243005365133,1.5624252575665711,6.1491106582701205
1789665978796680200,8.83068017578125,-0.001848879269696772,2.1812281870394945,4.98364941355884
1789665978806633200,8.84063330078125,-0.5909399400353431,2.2658909220635888,3.4772558398157356
1789665978816585000,8.8505849609375,-0.20433482410907744,1.481922564831376,2.743717693138122
1789665978826538000,8.8605380859375,0.9073919808704406,-0.6219026490539312,2.4016940617382523
1789665978836490200,8.870490234375,1.2152385443150997,-2.8793080668449402,2.2808275021716953
1789665978846443300,8.880443359375,2.819294035387039,-5.286130723643303,1.8817469355538485
1789665978856395000,8.89039501953125,5.157678531253338,-7.0135817082375285,1.0359294403910637
1789665978866348000,8.90034814453125,5.597877290201187,-8.746554671123624,-0.09868950681090355
1789665978876300000,8.910300048828125,4.09193496735692,-10.720561664962768,-0.9533394199877977
1789665978886252300,8.920252197265626,1.3096458437621592,-12.633895871174335,-1.7050532748252152
1789665978896205300,8.930205322265625,-1.2109013918936251,-13.53473879572749,-2.1497429154515264
1789665978906157000,8.940156982421875,-1.3308828391887246,-10.11782607319355,-1.9381705413043497
1789665978916110000,8.950110107421875,-0.396464831161499,-5.664510447537899,-1.513514219403267
1789665978926062000,8.96006201171875,1.2410967698015272,-3.1907915985524653,-0.46474926283657547
1789665978936015000,8.97001513671875,2.993522475045919,-0.3694190033257007,0.5108545959293842
1789665978945967000,8.979967041015625,4.559851754313707,1.4736843133181332,0.9264110810518265
1789665978955920100,8.989920166015626,5.069634337097406,2.612004453125596,0.9991495695263147
1789665978965872000,8.9998720703125,5.080718041169643,3.5598774244010447,0.2240034011751413
1789665978975824100,9.00982421875,3.9858711323857303,3.7082916238456964,-0.8437783905506133
1789665978985777200,9.019777099609374,4.1876571487948295,3.4840134973824024,-1.8686866707116365
1789665978995729200,9.029729248046875,4.764214927734434,2.782958401158452,-2.3234978923797605
1789665979005682200,9.03968212890625,4.668133265334368,1.348182787427306,-2.9375609338492152
1789665979015634200,9.04963427734375,4.042339161799847,-0.10266600922644138,-3.7941041134268043
1789665979025587200,9.059587158203126,3.525381280559301,-0.7427811913192272,-4.804509236460924
1789665979035539200,9.069539306640625,3.351320306421816,-0.9666741178572177,-5.8168917970478535
1789665979045492200,9.0794921875,3.452161730569601,-0.998818730136752,-6.695329997569322
1789665979055444000,9.08944384765625,3.637020285314321,-0.8539151691615581,-7.459692321577668
1789665979065396000,9.09939599609375,3.5741841821730134,-0.5627309136390686,-8.099193755686283
1789665979075349000,9.109348876953124,3.6867984617009757,-0.2233855615377426,-8.689459157460927
1789665979085301200,9.11930126953125,3.677538465924561,0.06486497862040996,-9.490276358163356
1789665979095254300,9.129254150390626,3.625075872759521,0.44798575956225395,-10.22614265552759
1789665979105206000,9.1392060546875,3.6021830729499458,1.004938089799881,-10.597807391953468
1789665979115159000,9.149158935546875,3.3769822786837813,1.6436755537986754,-10.65929441857338
1789665979125111000,9.159111083984374,2.930213493695855,2.069156636086106,-10.433075094914436
1789665979135063800,9.169063720703125,2.55171014342159,2.1078508161395786,-10.071429063677787
1789665979145016000,9.17901611328125,2.3133117216691375,2.2934949683040378,-9.786229727783798
1789665979154969000,9.188968994140625,1.8522135286860166,2.5705536678403615,-9.386866252571345
1789665979164921000,9.198921142578126,1.0565607250094413,2.2645073587507007,-8.779296080252527
1789665979174872800,9.208872802734374,-0.39758828223347664,1.3060913661509752,-7.519433965834975
1789665979184825900,9.218825927734375,-3.323861513870954,0.07784019552767277,-4.92510837726295
1789665979194777900,9.22877783203125,-10.200272885733842,-1.2573656214267015,-0.2392021393507719
1789665979204731000,9.23873095703125,-23.59137594846487,-4.697642268413305,8.56787509727478
1789665979214683100,9.24868310546875,-17.182887208777665,-7.3017042381018396,26.747508906090257
1789665979224636200,9.25863623046875,-1.2895135947071015,-9.898049349802731,35.422517513394354
1789665979234588000,9.268587890625,2.870488800573349,-10.306944623470306,26.272229481410978
1789665979244541000,9.278541015625,-2.4743100928768516,-5.96578121278882,15.970748968565463
1789665979254493000,9.288492919921875,-7.642783866649865,0.43899522837698457,4.939757080340385
1789665979264446000,9.298446044921874,-5.644699831652641,2.6808050176292655,0.17689327495396137
1789665979274398200,9.308398193359375,-1.400900086005777,2.702716989707947,-1.3952742089480161
1789665979284350000,9.318349853515626,2.417473668541759,1.663766155669093,-3.0360534567832946
1789665979294303000,9.328302978515625,5.009038121837377,0.1772919188827276,-4.60805669003427
1789665979304255000,9.3382548828125,6.164618024003506,-0.6407943965286016,-5.921875435566902
1789665979314208000,9.3482080078125,6.038696811395883,-1.0549287398934364,-6.458643640431761
1789665979324160000,9.358159912109375,5.1186500046789645,-2.928106292283535,-5.676918678212165
1789665979334112800,9.36811279296875,-2.3579868758283555,-9.072699180868268,-2.3940064298450947
1789665979344065000,9.37806494140625,-14.30349613982439,-17.916131340944766,6.816582049322128
1789665979354018000,9.38801806640625,-10.534348188477754,-14.545121122407913,10.099200867700576
1789665979363970000,9.397969970703125,3.0102012226462365,-5.621151782804727,-1.3132061665922403
1789665979373922000,9.407922119140625,6.684340986043215,-1.5341197850584982,-7.7401114374577995
1789665979383874800,9.417874755859375,7.45597651592493,1.3453402574777602,-8.750835124921798
1789665979393827000,9.4278271484375,6.5865691785991185,3.267738644632697,-8.466371702086924
1789665979403780000,9.437780029296874,4.856530515599251,4.214868104064465,-8.466767423406242
1789665979413732000,9.447732177734375,3.7905578191220757,4.509317498862743,-8.731794324365257
1789665979423685000,9.45768505859375,3.434775711482763,4.067448176354169,-8.54582985420525
1789665979433636900,9.467636962890625,3.5960394556283948,2.8397949716240167,-8.135276291936636
1789665979443590000,9.47758984375,3.9953006395101545,0.9444757300525903,-7.596604299277066
1789665979453542000,9.4875419921875,3.8691292515337463,-0.9656681556850671,-5.74798601860404
1789665979463495000,9.497494873046875,4.036434613931179,-2.876553215178847,-3.4971798529475926
1789665979473447200,9.507447265625,4.240616293305158,-4.566619348752498,-1.4808692563861607
1789665979483399000,9.51739892578125,4.8555718997001645,-5.737773252147436,0.31237200497984885
1789665979493352000,9.52735205078125,5.2591164599895475,-5.707969650036096,1.7210621603399514
1789665979503304000,9.537303955078125,5.431432344025374,-4.323789082032442,2.5010499235033987
1789665979513257000,9.547257080078126,5.487747520965337,-1.834738808402419,2.6462381466388702
1789665979523209200,9.557209228515624,4.302879564994574,0.5368786795020103,1.7590011381119488
1789665979533162000,9.567161865234375,2.7514064940750598,1.7612667449563741,1.771677079811692
1789665979543114000,9.577114013671874,1.2250269478797913,2.227657929781079,2.0016031490340827
1789665979553067000,9.58706689453125,-0.8000421246767043,3.1639351558089253,3.0714529792055485
1789665979563019000,9.59701904296875,-1.6521365081518888,4.2268665848940605,4.772610123375058
1789665979572971000,9.606970947265625,-2.2506652958810327,3.8700183093279596,4.807409926338494
1789665979582923800,9.616923828125,-2.687613528600335,2.3965309798866508,3.3074376178145406
1789665979592876000,9.6268759765625,-1.0242834262609481,1.9414064544856546,2.186963515821099
1789665979602829000,9.6368291015625,0.15529292610771953,1.5302081645727157,1.8409882241860032
1789665979612781000,9.646781005859374,0.1026337874572724,1.158330662178993,1.1824758001372218
1789665979622734000,9.656734130859375,-0.054170785322412845,0.7099614562571048,0.5236401354834437
1789665979632685800,9.666685791015626,-1.6520635890461504,0.23264555731415748,-0.3322416575759649
1789665979642638800,9.676638916015625,-5.11233541470468,-0.22875439509451387,-1.5520339196726678
1789665979652591000,9.686591064453125,-6.2820332740724085,-0.33366496837735177,-2.7610791623055935
1789665979662544100,9.696544189453125,-2.697535203155875,0.2217822179943323,-2.6333608371481296
1789665979672496000,9.70649609375,0.8843436251729726,1.030999582773447,-1.4033248289346694
1789665979682448000,9.71644775390625,2.272785503882915,1.4482733932077885,-0.5612576262161135
1789665979692401000,9.72640087890625,2.563439451920986,1.1979781974345445,-0.07643851203620433
1789665979702353000,9.736352783203126,0.5523842916697264,0.7703922518223524,0.2493926939755678
1789665979712306000,9.746305908203125,-5.050943665152788,0.5966361058503389,0.6323764045342802
1789665979722258200,9.756258056640625,-7.6627967271089545,0.5668325037389993,1.1446540190041063
1789665979732211000,9.7662109375,-2.8863956870183345,0.4644160853594541,2.030134831513464
1789665979742163000,9.776162841796875,1.126840422154963,0.3206055803179741,3.943252472364902
1789665979752116000,9.786115966796874,1.9474016032472252,0.5864870522797108,6.512942216852307
1789665979762068000,9.79606787109375,2.4922324107974765,1.0306512077271939,8.882548949456215
1789665979772021000,9.80602099609375,2.651959739156067,1.918691933852434,10.192043986570834
1789665979781973000,9.815972900390625,1.3364279060952364,3.1702175970792768,10.404888280349969
1789665979791925000,9.825925048828125,-0.8498878133416176,3.7715392303973436,9.64765829243958
1789665979801878000,9.8358779296875,-1.2797323515355585,3.098250092977285,8.275552193111182
1789665979811830000,9.845830078125,-0.21897300579249857,2.1517180149167774,7.382954534333944
1789665979821783000,9.855782958984374,-0.12761997934952377,1.1941150922656059,6.891883081761002
1789665979831734800,9.86573486328125,-1.6424847365789115,-0.40342005712687967,6.394314083862304
1789665979841687800,9.875687744140626,-3.7526527436196804,-2.2917501704633234,5.667231981456279
1789665979851640000,9.88564013671875,-4.614233332842588,-3.873954479733109,5.394588175752759
1789665979861593000,9.895593017578125,-3.5874534135907887,-4.152701278486847,5.964962882143259
1789665979871545000,9.905545166015624,-2.2432221402682364,-2.785041052651405,7.148383561915159
1789665979881496800,9.915496826171875,-1.3610931224048137,-1.0238590633690356,8.397646540907024
1789665979891449900,9.925449951171874,-0.2764595645993948,0.3271563171356916,8.649665491732954
1789665979901402000,9.935402099609375,0.024498335310071704,1.1734463982462882,6.985950773990154
1789665979911355100,9.945355224609376,-0.3073363489001989,1.5656038876026868,4.309486123652756
1789665979921307100,9.95530712890625,-1.539042043891549,1.5653776776313781,2.96735576813221
1789665979931260200,9.96526025390625,-2.275969248485565,1.1492273182690143,2.4029230190113187
1789665979941212000,9.9752119140625,-1.106793367165327,-0.091816113910079,1.5808701380565762
1789665979951165000,9.9851650390625,-0.3240203571975231,-1.8068039227724075,1.3129130288645625
1789665979961117000,9.995116943359376,0.40633853838946665,-3.792836285448074,1.1205196947008371
1789665979971070000,10.005070068359375,2.059548849785328,-5.628099994507432,0.4501467369884252
1789665979981022000,10.01502197265625,3.291896349811554,-7.4006532726317635,-0.3919149127721786
1789665979990975000,10.02497509765625,2.952946134507656,-9.492427398717403,-1.0644079313784838
1789665980000927000,10.034927001953125,1.7252642882049083,-11.275794331800936,-2.3552999748319388
1789665980010879000,10.04487890625,-0.7179039396941661,-12.618981210637092,-3.6897190253227947
1789665980020832000,10.05483203125,-1.8253309285879133,-11.068742649948597,-3.875816181951761
1789665980030784000,10.064783935546876,-1.4095349356211722,-6.824218827810883,-2.7938077119529248
1789665980040737000,10.074737060546875,0.9293499109826981,-4.1639147464185955,-2.292723983931541
1789665980050689000,10.08468896484375,2.6471885792315004,-2.299246663698554,-0.8826280534267426
1789665980060642000,10.09464208984375,3.690223467713594,-0.02538987732231617,1.1458780078411102
1789665980070594000,10.104593994140625,4.143123887324333,1.6676719309359789,2.417325930634141
1789665980080547000,10.114547119140624,4.698603222399949,2.6426427524954077,2.6886551466077564
1789665980090498800,10.124498779296875,4.6780245447516435,2.906775334963202,1.6262562169641255
1789665980100451000,10.134451171875,3.507636365032196,2.8460446796685455,0.38330432081520555
1789665980110404000,10.144404052734375,2.8867957922518253,2.1382769340634344,-0.8763426895469426
1789665980120355800,10.15435595703125,3.0772283477365967,0.22814649232923984,-2.181924937132001
1789665980130308900,10.164308837890625,2.7947660355910657,-1.3323095109909773,-3.3430823471695184
1789665980140260900,10.1742607421875,2.407967150658369,-1.513431801816821,-4.330266753613949
1789665980150214000,10.1842138671875,2.598507258170843,-1.4013310247689486,-5.448907210439443
1789665980160166000,10.194165771484375,2.8269430888354776,-1.133418339240551,-6.325071620810031
1789665980170119000,10.204118896484376,3.1360183903574943,-0.7027502097040415,-6.919296573865413
1789665980180071000,10.21407080078125,3.4944998200833797,-0.23370704906582832,-7.429743758037686
1789665980190023000,10.22402294921875,3.6829964390695094,0.15680910282433033,-7.999768335816264
1789665980199976000,10.233975830078125,3.8766532172977923,0.4786158756256103,-8.668791047963499
1789665980209927700,10.243927734375,3.784574653059244,0.6582312690198421,-9.409491925877331
1789665980219880700,10.253880615234374,3.5456007695063945,0.7863754183739423,-9.92531963404417
1789665980229833000,10.2638330078125,3.408523956634104,0.928482042106986,-10.195030893427132
1789665980239786000,10.273785888671876,3.2099779450595376,1.2035194649487733,-10.206697950345276
1789665980249738000,10.283738037109375,2.9507869106471536,1.5655033498376607,-9.858338101661205
1789665980259690800,10.293690673828126,2.552861651544273,1.932156980103254,-9.430302658715844
1789665980269642800,10.303642822265624,2.2372205617658794,2.287407757344842,-9.430841003376244
1789665980279595800,10.313595703125,1.9089947157025335,2.6779905447304246,-9.342405764076114
1789665980289548000,10.323548095703124,1.3867137397430835,2.706043503782153,-8.87770910820961
1789665980299499800,10.333499755859375,0.2889068121097982,2.415937691146135,-7.757597409787774
1789665980309452800,10.343452880859376,-2.477241177892685,1.845335605740547,-5.411826310801506
1789665980319404800,10.35340478515625,-8.370002747178077,0.7353186003535985,-1.5197265180468558
1789665980329357800,10.36335791015625,-21.2322689825654,-2.3012299464702606,5.52853019773066
1789665980339309800,10.373309814453124,-19.356907656395435,-5.018891991853714,25.013113216924665
1789665980349262800,10.383262939453125,0.17839169681817293,-8.308784016105532,39.216202524626254
1789665980359214800,10.39321484375,3.9690652512744067,-10.000374582767487,32.119538628554345
1789665980369168000,10.40316796875,-1.6459528510808943,-6.26287615365982,22.801389938378332
1789665980379119900,10.413119873046876,-8.419244040209055,0.10440905350148677,8.71574861397147
1789665980389073000,10.423072998046875,-7.3385647729873655,2.7039269500195977,1.2347265041172504
1789665980399025000,10.43302490234375,-1.8072421680592,2.944197010862827,-2.0537287653297183
1789665980408977000,10.442976806640624,2.6107962463796137,2.2280641724944115,-4.797361702793836
1789665980418930000,10.452929931640625,4.503544760680199,0.6966653368324041,-6.600571400466561
1789665980428882000,10.4628818359375,4.570892203766108,-0.39473639993369575,-7.868342096051573
1789665980438835000,10.4728349609375,4.283443043118715,-0.9825415490746497,-8.580252932810783
1789665980448787000,10.482786865234376,4.066263935005664,-2.611276723372936,-8.262868068104982
1789665980458739700,10.49273974609375,-4.63901472287774,-7.619715125751495,-8.505466864156723
1789665980468691700,10.502691650390625,-15.809520295733213,-17.32529193867445,-3.268081174460053
1789665980478644700,10.512644775390624,-7.522970907789468,-17.75929944176674,9.61449485850632
1789665980488597000,10.522596923828125,3.2983857118308544,-10.16528808159232,3.7470939404487607
1789665980498549000,10.532549072265626,7.400953132361173,-4.122506046709418,-3.9297412488847967
1789665980508501800,10.542501708984375,6.662889032691717,0.7739402996927499,-6.928207025551796
1789665980518453800,10.552453857421876,6.505795267707109,4.137911121112108,-7.855339991137385
1789665980528406800,10.56240673828125,5.548268917423487,5.200555549949407,-7.712688593003153
1789665980538359000,10.572359130859375,4.219966303986311,5.288557074007391,-7.807542467173934
1789665980548312000,10.58231201171875,3.5469501382887363,5.069585821780562,-7.974552061495184
1789665980558263800,10.592263916015625,3.5229262886226174,4.3376901816129685,-6.910057036355138
1789665980568216800,10.602216796875,3.960125281232595,2.5816893943607804,-6.058198215201497
1789665980578168800,10.6121689453125,4.903757546198368,-0.1334568688094616,-4.552970178106427
1789665980588120800,10.622120849609376,5.394617986369132,-3.4612761803954837,-1.848267567539215
1789665980598073900,10.632073974609375,5.754560720819234,-6.578858750352263,0.25749358284473417
1789665980608025900,10.64202587890625,6.582790829104185,-8.335785420277714,2.68079683432281
1789665980617979000,10.651978759765624,6.896086378669739,-7.721107461780309,4.177532352882624
1789665980627931000,10.661930908203125,5.915320607095956,-4.911734516426921,4.249440235751867
1789665980637884000,10.6718837890625,4.353341339731216,-1.483224295079708,2.2009172223716975
1789665980647836000,10.6818359375,2.5049556987702846,0.7421925777763128,0.3088666272073984
1789665980657788700,10.69178857421875,-0.39319501571059223,2.665916076055169,0.0030921207964420315
1789665980667741000,10.701740966796875,-0.9960229619383811,4.516735666164756,1.204431903618574
1789665980677693000,10.71169287109375,-2.4679402655839917,4.491873612108827,1.8938783951133489
1789665980687646000,10.72164599609375,-2.202558559837937,3.6219916430085894,2.161424585416913
1789665980697598000,10.731597900390625,-1.252435179287195,2.2986603882431984,2.1211784997463226
1789665980707550700,10.74155078125,-0.35436993928644805,1.2344096932530402,1.1581751793563366
1789665980717502700,10.751502685546875,-0.2693359963297844,0.40986967165768146,0.4063832908466458
1789665980727455700,10.761455810546876,0.07139248069301248,-0.10580489177405833,0.11690087080597877
1789665980737408000,10.771407958984375,0.30869302420616146,-0.007120061138272285,-0.09205196849256754
1789665980747361000,10.781361083984375,-1.1583557966202498,0.18029694591760634,-1.0101499792292714
1789665980757312800,10.791312744140624,-4.05010248927772,0.21297347311675546,-1.9886533588290214
1789665980767264800,10.8012646484375,-5.728913069343567,0.15087854373157022,-2.4628078711315986
1789665980777217800,10.8112177734375,-3.7411166196048256,0.3637000411570072,-2.486201021678746
1789665980787170000,10.821170166015625,-0.5600900437414645,0.6084270814090967,-1.9487191155865786
1789665980797123000,10.831123046875,1.367956432303041,0.8878402351170778,-0.9361147289425135
1789665980807074800,10.84107470703125,2.105962810435891,0.9538397707253694,0.03607172259539366
1789665980817027800,10.85102783203125,1.5853208338551221,0.9431605558007955,1.1251534919813275
1789665980826979800,10.860979736328124,-0.5211807596325874,1.193572071430087,2.148091933374107
1789665980836932900,10.870932861328125,-3.206073923358321,1.7863737136840818,2.4044413146197794
1789665980846884900,10.880884765625,-4.196539251169562,2.0374773032307623,2.210655064792931
1789665980856837600,10.890837646484375,-3.060443217152357,1.725526154011488,2.266812128561735
1789665980866790000,10.900789794921875,-1.6514602163255214,0.8649901054054498,3.1353760008007288
1789665980876742000,10.910741943359374,-0.16621537520363927,-0.1368587862074375,5.200253936654329
1789665980886695000,10.92069482421875,1.751960571950674,-0.4306885878026485,7.749128272128105
1789665980896647000,10.93064697265625,3.2393893329828978,0.2850748327314854,9.763915604645014
1789665980906599700,10.940599609375,2.8177830463021993,2.410546645757556,10.862962887728214
1789665980916552000,10.950552001953126,-0.1899456487506628,4.371919783473015,11.217203026622533
1789665980926505000,10.9605048828125,-2.6257968316346405,4.672614210140705,10.239715253806114
1789665980936457000,10.97045703125,-2.361833322123438,3.828685597464442,8.328581772509217
1789665980946410000,10.980409912109375,-1.1738276526488363,2.416922610530257,7.016261156579851
1789665980956361700,10.99036181640625,-1.5095646049946545,0.7180506546884775,6.220185012924671
1789665980966313700,11.000313720703126,-2.573980719679594,-1.1686176629155873,5.795206034940481
1789665980976266800,11.010266845703125,-3.388591467934847,-3.26995281355083,5.675328778672218
1789665980986219000,11.020218994140626,-4.181422346058488,-4.769336800792813,5.28606116553843
1789665980996172000,11.030172119140625,-4.865400050753355,-4.275744305309653,5.2509945283323525
1789665981006123800,11.040123779296875,-4.652054821714759,-2.163087550193071,5.693589242506027
1789665981016076800,11.050076904296875,-3.8646220032423733,-0.037674189355969424,6.116555127102136
1789665981026028800,11.06002880859375,-2.3905197567731142,1.1658142959326505,6.400566714516282
1789665981035981800,11.06998193359375,-0.45221945160925386,2.094705503362417,6.486929823717475
1789665981045934000,11.07993408203125,0.2840530884683132,2.662629893991351,5.441674336576462
1789665981055885800,11.0898857421875,-0.219582077601552,2.8447318435043094,3.571074233458936
1789665981065838800,11.0998388671875,0.17263386394381522,2.3978876551926134,2.813857689552009
1789665981075790800,11.109790771484375,1.6505623907029627,0.3732768477976322,2.3624343567565083
1789665981085743900,11.119743896484374,2.0814590682983396,-2.396094342035055,2.2858903385192155
1789665981095696000,11.12969580078125,2.819838809788227,-5.1616369134902955,3.028205081370473
1789665981105648600,11.139648681640624,4.2419069176375865,-7.400300805932283,2.7471435759335754
1789665981115600600,11.1496005859375,5.2499464805841445,-9.612007133343814,1.3518454015880823
1789665981125552400,11.159552490234375,4.6399733387768265,-11.577028856694698,0.13651684090197086
1789665981135505400,11.16950537109375,1.051328085052967,-13.125191195631027,-0.7668114707261323
1789665981145457400,11.17945751953125,-1.930169313417375,-13.581790469759701,-1.295281802845001
1789665981155410400,11.189410400390624,-1.830157764222473,-9.990921694767474,-1.627322384890914
1789665981165362700,11.19936279296875,-0.5134473889015615,-5.786452235120534,-1.5072709410995244
1789665981175315500,11.2093154296875,1.0651450134813785,-3.5223856058746574,-0.3119341980844736
1789665981185267500,11.219267333984375,2.193163685635477,-0.8628864111244678,0.3251706962764263
1789665981195220500,11.229220458984376,3.9354529045298694,1.192788812097907,0.7904372609853744
1789665981205172500,11.23917236328125,4.452438842821121,2.3087620955407617,0.77136664981246
1789665981215124500,11.24912451171875,3.721540981519222,2.7277608300715683,-0.5019651870310307
1789665981225077500,11.259077392578124,3.1576012766122816,2.6984651774823663,-1.8339596407234668
1789665981235029500,11.269029541015625,3.690279581815004,2.045665870383382,-2.855341500324011
1789665981244982500,11.278982421875,4.264920713478326,1.1258552105098962,-3.3826088863939043
1789665981254934500,11.2889345703125,4.327408441573382,-0.09594050036370753,-3.7417175081074237
1789665981264887600,11.298887451171876,4.053446539008617,-1.181296527224779,-4.284518563395738
1789665981274839300,11.30883935546875,3.4903216576158997,-1.5034253715872763,-5.142287485376
1789665981284792300,11.318792236328125,3.4516172484293577,-1.500794438561797,-6.054634969761968
1789665981294744600,11.32874462890625,3.5567727363839743,-1.3309475749880075,-6.928955798092484
1789665981304696600,11.338696533203125,3.6013133043780923,-1.0233148734897375,-7.728889786219597
1789665981314649600,11.348649658203126,3.6450820112168785,-0.6911193931430578,-8.50017518748939
1789665981324601300,11.358601318359375,3.8175989707827567,-0.27991759609878064,-9.179343446075915
1789665981334554400,11.368554443359375,3.8866272065624594,0.23017127615511415,-9.838353298252821
1789665981344506600,11.378506591796874,3.8738495580539105,0.8112158451199531,-10.352271957927941
1789665981354459600,11.388459716796875,3.7056294188991186,1.4560563021689652,-10.686844104278087
1789665981364411600,11.39841162109375,3.326441593492031,2.031821469426155,-10.966115803688764
1789665981374364400,11.408364501953125,2.6644249607145785,2.332370350143313,-11.149981840264797
1789665981384316400,11.41831640625,1.9567314493894576,2.262168102148175,-11.016522633367776
1789665981394268400,11.428268310546875,1.8325135335683822,2.350266072317958,-10.900669225788116
1789665981404221400,11.438221435546875,1.7817687041066586,2.524943424788117,-10.717484741735458
1789665981414173700,11.448173583984374,0.548033987505734,2.177439316150546,-9.793558463236689
1789665981424126500,11.45812646484375,-1.936814450520277,0.7835451633840799,-8.026060714936255
1789665981434078500,11.468078369140626,-6.40316257622838,-0.7038175466746092,-4.184668196111917
1789665981444031500,11.478031494140625,-17.156457467013595,-2.9300241086035963,1.6462100407123565
1789665981453983500,11.4879833984375,-29.899353811132904,-7.443844179582595,17.189598689115048
1789665981463935500,11.497935546875,-8.800867860591412,-9.98250224146843,38.652847341609
1789665981473888500,11.507888427734375,5.118092370796203,-10.752053366291522,32.01421713638305
1789665981483840500,11.517840576171874,2.730106516414881,-9.023656040757894,19.99370450772047
1789665981493793500,11.52779345703125,-3.6134243056714532,-2.672117853304744,9.891855755859613
1789665981503745500,11.53774560546875,-7.45506232368946,3.7932477888584133,1.9069260927349327
1789665981513698600,11.547698486328125,-4.980729726719856,5.431437020200491,-0.4173673339366913
1789665981523650300,11.557650390625,0.07683642531260848,3.6411458408117294,-1.698936253249645
1789665981533603300,11.567603271484375,3.572582592195272,0.9311673356682062,-3.564062016609311
1789665981543555600,11.5775556640625,4.336410078674555,-1.5881237624466418,-5.1217584920883175
1789665981553507600,11.587507568359374,2.545729607707262,-3.3481723637849092,-6.076052436321973
1789665981563460600,11.597460693359375,0.6942378904897719,-5.940559677770733,-5.367537671741843
1789665981573412400,11.607412353515626,-2.571192550265789,-11.028448048961161,-2.9973908409118653
1789665981583365400,11.617365478515625,-5.306051229643821,-15.813277602440118,4.975322899240255
1789665981593317600,11.627317626953126,-3.970931921929121,-12.002238136303424,8.134704045006632
1789665981603270700,11.637270751953125,2.7863854529976844,-4.0401685397624965,0.9894739786863327
1789665981613222700,11.64722265625,5.113638313996791,-0.11406886225044727,-5.430298956081271
1789665981623174400,11.65717431640625,5.1493572776317595,2.7630729664713143,-8.029442174068093
1789665981633127400,11.66712744140625,5.905912142759561,3.945455535367131,-8.573290692582725
1789665981643079400,11.677079345703126,4.869198273992538,4.310034697446227,-8.808005457386374
1789665981653032400,11.687032470703125,3.7407705826461313,4.3930256998658175,-8.760017963808775
1789665981662984700,11.696984619140625,3.2658021236121653,3.68508318221569,-8.34696732402742
1789665981672937500,11.7069375,3.394228889299929,2.420091303694248,-7.535883580854534
1789665981682889500,11.716889404296875,3.789884449905157,0.5619178436905146,-6.84716306554675
1789665981692842500,11.726842529296874,4.336360978835821,-1.724082384943962,-5.308659366315603
1789665981702794500,11.73679443359375,4.286707013350725,-3.7578327766060826,-3.3593115974366663
1789665981712746500,11.74674658203125,4.230665392655134,-5.367927547842264,-1.9008324520349502
1789665981722699500,11.756699462890625,4.865395374578237,-6.284203019326925,0.10594459250569344
1789665981732651500,11.766651611328125,5.298143817520141,-5.721510099610686,1.1352934854626655
1789665981742604500,11.7766044921875,5.0404795542836185,-3.546697040310502,1.398292095464468
1789665981752556500,11.786556640625,4.038597344923019,-0.5894435639977454,0.7121610121279954
1789665981762509600,11.796509521484374,2.978820580476522,1.319549398139119,-0.2290361346453428
1789665981772461300,11.80646142578125,1.9850924514770507,2.1147072579056023,-0.18098901983499527
1789665981782413600,11.81641357421875,1.2112544431149959,2.615901460564136,0.34367315217256544
1789665981792366600,11.82636669921875,-0.38245851764082905,2.509097036358714,0.8033508108332753
1789665981802318600,11.836318603515625,-1.3831003715515136,2.7275007178306576,2.612565594139695
1789665981812271600,11.846271728515624,-1.5942378614127635,2.4447224716037512,3.798091429497301
1789665981822223400,11.856223388671875,-0.9480641099333763,1.435078980591893,3.356611690828204
1789665981832176400,11.86617626953125,1.9012065460443495,0.9239461522430181,2.6182605909109116
1789665981842128600,11.876128662109375,2.210203521633148,0.5935872396737337,1.9955740980029104
1789665981852081700,11.88608154296875,0.9651428166367113,0.7806669775992632,1.3519731196209788
1789665981862033700,11.89603369140625,-0.006437924093008041,0.9421049092680215,1.35005004260391
1789665981871985400,11.9059853515625,-3.155164989376068,1.1429530603051186,1.2776675279602407
1789665981881938400,11.9159384765625,-8.72160844591558,0.8791548243582248,0.39394758764356375
1789665981891890400,11.925890380859375,-7.900698889777064,0.4904284784942865,-0.4716092117339372
1789665981901843500,11.935843505859374,-1.7114492594726383,1.0414081640630959,-0.26324849310964343
1789665981911795500,11.94579541015625,1.5547722585953772,1.5295242739617823,0.5022290986642242
1789665981921748500,11.95574853515625,2.9152959105491636,1.3715432047486305,1.4651251592874526
1789665981931700500,11.965700439453125,2.3048042978256937,1.180899636861682,1.8664482441350816
1789665981941653500,11.975653564453125,-0.360251946529746,0.7984002026885747,1.7471055331349372
1789665981951605500,11.98560546875,-3.502738656118512,0.3687362817585468,1.2249848623037338
1789665981961557500,11.9955576171875,-5.058700270628929,0.22611878589391707,0.4989993229627609
1789665981971510500,12.005510498046876,-3.5048137088268994,0.3733025667607784,0.8801260074779391
1789665981981462500,12.015462646484375,-1.2304345060117543,0.513413632762432,2.8855028298318386
1789665981991415600,12.02541552734375,0.03818476922661066,0.5687947437226772,5.359668253540993
1789665982001367600,12.035367431640625,1.3268750648520886,0.7595259898930787,7.274290745997429
1789665982011320600,12.045320556640625,2.41454886713624,1.182204874241352,8.471543551766873
1789665982021272300,12.055272216796874,2.4452337821267545,2.2915432497143744,8.900670297080278
1789665982031225300,12.065225341796875,1.014162429741025,3.518193414881825,8.91573751783073
1789665982041177600,12.075177490234376,-0.6699129389852285,3.6040035663753747,8.788453784698248
1789665982051129600,12.085129638671875,-0.8820623823679983,2.8019144460409877,8.154267408132553
1789665982061082600,12.09508251953125,-0.3831934077866375,2.174422014155984,7.145480241689086
1789665982071034400,12.105034423828124,-0.25533377446234223,1.2787684749394654,6.251203251522779
1789665982080987400,12.1149873046875,-1.1879391801096497,0.015807225462794304,5.773385832798481
1789665982090939600,12.124939697265624,-2.8543355381518603,-1.7299118217498064,5.6064469656258815
1789665982100892400,12.134892333984375,-4.187643412530422,-3.330868762284517,5.3586523544967175
1789665982110844700,12.1448447265625,-4.045091967639327,-3.5781244442313906,5.68845480222702
1789665982120796700,12.154796630859375,-2.685744812119007,-2.317111406213045,6.925951940101385
1789665982130749700,12.164749755859376,-1.571994027031213,-0.9633943655341863,8.19535578984618
1789665982140701700,12.17470166015625,-1.1714013022847474,-0.031111177578568457,8.290521798706054
1789665982150654700,12.18465478515625,-0.22184308133609593,0.4576771324932575,7.0420134374737735
1789665982160607000,12.19460693359375,-0.258573779296875,0.7038689846009015,4.949194770771265
1789665982170560000,12.20456005859375,-2.203482688945532,0.7376724700033664,3.258367005175352
1789665982180511700,12.21451171875,-3.064114599141478,0.0014887772530317305,2.05582456856519
1789665982190464800,12.22446484375,-2.0274971764862535,-1.6753917115330694,1.4316276710942386
1789665982200416800,12.234416748046876,-0.7381716516971588,-3.50813203959465,1.110478485418856
1789665982210368800,12.24436865234375,0.6800304283738136,-5.226769018614291,0.5876403139680624
1789665982220321800,12.25432177734375,2.220847665244341,-7.25306441809535,0.005172434201836586
1789665982230273800,12.264273681640624,2.6714462376534938,-9.58846200710535,-1.1405021600216627
1789665982240226800,12.274226806640625,2.0306245147265494,-11.288756689226627,-2.5244033265620467
1789665982250178800,12.2841787109375,-1.0487608649134634,-12.054580902481078,-4.259537851396203
1789665982260131800,12.2941318359375,-2.855521533066034,-10.818384910333156,-4.468821822345257
1789665982270083600,12.30408349609375,-2.6022119579076763,-6.717876760420203,-3.0372265922158954
1789665982280036600,12.31403662109375,-0.10967398829236626,-4.1187399721741675,-1.9237737671613693
1789665982289988900,12.32398876953125,2.1746320036448537,-2.639661690858006,-1.2907552653312682
1789665982299940900,12.33394091796875,3.891411225968599,-1.1758721640884875,0.07364800453484058
1789665982309894000,12.343893798828125,5.0550844182193275,0.3954933557808399,1.4479332014679909
1789665982319845600,12.353845703125,5.613105254471302,1.291183135354519,1.1887100183516741
1789665982329798700,12.363798583984375,4.792732289427518,1.678270481839776,0.45497722588479517
1789665982339750700,12.373750732421875,3.871981718355417,1.6807009238570927,-0.060526072633266446
1789665982349703700,12.38370361328125,3.7561996224462986,1.1322849512964486,-0.8943494708806276
1789665982359656000,12.393656005859375,3.7076027647987004,0.2865016506642103,-1.810986176893115
1789665982369607700,12.403607666015626,3.3082641317665575,-0.5773451299250125,-2.8632664481043815
1789665982379560700,12.413560791015625,2.8830314712822434,-0.8742068465620279,-3.8312972412675617
1789665982389512700,12.4235126953125,2.7896973540246486,-0.6734504654616117,-4.635835508319735
1789665982399465700,12.4334658203125,2.9917043197080493,-0.2930757683575153,-5.501437608143687
1789665982409418000,12.44341796875,3.2125369818925855,0.16900632109642028,-6.161039580994844
1789665982419371000,12.45337109375,3.666410922710597,0.6621271074146032,-6.667215663719177
1789665982429322800,12.46332275390625,3.9162025528758764,1.0546259575545787,-7.173049801138043
1789665982439275800,12.47327587890625,4.053305084711313,1.3465262523919344,-7.823464258927107
1789665982449227800,12.483227783203125,4.066120142620802,1.477082723584771,-8.527948160555958
1789665982459179800,12.4931796875,3.994064667974412,1.5033838705331086,-9.11400208211541
1789665982469132800,12.5031328125,3.779158473229408,1.4071440949618816,-9.51722047919035
1789665982479084800,12.513084716796875,3.508717730528116,1.3624421989262103,-9.744253457319736
1789665982489037800,12.523037841796874,3.1682337297856806,1.3972148216217755,-9.783740833577513
1789665982498989800,12.53298974609375,2.561759243749082,1.6868296358704566,-9.748450324487685
1789665982508942800,12.54294287109375,2.2672693708099425,2.130989115142822,-9.9383194008708
1789665982518894600,12.55289453125,2.2980802502676845,2.7035025871276854,-10.035151297116279
1789665982528847600,12.56284765625,1.7066648016750812,3.0361820515990257,-9.464901093888281
1789665982538799900,12.5727998046875,-0.24913725790977476,2.289981407225132,-8.381905366417765
1789665982548752000,12.582751953125,-4.139531415790319,0.7164157469630241,-6.048875091060996
1789665982558705000,12.592704833984374,-12.308690103584528,-1.1798358070224524,-2.1853198402673004
1789665982568656600,12.60265673828125,-29.14513586452007,-5.038341957733035,7.080358657959104
1789665982578609700,12.612609619140626,-20.68122149245739,-8.26460643620491,31.49445091972351
1789665982588561700,12.622561767578125,1.4542004451692103,-10.123311226606369,37.43778532290458
1789665982598514700,12.6325146484375,4.6234582573056215,-10.501413887125253,24.107450324869156
1789665982608467000,12.642467041015625,-1.7639444397330284,-7.735838582444191,14.364203414243459
1789665982618420000,12.652419921875,-7.849253364700078,-1.1838076332628726,2.6004472863227126
1789665982628371700,12.662371826171874,-7.333489953941107,2.5551030007302757,-2.9715280853807924
1789665982638323700,12.67232373046875,-2.8425334566771983,3.02257788913846,-4.128406795185804
1789665982648276700,12.68227685546875,0.7745992019928991,1.3342331725299357,-4.865791680419445
1789665982658229000,12.69222900390625,2.711248671209812,-0.7494897490471601,-5.715500045540929
1789665982668182000,12.70218212890625,2.526789929437637,-2.3521710291564464,-6.421769661542773
1789665982678133800,12.7121337890625,0.8994191022951156,-4.87620727597177,-7.207272973257303
1789665982688086800,12.722086669921875,-2.632183902323246,-10.180821166288853,-6.274446764466166
1789665982698038800,12.732038818359374,-4.9270975052535535,-17.25961973532438,-1.3250760526061058
1789665982707990800,12.74199072265625,0.013293196815252303,-17.94193681333065,9.636669865435362
1789665982717943600,12.751943603515626,3.063128510713577,-8.300130169528723,9.982302334982156
1789665982727895800,12.761895751953125,6.4476236492455,-1.0899275725603104,0.007839023062586783
1789665982737848800,12.771848876953126,6.101668523615598,2.4133412449121474,-6.511603077203035
1789665982747800800,12.78180078125,5.694170257264376,4.826638650682568,-8.050742736250161
1789665982757753900,12.79175390625,5.156346990388632,5.6692778080701824,-8.698887495541571
1789665982767705600,12.80170556640625,3.8574388137400146,5.708267756199836,-9.033472501373291
1789665982777657900,12.811657958984375,3.2642683381736277,5.357544100993872,-9.285382731127738
1789665982787611000,12.82161083984375,3.5443981157183644,4.4590182212114335,-9.008753655180335
1789665982797563000,12.83156298828125,4.250592912918329,3.3118314688593147,-8.231500869938731
1789665982807516000,12.841515869140625,3.916555019575357,1.5773948631614445,-7.2327686490416525
1789665982817467600,12.851467529296874,3.5697698728621003,-0.48426703325510023,-5.149749491819739
1789665982827420700,12.861420654296875,3.7709330811977386,-2.7799457753390073,-2.725180165928602
1789665982837372700,12.87137255859375,4.445450299108028,-5.1163820597469805,-1.0759633446156978
1789665982847325700,12.88132568359375,5.5260734522283075,-6.882883782747387,0.6196008018523455
1789665982857278000,12.89127783203125,6.231679051363468,-6.977430782926082,2.469514383032918
1789665982867229700,12.901229736328125,5.476010321420431,-4.998950443065167,3.3272774597942827
1789665982877182700,12.9111826171875,4.480422243767976,-1.861608110627532,2.1296587433218956
1789665982887134700,12.921134765625,3.7130338499367235,0.7317465870857238,0.8673913213282823
1789665982897087700,12.931087646484375,3.3853310048341747,2.3004688989698887,0.515260137411952
1789665982907040000,12.9410400390625,2.338155363285541,3.304206380808353,0.716520376381278
1789665982916993000,12.950992919921875,-0.08462825736575759,3.6988095097512006,1.1217670644134283
1789665982926944800,12.96094482421875,-1.2371154450803994,3.883942205262184,2.4795135067388414
1789665982936896800,12.970896728515624,-2.1433903315544125,3.0373733072102067,3.857069688166678
1789665982946849800,12.980849853515625,-1.1411924803733826,1.8781261147081851,3.22963980012387
1789665982956801800,12.9908017578125,1.5802701263368129,0.9589251111656427,2.2632246254637836
1789665982966754600,13.000754638671875,0.7613760016739368,0.31065409514605996,1.5990537372618914
1789665982976706800,13.010706787109376,-0.1618262003339827,-0.27884266034364696,1.8341700686037539
1789665982986659800,13.020659912109375,-1.7392070349700748,-0.3700958796739578,2.144563174726069
1789665982996611800,13.03061181640625,-9.022920712220667,-0.11505962685346603,1.6135168546393512
1789665983006564900,13.04056494140625,-12.718075206595659,-0.0679524232417345,1.052723046542704
1789665983016516600,13.0505166015625,-4.664060316807031,0.5547071816593409,1.0583376715540884
1789665983026468900,13.06046875,0.954082931831479,1.0934154146760702,1.2956632033780215
1789665983036422000,13.070421875,2.3578514128804207,0.8913058654010295,1.8333023458585143
1789665983046374000,13.080373779296876,0.8805494935870171,0.6675836192548275,2.072489872162044
1789665983056327000,13.090326904296875,-1.8057085287511347,0.42864276118874545,1.7742407928198576
1789665983066278700,13.100278564453125,-3.370548446244001,0.21891981430053709,1.1414017392098903
1789665983076231700,13.110231689453125,-2.9254174915909767,0.8200818731427192,1.0271972678810357
1789665983086183700,13.12018359375,-1.5150404060572384,1.9366268189936875,1.5713389241233466
1789665983096136000,13.130135986328124,-0.3312897636786103,2.5696903290092945,2.6534292271867392
1789665983106089000,13.1400888671875,0.3113518681518733,2.5927345199882983,4.273612553977966
1789665983116040700,13.150040771484376,1.085941571664065,2.081291310516,5.962873800909519
1789665983125993700,13.15999365234375,1.960707805674523,1.604809524309635,7.155888822978735
1789665983135945500,13.169945556640625,1.8518750905118881,1.911392424494028,7.50914813414216
1789665983145898500,13.1798984375,0.4442779910854995,2.586325237467885,7.015484326988458
1789665983155850800,13.189850830078125,-1.262092357687652,2.5796862378448244,6.538640721732378
1789665983165802800,13.199802734375,-1.8631654230721293,2.112248174315691,6.559643762272596
1789665983175755800,13.209755859375,-0.8325411033518612,1.8023440207540988,6.672582743710279
1789665983185707500,13.21970751953125,-0.21451032729521394,1.1645032133340836,6.326978331214189
1789665983195660500,13.22966064453125,-0.876706700553745,0.11375906564891337,5.954034076371789
1789665983205612500,13.239612548828125,-1.7351872779347002,-1.067577793586254,5.963056756260991
1789665983215565600,13.249565673828124,-2.659346050015092,-2.267328261390328,6.151532916980981
1789665983225517800,13.259517822265625,-3.3153415228068828,-2.8377736949294805,6.156514212524891
1789665983235470800,13.269470947265624,-3.1650048308670518,-2.229799033463001,6.495009669798613
1789665983245422600,13.279422607421875,-3.13542919229269,-1.0061544798523188,7.566847458916902
1789665983255374600,13.28937451171875,-2.6889526682496068,-0.28639468315839767,8.533840725725888
1789665983265327600,13.29932763671875,-1.2538691576130687,0.2242179207086563,8.43331523565948
1789665983275280000,13.30927978515625,-0.5058704508412629,0.9177198250740766,7.635266915148496
1789665983285232600,13.319232666015624,-0.34233050539195536,1.4411024786651134,6.207675659963488
1789665983295184600,13.3291845703125,-0.1509826068942435,1.3492396030038594,4.384557146728039
1789665983305137700,13.3391376953125,0.04075052806138992,-0.10709668515026569,2.6553777309060096
1789665983315089700,13.349089599609375,0.3000537724102847,-2.4583213733673093,1.4808204488083718
1789665983325041700,13.359041748046875,1.5038450583040714,-4.770021275925636,0.6868944689244032
1789665983334994400,13.368994384765625,3.1321161222219467,-6.763142720079421,0.1361748955965042
1789665983344946700,13.37894677734375,4.607961412966251,-8.264073936763406,-0.3994318642735481
1789665983354899700,13.388899658203124,4.429699772268534,-9.840264684832096,-0.8277221587628125
1789665983364851700,13.398851806640625,2.3264462207913397,-11.52454346717596,-2.2340298029005528
1789665983374804700,13.4088046875,-1.810148557025194,-12.818905232566594,-3.3158974031239747
1789665983384756500,13.418756591796875,-3.36323958453536,-10.476827727401256,-2.353793661922216
1789665983394708700,13.428708740234375,-2.0615512756489216,-6.199779938277602,-1.0786825404465197
1789665983404661800,13.438661865234375,0.24217662511691448,-4.447501970940828,-0.8471984281271696
1789665983414613800,13.44861376953125,3.4379064107239246,-2.894688591328263,-0.042512861558794975
1789665983424566800,13.45856689453125,5.612689074885845,-1.0376572870969771,0.23515549430847166
1789665983434518500,13.4685185546875,6.144796886724233,0.33674715230166913,0.09481237311661243
1789665983444471600,13.478471435546876,5.1588125037193295,1.5273025062590837,-0.142322312310338
1789665983454423600,13.488423583984375,3.675612758558988,1.8243799114733934,-1.5012877750366926
1789665983464375800,13.498375732421875,2.9173417371630666,1.584618969196081,-2.686740252897143
1789665983474328800,13.508328857421875,2.932820169062912,0.9176672181040048,-3.7681472498714923
1789665983484280600,13.518280517578125,3.1352468214631077,-0.03394084804654121,-4.9320308700025075
1789665983494233600,13.528233642578124,3.1906630037367343,-0.601656564360857,-5.55784806215167
1789665983504185600,13.538185546875,3.04230959456861,-0.7937994308948516,-6.251642811983824
1789665983514138600,13.548138671875,3.1453999666869636,-0.681428604733944,-7.033320427930355
1789665983524091000,13.5580908203125,3.27233941642642,-0.32691549411714077,-7.637287607321142
1789665983534042600,13.568042724609375,3.3447935350015756,0.1727273874461651,-8.040857302051782
1789665983543995600,13.57799560546875,3.448286058180034,0.7232868017762899,-8.410368075314164
1789665983553947600,13.58794775390625,3.4441479354619977,1.2695868050962686,-8.820102137893437
1789665983563900700,13.597900634765624,3.4777728494271636,1.6085241609185934,-9.101172995680571
1789665983573852700,13.607852783203125,3.3642350253134965,1.7379583500832319,-9.45082463774085
1789665983583805400,13.617805419921876,3.2912381781637667,1.486352071711421,-9.739198512017726
1789665983593757700,13.6277578125,3.06556596699357,1.058920439878106,-9.73078022776246
1789665983603709700,13.637709716796875,2.639854875342548,0.5011486099511384,-9.491875610053539
1789665983613662700,13.647662841796874,2.0944800240434707,0.40570904484689235,-8.994839111596345
1789665983623614500,13.657614501953125,1.479679900471121,0.7581400884926318,-8.233083755216002
1789665983633567500,13.6675673828125,0.4551835621118545,0.8879816894143819,-7.196921090590953
1789665983643519700,13.677519775390625,-1.6578209835290907,0.5473924747318029,-5.522752198851109
1789665983653472800,13.68747265625,-4.457933348584175,-0.13217267421782017,-3.075540833041072
1789665983663424800,13.6974248046875,-8.625160580551624,-1.334751058924198,0.6498983249604702
1789665983673377800,13.707377685546875,-13.198570904618501,-2.9926497838646173,8.670812909179926
1789665983683329500,13.71732958984375,-10.834226622587442,-4.041790003484487,20.1427716181159
1789665983693281500,13.727281494140625,-3.995368444049358,-5.115875863790512,23.72397590818405
1789665983703234600,13.737234619140626,0.09771247847229242,-5.419105946415662,17.82210748785734
1789665983713186800,13.747186767578125,-1.4266495904207228,-3.1470828052073716,10.607679966670274
1789665983723139800,13.757139892578126,-3.2297347849309443,0.5692237827897072,4.347112089952827
1789665983733091600,13.767091552734374,-3.09745748129487,1.3883914636969565,0.17640169204473494
1789665983743044600,13.777044677734375,-1.5867571502685547,-0.6945078665375709,-2.571988084557652
1789665983752996600,13.78699658203125,-0.9464087439417839,-4.59502068285048,-3.6132694073706864
1789665983762948900,13.796948974609375,-1.4193288921438156,-8.433532093280553,-3.032363954615593
1789665983772902000,13.80690185546875,-1.3236638477206228,-10.716673425352573,-1.9869863023996353
1789665983782853600,13.816853515625,-3.5626921895608303,-12.188221311163902,-1.5457026708245276
1789665983792806700,13.826806640625,-8.608955295681954,-13.456412862509488,-0.09921674555540085
1789665983802758700,13.836758544921874,-8.689224179661274,-8.796790235888958,4.339308138203621
1789665983812711700,13.846711669921875,-0.047628158745914695,-2.3160148431479928,5.426441696131229
1789665983822663400,13.856663330078124,6.208010591006278,0.7565525270402431,-0.4276572572827339
1789665983832615700,13.86661572265625,5.736129576593637,2.6040175460249184,-5.684897986528277
1789665983842568700,13.876568603515626,6.479691689157486,3.450923713207245,-7.065837380653619
1789665983852520700,13.886520751953125,7.1061495172977445,4.0634085455745454,-7.013851172828674
1789665983862473700,13.8964736328125,7.432460031259059,4.679461884078383,-6.971784301471709
1789665983872425500,13.906425537109374,8.859358628004788,5.076646261686086,-6.760739166069031
1789665983882378500,13.91637841796875,9.832639012259245,4.991534613850712,-7.170492517870664
1789665983892330800,13.926330810546874,8.95512552536726,4.070596995773911,-8.068390621143578
1789665983902282800,13.93628271484375,8.681224413079024,3.1024416994482276,-6.469931927165389
1789665983912235800,13.94623583984375,7.967088301485776,1.9625006804406642,-3.1482541870743033
1789665983922187500,13.9561875,6.8280094522655,0.41469256176948543,-1.1177543216407297
1789665983932140500,13.966140625,6.275687704437971,-1.7540800483226775,1.0214590164899826
1789665983942092500,13.976092529296874,6.579103665024042,-4.054641886273026,3.56544382635653
1789665983952045600,13.986045654296875,6.947850468176603,-4.984738377839326,4.882313483892381
1789665983961997800,13.995997802734376,6.016746845394373,-3.8354754037350416,5.6687365408003325
1789665983971949600,14.005949462890625,4.08413861439228,-1.3496920229464768,4.392133134940266
1789665983981902600,14.015902587890626,2.384393382847309,0.8484633334964513,2.4504379266411065
1789665983991854600,14.0258544921875,-0.7492682152509689,1.6533336089819668,0.8203504609510303
1789665984001807600,14.0358076171875,-1.9422084185183046,2.9654163245022294,2.687432619075477
1789665984011759900,14.045759765625,-3.9216386064499615,2.333058916929364,5.238899016869068
1789665984021712600,14.055712646484375,-3.3072850576013324,0.645569940367341,5.806373910164833
1789665984031664600,14.06566455078125,-2.91099441396296,-0.0715162532031536,5.538084792539477
1789665984041616600,14.07561669921875,-8.675610664850472,-0.5385808072447776,4.000405561433732
1789665984051569700,14.085569580078126,-15.526400104200839,-1.0748971766889095,1.8900182125538587
1789665984061521700,14.095521728515624,-8.637101193714141,0.05705050547719001,2.001668030963838
1789665984071474400,14.105474365234375,-0.6750756555106491,1.5054624303728341,1.9967305745616555
1789665984081426700,14.1154267578125,3.2099948961943388,1.6138497398555278,0.9387751803234219
1789665984091379700,14.125379638671875,4.6027281884878875,1.3047311837136744,-0.2612535199001431
1789665984101331700,14.135331787109376,3.330414004254341,1.3503794206887483,-0.6358785674363374
1789665984111283500,14.145283447265625,1.111228719264269,1.3778431816756724,-0.5284437363728881
1789665984121237500,14.155237548828126,-1.8253508023321627,1.136732578355074,-1.0797650749862193
1789665984131189500,14.165189453125,-3.4009137738913298,0.6651736355036497,-1.8395649133846164
1789665984141142500,14.175142578125,-1.8458178362995386,0.030233225700259207,-1.9845815793454646
1789665984151094500,14.185094482421874,0.49707916855514045,-0.023572598767280576,-1.7934134030625224
1789665984161047600,14.195047607421875,1.5203256529837845,0.017438041535019874,-1.030717843222618
1789665984170999600,14.20499951171875,1.078777232992649,0.09053484192788601,0.0685229166060686
1789665984180951600,14.21495166015625,-0.16469722572565076,0.694599051952362,1.0434589591130614
1789665984190904600,14.224904541015626,-1.637258964754641,1.7834429209291933,1.7451517687186597
1789665984200856300,14.234856201171874,-2.328979830922186,2.4854829365372657,2.4528154694274065
1789665984210809300,14.244809326171875,-1.75771226734519,1.9280179806023836,3.8370524437934157
1789665984220761600,14.25476171875,-0.5265300117060542,0.6439128208100795,5.428620209214091
1789665984230714600,14.264714599609375,0.027751930278539658,0.14939152004420755,6.336350555193424
1789665984240666600,14.27466650390625,-0.35636151496246454,0.44429391930699347,6.434362016612291
1789665984250618400,14.284618408203125,-0.6971506361313163,0.7774573679029941,6.473517384436726
1789665984260571400,14.2945712890625,-0.19463979791626332,1.013242976808548,6.898384718739986
1789665984270523600,14.304523681640624,0.3948698170550167,1.6875287240505217,7.482606164175271
1789665984280476700,14.3144765625,0.2774129198014736,2.562809337323904,7.447890240103006
1789665984290428700,14.3244287109375,-0.6900276523835956,2.6932144173473116,6.760764885032176
1789665984300381400,14.33438134765625,-1.4461832890607416,1.6427946793109178,6.7738950002402065
1789665984310333400,14.34433349609375,-1.6197586716383694,-0.32357319795191286,7.413073778265714
1789665984320285400,14.354285400390625,-1.8982700542010367,-1.9840309597253798,7.84404644370675
1789665984330238500,14.364238525390626,-2.1314183003403246,-2.30663969655931,7.982998987323045
1789665984340190700,14.374190673828124,-1.8826359933480619,-1.4984008214235305,8.5334093485713
1789665984350143500,14.3841435546875,-1.5805208862274884,-0.570982609155774,9.260136061668396
1789665984360095500,14.394095458984374,-1.4705403162039816,0.3117249392479658,9.03343684553802
1789665984370048500,14.404048583984375,-0.9933646294493228,1.2291963425189256,7.213629648807644
1789665984380000500,14.41400048828125,-0.9123246880322694,1.8988661203980444,5.449184273815154
1789665984389952500,14.423952392578125,-1.9144144026637075,1.8719845432132483,4.419969236370921
1789665984399905500,14.433905517578125,-1.8418933563321829,1.2095844640761613,3.8156945984661577
1789665984409857500,14.443857421875,0.28118310425626114,-0.05113631299734115,3.256720407012105
1789665984419810600,14.453810546875,1.858245356196165,-1.740830106127262,2.255085158149898
1789665984429762600,14.463762451171876,2.4478420649290085,-3.5741000110208985,1.7707871452346442
1789665984439714300,14.47371435546875,3.1905612969279287,-5.487196316823363,1.2776935391843318
1789665984449667300,14.483667236328126,4.277953213530779,-7.6549816694438455,0.3445762384921312
1789665984459619600,14.49361962890625,4.415134655821323,-10.20026002625227,-0.3987310225278139
1789665984469572600,14.503572509765625,2.4401392354667184,-12.290809578979015,-1.5876450390189885
1789665984479524600,14.513524658203124,-0.39706330851130184,-13.629663981568813,-3.370361983761191
1789665984489477600,14.5234775390625,-1.2242986336052417,-11.477379564940929,-3.5171710860967633
1789665984499429400,14.533429443359376,-1.143622776260227,-7.097883793255686,-2.348112109154463
1789665984509381600,14.543381591796875,0.6343615870021283,-4.544827788183093,-0.9648287822514772
1789665984519334700,14.553334716796876,2.71259540964365,-1.9582336706459522,0.8529238200366497
1789665984529286700,14.56328662109375,3.750588212305307,-0.04344108231961727,1.4447458036035299
1789665984539239700,14.57323974609375,5.427912353205681,0.994148984760046,1.0430991858899592
1789665984549191400,14.58319140625,5.057269361042976,1.413103880149126,-0.3912842136532068
1789665984559144400,14.59314453125,4.010963488066197,1.5381681836664676,-1.4576707516282796
1789665984569096400,14.603096435546876,3.7672307195484636,1.3513935661673544,-1.843026744276285
1789665984579048700,14.613048583984375,4.058142295609414,0.96661391210258,-2.1864386151641604
1789665984589001500,14.62300146484375,4.310415221196413,0.07677402760088443,-2.86282162694633
1789665984598953500,14.632953369140624,4.0074657090783115,-0.9410533543884754,-3.882660933279991
1789665984608906500,14.642906494140625,3.526096443091333,-1.6220990972846745,-5.021763163375854
1789665984618858500,14.6528583984375,3.245500509339571,-1.9390005623877047,-6.248356045398116
1789665984628810800,14.662810791015625,3.2999896398961543,-1.8057587976336478,-7.118276592943072
1789665984638763500,14.672763427734376,3.5142262648165223,-1.4634592719018458,-7.7946853236883875
1789665984648715500,14.682715576171875,3.653337506125867,-1.1750240228265523,-8.471828798449039
1789665984658668500,14.69266845703125,3.575368715782463,-0.9067746526896953,-9.314856078371404
1789665984668620500,14.70262060546875,3.44731429053843,-0.4457955560415983,-10.076223312216996
1789665984678573600,14.712573486328125,3.3771742941245435,0.06774433344900607,-10.594673185580968
1789665984688525300,14.722525390625,3.1825323042511937,0.6001005670905113,-10.901399878150224
1789665984698477600,14.7324775390625,2.8391780087694523,1.0792501112014055,-10.879336514902114
1789665984708430600,14.7424306640625,2.550422149437666,1.5764040985584258,-10.563799908411502
1789665984718382600,14.752382568359375,2.1129215435326096,2.017352214568853,-10.21790206592679
1789665984728335600,14.762335693359375,1.5393446800999342,2.4053303724139927,-10.124753826630116
1789665984738287400,14.772287353515624,1.5144655287787316,2.7861580739825964,-10.19223687879443
1789665984748239600,14.782239501953125,1.4423605159021913,3.008338935905695,-9.878424611878394
1789665984758192600,14.792192626953126,0.43948461932912464,2.6076895125359294,-9.073669487205148
1789665984768144600,14.80214453125,-2.1653170628108085,1.3237071023404599,-7.391479786095022
1789665984778097700,14.81209765625,-7.178804419142008,0.12385434320569037,-3.42558702737689
1789665984788049400,14.82204931640625,-19.353236858928202,-2.1134593036711213,2.6972604778677223
1789665984798002400,14.83200244140625,-30.435264522385594,-6.251620015630126,20.896545328092575
1789665984807954400,14.841954345703124,-5.271461562299728,-8.627475287234782,42.40413113496303
1789665984817906700,14.85190673828125,7.108300557851791,-11.418866585695742,35.69667932244539
1789665984827859700,14.861859619140626,3.642272799015045,-10.487267288351058,24.250071327865122
1789665984837811500,14.8718115234375,-6.673997286683321,-2.4631769967049357,10.811097091412543
1789665984847764500,14.881764404296876,-6.8751055499613285,4.274643650591373,2.052183873975277
1789665984857716500,14.891716552734374,-0.5557153357885778,5.37653229458034,-0.8385270458936691
1789665984867668700,14.901668701171875,4.537673824775219,4.379436734974384,-3.556521684232354
1789665984877621800,14.911621826171874,7.276918756413459,3.06338394677937,-5.483811935082078
1789665984887573500,14.921573486328125,6.642043813061714,2.066288387173414,-6.929906815207004
1789665984897526500,14.931526611328126,3.6961984504699705,0.8529320033431053,-8.283706273472308
1789665984907478500,14.941478515625,-3.7237820384442806,-3.6419805380702015,-8.73544524808824
1789665984917431600,14.951431640625,-10.273156920158863,-12.769393890422581,-5.47304737996161
1789665984927383300,14.96138330078125,-4.966525844800472,-19.82954270404577,5.910749061396718
1789665984937335600,14.97133544921875,-0.876033331336826,-17.97084375886321,10.227351446795463
1789665984947288600,14.98128857421875,3.6483459814488888,-9.657786887744068,0.04022971905767917
1789665984957240600,14.991240478515625,5.511867232221364,-2.3386568830668923,-5.31151826287806
1789665984967193600,15.001193603515626,4.43168363956213,2.088084623917937,-7.884432814630865
1789665984977145300,15.011145263671875,4.5706315070033074,4.704250872898101,-8.491822369685769
1789665984987097600,15.02109765625,3.779133923310041,5.3161657964229585,-8.355575577896833
1789665984997050600,15.031050537109374,2.665482945334911,5.060016029402614,-8.832999028867482
1789665985007002600,15.041002685546875,2.464150225651264,4.4995489690423005,-9.270565685746073
1789665985016955600,15.05095556640625,2.987390840423107,3.6250334949225187,-8.718052214738726
1789665985026907400,15.060907470703125,3.1197008772850037,2.265007124966383,-7.959296040174364
1789665985036860400,15.0708603515625,2.7415304122269153,0.732936089131236,-5.961988834768533
1789665985046812400,15.0808125,2.686518719100952,-1.0590724155694247,-3.7089609014093874
1789665985056764700,15.0907646484375,3.3414334109187123,-3.2809839106529948,-1.777412408593297
1789665985066717700,15.1007177734375,4.609128118658066,-5.212092258486152,0.044917000091075895
1789665985076669400,15.11066943359375,5.774693992787599,-5.864058621892332,1.5948147845178842
1789665985086622500,15.12062255859375,6.246615923732519,-4.940872348105907,2.540850603494048
1789665985096574500,15.130574462890625,6.051530574005842,-2.840717931687832,2.1986095299512147
1789665985106526700,15.140526611328125,4.857956749010086,-0.22850012807250022,1.8071248252898453
1789665985116479700,15.150479736328125,3.652062371623516,1.5284481691628693,1.5731459735453128
1789665985126431500,15.160431396484375,2.879216881430149,2.419895488861203,2.133839243876934
1789665985136384500,15.170384521484374,0.17212182276844978,3.036332273724675,2.2476333808392286
1789665985146336500,15.18033642578125,-1.9150082769036292,3.948249549999833,2.954466183681786
1789665985156288500,15.19028857421875,-2.3061463600844143,3.5828859595447775,3.6803459245607253
1789665985166241500,15.200241455078125,-1.3779583324879408,2.2555688500136135,2.6877809941217303
1789665985176193500,15.210193603515625,1.5172756177634,0.896875774487853,1.5429823059499264
1789665985186146600,15.220146484375,1.9487059638440607,-0.19232289927601814,0.49930736599862574
1789665985196098600,15.2300986328125,1.4183914651632308,-0.24385960976779458,-0.10682108307927846
1789665985206051600,15.240051513671874,0.9330440893255174,0.010196984365582466,-0.24799510213732717
1789665985216003300,15.25000341796875,-2.2692022385686634,0.1199450608074665,-0.9192509801641106
1789665985225955600,15.25995556640625,-10.68029278293848,0.08150456325411796,-2.7322695396676657
1789665985235908600,15.26990869140625,-10.176265402680635,0.04042202675938606,-3.28121713488698
1789665985245860600,15.279860595703125,-1.4942238279998301,0.8901461739718913,-2.1672101830810306
1789665985255813600,15.289813720703124,2.2147848580740392,1.1366454845935106,-0.5743962169915438
1789665985265765400,15.299765380859375,3.2901994827657934,0.8609218330532312,1.218537293599546
1789665985275717400,15.30971728515625,2.0911165389597413,0.6573270136564969,3.093065383815765
1789665985285670400,15.31967041015625,-1.2309084071338177,0.7188713234215974,4.343234956258535
1789665985295622700,15.32962255859375,-5.434588762229681,1.3252876495301722,3.5839641101703044
1789665985305575700,15.33957568359375,-5.840950133505463,1.4093302068293094,2.6003210295945403
1789665985315527400,15.34952734375,-2.5470196475178,0.8864993419021368,3.121831751833856
1789665985325479400,15.3594794921875,-0.6878969239652156,-0.09265198021233081,4.61938560103923
1789665985335432400,15.369432373046875,0.46797348558008667,-0.5057517198324203,6.622408553743362
1789665985345384700,15.379384765625,2.1109359226733444,-0.1617126569569111,8.638292449325323
1789665985355337700,15.389337646484375,3.223217365860939,1.5603659869492053,9.498486552625893
1789665985365289500,15.39928955078125,1.8014157999932765,4.010252709448337,9.467397002357243
1789665985375242500,15.409242431640624,-1.1611733382590115,5.202386272507906,9.068307667911052
1789665985385194500,15.419194580078125,-2.397902414370328,4.443127409118413,7.63900902428627
1789665985395146500,15.429146484375,-1.8613883303970098,2.7150457254052163,6.094703360778093
1789665985405099500,15.439099609375,-1.2386948232263326,0.7883961105465889,5.468178312620521
1789665985415051500,15.449051513671876,-1.2566045739263296,-1.1026713187992572,5.3387704269409175
1789665985425004500,15.459004638671875,-2.1434394313931464,-2.853207410904765,5.3210073912352325
1789665985434956500,15.46895654296875,-3.5122008964687583,-4.115950633716583,5.40437833288312
1789665985444908500,15.478908447265624,-4.164741844892502,-3.714090080991387,5.495259796291589
1789665985454861600,15.488861572265625,-3.7111446751892565,-1.905055038166046,6.399033513599634
1789665985464813600,15.4988134765625,-2.957864301687479,-0.09855039060115814,7.461736394625902
1789665985474766600,15.5087666015625,-1.9050094454586506,0.7259376085460185,7.318503981733322
1789665985484718600,15.518718505859376,-0.9622511137831956,1.4584633633106947,7.0671075467199085
1789665985494670600,15.528670654296874,-0.5996657193372026,2.1633991003602744,6.208438461029529
1789665985504623600,15.53862353515625,-1.0796394027799368,2.2165917613655326,4.115378094525635
1789665985514575400,15.548575439453124,-0.8137912485659122,1.6242115593940019,2.456302727021277
1789665985524528400,15.5585283203125,0.7039116546988486,-0.22740824118256567,2.0260203819319607
1789665985534480600,15.568480712890626,1.5491326452732086,-2.629134451624751,1.7196575542390347
1789665985544433700,15.57843359375,2.1266940482974053,-4.967427762076259,1.7101140653461218
1789665985554385400,15.588385498046875,3.6300878557026386,-7.327913030591606,1.7068571093767881
1789665985564337400,15.59833740234375,4.939834237229824,-9.443840770202874,0.9835592016845941
1789665985574290400,15.60829052734375,4.41357281333208,-11.275371137952805,-0.08474515261054039
1789665985584242700,15.61824267578125,2.0505612412095067,-12.344170582288504,-1.1374433569729328
1789665985594195700,15.62819580078125,-0.4763372631691396,-10.920239018654822,-1.6126239974528551
1789665985604147500,15.6381474609375,-1.550438321044296,-7.358598676234483,-1.7944407002836464
1789665985614099500,15.648099365234375,-1.0306010849751532,-4.8251522115170955,-0.6289835472255945
1789665985624052500,15.658052490234375,1.799018383462727,-2.528864397624135,0.7306137836635113
1789665985634004500,15.66800439453125,3.6619480980828403,-0.5896417169183492,1.5276567265242338
1789665985643957500,15.67795751953125,5.260078583019972,0.4669283604413271,1.1590741740226744
1789665985653909500,15.687909423828126,5.536156454825401,1.165779809141159,0.3512257595092058
1789665985663861500,15.697861572265625,4.5282291200816625,1.6409417449206112,-0.5802396823227405
1789665985673814500,15.707814453125,4.147479744446278,1.7913053248673676,-1.4431044661372898
1789665985683766500,15.7177666015625,3.8743531236618756,1.5935446184515951,-2.1779016729652882
1789665985693719600,15.727719482421875,3.84838340062499,1.031238067704439,-2.9454326901376247
1789665985703671600,15.737671630859374,3.586374970704317,0.15138766229748726,-3.6752205443710086
1789665985713623600,15.74762353515625,3.4871462424501773,-0.8349380814909935,-4.544930664035678
1789665985723576600,15.75757666015625,3.291639160180092,-1.301860012191534,-5.242649309313297
1789665985733528600,15.767528564453125,3.1673195375502106,-1.4290373623400925,-6.101957861950993
1789665985743481600,15.777481689453126,3.099242611145973,-1.2639286332041024,-6.987759284716844
1789665985753433300,15.787433349609374,3.184249629563093,-0.8082914821058511,-7.519612245011329
1789665985763385600,15.797385498046875,3.3546409752771256,-0.3762883045732975,-8.151677391639351
1789665985773338600,15.807338623046874,3.3470354687094686,-0.06722001731395721,-8.79734728524983
1789665985783290600,15.81729052734375,3.3075685507178303,-0.017646131327748296,-9.43918680691719
1789665985793243600,15.82724365234375,3.1342987269580362,-0.039683775612711907,-10.058542694097756
1789665985803195400,15.8371953125,2.917067011874914,-0.09271510857641696,-10.592640218448638
1789665985813147600,15.847147705078125,2.523578273914754,-0.126288876876235,-10.976778652000426
1789665985823100700,15.8571005859375,1.935624363952875,0.14528817637860775,-11.031880361497402
1789665985833052700,15.867052734375,1.2809373434111475,0.5887602579087019,-10.927649587172269
1789665985843005400,15.87700537109375,0.7720810816921293,1.1531979754656552,-10.987112999010085
1789665985852957400,15.88695751953125,0.673805124118179,1.7390046442657707,-11.001983235883712
1789665985862909400,15.896909423828125,0.02005743025317788,2.003386233058572,-10.230514879262447
1789665985872862500,15.906862548828125,-2.066488293659687,1.1471417441666125,-8.76610517476797
1789665985882814700,15.916814697265625,-4.582485610926151,-0.32934710517823695,-6.2246910921722645
1789665985892767500,15.926767578125,-10.426115777295827,-1.8820722219854593,-1.6887299165338276
1789665985902719500,15.936719482421875,-21.402353162026404,-4.9926738470137115,8.287558272725343
1789665985912672500,15.946672607421876,-13.401706289809942,-6.4709612702131265,26.771532755756375
1789665985922624500,15.95662451171875,3.2666391589581965,-7.142023963755369,36.49880468313694
1789665985932576500,15.966576416015625,6.534430995082855,-7.77194683765769,29.910363865447042
1789665985942529500,15.976529541015625,2.0368331601083276,-1.8131173437029122,21.732902628731726
1789665985952481500,15.9864814453125,-5.424160891717672,6.559632071834803,10.904155314338206
1789665985962434600,15.9964345703125,-1.8481307894170282,8.831991897651553,5.082486219885945
1789665985972386600,16.006386474609375,3.7040953411996362,5.970584813678264,1.5882377442151308
1789665985982338300,16.01633837890625,6.306356398946046,2.363182837036252,-1.4644079509288073
1789665985992291300,16.026291259765625,6.260930864810943,-0.33333763611912726,-3.718549398487806
1789665986002243600,16.03624365234375,3.632194472593069,-1.7190870608747004,-5.715362682896852
1789665986012196600,16.046196533203126,-1.1573298876386136,-3.789213418775797,-6.2723769724547855
1789665986022148600,16.056148681640625,-7.7615762502908705,-8.851451800402998,-4.658043832996487
1789665986032100400,16.066100341796876,-8.209766592514514,-14.084576325523852,3.3946161350518462
1789665986042053400,16.076053466796875,-2.9598306333243847,-13.30560621497035,5.832703114163875
1789665986052005600,16.086005615234374,3.25667306073904,-7.627841149061918,-1.9803981561809778
1789665986061958700,16.095958740234376,4.321549194151163,-2.853518961071968,-6.530532234078645
1789665986071910700,16.10591064453125,2.8027918133974072,0.024298574954271315,-8.589389009946585
1789665986081862400,16.1158623046875,2.849637735724449,1.064463460958004,-9.320092225459218
1789665986091815400,16.1258154296875,2.549078918135166,1.248351124843955,-9.56425344852209
1789665986101767400,16.135767333984376,1.8402327296435832,1.0066998387753963,-9.652101243323088
1789665986111720400,16.145720458984375,1.552301922959089,0.7075245844990015,-9.084698246219753
1789665986121671700,16.155671630859374,1.3941922589302063,0.26784663455486296,-8.374103168234228
1789665986131623700,16.165623779296876,0.8958359100461005,-0.6530529895991086,-7.651189875945448
1789665986141576700,16.17557666015625,1.000211645799875,-1.2883628172367811,-6.1432414739757775
1789665986151529000,16.185529052734374,1.4544365920126436,-2.019643540376425,-4.5775119141668075
1789665986161482000,16.19548193359375,2.003193925356865,-2.606805130916834,-3.3420617719501253
1789665986171433700,16.205433837890624,2.6692531115233895,-3.2110037809759375,-2.209390451684594
1789665986181385700,16.2153857421875,3.445119410842657,-3.741636259564757,-1.2485346647173166
1789665986191338800,16.2253388671875,4.12815428172946,-3.4653064588248728,0.04978899004161358
1789665986201290800,16.235290771484376,4.623625430566072,-2.0530875448167323,1.220001228672266
1789665986211243500,16.245243408203127,4.401781837773322,-0.3533750464975834,1.3664029192507265
1789665986221195800,16.25519580078125,3.8234067802786824,0.8050760271906853,2.141780558270216
1789665986231147800,16.265147705078125,4.130822039633989,1.3352344585269689,2.837137150591612
1789665986241100800,16.275100830078124,4.257801236861944,1.7782856842964887,3.0484178483158346
1789665986251052800,16.285052734375,3.1728695728927847,2.2200644059121606,2.8553263027548788
1789665986261005600,16.295005615234373,0.2451402972280979,3.098116237464547,2.83480899990499
1789665986270957800,16.304957763671876,-0.296272445506975,3.8494776256024834,3.094179190276563
1789665986280909800,16.314909912109375,-0.7269827336847782,3.147192695322633,2.560349084690213
1789665986290862800,16.32486279296875,0.8453541154347359,2.228281030115485,1.9891206840798257
1789665986300814600,16.334814697265625,2.2395371681451794,1.4066548501402139,1.0494196210831404
1789665986310767600,16.344767578125,2.4430874177478255,0.8322083642661571,0.3284484027728438
1789665986320719600,16.3547197265625,2.1156546217583116,0.3090145112454891,0.14422142392992973
1789665986330671900,16.364671875,0.4861543083064258,0.04306289665699005,0.12326748322844505
1789665986340625000,16.374625,-6.535665505313873,-0.2616425192177296,-0.8100950243964791
1789665986350576600,16.38457666015625,-15.671058750504255,-0.8921896624982356,-2.018511029215157
1789665986360529700,16.39452978515625,-8.331565756756067,-0.44050914007127284,-1.5652411917701363
1789665986370481700,16.404481689453124,0.41480186736285685,0.4069008849799633,-0.15969371834993362
1789665986380434000,16.414433837890623,2.4571967532515524,0.28039456596076484,1.2323071680158375
1789665986390387000,16.424386962890626,1.7790508234500884,0.29288872135281563,2.7490555470347404
1789665986400338700,16.434338623046877,-1.581353245398402,0.9521008181035518,3.3380113275155425
1789665986410291700,16.444291748046876,-4.542297977444529,1.7560463799595831,2.561023915211856
1789665986420243700,16.45424365234375,-4.27871543007493,1.6358353616923094,2.4102660752505063
1789665986430195700,16.46419580078125,-1.7848311604171991,1.1236293511539697,3.462368651807308
1789665986440148700,16.474148681640624,0.29529972801730037,0.9908955359220504,5.239878675556183
1789665986450100700,16.484100830078123,2.2282557495437563,1.4450298812419176,7.276493224477767
1789665986460053800,16.4940537109375,3.6033375036820767,2.1433985148608685,8.583295369246601
1789665986470005800,16.504005859375,3.1249507606372235,3.306256883597374,9.005039018571376
1789665986479957800,16.513957763671876,0.5446045975789428,4.0350060424327845,9.110898270881176
1789665986489910800,16.523910888671875,-1.441664496462047,3.675746029549837,8.709163390362262
1789665986499862800,16.53386279296875,-1.2510774810679257,3.052953153657913,7.339275551605224
1789665986509815800,16.54381591796875,-1.038266505036503,1.882977061870694,6.3491632750153535
1789665986519767800,16.553767822265623,-1.1837649631649254,0.19034896885454652,5.971593698459864
1789665986529719800,16.5637197265625,-1.9493596054472029,-1.6275632079094648,5.903764609336853
1789665986539672800,16.5736728515625,-2.7329531380176544,-3.3673405901134013,6.156096863895654
1789665986549624600,16.58362451171875,-3.549947566539049,-4.365464323723316,5.8977428648293015
1789665986559577600,16.59357763671875,-3.968706647095084,-3.7840041596949097,5.939926640564203
1789665986569529900,16.60352978515625,-4.021448057201504,-2.529550626322627,6.653713208067416
1789665986579481900,16.61348193359375,-3.7148908759802577,-1.3740268382579088,7.422179460263252
1789665986589435000,16.623434814453127,-2.867325368106365,-0.6754810945063829,7.494236396214365
1789665986599386600,16.63338671875,-0.6235814689863473,0.06677811876535415,6.105959498807787
1789665986609339600,16.643339599609376,0.09774901109039782,0.8927700927346944,4.614624377986789
1789665986619292000,16.6532919921875,-0.9131950411260128,1.3311661861747504,3.3330928680747745
1789665986629244000,16.663243896484374,-0.6536152996569872,0.8684282631605863,1.899316786774993
1789665986639196700,16.67319677734375,0.3303928148388862,-0.8351262975394725,1.047767762222886
1789665986649148700,16.683148681640624,0.5242378091156482,-2.6559108148694035,0.7926707191258668
1789665986659101700,16.693101806640627,1.461683494400978,-4.740374910202622,0.5209960507154464
1789665986669053700,16.7030537109375,2.203008057171106,-6.638918959039449,0.06188800863623619
1789665986679006000,16.713005859375,2.6722809349119663,-8.700157077085972,-0.6308925957173108
1789665986688958700,16.722958740234375,2.0412848788201807,-10.728071602201462,-1.492174494254589
1789665986698910700,16.73291064453125,0.08486563718505204,-12.331644278192519,-2.3336826017856596
1789665986708863700,16.74286376953125,-1.6260345370374618,-11.549568018317222,-2.1985312040179967
1789665986718815700,16.752815673828124,-1.3251705990217626,-7.420702957969904,-1.295388185828924
1789665986728767700,16.762767822265626,-0.5335761308252811,-4.5503293082088225,-0.8051713042587041
1789665986738720800,16.772720703125,2.1390800671398638,-2.1993775917142626,0.30231998204290866
1789665986748672800,16.7826728515625,3.9241388988330956,-0.2701075652241707,1.3021709778368473
1789665986758625800,16.792625732421875,5.121027839726209,1.0149760842114686,1.2091478262245654
1789665986768577800,16.802577880859374,5.874044009333849,1.8554209464251994,0.5465414108604193
1789665986778529500,16.812529541015625,4.937596687436104,2.333577387845516,-0.45763095526397224
1789665986788482600,16.822482666015624,3.9490579437732696,2.18140412812829,-1.3969763366907835
1789665986798434800,16.832434814453126,3.9626305420517918,1.4600065010994672,-2.0857938826322555
1789665986808387800,16.842387939453126,3.853585645443201,0.3750678228676319,-3.0001877781540154
1789665986818339800,16.85233984375,3.4932486509785052,-0.5669564223796129,-3.720399410268664
1789665986828291600,16.86229150390625,3.1960277456402775,-1.1610305687874556,-4.498000570556521
1789665986838244600,16.87224462890625,2.9922417875856158,-1.3620704430043697,-5.4207063673496245
1789665986848196900,16.88219677734375,3.027286797481775,-1.2622241673737764,-6.325863063448667
1789665986858150000,16.89214990234375,3.1817288789138196,-1.0657663602501153,-7.084718022212385
1789665986868102000,16.902101806640626,3.334104383204877,-0.6684510497391224,-7.647425554975867
1789665986878053600,16.9120537109375,3.6023137135922907,-0.11505611972212791,-8.153093103656172
1789665986888006700,16.922006591796876,3.8716955948904155,0.3275023540943861,-8.883989211392402
1789665986897958700,16.931958740234375,3.830934545435011,0.6835159324020147,-9.569827449262142
1789665986907911700,16.94191162109375,3.6327217113375663,0.9893085589915513,-9.95150387661457
1789665986917864000,16.951864013671877,3.4358921482920644,1.0420172358721493,-10.268732089453936
1789665986927815700,16.961815673828124,3.152538732525706,1.127815696927905,-10.347117643904685
1789665986937768700,16.971768798828126,2.8014357226133346,1.2269359963715076,-10.127288313543795
1789665986947720700,16.981720703125,2.204102574409544,1.3311761230468748,-9.70878992975056
1789665986957673000,16.9916728515625,1.935978584218025,1.449246037632227,-9.81815572887659
1789665986967626000,17.0016259765625,2.014090582424402,1.8125123635470866,-9.843940158474444
1789665986977577700,17.01157763671875,1.4171967024207115,2.0318612169146535,-9.237817262354493
1789665986987530800,17.02153076171875,-0.1336485189240426,1.6967524794697761,-7.8383409255415195
1789665986997482800,17.031482666015624,-3.0612662239730355,0.6078565880447626,-5.298160184133052
1789665987007434800,17.041434814453126,-9.81697850179076,-1.2047130586475132,-1.4406436289817095
1789665987017387500,17.051387451171873,-25.697085660922525,-5.543083623740077,6.794335146200656
1789665987027339800,17.06133984375,-17.458514998728035,-8.159332874828577,28.3088533826828
1789665987037292800,17.071292724609375,2.806373763537407,-8.91151843883097,42.840366835498806
1789665987047244800,17.081244873046874,4.480172068399191,-9.623384851926565,31.6621666164875
1789665987057196800,17.09119677734375,-1.2191863320928067,-4.009033396786451,19.8422876193285
1789665987067149600,17.101149658203123,-9.311512028640507,3.9098540606319903,7.639788776487111
1789665987077101800,17.111101806640626,-5.365265635156631,6.1839668675959105,1.5528589723199604
1789665987087054800,17.121054931640625,0.6206896200023592,5.0339685649543995,-1.8094968151181936
1789665987097006800,17.1310068359375,4.683268875145912,3.018390374320745,-4.787057166400552
1789665987106958600,17.14095849609375,6.964522201514244,0.657298956605792,-6.87687372867763
1789665987116911600,17.15091162109375,5.596931533783674,-0.5969482405394315,-8.50996709818542
1789665987126864000,17.16086376953125,2.029860983008146,-1.936545570451021,-9.52667278266847
1789665987136817000,17.17081689453125,-4.825364977484941,-6.269714475247263,-9.33894422544539
1789665987146769000,17.180768798828126,-9.167858759987354,-13.653795383262633,-4.458590351188183
1789665987156721000,17.190720947265625,-7.035476144659519,-18.913357248932122,8.203365493300558
1789665987166674000,17.200673828125,-1.6634813473783432,-14.173867889392374,9.729968326857685
1789665987176626000,17.2106259765625,4.419444920235872,-6.103927116197347,-0.31386604292988773
1789665987186578700,17.22057861328125,3.8494697345569726,-0.3377472692549228,-5.675798734271526
1789665987196531000,17.230531005859376,2.89890942389369,3.2508044609665867,-8.116928149819374
1789665987206483000,17.24048291015625,3.5999732879459856,4.778783259052038,-8.974888210457562
1789665987216436000,17.25043603515625,3.3661610249400136,4.949382986819744,-9.068359690359234
1789665987226388000,17.260387939453125,2.770570628750324,4.866560326704382,-9.355641677746176
1789665987236340700,17.2703408203125,2.460479428184032,4.354531426298618,-9.501678042143583
1789665987246292700,17.280292724609374,2.558085231411457,3.458758060094714,-8.20910374469161
1789665987256245000,17.290244873046873,2.737414209079742,1.8319483009010553,-6.520317129534482
1789665987266198000,17.300197998046876,3.1113609189629554,-0.35356267802417274,-4.77931985014677
1789665987276149800,17.310149658203127,3.808887256538868,-3.015316958224773,-2.420561259293556
1789665987286101800,17.320101806640626,4.539192412644624,-5.767092285612225,-0.0797732094168663
1789665987296054800,17.3300546875,5.670296045202017,-7.2004212076663965,2.3675363560706377
1789665987306006800,17.3400068359375,6.431410181069373,-6.724284873896837,4.290735538214445
1789665987315959800,17.349959716796874,5.8981263111889355,-4.359570004987717,4.049535503044725
1789665987325911800,17.359911865234373,5.08262592061758,-1.3501023573130368,2.039324392402172
1789665987335863800,17.36986376953125,3.6161329801082607,0.5054758255004882,0.5179132822692394
1789665987345816800,17.37981689453125,1.2922656698942183,1.723935085427761,-0.1519306831330061
1789665987355768800,17.389768798828126,-1.3547276790261267,3.102459819626808,0.41051030764877794
1789665987365721900,17.399721923828125,-1.4679302798360585,4.125725008755922,1.5465034658133983
1789665987375673900,17.409673828125,-1.225032793098688,3.7705987346768377,1.5874918942838907
1789665987385625900,17.4196259765625,0.41331948331799356,2.442868952691555,1.068625841334462
1789665987395579000,17.429578857421873,1.6262345896542072,0.99378716571033,0.7086690783590078
1789665987405531000,17.43953076171875,2.2637878123044968,0.003447510105371475,0.41106063500791784
1789665987415484000,17.44948388671875,2.3607455268867312,-0.5832569843173027,0.03256809838861227
1789665987425436000,17.459435791015625,0.9851835880160331,-0.44992812580168245,-0.16444792713969944
1789665987435388000,17.469387939453124,-1.4801744059897959,-0.03927694837749004,-0.5753747066348791
1789665987445341000,17.4793408203125,-9.115475077277422,0.050014615491032595,-2.000082807599008
1789665987455293000,17.48929296875,-12.478453965049981,-0.32460195647776124,-3.0817046163678166
1789665987465246000,17.499245849609373,-3.6572663700073957,0.2980997339993715,-2.531528940658271
1789665987475197700,17.50919775390625,1.6161431114897131,1.0784428864717484,-1.197247837333381
1789665987485150000,17.51914990234375,3.0342756334558127,1.1483803460508584,0.30407325545102354
1789665987495103000,17.52910302734375,2.313766625829786,1.0713000289797783,1.6496227717652916
1789665987505055000,17.539054931640624,-0.7499768019117414,1.2685925333619117,2.894751719692349
1789665987515006700,17.5490068359375,-4.221177433341741,1.7107207990676163,2.7835522753983732
1789665987524959700,17.558959716796874,-5.01231553607285,1.7217840448737143,2.0849016099676487
1789665987534911700,17.568911865234377,-2.8183593848854303,1.2855021671086548,2.4490447187170385
1789665987544864800,17.57886474609375,-1.0870694066502153,0.509516040802002,3.722985042847693
1789665987554817000,17.588817138671875,-0.038561639714986086,-0.2558680274695158,5.42880900978446
1789665987564768800,17.598768798828125,1.1827113624587655,-0.25619535972774027,7.4387261059164995
1789665987574721800,17.6087216796875,2.3331124006822703,0.826315214574337,8.868488275399804
1789665987584673800,17.618673828125,1.965634594552219,2.8942139595538374,9.354985259664058
1789665987594626800,17.628626708984374,0.21499796468168494,4.623989003181458,9.452891507142782
1789665987604579000,17.6385791015625,-0.7048416290253401,4.920577748095989,8.843885164541005
1789665987614530800,17.64853076171875,-1.211297113212943,3.8554438405305147,7.490048881396651
1789665987624483800,17.65848388671875,-1.3979185859769583,2.423067689156532,6.432550583276152
1789665987634435800,17.668435791015625,-1.5078667150355876,0.7575041286766528,6.146558051177859
1789665987644388900,17.678388916015624,-1.9859873544901607,-1.2389566890329122,6.169132871079444
1789665987654340900,17.6883408203125,-3.3462469486802813,-3.5406980921566484,6.314945363593101
1789665987664292900,17.69829296875,-4.27614119567275,-4.9261616857081645,6.166393801504373
1789665987674246000,17.708245849609376,-3.6207723303467034,-4.281750267726182,6.612986060881615
1789665987684198000,17.718197998046875,-2.580864633974433,-2.3676707961052657,8.236088782250881
1789665987694150000,17.72814990234375,-1.5380981871701775,-0.7881471042215824,8.775158249795437
1789665987704102700,17.7381025390625,-0.2874082441151142,0.22425533010959625,7.721411997684836
1789665987714055000,17.748054931640624,-0.10500650793798268,1.0178367343395949,5.824924881377816
1789665987724008000,17.758008056640627,-1.9630144751816987,1.4702368032127617,3.341863326768577
1789665987733960000,17.7679599609375,-3.210126413619518,1.0438187323361634,1.6393565215557813
1789665987743912000,17.777911865234376,-2.034790840625763,-0.7374106041967868,1.0653598252758383
1789665987753864700,17.78786474609375,-0.8374222995221614,-3.0527526626497505,0.9925257674723863
1789665987763817000,17.79781689453125,0.6070856402048841,-5.419346184912324,1.3515069634139536
1789665987773769700,17.807769775390625,2.7247277459859847,-7.489299524334073,1.073148871716857
1789665987783722000,17.817721923828124,3.991806367653608,-9.01437324862778,0.11717676513791084
1789665987793673700,17.827673828125,3.2500703014731407,-10.440512551438808,-0.6777168907344341
1789665987803626800,17.837626708984374,0.4088088009605184,-11.740756945127249,-1.7365338702380657
1789665987813578800,17.847578857421876,-2.493212654006481,-11.857466092753409,-2.822365697917342
1789665987823531800,17.85753173828125,-2.5368904676914212,-8.535348207679391,-2.5342495977938175
1789665987833484000,17.867484130859374,-2.1240040785610677,-5.26289831661582,-1.7460183224201202
1789665987843435800,17.877435791015625,0.31159692895412444,-3.09126622543931,-0.33830490313768385
1789665987853388800,17.887388916015624,2.478185765266418,-1.0802835459023714,0.7576420758426189
1789665987863340800,17.8973408203125,3.686758421951532,0.5411866058290005,0.9225953221559524
1789665987873292800,17.907292724609373,4.678835861134528,1.352970606225729,0.3164788557767868
1789665987883245800,17.917245849609376,4.846367141242325,1.7286363949865102,-0.8550047179639338
1789665987893197800,17.92719775390625,3.536148173767328,1.834250148102641,-1.685029308450222
1789665987903150800,17.93715087890625,3.101072456921637,1.3637626338750124,-2.4884599065214394
1789665987913102800,17.947102783203125,3.4167876348495483,0.2649041513621807,-3.1373031694710254
1789665987923054800,17.957054931640624,3.3985599042415617,-0.8462386431843042,-3.829457750880718
1789665987933008000,17.9670078125,2.856782931303978,-1.4194722461372613,-4.448322639673948
1789665987942959900,17.9769599609375,2.5889514943182466,-1.5535381867557763,-5.095294263532757
1789665987952913000,17.986912841796876,2.5153230712667107,-1.3785586364686488,-5.731490226355195
1789665987962865000,17.996864990234375,2.6422049456000325,-1.1327215891480444,-6.397188177993893
1789665987972817000,18.00681689453125,2.7723218563318253,-0.7502011121869087,-6.99675683016479
1789665987982770000,18.01677001953125,3.0458208175599575,-0.30765199072062965,-7.505745632222294
1789665987992722000,18.026721923828124,3.4427044586554167,0.1348760879576206,-8.203422191923856
1789665988002675000,18.036675048828126,3.6240731254577634,0.5923065522134303,-8.751438936033844
1789665988012627000,18.046626953125,3.5769703057602045,1.0640227314531803,-9.268190773308277
1789665988022579000,18.056578857421876,3.418450015103817,1.422024268707633,-9.716165426954626
1789665988032532000,18.066531982421875,3.1353897370651365,1.6830471947222947,-9.871427884858846
1789665988042483700,18.076483642578125,2.7749977975428104,1.882384356674552,-9.911944604164361
1789665988052436700,18.086436767578125,2.4110313605345786,2.048375713863969,-9.687253805246948
1789665988062389000,18.096388916015623,2.0290262857496737,2.25014857853055,-9.437966909733413
1789665988072341000,18.106341064453126,1.77715916448459,2.536004917028546,-9.447884492635726
1789665988082294000,18.1162939453125,1.598787779802084,2.8264813165426252,-9.316987245181203
1789665988092245800,18.126245849609376,0.7113536412678658,2.917382069173455,-8.448447922861575
1789665988102197800,18.13619775390625,-1.1785983741819859,2.6655665319651365,-6.655856649836897
1789665988112150800,18.14615087890625,-5.2946296719193455,1.5005232204049825,-3.9428544129580256
1789665988122102800,18.156102783203124,-16.050086124652623,-1.3116647823691368,1.8370657900452614
1789665988132055800,18.166055908203123,-22.883227679109574,-4.443495073387027,16.919306414973736
1789665988142007800,18.1760078125,-4.405301828593015,-6.82351564797759,37.151353230345244
1789665988151959600,18.18595947265625,2.141888110297918,-9.763349202933908,38.64215526720285
1789665988161912600,18.19591259765625,-0.30918767585530876,-7.916900667515397,26.812217817366122
1789665988171864800,18.20586474609375,-7.627265979522466,-1.4071762436658144,13.466224646949767
1789665988181817900,18.21581787109375,-7.874165687638521,1.4144658161520958,2.022352799335122
1789665988191769900,18.225769775390624,-2.732024917256832,0.820544814479351,-2.7895646675556898
1789665988201721600,18.2357216796875,0.6427240494169294,-0.664997694414854,-5.216593661558628
1789665988211674600,18.245674560546874,2.5608757389128205,-2.2603864794284103,-6.270471431094408
1789665988221627000,18.255626953125,2.3992951839029786,-2.568991825351119,-7.235674891877174
1789665988231580000,18.265579833984376,0.9496996021807194,-2.890754174488783,-8.295704169780015
1789665988241532000,18.275531982421874,-1.8723451932191848,-5.684099529626965,-9.635728785192965
1789665988251483600,18.285483642578125,-5.064248552405834,-11.170562856000661,-8.608985106298327
1789665988261436700,18.295436767578124,-1.0946841194376349,-15.833963832116126,-2.8765993924081323
1789665988271388700,18.305388671875,0.33514863106384873,-12.486308770203589,7.066110936897993
1789665988281341700,18.315341796875,1.1215842551924287,-3.9634780987918377,7.028056223791837
1789665988291294000,18.3252939453125,3.4434082230105996,0.665193509247899,-1.6734890927821398
1789665988301245700,18.33524560546875,3.9810628553211687,3.2297733633756636,-6.171967217722535
1789665988311198700,18.34519873046875,4.777662146067619,5.011141231596469,-7.845388505965471
1789665988321150700,18.355150634765625,4.731031327795982,5.48328411181569,-8.80581174673438
1789665988331103700,18.365103759765624,3.9798248379588124,4.982911746934056,-8.82086201635003
1789665988341055700,18.3750556640625,3.6474469867825507,4.117414276528359,-9.187061473107338
1789665988351007700,18.3850078125,3.8876433978676794,3.030438539510965,-7.9690821056514975
1789665988360960800,18.394960693359376,4.41031001214385,1.3516630307585,-5.708642434731125
1789665988370912800,18.404912841796875,4.612822297000885,-1.0904325994729995,-3.7638141891032455
1789665988380865800,18.41486572265625,4.735499413120746,-3.7044238425016403,-1.6186545097887515
1789665988390817500,18.424817626953125,5.266551578426361,-5.818700892296433,0.764307378950715
1789665988400769800,18.434769775390624,6.037462301164865,-6.631393824231624,2.810904977226257
1789665988410722800,18.444722900390627,6.124370184767246,-5.608773362746835,4.410604611176252
1789665988420674800,18.4546748046875,5.602838712000847,-3.2108143958836792,4.449036925423145
1789665988430627800,18.4646279296875,5.065958863455057,-0.5690910963207483,2.1460738715499637
1789665988440579600,18.47457958984375,4.075799825114012,1.056628529548645,0.6141466280996799
1789665988450531800,18.48453173828125,1.6873662269651888,2.0367162557303904,0.21442659453451632
1789665988460484900,18.49448486328125,0.11372107172608376,3.3521862756013867,1.4873428363144396
1789665988470436900,18.504436767578124,-0.1454231826688163,3.7606758910775184,1.5523866786330938
1789665988480390000,18.514389892578127,-0.4092161761850118,3.0869547919809817,1.3489660467594862
1789665988490341600,18.524341552734374,-0.378100358963944,1.6960346865892408,0.804287507161498
1789665988500293600,18.534293701171876,0.22978834125213324,0.4111988744348287,0.03969312796294689
1789665988510246700,18.54424658203125,1.6439454567812382,-0.7176023263990878,-0.9247554227992891
1789665988520199000,18.554198974609374,0.8492419166535139,-0.9782295310944318,-1.5811808114409447
1789665988530152000,18.56415185546875,-2.815055082643032,-0.7096458144366741,-1.5673396253541112
1789665988540103700,18.574103759765624,-10.657122335231303,-0.846830179336667,-2.3052377208068964
1789665988550055700,18.5840556640625,-10.638166290348767,-0.5608692114204168,-2.1634338794127106
1789665988560008700,18.5940087890625,-2.446192544156313,0.5330892240911722,-1.1849468664258718
1789665988569961000,18.6039609375,1.7647509338103233,1.343168174135685,-0.11665040317624807
1789665988579913700,18.613913818359375,2.9458120448440313,1.7052981894969939,1.0128414102703331
1789665988589865700,18.62386572265625,2.2428701119601726,2.06825413428843,1.8064254448488353
1789665988599817700,18.633817626953125,0.052735418757051226,2.1714421215623614,2.2455673882201315
1789665988609770800,18.643770751953124,-2.8115988047093152,1.637911583444476,1.8554659546107053
1789665988619722800,18.65372265625,-4.071012006315589,0.7299626262784004,1.5087810534015298
1789665988629675500,18.663675537109373,-2.3260806023493408,0.24892975263893602,1.6764602175474166
1789665988639627800,18.673627685546876,-1.4538311734654008,0.4077770832926035,2.0124425229564307
1789665988649579800,18.683579833984375,-2.146534474799037,0.9672533790498972,3.0216423618540165
1789665988659532800,18.69353271484375,-2.683329567670822,1.1761737773835659,4.778120995751023
1789665988669484800,18.70348486328125,-1.7714251508772372,0.715960988932848,6.482918249988556
1789665988679437600,18.7134375,0.7218627603225409,0.4414724321454763,8.00182819095552
1789665988689389800,18.723389892578126,2.555739545068145,1.1963257540524006,9.0850244094342
1789665988699341800,18.733341796875,2.275341471976042,2.8978619606673717,9.31982743704319
1789665988709294800,18.743294921875,0.4424034293852746,4.1601708837151525,8.696810104745627
1789665988719246600,18.75324658203125,-1.1784973980255424,4.05243414709568,7.767444850063323
1789665988729199600,18.76319970703125,-1.5186287859380245,2.8866940854430196,6.4356503028571606
1789665988739151600,18.773151611328124,-1.4128591116078197,1.2751368404388428,5.340078586930036
1789665988749103900,18.783103759765623,-1.574832465327531,-0.4659814349800348,5.161331793063879
1789665988759057000,18.793056884765626,-2.003782538899779,-2.2880536540329457,5.130047012484074
1789665988769008600,18.803008544921877,-2.307345360610634,-3.765256204605102,5.53871315357089
1789665988778961700,18.812961669921876,-2.6114734149888155,-4.15338692266345,5.914683478236198
1789665988788913700,18.82291357421875,-2.5294056648939844,-2.942949056628346,6.721264064770937
1789665988798866000,18.832865966796874,-2.1676481361068785,-1.073085158830881,8.539016082537174
1789665988808819000,18.84281884765625,-1.604599096429348,0.17363865707218645,9.48443230831027
1789665988818770700,18.852770751953123,-0.5950771859705448,1.0836702657312154,8.668287774616479
1789665988828723700,18.8627236328125,0.5197141942113638,2.173039619886875,6.991559846043586
1789665988838675700,18.87267578125,0.37065585164427756,2.9491742147535085,5.011100899586081
1789665988848627700,18.882627685546876,-0.39593119920883324,3.21711671089828,3.3223855960994957
1789665988858580700,18.892580810546875,0.38376141693294047,2.6081150444716212,2.4167946002364156
1789665988868532700,18.90253271484375,1.7408324442148209,0.7832394584357738,2.084830590558052
1789665988878485800,18.91248583984375,2.313437101614475,-1.6233260087311268,2.096512845045328
1789665988888437800,18.922437744140623,3.0614941875100135,-4.308868576276302,2.553628252002597
1789665988898389800,18.9323896484375,4.33845122911334,-7.0438470826417205,1.9767466479361055
1789665988908342800,18.9423427734375,4.499655352026224,-9.54034650323391,1.1611796218693256
1789665988918294800,18.952294677734375,3.3204537512540817,-11.916425646722317,0.7717325605154037
1789665988928247800,18.962247802734375,0.5076607683241368,-13.802813393819331,-0.30599720925092694
1789665988938199800,18.97219970703125,-1.8211621184706688,-13.020977956962584,-0.9015893590062856
1789665988948151800,18.98215185546875,-2.3328934972345827,-9.28569720390439,-0.9696680389761925
1789665988958104800,18.992104736328123,-0.4356267748571932,-6.418091265290975,-1.0093307718008757
1789665988968056600,19.002056640625,1.555703840357065,-3.829949918311834,-0.42159284267723557
1789665988978009600,19.012009521484377,2.908527147066593,-1.2165355983883142,0.5186585476785898
1789665988987961900,19.0219619140625,4.063001133817434,0.3419733625173568,0.6207289290994406
1789665988997913900,19.031913818359374,4.579563001477718,0.7904875298678874,-0.6781868463337422
1789665989007867000,19.041866943359373,3.6005157242596146,1.1467705727666615,-1.8991595503866672
1789665989017818600,19.051818603515624,3.551558508867025,1.22415250313282,-2.6686744348526
1789665989027771600,19.061771728515627,3.44751945772171,0.9212094207555055,-3.318205680066347
1789665989037724000,19.071723876953126,3.047160541731119,0.4651490758091211,-3.674555942982435
1789665989047676000,19.081676025390625,2.7083248927175996,-0.3970557827919721,-4.188592091557383
1789665989057628700,19.091628662109375,2.331566778675467,-1.0309516519784927,-4.91529776186645
1789665989067580700,19.10158056640625,1.9967058785118161,-1.2492454433351754,-5.653220991760492
1789665989077532700,19.11153271484375,2.0674540699519217,-1.1497615712761877,-6.197692026087641
1789665989087485700,19.121485595703124,2.3530720696493983,-0.7670207295626401,-6.63943976804316
1789665989097438000,19.13143798828125,2.5031238071680066,-0.3792945006519556,-7.229778819575905
1789665989107390700,19.141390625,2.4442614299632606,0.031790392014384265,-7.993765296009182
1789665989117342700,19.1513427734375,2.577665545672178,0.227407656660676,-8.75044174169004
1789665989127295000,19.161294921875,2.71656782040596,0.28961422972679135,-9.700427175074815
1789665989137248000,19.171248046875,2.734984936106205,0.45976446016132827,-10.177178425872325
1789665989147200000,19.181199951171877,2.964490441828966,0.3722966045886278,-10.41715739481449
1789665989157153000,19.191153076171876,2.972892359471321,0.35697803942561146,-10.578097313833236
1789665989167105000,19.20110498046875,2.7508395078420635,0.6897323226988316,-10.485392142128944
1789665989177057000,19.21105712890625,2.335878942786157,0.9879758490830659,-10.173257453036308
1789665989187010000,19.221010009765624,2.03982269731313,0.9480722932398319,-10.063241081047057
1789665989196962000,19.230962158203123,2.0590534674838183,0.7911866180479527,-10.14816977353096
1789665989206915000,19.2409150390625,1.9455416545942426,0.8809446303844451,-9.58945218718648
1789665989216867000,19.2508671875,1.1188028077803551,0.9199690653055905,-7.923595781239867
1789665989226819000,19.260819091796876,-1.358075674279779,0.7231202130377292,-5.25235997146666
1789665989236772000,19.270772216796875,-5.887931080389023,0.08686462898254393,-1.433223708114028
1789665989246724000,19.28072412109375,-16.84885749874115,-2.3056629604816434,4.00703959262073
1789665989256677000,19.290677001953124,-19.2269064809978,-3.5639696621507406,18.568830694800614
1789665989266628900,19.30062890625,0.09969386154785752,-2.817617042085528,35.935246086502076
1789665989276581000,19.3105810546875,6.645766048455238,-4.030437419342994,35.28837675397396
1789665989286534100,19.3205341796875,4.494579363936186,-2.019144943204522,24.919276410841942
1789665989296486100,19.330486083984376,-4.6365407339796425,3.461836736887693,13.165886778634786
1789665989306439000,19.34043896484375,-7.30103262245059,5.227215008816123,4.211896394777297
1789665989316391000,19.350390869140625,-3.2653786375030873,3.3418788165986535,0.19479250425994396
1789665989326343200,19.36034326171875,-0.31736966713666914,0.27585575348734853,-2.686054608720541
1789665989336296200,19.370296142578123,1.7338884702958166,-3.423260630255937,-4.61536730530858
1789665989346248200,19.380248291015626,1.7087888080917297,-5.348850506928563,-5.993984978488087
1789665989356200000,19.390199951171876,0.6304184023343026,-5.053693256121874,-6.755545104557275
1789665989366153000,19.400153076171875,0.5521801473997533,-5.345967060446739,-6.261651580300927
1789665989376105000,19.41010498046875,0.8532768712580203,-7.717710220557451,-4.33776266232729
1789665989386058000,19.42005810546875,-2.484221538299322,-12.002476621234416,1.3857365652740001
1789665989396010000,19.430010009765624,-5.6930818775057785,-13.836956486439703,8.188032899612187
1789665989405962000,19.4399619140625,-3.3899919823825355,-7.269079733350873,4.430654881036281
1789665989415915000,19.4499150390625,1.4785213780857622,-2.4574632952332496,-4.898975572618842
1789665989425867000,19.459866943359376,3.550539102691412,-0.07361585583090782,-8.912729568186402
1789665989435820000,19.469820068359375,5.406107348632812,1.6301988171100616,-10.396678085887432
1789665989445772000,19.47977197265625,5.402187544840574,3.075223437654972,-10.382072052907944
1789665989455724000,19.48972412109375,4.349706782621145,3.9251714567512273,-9.855509015715121
1789665989465677000,19.499677001953124,3.716071025675535,3.9160079070866107,-9.363427509316802
1789665989475629000,19.509629150390627,3.3204467369914052,3.325124081152677,-8.344825051301717
1789665989485580800,19.519580810546874,3.0581635817825794,1.9748072043061256,-7.306007488253712
1789665989495533800,19.529533935546876,3.741806355434656,0.0751893887579441,-5.268125695875287
1789665989505486000,19.539486083984375,4.665504085874558,-1.835205256870389,-2.7890362597674128
1789665989515439000,19.549439208984374,5.32946016228199,-3.732354051956534,-0.7715402528136969
1789665989525391000,19.55939111328125,6.041354047906398,-5.803473512548208,1.3289590315192936
1789665989535342800,19.5693427734375,7.777367693662643,-7.010411846029758,2.975357872802019
1789665989545296000,19.5792958984375,8.0144509411633,-5.643643016076088,4.57655563635528
1789665989555248000,19.589248046875,5.0033694285511965,-2.235086618477106,4.214810820919275
1789665989565201200,19.599201171875,-0.25431845993995666,1.0768138239651919,2.042190303227305
1789665989575153200,19.609153076171875,-2.581108379602432,3.138887223792076,2.435435003298521
1789665989585105000,19.61910498046875,-4.534250864589214,3.8466578920066357,2.5579607282489536
1789665989595058000,19.629057861328125,-2.8950924959540365,3.5447096658855672,1.757941399925947
1789665989605010000,19.639010009765624,1.1972773556888103,2.8849305829018355,1.224042613017559
1789665989614962200,19.648962158203126,2.3813006775289773,2.0447376496225593,0.6652578066557645
1789665989624915200,19.658915283203125,2.362622865065932,1.1759563352406024,0.10116203440427779
1789665989634867000,19.668866943359376,2.0448194826871156,0.7155331189095974,0.3028445904389024
1789665989644820000,19.678820068359375,1.0740829376965761,0.43816462277173995,0.07005728656649589
1789665989654772000,19.68877197265625,-2.3749667983323333,0.44475159994661806,-1.2900894948989152
1789665989664724200,19.69872412109375,-7.022223864376545,0.32760873707830906,-2.3220959166273474
1789665989674677200,19.70867724609375,-6.9734560340762135,0.2986538607507944,-2.2282187785342336
1789665989684629000,19.71862890625,-2.4192343946039676,0.6216711783856154,-1.0956731304749845
1789665989694581000,19.7285810546875,1.1608277396917341,0.9652952307194471,0.18151742762327194
1789665989704534000,19.738533935546876,1.8868664705246685,1.2081599842309951,0.6606734014749527
1789665989714486000,19.748486083984375,1.0221224488347769,1.3256792791962624,0.8793366106659174
1789665989724439000,19.75843896484375,-0.24984175291731953,1.3826865300536155,1.6347098647937177
1789665989734391000,19.76839111328125,-1.1310558478929102,1.2736726131051779,2.3096575830757615
1789665989744343000,19.778343017578123,-1.872665511214733,0.966944166970253,2.4847648513957856
1789665989754296000,19.788296142578126,-3.004740911413729,0.8363473637670278,2.1828078574463725
1789665989764248000,19.798248046875,-4.490305339878797,0.9932926601916551,1.7827821189329027
1789665989774200800,19.808200927734376,-4.831456864619255,0.7985527629017829,2.0343471885114908
1789665989784153000,19.818153076171875,-3.2397701489940283,0.21490824057161806,3.2027725437253713
1789665989794105000,19.82810498046875,-0.6978145068675279,-0.21545944471359252,4.951656192448735
1789665989804058000,19.83805810546875,1.5455363743469117,-0.08798866457641125,7.072785007834434
1789665989814010000,19.848010009765623,3.0703061472579836,0.7904694096893071,8.890303216844796
1789665989823961900,19.8579619140625,3.236350403678417,2.4109143100261687,9.975735816073417
1789665989833915000,19.867914794921877,1.4713357043653725,3.988885511770844,10.558484266346692
1789665989843867100,19.8778671875,-0.26984803750514985,4.926293787655234,10.382289495050907
1789665989853820200,19.887820068359375,-0.4539513899683952,4.676770745298266,8.475683135789632
1789665989863772200,19.897772216796874,-0.9640748951442539,2.592436998346448,6.711535866960883
1789665989873724000,19.907723876953124,-1.259862845069915,0.2274286994487047,6.5458309254974125
1789665989883677000,19.917677001953123,-1.9565994935728608,-2.052565566769242,6.478264871224761
1789665989893629200,19.927629150390626,-3.4467876363158223,-4.4695776091486215,5.611684281757474
1789665989903582200,19.937582275390625,-4.255938365599513,-5.678079538685083,4.770987198348343
1789665989913534000,19.947533935546875,-4.0941362767934795,-4.3349727393478155,5.175340444672107
1789665989923486000,19.95748583984375,-3.3679537535756823,-1.8843027575165032,6.835964795184135
1789665989933439000,19.96743896484375,-2.621355049794912,-0.1564560516029596,8.041357068267464
1789665989943391000,19.977390869140624,-0.9740403357762842,0.8910790709078311,7.136172899639606
1789665989953343200,19.98734326171875,0.15654899058341978,1.7127368150651454,5.469013009878993
1789665989963296000,19.9972958984375,-0.9833826760739087,2.0921698474049566,3.5158328232303258
1789665989973248000,20.007248046875,-2.190214042049646,1.6469383549869059,1.629927598953247
1789665989983201000,20.017200927734375,-1.121627363681793,-0.0287041164368391,1.2349199808627367
1789665989993153000,20.027153076171874,-0.16329554223418236,-2.3609359348922965,1.0861109368816018
1789665990003105000,20.03710498046875,0.3029764001250267,-4.5362376544922585,1.3887643886625767
1789665990013058000,20.04705810546875,2.525342653238773,-6.5651207323789595,1.3529881418824194
1789665990023010000,20.057010009765627,5.101366861444712,-8.334009642776847,0.316377733489871
1789665990032962000,20.066962158203125,5.33803860553503,-9.924148252177238,-0.4938935242563486
1789665990042915000,20.0769150390625,3.2785809411644933,-11.532061587721108,-1.202484861204028
1789665990052866800,20.08686669921875,-1.0570401060242205,-13.027768932276963,-2.141046983298659
1789665990062819800,20.09681982421875,-3.583694353318214,-11.049133109593392,-1.9116618890851735
1789665990072772000,20.106772216796877,-2.677474996423721,-6.470335831791162,-1.1413619917213915
1789665990082724000,20.11672412109375,0.6580125117026269,-4.205906214451789,-0.9948527491152286
1789665990092677000,20.126677001953126,3.193563401353359,-2.382923310294747,-0.0025239655196666716
1789665990102628900,20.13662890625,4.395154528588057,-0.06349310574531555,0.46882571849524973
1789665990112581000,20.1465810546875,4.941591310030222,1.4720388841986656,0.48079438870847224
1789665990122534100,20.1565341796875,4.407200355690717,2.1834154679507014,-0.18388766388595104
1789665990132486100,20.166486083984374,3.5921892099410293,2.4882827963888645,-0.8895587294727564
1789665990142439200,20.176439208984377,4.571238825246692,2.230268989062309,-2.1362404597997666
1789665990152391000,20.186390869140624,3.4117852965176105,1.0033382533878088,-3.41562794342041
1789665990162343000,20.196343017578126,2.649022808921337,1.0730910040497779,-3.6242350380212067
1789665990172296000,20.2062958984375,2.809244935059547,-0.6026929216712713,-3.979565894761681
1789665990182248200,20.216248291015624,3.486569027084112,-0.6856289790332317,-4.924457219877839
1789665990192200000,20.226199951171875,3.2865427138239145,-0.8776035032629966,-5.698370631563663
1789665990202153000,20.236153076171874,3.196664874500036,-0.7782125701844692,-6.23773645170629
1789665990212105000,20.24610498046875,3.4814611825510857,-0.11916063243150711,-6.80063220051825
1789665990222058000,20.25605810546875,3.6865725439906116,0.3751064013123512,-7.505264570707082
1789665990232010200,20.26601025390625,3.842220201820135,0.7480231836259364,-8.143934814688564
1789665990241962000,20.2759619140625,4.037835420639813,0.912526932606101,-8.96293999851048
1789665990251915000,20.2859150390625,3.924783334216475,0.9375263493061066,-9.879860197639465
1789665990261867000,20.295866943359375,3.5763358072489497,1.0840636489629745,-10.284560942226648
1789665990271820000,20.305820068359374,3.3374361579760907,1.1106991424322128,-10.661929443252086
1789665990281772000,20.31577197265625,3.00939224435091,1.4437100308150053,-10.804389118206501
1789665990291724000,20.32572412109375,2.6619071326747537,1.9238795656234025,-10.706479363596438
1789665990301677000,20.335677001953126,2.4049498486638066,1.9589888729274272,-10.515081177949904
1789665990311629000,20.345629150390625,2.6254838201627133,1.7607225550770758,-10.469047741049527
1789665990321581000,20.3555810546875,2.3949523323930797,1.319493868559599,-10.132962852048873
1789665990331534000,20.3655341796875,0.5174971026837826,0.37167467329800125,-8.720987099146843
1789665990341486000,20.375486083984374,-2.817799997437,-0.727076257187128,-6.058794427528977
1789665990351439000,20.385439208984376,-9.425136069732904,-1.9980939718693493,-2.087012610772252
1789665990361391000,20.39539111328125,-24.650120447254178,-4.655475443813205,6.742191117465496
1789665990371343000,20.405343017578126,-19.64153240727186,-6.6120350437670945,26.567092717707155
1789665990381295900,20.4152958984375,-1.6482488530635833,-7.571331326332688,39.66805431196689
1789665990391248000,20.425247802734376,1.498751680687815,-8.36300426659286,28.245802175486087
1789665990401200000,20.4352001953125,-1.7050640884801744,-4.466422944509983,17.01756220654249
1789665990411153200,20.445153076171874,-7.747002950537205,0.8829308357656002,5.980293137744069
1789665990421105200,20.455105224609376,-6.530958935058116,1.8894933118969202,-0.5784919618725777
1789665990431058000,20.465057861328123,-1.8870937034092843,-0.2601338682204485,-3.2161341296017167
1789665990441010000,20.475010009765626,1.3724692335523665,-3.1247365333646533,-3.8720039301872253
1789665990450962200,20.484962158203125,2.29796714528203,-4.828149055245518,-4.417551069313287
1789665990460915200,20.494915283203124,1.432509860756248,-5.598386408767104,-5.896267531579732
1789665990470867000,20.504866943359374,-0.06882628346681595,-7.553941800114512,-7.526185193660855
1789665990480819000,20.51481884765625,-1.5533026244342327,-11.145420231437683,-7.560263404351472
1789665990490772000,20.52477197265625,-0.6755142661236226,-14.423091656541823,-5.081327697500586
1789665990500724000,20.534723876953127,1.344760411763191,-11.509178724783657,1.218712357905507
1789665990510677000,20.544677001953126,2.824772174537182,-3.4104496639996764,2.3385937547028064
1789665990520629000,20.55462890625,4.858550623250007,0.7255687752336263,-3.4605753386497495
1789665990530581000,20.5645810546875,4.7707998590826985,3.1112749942451714,-6.17749737932086
1789665990540534000,20.574533935546874,4.587387411493062,4.387131381130218,-7.12488227481842
1789665990550486000,20.584486083984373,4.566398399478197,5.131958399063349,-8.224200191536545
1789665990560438000,20.59443798828125,4.377284817637503,5.052764450839161,-8.040390269061923
1789665990570391000,20.60439111328125,4.456071061843633,3.9714807879835363,-7.473188347488641
1789665990580343000,20.614343017578125,4.715795472480356,2.4417969395458696,-6.79086016356647
1789665990590296000,20.624296142578125,5.014028769731521,0.45526247256696223,-5.379938888153434
1789665990600248000,20.634248046875,5.30497220223546,-2.062978239712119,-3.0817735899508
1789665990610199800,20.64419970703125,5.465216540205478,-4.6323517578572035,-0.7950047150313854
1789665990620152800,20.65415283203125,6.2658314963340755,-5.92036853813529,4.551422364142537
1789665990630105000,20.66410498046875,6.727354782861471,-5.3604059201657765,6.385346933552622
1789665990640057000,20.67405712890625,5.770380221241712,-3.9584126320958135,2.560649528941512
1789665990650010000,20.684010009765625,5.213773927962779,-1.0014905796945095,1.4125240344345569
1789665990659961900,20.6939619140625,3.3951264226615425,1.4481050509035587,0.3283592631846666
1789665990669915000,20.703914794921875,2.4302269132614134,2.867753822651505,-0.4359913703858852
1789665990679867100,20.7138671875,0.7449602889239788,3.932635216760635,-0.8404951310962439
1789665990689819100,20.723819091796877,-0.2101099003791809,4.764919568872451,-0.46699791854619976
1789665990699772200,20.733772216796876,-0.018633973321318626,4.074855822262168,1.8533184211879967
1789665990709724000,20.743723876953126,-1.044240684075281,1.8986708900868892,3.60085153208524
1789665990719676000,20.753676025390625,-0.5596698455680161,0.253898188701272,4.2460774813205004
1789665990729629000,20.76362890625,0.03521963581070304,-1.2721265527069567,3.900309694956243
1789665990739581200,20.773581298828127,-5.4670577841579915,-1.9659990439504385,2.7347525886550543
1789665990749534200,20.7835341796875,-13.369942201280594,-1.1920938155710696,1.211942133118212
1789665990759486000,20.79348583984375,-10.931153211379051,0.21138298905491829,1.0680372277915477
1789665990769438000,20.80343798828125,-2.985667669892311,1.2143699447870253,0.9378054585084319
1789665990779391000,20.813390869140626,1.7238795558482407,1.702591853147745,0.5644006004169583
1789665990789343200,20.82334326171875,3.1014556110203264,2.1531319733679295,0.34887130533754823
1789665990799295000,20.833294921875,2.2104605651341376,2.262367424112558,0.961024421532452
1789665990809248000,20.843248046875,0.8553026779972016,2.104758110821247,1.412189980174601
1789665990819200000,20.853199951171874,-0.13932035401538015,1.831336891004443,0.8114049379512667
1789665990829153000,20.863153076171876,-0.5413358050413429,1.2845850522637368,0.18594225832819938
1789665990839105000,20.87310498046875,-1.2552508212298155,0.8369535129666328,-0.40519758819341656
1789665990849057000,20.88305712890625,-2.1959505398750303,1.165197625339031,-0.9446841121062636
1789665990859010000,20.893010009765625,-2.4635230336636305,1.7862509640872477,-0.9459177455544471
1789665990868962000,20.902962158203124,-1.9611442973956466,1.9576625927597284,-0.2069929374024272
1789665990878914000,20.9129140625,-0.8308968432761729,1.2239268776834011,1.8220447465240954
1789665990888867000,20.9228671875,0.16744857026040552,-0.11043722774982452,4.668356552696228
1789665990898819000,20.932819091796876,0.44457434368357057,-0.7807067250877618,6.580872428262233
1789665990908772000,20.942772216796875,0.095367084389925,-0.18991233100295066,7.384592949190735
1789665990918724000,20.95272412109375,0.14311390107944608,1.5395418101072311,7.076129642087221
1789665990928676000,20.962676025390625,0.4856925360135734,2.547883570870757,7.207711364674568
1789665990938629000,20.972629150390624,0.3427133672297001,2.8347265823185444,7.367710203450918
1789665990948580900,20.982580810546875,0.07910334733128548,2.707966580799222,6.821541133034229
1789665990958533000,20.992533203125,-0.36011107675433157,1.9243916067987679,6.005810440838337
1789665990968486100,21.002486083984376,-0.6914287513531744,0.6458551870495081,5.5591673280566924
1789665990978438100,21.012438232421875,-0.7414490659326315,-0.22742694588303564,4.9514708990097045
1789665990988391000,21.022390869140626,-0.4204851736962795,-0.8724234702765941,4.688115438394248
1789665990998343000,21.032343017578125,-0.6373199984163046,-1.765944673639536,5.1059208714872595
1789665991008295200,21.042295166015624,-2.0140543420672414,-2.670000130498409,5.350153406220675
1789665991018248200,21.052248291015626,-3.4520670380234715,-2.5939894884854553,5.181746804583073
1789665991028200200,21.0622001953125,-3.8452404264241453,-1.5417898812949657,6.186960788714885
1789665991038152000,21.07215185546875,-4.066665501543879,-0.6912707843124866,7.687678654909133
1789665991048105000,21.08210498046875,-3.409863388544321,-0.4332306735008955,7.619663687825202
1789665991058057000,21.092056884765626,-1.5441209545910357,0.22082009496390817,6.540005580344796
1789665991068009200,21.10200927734375,-0.7224076808542013,1.25770405960083,6.179401751637458
1789665991077962000,21.1119619140625,-0.8909352785229683,1.7554332164973019,5.339183099395036
1789665991087914000,21.1219140625,-1.220153788885474,1.5550485913187264,3.994743882410228
1789665991097867000,21.131866943359373,-0.633109687244892,0.3528986611574888,3.1981115661770105
1789665991107819000,21.141819091796876,0.186601653818693,-1.8768477653354405,2.5237849024027583
1789665991117771300,21.151771240234375,0.8700047186970711,-3.791169229018688,1.8941645185783504
1789665991127724000,21.16172412109375,2.5971254484236237,-5.619145119157433,1.3011720299273728
1789665991137675800,21.17167578125,4.864797993206977,-7.669846645620465,-0.16314415106475352
1789665991147627800,21.181627685546875,5.16998271703124,-9.740818806695938,-1.791843669527769
1789665991157580800,21.191580810546874,3.4331975023806094,-10.883300742357969,-2.901852491608262
1789665991167532800,21.20153271484375,-1.0663397031586617,-11.14400685750842,-3.7129794894009827
1789665991177485800,21.21148583984375,-4.369605076789855,-8.762700919282436,-2.765959920084476
1789665991187437800,21.221437744140626,-2.8351462690353393,-5.514661831375956,-1.751180819749832
1789665991197389800,21.231389892578125,0.8232057042516767,-3.88081618219614,-1.6198510260969399
1789665991207342800,21.2413427734375,4.027969860185682,-2.2541852867007255,-1.0175842208832502
1789665991217294800,21.251294921875,5.753104092270136,-1.1531839469403027,-0.8967278904497623
1789665991227246800,21.261246826171874,5.172649305891991,0.3475052776813507,-0.4664128121346235
1789665991237200000,21.271199951171877,4.34475471317172,1.5836510009467601,-0.2516238140285015
1789665991247151900,21.28115185546875,3.797547824139893,1.7474761200129985,-0.7570534622997045
1789665991257104000,21.291103759765626,3.3251369406342506,1.9087527236402033,-1.3310036890894175
1789665991267057000,21.301056884765625,3.0480490150034427,1.934734721636772,-1.952985833120346
1789665991277009000,21.3110087890625,2.140226899087429,1.2468512416750193,-2.4674112732738256
1789665991286962000,21.3209619140625,3.7880046275079247,2.4187848972707986,-3.2402059100627896
1789665991296914000,21.330913818359374,3.1560838577866552,1.8294003699839114,-4.064511538380384
1789665991306866000,21.340865966796876,2.035719061386585,0.8541910634934902,-4.9871255652368065
1789665991316819000,21.35081884765625,2.5255752929508684,0.40965456760227675,-5.92342734118402
1789665991326770700,21.360770751953126,2.9079671750962732,0.272005507799983,-6.182519006875157
1789665991336723000,21.370722900390625,2.9393992551922796,0.11935586274266242,-6.722725954017043
1789665991346676000,21.380676025390624,2.711520473888516,-0.029547581523656843,-7.12100163399279
1789665991356628000,21.3906279296875,3.0659482443094253,-0.2040361334234476,-7.660451625287532
1789665991366581000,21.4005810546875,2.9904169102460143,0.2038876648634672,-8.249988712787628
1789665991376532700,21.41053271484375,2.730543446527421,0.2891284920364618,-9.098351508519054
1789665991386484700,21.420484619140623,2.6188179325327274,0.497456769695878,-9.774826874759793
1789665991396437800,21.430437744140626,2.6863115060910583,1.1633733325213194,-10.030520714706181
1789665991406390000,21.44039013671875,2.289969716787338,2.020731920135021,-10.273285514974594
1789665991416341800,21.450341796875,1.3773361089363694,2.545794489637017,-10.856035134291648
1789665991426294800,21.460294677734375,1.2248878316700458,2.799245519092679,-10.33754083726406
1789665991436246800,21.470246826171874,1.689547954918444,3.289157864758372,-8.973583557599783
1789665991446199800,21.48019970703125,1.234901714553684,2.617372117638588,-8.11227477105558
1789665991456152000,21.490152099609375,-0.8436743456542491,1.8566069413393735,-5.699529153949022
1789665991466103800,21.500103759765626,-4.380282830409706,0.9589099135965108,-1.939621324634552
1789665991476056800,21.510056884765625,-10.157176086807251,-0.4803010522335767,3.3071675687015056
1789665991486008800,21.5200087890625,-15.99845296804905,-3.5264193914353847,13.74257373691201
1789665991495960800,21.5299609375,-9.157332689797878,-6.7460974772542714,29.4199102525115
1789665991505913900,21.539913818359373,-4.345869980937242,-9.26389453741908,35.022943025779725
1789665991515865900,21.549865966796876,-3.065542586117983,-7.099575984126329,25.909040312385557
1789665991525817900,21.55981787109375,-5.578384654223918,-0.9812240367352962,12.717841397839784
1789665991535771000,21.56977099609375,-5.569791013401747,1.6360089646935463,4.846992287403345
1789665991545723000,21.579722900390625,-2.3457085551440713,2.154749345436692,-0.03464461240172386
1789665991555676000,21.589676025390624,-0.12088029583096503,21.003318772637844,-4.227867286369205
1789665991565628000,21.5996279296875,5.565839645427465,-0.09134849639832973,-1.9274679455041883
1789665991575580000,21.609579833984377,6.356675550341606,-5.695156930214166,-6.0046571791499845
1789665991585533000,21.619532958984376,3.291550312852859,-2.754223889583349,-8.485580844947695
1789665991595485000,21.62948486328125,2.2572212933957574,-5.703547157418727,-9.031166562518477
1789665991605437000,21.63943701171875,-1.2094354109942913,-8.970966068577766,-6.209714472314715
1789665991615389700,21.6493896484375,-9.769233584797382,-12.637086191648244,2.938675617092848
1789665991625342000,21.659342041015623,-8.643761236125231,-13.146846562600135,9.905394451868533
1789665991635295000,21.669294921875,1.1990472879707812,-7.498936536729335,2.3496751206874844
1789665991645247000,21.6792470703125,5.62360794378519,0.6133803199023008,-6.0730924174726
1789665991655198700,21.68919873046875,5.590315915036201,6.4931099736571305,-8.626983704325557
1789665991665151700,21.69915185546875,6.75544222870469,9.192435567361116,-10.726832415795325
1789665991675104000,21.70910400390625,7.527690337526797,6.1759583331853145,-11.251162579369545
1789665991685056000,21.719055908203124,7.6049793289124965,0.6985521734923124,-10.78762152327895
1789665991695008800,21.7290087890625,7.248480597436427,-3.3036557611882684,-9.515898290675878
1789665991704960800,21.738960693359374,6.603549539494514,-6.558963378793001,-7.088898522767424
1789665991714912800,21.748912841796876,5.774857658916711,-8.004085029971598,-4.100452620333433
1789665991724865800,21.75886572265625,5.362389787459374,-6.012922903192043,-0.7115963639825582
1789665991734818000,21.768818115234374,4.678171844267845,-2.9479245069533584,1.8219155671864746
1789665991744770800,21.778770751953125,4.177515986269712,-0.7392202839672565,2.661357974359393
1789665991754722800,21.788722900390624,3.995038773703575,-0.24002339260578154,3.6889363505125043
1789665991764674800,21.7986748046875,0.6452689115941525,0.3707674953252077,5.213398664909601
1789665991774627800,21.8086279296875,-3.9719337924480436,1.5918956822007893,3.118872317506373
1789665991784579800,21.818579833984376,-3.4581174241036177,2.482113752365112,1.5462161733046174
1789665991794531800,21.82853173828125,-1.2546972790002822,1.6578315049231052,0.43843028797060246
1789665991804484900,21.83848486328125,0.37346915549933907,0.9833481892824172,-0.7199222937792539
1789665991814436900,21.848436767578125,2.600982123851776,2.0801818879693745,-1.5087649790495634
1789665991824390000,21.858389892578124,4.344360745418071,2.9059231020480394,-2.795435020893812
1789665991834342000,21.868341796875,5.024929518452287,2.271575981962681,-4.005764165857434
1789665991844294000,21.8782939453125,4.6264036631077525,1.3002367949038742,-4.882867902904748
1789665991854247000,21.888246826171876,3.564351354944706,0.0325642989963293,-5.147286901098489
1789665991864199000,21.898198974609375,-0.0709498514920473,-0.6567062514096498,-4.86667664656043
1789665991874150700,21.908150634765626,-2.4214684372663497,0.5450199003815651,-3.093501437145471
1789665991884103700,21.918103759765625,-10.91500170252323,2.135793885076046,2.1346765714839098
1789665991894056000,21.928055908203124,-12.714407916259765,3.9967923393726346,4.0639553658023475
1789665991904009000,21.938009033203127,-4.42389693120867,3.1962872733592986,2.1490999413728713
1789665991913961000,21.9479609375,1.5073253016352652,1.305032212486863,0.19402824188917875
1789665991923912700,21.95791259765625,3.9457086333453653,0.4274076664358377,-0.6745514124408364
1789665991933865700,21.96786572265625,4.024706182214618,0.19440847337841988,-0.62290729605183
1789665991943817700,21.977817626953126,2.966629791945219,0.6375918010950088,0.5011417418189347
1789665991953770000,21.98777001953125,1.4126087901085613,0.24441899721622465,1.3601602254688738
1789665991963723000,21.997722900390624,-0.47898061728477476,-0.5054273101836443,2.181433938744664
1789665991973674800,22.0076748046875,-2.6961367345347997,-1.455230372738838,2.7628151923179627
1789665991983627800,22.017627685546874,-4.907281044149398,-2.3058675431430338,3.2460791860103604
1789665991993579800,22.027579833984376,-6.757883192116021,-2.951405919328332,3.350207084482908
1789665992003532000,22.037531982421875,-7.740994650033116,-3.2221640574157235,3.020556904704869
1789665992013485000,22.047485107421874,-6.975856665477156,-4.103753415444493,3.084749390891194
1789665992023436800,22.057436767578125,-5.587747525852918,-4.710595273488759,4.100796903726458
1789665992033388800,22.067388916015624,-3.4184359865784644,-5.152168243399262,5.8862184312522405
1789665992043341800,22.077341796875,-1.1196017030730843,-5.4400867751240725,7.829839639177918
1789665992053293800,22.0872939453125,0.45519174541831015,-3.9563890173137186,9.216923527407646
1789665992063246800,22.097246826171876,0.6532122718140483,-2.432775428700447,8.204194345340133
1789665992073198800,22.10719873046875,0.30103929458260537,-2.545744220754504,6.648664692506194
1789665992083150800,22.11715087890625,-0.389109207701683,-2.551370828464627,5.898046816211939
1789665992093103900,22.127103759765625,-1.9713328061938284,-2.409611995255947,5.801736898013949
1789665992103056000,22.137055908203124,-3.1675705897018314,-2.7142694803357124,5.651605373257398
1789665992113007900,22.1470078125,-3.0164304724246263,-3.425482397958636,5.3376446377813815
1789665992122961000,22.1569609375,-2.636797241337597,-3.612656828430295,5.805326446938515
1789665992132913000,22.166912841796876,-3.789988787062466,-3.167074622878432,6.9920748098284005
1789665992142866000,22.176865966796875,-5.532326667404175,-1.6942618316978215,8.46321002318561
1789665992152818000,22.18681787109375,-5.468725425109267,-1.809189941126108,9.546758708363772
1789665992162770000,22.19677001953125,-3.678821199211478,-1.4119640624642371,9.387292953550816
1789665992172723000,22.206722900390623,-1.2278612945228815,-0.05223696771562099,8.127461234271525
1789665992182675000,22.216675048828126,0.3837812906771898,0.8394114275127649,6.402952148348093
1789665992192627000,22.226626953125,-0.46479017936885353,1.0217705666571855,4.915984575086831
1789665992202580000,22.236580078125,-0.41690556164383885,0.60166942384243,2.516615449164808
1789665992212531700,22.24653173828125,1.1014940917134284,-1.631529773452878,0.04077215537130832
1789665992222484700,22.256484619140625,1.9138064998984337,-5.05513644066751,-1.8481506631612776
1789665992232437000,22.26643701171875,2.236800436657667,-9.416616663190721,-3.1176170567482706
1789665992242389000,22.276388916015627,3.004025164359808,-13.477915084743499,-3.553494737626612
1789665992252342000,22.286342041015626,3.399801428735256,-14.430870473849772,-3.7911119458734985
1789665992262293800,22.296293701171876,3.278683817017078,-12.075749947237968,-3.9325408164754507
1789665992272245800,22.306245849609375,3.6430081275522705,-8.827381188985704,-4.25523577028811
1789665992282198800,22.31619873046875,4.810927286809682,-5.785466731214523,-3.897850903627276
1789665992292151000,22.326151123046873,5.408678075903654,-3.3508529811710117,-2.2234724607899783
1789665992302104000,22.33610400390625,4.423144943797588,-1.334074182575941,-0.3167296156674623
1789665992312055800,22.346055908203127,3.4252632022500036,0.5056973592966795,1.7784850062608717
1789665992322007800,22.3560078125,3.04141410703361,1.6172610096037388,4.861634560739994
1789665992331960800,22.3659609375,3.2429683605134487,1.8141075237840414,5.912309150320291
1789665992341913000,22.3759130859375,3.9774937646627424,1.6757570377141235,4.674568266817927
1789665992351864800,22.38586474609375,4.580460827100277,1.3010913659065961,1.8016595456212758
1789665992361817900,22.39581787109375,5.256795908087492,0.43845571467280386,-0.7523422158688307
1789665992371769900,22.405769775390624,5.487572164398432,-0.10947978089451789,-2.158229588767886
1789665992381723000,22.415722900390627,5.598235017597675,-0.34245267046689987,-3.268211522841453
1789665992391675000,22.4256748046875,5.598252553254365,-0.20028525645732878,-4.588610231286287
1789665992401627000,22.435626953125,5.316412464660406,0.7589853071451187,-5.857162432637811
1789665992411580000,22.445579833984375,5.087675020700693,1.5754770468413828,-6.786304399958253
1789665992421532000,22.455531982421874,4.96727637090683,2.315804415267706,-7.522648836228251
1789665992431484000,22.46548388671875,4.997525378698111,3.0774796921491623,-8.057905467486382
1789665992441437000,22.47543701171875,5.119442616361379,3.807400232851505,-8.320658578294514
1789665992451389000,22.485388916015626,5.0702878325700755,4.418903652966022,-8.55700182108283
1789665992461342000,22.495342041015626,5.232968457776308,4.551609995669126,-8.920423045298456
1789665992471294000,22.5052939453125,5.3915971772432325,4.393361215430498,-9.49066097356677
1789665992481246000,22.515245849609375,5.197747506791353,3.7504350675702094,-9.902703313088416
1789665992491199000,22.525198974609374,4.892118838591873,3.459554178908467,-10.074805262112617
1789665992501150700,22.535150634765625,4.713116900920868,3.485959370753169,-10.114978282546996
1789665992511103700,22.545103759765624,4.606102633357048,3.736246383219957,-9.71944167214632
1789665992521056000,22.555055908203126,4.501361279161274,4.062155915164947,-8.627826584890485
1789665992531008000,22.565008056640625,4.404166979344189,4.3098008886903525,-7.477804901373386
1789665992540961000,22.5749609375,3.9176477832481265,4.316358055248856,-6.5887237262845035
1789665992550912800,22.584912841796875,2.9695769513130186,3.9830046370387073,-5.549526224008202
1789665992560865000,22.594864990234374,0.6353039824187755,3.1689842558920382,-4.0992578575909135
1789665992570818000,22.604818115234377,-4.117407262265682,1.7607663942188023,-2.1087275989741086
1789665992580770000,22.61477001953125,-10.946978557020426,-0.15004676908254622,1.403463360622525
1789665992590722800,22.624722900390626,-16.538606139177084,-4.126962441596389,9.235646932578087
1789665992600674800,22.6346748046875,-17.512095782268045,-10.330929894691705,23.39385431150198
1789665992610626800,22.644626708984376,-8.693065657520293,-17.18558185468912,34.143623366248605
1789665992620579800,22.654579833984375,-6.353135685777664,-17.477019792711733,26.791738508439064
1789665992630532000,22.664531982421874,-7.869636812037229,-8.893481262359023,15.20006153318882
1789665992640483800,22.67448388671875,-7.28111328549385,-0.03494096499979496,6.891352335885167
1789665992650436900,22.684436767578124,-3.7645468872919676,2.4486165564328433,0.5331412465393542
1789665992660388900,22.694388916015626,-0.7472703194320202,3.166233495879173,-2.560388832178712
1789665992670342000,22.704341796875,0.70645943948552,4.087745114451646,-5.147281055879593
1789665992680294000,22.7142939453125,2.769453899680078,3.112195031699538,-7.619514634743332
1789665992690246000,22.724245849609375,5.42315668311119,0.1311947690963745,-9.214577841064333
1789665992700199000,22.734198974609374,7.930041304117441,-3.4822166770935055,-9.964404274719953
1789665992710151000,22.74415087890625,8.429847267287968,-6.777614313024282,-10.593993971145153
1789665992720103000,22.75410302734375,4.958178872215748,-11.26508589078188,-7.149839021420479
1789665992730056000,22.764055908203126,-10.089676668030023,-14.9644723236382,2.3806512737095353
1789665992740008000,22.774008056640625,-19.099929621857402,-14.461882867228985,14.114528396195173
1789665992749961000,22.7839609375,-4.97645102648735,-4.69880897410512,7.445045956587791
1789665992759913000,22.793912841796875,7.536373994719981,1.2652210111021995,-5.769532079979777
1789665992769864700,22.80386474609375,7.633060929536819,2.5577228278398514,-9.846935248637198
1789665992779817700,22.813817626953124,8.036891905552148,4.341376176649332,-11.060818871212005
1789665992789770000,22.82377001953125,7.586832262325286,5.199620899447798,-10.320274060642719
1789665992799722000,22.833721923828126,6.006592531126738,5.872424299177527,-9.394567328467964
1789665992809675000,22.843675048828125,6.130036539965868,5.751079308444261,-7.774291939479112
1789665992819626800,22.853626708984375,7.4900401135683055,4.826608840066195,-7.513126390123367
1789665992829579800,22.863579833984375,7.414305950409173,3.7167899875998494,-6.650305445450544
1789665992839531800,22.87353173828125,6.787525466185808,2.3467145173162223,-5.647894828301668
1789665992849484000,22.883484130859376,7.456168823626637,0.2614133866369724,-5.161197353029251
1789665992859437000,22.89343701171875,8.54816151202321,-1.8216209681540727,-4.751878885513544
1789665992869388800,22.903388916015626,8.607236801326275,-3.064527271595597,-2.6150378294721244
1789665992879340800,22.9133408203125,7.483848857712745,-4.304939420133829,-1.400474115678668
1789665992889293800,22.9232939453125,5.788778632241487,-4.583143782573938,0.1560118149667978
1789665992899246000,22.93324609375,4.669566513007879,-4.141872425958514,1.5918313847929237
1789665992909199000,22.94319921875,3.966337579876184,-2.714144392651319,2.2679975389540195
1789665992919150800,22.95315087890625,3.2626445363640784,-0.995588662174344,2.2533277930885554
1789665992929102800,22.963102783203126,2.277754378336668,0.43567923569679257,1.946471336659789
1789665992939055900,22.973055908203126,1.7407880205512045,1.5163836373597384,1.9401660990357399
1789665992949008000,22.9830078125,1.5069067839622496,2.2662457268506286,2.0421265903413293
1789665992958959900,22.9929599609375,1.031206503522396,2.3722756595522165,2.2713427577286955
1789665992968913000,23.002912841796874,0.5028693693291396,1.946353847759962,2.6257164598748086
1789665992978865000,23.012864990234377,-0.05203472314178943,1.1299468637377024,3.2142616137281057
1789665992988818000,23.02281787109375,-5.323447770124673,0.6092237847447395,4.649971585699916
1789665992998770000,23.03277001953125,-15.908215647763013,-0.465136216327548,6.499831975388527
1789665993008722000,23.042721923828125,-14.812053564727305,-3.2553800983190535,3.779432906256616
1789665993018675000,23.052675048828124,-9.023411126086115,-2.1047493429929016,2.8601167519018054
1789665993028627000,23.062626953125,-4.691129817779362,-1.9102754031628368,2.307248768368363
1789665993038580000,23.072580078125,-2.4288281523793933,-1.3391577694505452,1.8976888933122158
1789665993048532000,23.082531982421877,1.1459165862858294,-1.1753688907414674,1.9641472786039114
1789665993058483700,23.092483642578124,2.0325719955325123,-0.9404092112660407,2.205561248785257
1789665993068436700,23.102436767578126,1.7211099450044334,-1.081532084658742,2.2359622322678563
1789665993078389000,23.112388916015625,0.638281536924839,-1.2018828036576508,1.7504390614718197
1789665993088341000,23.122341064453124,-0.13120470596849917,-0.937256884714961,1.562608212918043
1789665993098294000,23.1322939453125,-0.5557552294075488,-0.45004152304828166,1.329149001133442
1789665993108245800,23.142245849609374,-0.6771218474507331,-0.14670096578598021,1.1040195185378192
1789665993118198800,23.15219873046875,-0.8336471648976206,-0.3475321656882763,0.9167378282994031
1789665993128151000,23.162151123046876,-1.1108598859518766,-0.7551023282319307,0.8263637298911809
1789665993138103000,23.17210302734375,-2.257261333145201,-0.7783768208354711,0.8711737624764442
1789665993148056000,23.18205615234375,-5.47468930194974,0.05089665902256965,0.8032372674562036
1789665993158008000,23.192008056640624,-11.173666667234897,0.4097118507474661,0.9547475332200527
1789665993167959800,23.201959716796875,-10.533643255078792,-1.7969021219611168,2.9007810629844664
1789665993177912800,23.211912841796874,-4.7780692655637855,-2.8385972862720488,4.344188311460614
1789665993187865000,23.221864990234376,-0.7363973355010152,-1.8549159195125102,4.771594224330783
1789665993197817000,23.231817138671875,2.4493711741924282,-1.1447177318900823,6.636486763456463
1789665993207770000,23.24177001953125,4.872409637254476,-0.5423766923964023,7.220531683281064
1789665993217721900,23.251721923828125,4.090055144959688,0.8089379633158444,8.633276082468033
1789665993227675000,23.2616748046875,0.47136824258491394,0.791355544874072,10.060376923787594
1789665993237627100,23.271627197265627,-4.8397459695369,0.612663696065545,10.205876112568378
1789665993247579100,23.2815791015625,-8.604238204032182,-0.4387947373688221,9.627252048748732
1789665993257532000,23.291531982421876,-9.825953250885009,-2.382441079735756,9.036669836109876
1789665993267484000,23.30148388671875,-8.050937382039427,-3.6166461903274056,8.83990573951602
1789665993277437000,23.31143701171875,-4.643801957154274,-3.6063755562037225,8.529182670786977
1789665993287389000,23.321388916015625,-1.6196698243111372,-2.964820112174749,7.588550756680965
1789665993297341200,23.331341064453124,-0.3630614509925246,-1.915385293522477,5.587728236630559
1789665993307294000,23.3412939453125,-0.8038708161193877,-1.1375281126469372,4.156484596417844
1789665993317246000,23.351245849609374,-1.9620032523125408,-1.1613695914834736,2.372465044644475
1789665993327198000,23.361197998046876,-1.9949854844599961,-1.8991408456861971,0.5962079435661435
1789665993337151000,23.37115087890625,-0.7085439906746148,-3.299875073605776,-0.5691700067758559
1789665993347103000,23.38110302734375,1.0003262120902539,-5.455165101790428,-1.2587272651687265
1789665993357056000,23.391055908203125,2.6865514523267744,-8.16387519443333,-2.0060069369509814
1789665993367008000,23.401008056640624,3.505825516217947,-10.302972212707996,-2.883899778549373
1789665993376960000,23.4109599609375,4.096149370181561,-10.959100371968745,-4.096466473306715
1789665993386913000,23.4209130859375,3.9863890187799926,-9.226078893765807,-5.3826551613748075
1789665993396864800,23.43086474609375,2.7847511297941208,-6.65068713824451,-5.724227541875839
1789665993406817000,23.440817138671875,0.8442285454709082,-4.073699637964368,-4.314738345092535
1789665993416770000,23.45077001953125,-0.17259411645531653,-2.4074662153989075,-1.6244485830202697
1789665993426722000,23.46072216796875,-0.09674655604958533,-1.8481132537603377,0.9348521616607904
1789665993436673800,23.470673828125,1.1175099914908408,-1.3837965371221304,1.6600906820267438
1789665993446626800,23.480626708984374,3.699893797856569,-1.5076900432944298,1.5903601431965828
1789665993456579000,23.4905791015625,5.1157273952305315,-0.8066828778654337,1.245292321795225
1789665993466532000,23.500531982421876,6.057988371843099,0.5946843872606754,1.3239239599615336
1789665993476484000,23.510484130859375,6.584540887641906,1.8195628665804862,1.2429770305901766
1789665993486435800,23.520435791015625,6.884024184954166,2.7459225097060203,1.0386445445686578
1789665993496388900,23.530388916015625,6.772264768689871,3.3427631982177495,0.7155547462195158
1789665993506340900,23.5403408203125,5.994820260268449,3.5314527094274757,-0.20700492010116575
1789665993516294000,23.5502939453125,4.794273089128732,3.201379043540358,-1.880409257209301
1789665993526246100,23.56024609375,4.068718926942348,2.3013673091143367,-3.5676813761502504
1789665993536198000,23.570197998046876,4.080971674793958,1.6027099216818808,-4.869016487684846
1789665993546151000,23.58015087890625,4.330426912611722,1.4813240144163369,-5.896267531579732
1789665993556103000,23.59010302734375,4.6823745566546915,1.8430284978419542,-6.75307549957335
1789665993566055200,23.60005517578125,4.8490512657597655,2.3890327330857515,-7.384225284922122
1789665993576008200,23.61000830078125,5.0495945886313915,2.8223481622606514,-7.841401482155919
1789665993585960000,23.6199599609375,5.402455255866051,3.0902059027314186,-8.21889273277819
1789665993595912000,23.629911865234376,5.571279790654778,3.445944755750894,-8.73191999657154
1789665993605865000,23.639864990234376,5.584271958696842,3.7936400030463933,-9.236072464513779
1789665993615817000,23.64981689453125,5.353476997685432,3.928008141481876,-9.718649060463905
1789665993625770000,23.65977001953125,5.142784913504124,4.278320877799391,-10.005399132931231
1789665993635722000,23.669721923828124,4.728177984191477,4.726248769694567,-9.776682731759548
1789665993645674000,23.679674072265627,4.286967417852581,4.974913149395585,-9.22573461037278
1789665993655627000,23.689626953125,3.9913057246550916,4.9799587423473595,-8.73171482938826
1789665993665579000,23.6995791015625,4.006438119596242,4.427765589335561,-8.080123729035257
1789665993675532000,23.709531982421876,2.491413203369081,3.4934687234699724,-6.7534554388016454
1789665993685484000,23.719484130859374,-0.7234349780753254,2.1287463046520947,-4.825999768257141
1789665993695436000,23.72943603515625,-6.291212605828046,0.7279729137659072,-2.6772306662738323
1789665993705389000,23.73938916015625,-15.055534988832473,-0.7208435002774,1.7695087958618998
1789665993715341000,23.749341064453127,-21.88050843440294,-4.036365055826306,11.109975993090867
1789665993725292800,23.759292724609374,-12.658374478870629,-10.5604845002532,26.51617150876522
1789665993735245800,23.769245849609376,-1.3266798345409332,-17.8198711071074,32.08552646883726
1789665993745198000,23.779197998046875,-3.215702752447128,-18.90157679476738,21.18199074770212
1789665993755151000,23.789151123046874,-7.2730574048101895,-9.589593641483782,11.00398113170266
1789665993765103000,23.79910302734375,-8.87770910820961,-0.0965869815737009,5.221808181336522
1789665993775054800,23.809054931640624,-5.900462060660123,1.2191869896799326,0.3797100957155227
1789665993785007900,23.8190078125,-1.8765818078756331,1.18092184869349,-2.349113395151496
1789665993794960100,23.828960205078126,1.2803193576432763,1.135760518452525,-4.160466067269444
1789665993804912000,23.838912109375,4.488012845027447,0.22655191661417484,-5.697334858775139
1789665993814865200,23.848865234375,7.222521980315446,-1.2145184133470057,-6.766893597045541
1789665993824817000,23.85881689453125,8.19601045436263,-4.020912635150552,-7.789212445235252
1789665993834770000,23.86877001953125,5.575969409775734,-9.172103557950258,-9.151635354939103
1789665993844722000,23.878721923828124,-5.550474903035163,-15.543896013402938,-5.797280503126979
1789665993854674200,23.888674072265626,-18.186825766146182,-16.594955218386648,5.010193137091398
1789665993864627000,23.898626953125,-10.861637192082405,-6.804467833158373,5.178199341234564
1789665993874579000,23.908578857421876,5.0716696423172944,-1.4072715207338333,-5.930139990565181
1789665993884531000,23.918531005859375,9.296603213322163,0.8882102374732493,-8.419465574005246
1789665993894484000,23.92848388671875,8.223048098891972,4.143752248355746,-10.498384894692897
1789665993904436200,23.938436279296877,8.251600824159384,5.996773147901893,-10.176999562174082
1789665993914389000,23.948388916015624,7.719578352516889,6.751128457158804,-7.748529137191176
1789665993924341000,23.958341064453126,7.726425441932678,6.784024764588475,-6.963251450926065
1789665993934293000,23.96829296875,8.13741213492155,6.2113289217740295,-6.808056213039159
1789665993944246000,23.97824609375,8.55927794932127,4.9400674614638085,-6.921908217668533
1789665993954197800,23.98819775390625,7.964262722671031,3.7944811300456522,-6.285534560191631
1789665993964150800,23.99815087890625,6.777929954844713,2.267792956292629,-5.411192104551196
1789665993974103000,24.00810302734375,6.423697999256849,0.06795125419795513,-3.7570159072652456
1789665993984055000,24.018054931640624,6.306202085167169,-2.603218504601717,-1.2319716524511575
1789665993994008000,24.028008056640626,6.369155092686414,-4.7708337613523,1.1277060990735888
1789665994003959800,24.037959716796873,7.046278109180927,-5.829442651063204,2.8774808514177797
1789665994013912000,24.047912109375,7.560408365780114,-5.691211991980672,3.373899510237574
1789665994023865000,24.057864990234375,6.3860454372107975,-4.188235533204675,3.1555256393820046
1789665994033817000,24.067817138671874,5.14860908961296,-1.8044430388599633,3.4675369943559167
1789665994043770000,24.07777001953125,4.354706782865524,-0.18429332207739352,3.8069799616128206
1789665994053721900,24.087721923828123,2.748276963877678,0.7930833915799855,3.86618530703634
1789665994063673900,24.097673828125,-3.4674288578063246,2.5641326948821543,3.9239512673065065
1789665994073627000,24.107626953125,-8.490815822991728,2.553409640815854,3.2303602233529087
1789665994083579100,24.1175791015625,-7.925911656966805,0.833670838034153,4.178815378430485
1789665994093531000,24.12753076171875,-3.4133313569158314,-0.13920622611641884,5.864010106575488
1789665994103484000,24.13748388671875,-0.2609743376325816,-0.28685879353880883,5.639518629622459
1789665994113436000,24.147435791015624,-1.2259662745565176,0.005985504150390624,4.486047974695265
1789665994123388400,24.157388427734375,-3.9149809021264312,0.33687691616117954,2.7286761913508175
1789665994133340700,24.167340576171874,-6.3010506937533615,0.5963099426358938,0.653011488544941
1789665994143292400,24.17729248046875,-5.216214306852221,0.6878034004628658,-1.0485349472030996
1789665994153245400,24.187245361328124,-1.2638469462700188,0.5828197619438171,-2.108179901963472
1789665994163197400,24.197197509765626,0.8065121974736451,0.8906161295711994,-2.2300445326566694
1789665994173149700,24.207149658203125,0.511174037142098,1.1955886719495057,-1.0193348639428614
1789665994183102700,24.217102783203124,-0.6455261012256145,1.3883546388179062,0.20290508356690407
1789665994193054500,24.227054443359375,-1.5476128883600233,1.0863257486760616,0.5301761131234467
1789665994203007500,24.237007568359374,-2.3043623992770907,0.3958236106485128,0.5918623155772685
1789665994212959500,24.24695947265625,-3.5121932976841923,0.08763152170181274,0.8323767065703869
1789665994222911500,24.256911376953123,-4.864245035499334,0.08091536518931389,1.2088147948779164
1789665994232864300,24.2668642578125,-4.74345650960505,0.1524012232542038,2.336481292593479
1789665994242816500,24.27681640625,-2.9336183337032793,0.0822264477878809,3.799623753631115
1789665994252769500,24.28676953125,-0.8627817817062139,-0.33731939923167226,5.149090151128172
1789665994262721500,24.296721435546875,0.3544587500810623,-0.8683563669681549,7.002583928883075
1789665994272673500,24.306673583984374,0.9357418039768933,-0.7069038222521543,9.085194505304097
1789665994282626300,24.316626220703125,0.9365887761950492,0.4685550848603248,10.323878222614526
1789665994292578600,24.32657861328125,-0.027106471981853245,1.6992524795919657,10.42814173016548
1789665994302530600,24.336530517578126,-0.5045704010933637,1.4986311230480671,9.710821727839111
1789665994312483600,24.346483642578125,-0.019597411525994538,0.7750842090308666,8.3530042661041
1789665994322435300,24.356435302734376,-0.6838105314344167,0.1819452976465225,6.671385058358311
1789665994332388400,24.366388427734375,-2.54983587398231,-0.8305857315003872,5.505045277246833
1789665994342340400,24.37634033203125,-3.8152936164498326,-2.4993407814979554,4.890253336980939
1789665994352292600,24.386292724609376,-3.993289299687743,-4.281281481170654,4.857246847175062
1789665994362245600,24.39624560546875,-4.443808377119899,-5.437379269731045,5.388749971118569
1789665994372197400,24.406197265625,-5.792956794708967,-5.3575891091793775,5.95557838320434
1789665994382150400,24.416150390625,-6.353904332062601,-4.5873400652199985,7.294158645027875
1789665994392102400,24.426102294921876,-5.54309765226543,-3.623295126822591,8.892873944115639
1789665994402054700,24.4360546875,-3.8474808988273144,-2.582434659770131,9.365378643384576
1789665994412007700,24.446007568359374,-1.7141542806476353,-1.5939251422017813,8.998917320820688
1789665994421959400,24.45595947265625,-0.7361316703021525,-0.394987744346261,7.356227855449914
1789665994431911400,24.465911376953127,-0.5046335294574499,0.5917547635495662,5.318375873687863
1789665994441864400,24.475864501953126,0.6520131251573562,0.7090326509743928,4.0235400610446925
1789665994451816400,24.48581640625,1.972633951920271,-0.20844635108113288,2.928706304003298
1789665994461769500,24.49576953125,2.970501664942503,-2.240373618969321,1.8518910187333821
1789665994471721500,24.505721435546874,4.702579140293598,-5.614003080093861,0.5218465300649404
1789665994481673500,24.515673583984373,6.515283227020502,-9.341558207336067,-1.0020426606193185
1789665994491626500,24.52562646484375,6.94448128400445,-12.133895846736431,-2.584023390266299
1789665994501578500,24.53557861328125,5.728119288617372,-14.033697202157974,-4.576881799569725
1789665994511530500,24.545530517578126,0.9183681329149752,-13.713075255227087,-6.42828298895955
1789665994521483500,24.5554833984375,-3.777386202859878,-10.176033932012318,-6.908570597189664
1789665994531435500,24.565435546875,-4.3714206017792225,-5.918930614286661,-4.8426300005406135
1789665994541388500,24.575388427734374,-2.262582528167963,-3.5932764206558465,-2.0278721472784875
1789665994551340500,24.585340576171873,1.5451123037159442,-2.392099134919047,-0.3367667337849736
1789665994561292300,24.595292236328124,4.177360503447056,-1.3428922798037528,0.3953758668810129
1789665994571245300,24.605245361328127,4.9109950962364675,0.6572790828615427,1.597530473217368
1789665994581197600,24.615197509765625,4.986258134752512,2.214301020079851,0.9163783473372459
1789665994591150600,24.625150634765625,5.374418078905344,2.1691215696603057,0.08306932835280895
1789665994601102600,24.6351025390625,6.012862112915515,2.335011220040917,-0.21666063719689846
1789665994611054300,24.645054443359374,6.149885734295845,2.2753467326730488,-1.0430851573646067
1789665994621007400,24.65500732421875,5.997360592401027,1.9613626163214444,-1.5625293024629354
1789665994630959600,24.664959716796876,5.348752307251096,1.7503326784878968,-2.331248652637005
1789665994640911600,24.67491162109375,4.340060125614702,1.6020798070847988,-3.520036412400007
1789665994650864600,24.68486474609375,3.876678059478104,1.3642133002519607,-4.998412682926655
1789665994660816400,24.69481640625,4.161529312586784,1.5199328542739152,-6.405836179351806
1789665994670769400,24.704769287109375,4.389223092712462,1.9962381148695945,-7.398643686375022
1789665994680721400,24.714721435546874,4.635153371274471,2.5371400585383177,-8.070355783736705
1789665994690673700,24.724673583984377,4.853762219929695,2.9379765289127824,-8.600641640844941
1789665994700626700,24.734626708984376,5.002777892398834,3.1192303371638057,-9.222121096050738
1789665994710578400,24.744578369140626,4.978908356511592,3.3553175593644378,-9.83682535803318
1789665994720530400,24.754530517578125,4.744920152416825,3.4640018059670923,-10.3106855635643
1789665994730483500,24.7644833984375,4.442203864532709,3.5318969460636374,-10.576350762426852
1789665994740435700,24.774435791015627,4.107720273248851,3.5744092231005427,-10.758695873045921
1789665994750388500,24.784388427734374,3.789632228709757,3.647498424708843,-10.754075812029837
1789665994760340500,24.794340576171876,3.327732510085404,4.006106695684791,-10.431581056964397
1789665994770292500,24.80429248046875,2.8365649036616087,4.390401196581125,-10.036146153372526
1789665994780245500,24.81424560546875,3.046854252260923,4.378827663165331,-9.976169531315564
1789665994790197500,24.824197509765625,3.2312522037565707,3.835051040843129,-9.841223300731182
1789665994800150300,24.834150390625,2.134025414098799,2.72686300444901,-8.805770245680213
1789665994810102500,24.8441025390625,-0.6373426486395299,1.335112877973914,-6.252406197571754
1789665994820054500,24.854054443359374,-7.406648713654279,-0.031436756271123883,-2.084017228348553
1789665994830007600,24.864007568359376,-22.074202622032164,-2.456037061822414,5.6662406323313705
1789665994839959300,24.873959228515623,-31.776482731497286,-8.015760270196198,25.017013146972655
1789665994849911600,24.88391162109375,-5.569021782594919,-16.281359224569798,40.4766772179842
1789665994859864600,24.893864501953125,1.6766414193332195,-21.4580884932518,27.047270435822007
1789665994869816600,24.903816650390624,-2.806425201463699,-18.277517844462395,14.473599023985862
1789665994879768600,24.9137685546875,-6.955133610922098,-6.259137551653385,7.241098670491576
1789665994889721300,24.923721435546874,-7.114626253741979,1.7068232071071863,3.0877906582832333
1789665994899673300,24.93367333984375,-3.2960090458273887,3.39404973334074,1.2649603143393993
1789665994909626400,24.94362646484375,0.19390826877132056,3.6221108854740858,-0.4581090941697359
1789665994919578600,24.95357861328125,3.2018940073251723,2.943095771622658,-2.496709848472476
1789665994929530400,24.9635302734375,5.786574984717369,1.7434160309672355,-5.076548062008619
1789665994939483400,24.9734833984375,7.883829003518819,-0.35028643283247946,-7.908479460650682
1789665994949435400,24.983435302734375,7.513326296609639,-4.168415564969182,-11.063416486489771
1789665994959388400,24.993388427734374,1.7500703742899,-10.247636694455146,-14.309141452234982
1789665994969340700,25.003340576171876,-10.821540159493685,-17.85499268937111,-10.731816049426794
1789665994979292400,25.01329248046875,-14.081071532273292,-14.585616798925399,2.7236162776127455
1789665994989245400,25.023245361328126,-4.41275448268652,-4.35122712405622,2.2315008689448237
1789665994999197400,25.033197509765625,5.021951379424333,-0.18379004873037338,-6.270444543087482
1789665995009149400,25.0431494140625,8.48844324864149,1.891722093862295,-8.006219703912734
1789665995019102500,25.0531025390625,7.438413971227407,3.803819451755285,-9.040231327983737
1789665995029054500,25.063054443359373,7.351005736887455,5.308697944760322,-8.135188613653183
1789665995039007500,25.073007568359376,7.294500590333342,5.802797220721841,-6.275462078988552
1789665995048959500,25.08295947265625,7.133271332979202,5.720616950163245,-5.589360806268453
1789665995058911500,25.092911376953126,7.780386164700984,5.18613481040895,-5.290521067556739
1789665995068864500,25.102864501953125,8.53443343092203,3.844713772201538,-5.194411055845022
1789665995078816500,25.11281640625,7.452663445854187,1.9281582658559082,-4.492029094931483
1789665995088769500,25.12276953125,6.344394745439291,-0.4432259978145361,-3.3558354457587
1789665995098721500,25.132721435546873,5.9092789888441555,-3.1391467515110967,-1.4639935249090195
1789665995108673500,25.142673583984376,6.021341187447309,-5.536040719491243,0.8721665729060769
1789665995118626600,25.15262646484375,6.24342326517105,-6.639963499656319,3.108357645493746
1789665995128578600,25.16257861328125,7.049884609240293,-5.900471997532248,3.456609942150116
1789665995138530800,25.17253076171875,6.22363603016138,-4.037208520913124,3.042807022696733
1789665995148483800,25.18248388671875,4.728915358555317,-1.8259353242218492,3.300331292940676
1789665995158435800,25.192435791015626,4.2615564977422355,0.022164485535025594,3.731982880556583
1789665995168387600,25.2023876953125,4.645256247615814,1.4828841033399105,3.6366675263538952
1789665995178340600,25.212340576171876,1.0036019458252936,3.501072768732905,3.3437601003006097
1789665995188292900,25.22229296875,-3.5985201665282247,3.7806250386506317,2.5655755871668458
1789665995198246000,25.232245849609374,-4.348920016157627,2.286061018911004,3.872323079138994
1789665995208198000,25.242197998046876,-3.6392058126598594,1.352300744140148,4.829609483186901
1789665995218149600,25.252149658203123,-2.449248424595594,0.9591916531473398,4.233627749592066
1789665995228102700,25.2621025390625,-0.19454466697871683,-0.012201309925317764,2.5139447686508296
1789665995238054700,25.2720546875,-1.036416493255645,-0.4929238024413585,1.4242423831485211
1789665995248007700,25.282007568359376,-4.674068500602245,0.06678221041858196,0.6118529642045497
1789665995257960000,25.2919599609375,-6.479418717435002,0.2647030758321285,-0.693010029195249
1789665995267911700,25.30191162109375,-5.278531354555487,0.7246241878598928,-1.7048386091612278
1789665995277864700,25.31186474609375,-2.927757332715392,1.3412316531151531,-2.064502526669949
1789665995287816700,25.321816650390623,-0.9285195976383983,1.6963322082310914,-2.2429966609492897
1789665995297768700,25.331768798828126,-0.8428263505227863,1.5334768109798431,-1.8925681892976163
1789665995307721700,25.3417216796875,-1.4135112919062376,0.8591016318887472,-0.9543658404260873
1789665995317673700,25.351673828125,-1.7659158859364688,-0.15961422337293624,0.6937514952123165
1789665995327626800,25.361626708984375,-2.2460238998159765,-0.9733546185344457,2.237744147248566
1789665995337578800,25.371578857421873,-3.232122264589369,-0.8838935433179139,3.4858766609057783
1789665995347530800,25.38153076171875,-4.471588072188198,0.0841384188890457,4.4107478190392255
1789665995357483500,25.3914833984375,-4.520010450051725,0.5370101969271898,4.7954617143914104
1789665995367435800,25.401435791015626,-2.8811943189829585,-0.24559213264882562,5.184257910621166
1789665995377387800,25.4113876953125,-0.2347194409787655,-1.2759534175187348,6.226670867812633
1789665995387340800,25.4213408203125,1.9743582914948463,-1.3502730377048253,7.979429312142729
1789665995397292800,25.431292724609374,3.123373428317904,-0.61310208748281,9.716723060837387
1789665995407245600,25.44124560546875,2.36833788171187,0.7221838089704513,11.350693797701597
1789665995417197800,25.45119775390625,-1.0155670358419417,1.4980430940270424,11.699217312514781
1789665995427149800,25.46114990234375,-2.523112117707729,0.673321286123991,9.543015430182217
1789665995437102800,25.471102783203126,-1.2088334995783865,0.09145955555737018,7.020536934202909
1789665995447054600,25.4810546875,-1.1201697122193872,-0.21323709248900413,5.703557678812742
1789665995457006600,25.491006591796875,-2.503777887162566,-1.0215759208679198,4.707818502251803
1789665995466959600,25.500959716796874,-3.648199850976467,-2.3064053032815455,3.844072551688552
1789665995476911900,25.510911865234377,-4.1035926719248295,-3.9423499705672262,3.4862469555228945
1789665995486865000,25.520864990234376,-4.983952780419588,-4.83319932437241,3.6040988434433934
1789665995496816600,25.530816650390626,-6.067739366006851,-4.618843456986546,4.547859118703007
1789665995506768600,25.5407685546875,-5.311450458338856,-3.7813790718883276,6.326836876916885
1789665995516721700,25.5507216796875,-3.8335949968159198,-2.7577853814572095,7.8464704559832805
1789665995526674000,25.560673828125,-2.569873868882656,-1.9985773714721202,8.560831608504056
1789665995536626000,25.5706259765625,-1.5860019479870795,-1.4439666359245775,7.881147801610827
1789665995546578700,25.58057861328125,-1.60703830627501,-1.0284826315164566,6.401145391187072
1789665995556530700,25.59053076171875,-0.8664309518635273,-1.0570943934947252,4.883423783221841
1789665995566483700,25.600483642578126,0.8715735754489898,-1.4952765519231557,3.8354312723323702
1789665995576435700,25.610435791015625,1.606021822708845,-2.3899136075735092,3.129450702404976
1789665995586387700,25.6203876953125,2.3944473054803908,-3.965795143562555,2.44712047265619
1789665995596340700,25.6303408203125,4.622186337673663,-5.951804709884524,0.41988896136879916
1789665995606292700,25.640292724609374,5.892935756808519,-7.994023070162534,-1.9421514276340603
1789665995616244700,25.65024462890625,5.795507648235559,-9.820343009787797,-3.520387125533819
1789665995626197800,25.66019775390625,3.552160566413402,-11.699582054173945,-5.695020152091979
1789665995636149800,25.670149658203126,-1.4199392791271208,-12.106601012575625,-7.6585905075907705
1789665995646102800,25.680102783203125,-5.531695383763313,-9.412100062549113,-7.58956782476902
1789665995656054800,25.6900546875,-4.640556691622733,-5.422534167298674,-5.372931055217981
1789665995666006800,25.7000068359375,-0.7510672274969518,-2.971972906538844,-2.6848034396156666
1789665995675959800,25.709959716796874,3.155603380793333,-1.7293553569108246,-0.481027905203402
1789665995685911600,25.71991162109375,5.172223773956299,-0.5193208109796047,1.4644132116258144
1789665995695864600,25.729864501953124,5.62054972525835,0.9873837284088134,2.753257674899697
1789665995705816800,25.73981689453125,6.003393442824483,2.6536452080249786,3.1800013244688508
1789665995715768800,25.749768798828125,6.933827203521132,2.663162977954745,2.16808755043745
1789665995725721900,25.759721923828124,7.312179454886913,2.654325006982684,1.5338929905652998
1789665995735673600,25.769673583984375,7.531834013202786,2.5961376064300534,0.5608730108126998
1789665995745625900,25.7796259765625,6.796638162446022,2.2319372145354746,-0.2749772170871496
1789665995755579000,25.789578857421876,5.3785903961539265,1.3538099796593188,-1.884077716588974
1789665995765531000,25.79953076171875,3.9402214341059323,0.8269944290101527,-3.218269388064742
1789665995775484000,25.80948388671875,3.4562428624033927,0.7174848374992608,-4.266448653697967
1789665995785435600,25.819435546875,3.835489139999449,0.7806330753296613,-5.324966942515969
1789665995795387600,25.8293876953125,4.240251843906939,1.0991267780601979,-6.2618368737399575
1789665995805340700,25.839340576171875,4.638827675873041,1.6434814925312995,-7.010969479912519
1789665995815293000,25.84929296875,4.9639060176908965,2.0674697059124707,-7.736485063654184
1789665995825244700,25.85924462890625,5.1477311377346515,2.6068396177083253,-8.507946990534663
1789665995835197700,25.86919775390625,5.14130022790432,3.0470266862183806,-9.282015300521254
1789665995845149700,25.879149658203126,4.83680903930217,3.1941835790783166,-9.812738380002974
1789665995855102700,25.889102783203125,4.470224674880504,3.33201968588531,-10.048368506085872
1789665995865054700,25.8990546875,4.0275907977402206,3.3683313547164198,-9.984379725778103
1789665995875006700,25.9090068359375,3.6397745524585243,3.3779923325091596,-9.711004098668694
1789665995884959700,25.918959716796873,3.2070880688369274,3.6488013240009542,-9.406277055484056
1789665995894911700,25.928911865234376,2.7627885965719816,3.9216415290594098,-9.211254834121466
1789665995904863700,25.93886376953125,2.6588299171864986,3.939963367691636,-9.341962111961841
1789665995914816800,25.948816650390626,2.2819103289723395,3.801566119870543,-9.48247240641415
1789665995924768800,25.958768798828125,0.9689595984458923,2.992601853069663,-9.436418511247634
1789665995934721800,25.9687216796875,-1.7368869214594362,1.6565905649513004,-8.045539322388171
1789665995944673800,25.978673828125,-5.465566084295511,0.43900574977099893,-4.952751001948118
1789665995954625800,25.988625732421873,-12.408857281732558,-1.5895207697629927,0.02232552131563425
1789665995964578600,25.99857861328125,-23.311668195724486,-5.418799656945467,10.579961938661336
1789665995974530800,26.00853076171875,-16.177742198228835,-12.581765870964526,26.053096901142595
1789665995984483800,26.01848388671875,-2.5872154643058773,-18.188738321769236,24.7369920904994
1789665995994435800,26.028435791015625,-2.351155130112171,-18.54591509863734,15.551735620987415
1789665996004387800,26.038387939453123,-4.893725981527567,-10.231769263237714,10.336699125742912
1789665996014340600,26.048340576171874,-5.555692345422506,-0.7892886754721402,6.441252360647916
1789665996024292600,26.058292724609377,-2.5065315697848796,0.5542530081510544,3.6029064187884328
1789665996034244900,26.068244873046876,2.1371255720712243,-3.4476737715005874,0.7578516269400716
1789665996044198000,26.078197998046875,4.926719904112815,-7.848807374498247,-1.9015350473463535
1789665996054149600,26.088149658203125,4.502774360829592,-10.386799665951727,-4.368284057319164
1789665996064102700,26.0981025390625,0.5717794586218893,-11.446879212737082,-6.872857478773594
1789665996074054700,26.1080546875,-8.480988256460428,-11.06319670625925,-9.521689733558892
1789665996084007000,26.1180068359375,-12.895364202868938,-6.508046846026182,-5.651240631598234
1789665996093960000,26.1279599609375,-3.7645711449503896,-2.1852397607684133,-0.497242250162363
1789665996103911700,26.13791162109375,7.229731473302841,-0.28328794931471346,-3.1692981441468
1789665996113863700,26.14786376953125,10.713736787378787,2.466548518964648,-7.622529598650336
1789665996123816700,26.157816650390625,9.997765277051926,5.7159267465204,-9.47503085823655
1789665996133768400,26.1677685546875,8.8824250308156,6.976411961272358,-8.528430975636839
1789665996143721500,26.177721435546875,7.590079865944385,7.801721798196435,-7.599094362527132
1789665996153673700,26.187673828125,7.075803478872776,8.39189250742495,-6.988966906940937
1789665996163625700,26.197625732421876,7.122049681740998,8.56282307458222,-6.253002409899234
1789665996173578500,26.20757861328125,6.976810020679235,7.862531363946199,-5.398717822903395
1789665996183530500,26.217530517578126,5.379470101597905,6.494986288923025,-4.676455687999725
1789665996193482800,26.227482666015625,4.162983603048325,4.955718035060167,-4.287609515148401
1789665996203435800,26.237435791015624,4.119449874009192,2.479225045186281,-3.2939988750487563
1789665996213387800,26.2473876953125,4.485491217595339,-0.8684241715073585,-1.7490867700800299
1789665996223340500,26.257340576171874,4.443923527932167,-4.896957218533754,1.0361237939193844
1789665996233292500,26.26729248046875,6.065780048632622,-8.49608996400237,3.615384207567572
1789665996243244500,26.27724462890625,6.209344469958544,-9.70587959526181,6.0411471271574495
1789665996253197600,26.287197509765626,6.239372528475522,-8.118935982510447,6.470168658530712
1789665996263149600,26.297149658203125,5.872206272512674,-4.651916874548792,5.66775337498188
1789665996273101600,26.3071015625,6.525885285055637,-1.1774287458807229,4.282496702179312
1789665996283054600,26.3170546875,2.74263983477354,2.326515194374323,3.073654580903053
1789665996293006600,26.327006591796874,-3.8871243424296376,2.9053461789429185,3.652869596353173
1789665996302959600,26.336959716796876,-5.213219216689467,2.439302784642577,4.659798567709326
1789665996312911600,26.34691162109375,-4.432564514049887,1.3002788804799317,5.861469774442911
1789665996322863600,26.356863525390626,-2.8818641810685395,0.956596960479021,6.177624220570921
1789665996332816600,26.366816650390625,0.002701660174131393,1.1745552362710237,4.549752969625592
1789665996342768600,26.3767685546875,2.3094214362323284,0.9028881666451692,2.029801654036343
1789665996352720600,26.386720703125,-0.435896677839756,0.9671019878804683,0.6984796927779913
1789665996362673400,26.39667333984375,-3.5647570131361483,0.6015677170336247,-0.46483518755435943
1789665996372625700,26.406625732421876,-4.189116407692432,0.2228974857598543,-1.7837915882363915
1789665996382578700,26.41657861328125,-2.76951498221755,0.0871364316612482,-2.3576709417469797
1789665996392530700,26.42653076171875,-1.243150487460941,0.1097106670409441,-2.7156308318167923
1789665996402482400,26.436482421875,-1.1852676228128374,0.419921110072732,-2.863940109582245
1789665996412435500,26.446435546875,-2.078267578780651,0.7846183455735445,-2.465858198612928
1789665996422387700,26.4563876953125,-2.5533377446234224,0.8512450731694697,-1.6758897241830826
1789665996432339700,26.466339599609373,-2.3515485133439302,0.19938859987854957,-0.6233452490776777
1789665996442292700,26.476292724609376,-1.6325253603614867,-0.5069640182316303,1.1246711152918636
1789665996452244500,26.486244384765627,-1.413259509102255,-0.6541764406710863,2.510980950409174
1789665996462197500,26.496197509765626,-2.5828566845744847,-0.019822890844941137,3.395096612045169
1789665996472149500,26.5061494140625,-4.222794805410504,0.8297048570126294,4.09284799054861
1789665996482101800,26.516101806640624,-3.999669063852727,0.860269506624341,4.8417850741490716
1789665996492054800,26.5260546875,-2.1693495331972836,-0.10720657526552677,5.477922292521596
1789665996502006500,26.536006591796873,-0.06074307638481259,-1.305006493523717,5.986614157459139
1789665996511958500,26.54595849609375,1.163113658671826,-1.6686352230101822,7.0832023569524285
1789665996521911600,26.55591162109375,1.1654941240675747,-0.7972855194449424,8.77451761380434
1789665996531863800,26.56586376953125,0.2687690100967884,0.5486264004409313,9.793844878962636
1789665996541816800,26.57581689453125,-0.3825410813577473,0.7788514526098966,9.438083814111351
1789665996551768600,26.5857685546875,0.25235782739147544,0.32864158725738524,8.38950473550558
1789665996561720600,26.595720458984374,0.6049694883011281,0.08049801656007766,7.0364370986461635
1789665996571673600,26.605673583984377,-1.4022487241357564,-0.14222586619853972,5.725096141403913
1789665996581625600,26.61562548828125,-4.305548491942882,-0.9696908353298902,4.737449670405685
1789665996591577600,26.62557763671875,-5.35469397225976,-2.5486896265566346,3.495177573214471
1789665996601530600,26.635530517578125,-4.946056472745537,-4.383332573369145,3.1056966095909475
1789665996611482600,26.645482666015624,-5.093025149556994,-5.63448180449903,3.908146379931271
1789665996621435600,26.655435546875,-6.109103057530522,-5.357065377566218,5.040706348776817
1789665996631387600,26.6653876953125,-5.767234324431419,-4.09363300344646,6.924661900290847
1789665996641339600,26.675339599609377,-4.047086356326937,-2.6585247967600822,8.565895906156301
1789665996651292700,26.685292724609376,-1.3272516430795191,-1.6889742466837168,9.242323926123976
1789665996661244700,26.69524462890625,0.692023648506403,-0.7749421702116728,9.257574102225899
1789665996671196700,26.70519677734375,0.2231155124247074,0.6156874278008937,7.853962857565283
1789665996681149700,26.715149658203124,-0.8578466633915901,1.3101041089236736,5.8201569363236425
1789665996691101400,26.725101318359375,-0.2051507801344618,0.6471113245904445,4.777531505425274
1789665996701054500,26.735054443359374,1.4990952334284782,-0.780788558152318,4.011307479198277
1789665996711006700,26.7450068359375,3.0116052442252634,-2.5738386808604,3.001264175213873
1789665996720958700,26.754958740234375,4.479884483629465,-4.729221063503623,1.7344810293614863
1789665996730911700,26.764911865234374,6.473365993267297,-7.106522442263365,-0.5435977586239576
1789665996740863500,26.774863525390625,6.89199823257327,-8.932759964302182,-2.4276325128540397
1789665996750815700,26.784815673828124,4.887417821294069,-10.911917765033245,-3.7916675339296457
1789665996760768800,26.794768798828127,0.3683925828874111,-13.139689676582812,-5.652134950089454
1789665996770720800,26.804720703125,-4.4365258188962935,-13.893722914278506,-7.928701579946279
1789665996780672500,26.814672607421876,-4.991610017174482,-10.7077454380095,-8.387642448765039
1789665996790625500,26.82462548828125,-2.351718316952884,-5.873150859886407,-5.307507273671031
1789665996800577500,26.83457763671875,0.8684408303812146,-3.1695226005524395,-2.9092323727264997
1789665996810530600,26.844530517578125,3.088093440622091,-1.2388684262275695,-0.39303953288793564
1789665996820482800,26.85448291015625,3.8583714184150097,0.4093617221355438,1.4877596004217861
1789665996830434600,26.8644345703125,4.619145947064459,1.6607780797690153,2.035189776815474
1789665996840387600,26.8743876953125,5.191974768608808,2.050010621589422,1.6967334825083613
1789665996850339600,26.884339599609376,5.359208819335699,1.9920926856279373,1.0707324582248925
1789665996860291800,26.894291748046875,5.978032791596651,2.0789491313040256,0.33865532401055093
1789665996870244600,26.90424462890625,6.00716536257863,1.7584183697879314,-0.8066343625485897
1789665996880196600,26.914196533203125,4.991740950077772,1.1440414400637149,-2.2156728929549456
1789665996890149600,26.924149658203124,4.100585014541447,0.5522703099012375,-3.5102187827408313
1789665996900101600,26.9341015625,3.9944554208576677,0.19452128610312938,-4.472084623533487
1789665996910053600,26.9440537109375,4.228906274028122,0.20578034674227236,-5.424509851285815
1789665996920006400,26.95400634765625,4.576635423593223,0.6652741732686758,-6.34182226460278
1789665996929958700,26.963958740234375,4.761829786163569,1.1589666219949721,-7.19983668577671
1789665996939910700,26.97391064453125,4.895642044281959,1.7383721915811299,-7.937280023199319
1789665996949863700,26.98386376953125,5.232593194723129,2.388425999364257,-8.839469101664424
1789665996959815400,26.9938154296875,5.405096125763654,2.9617046105027196,-9.522171964117884
1789665996969768400,27.0037685546875,5.211860203295946,3.571511163571477,-9.967812037336826
1789665996979720700,27.013720703125,5.020151052004098,3.9972868448913097,-10.243007281088829
1789665996989672700,27.023672607421876,4.705694349704682,4.172003360328078,-10.193949527931213
1789665996999625700,27.033625732421875,4.200345949976146,4.27877212869823,-9.879698869597911
1789665997009577500,27.043577392578126,3.5178000316500664,4.527471579712629,-9.472417460867762
1789665997019529500,27.053529541015624,3.088509327946603,4.940391871112585,-9.38504605140686
1789665997029482500,27.063482421875,3.2663872300237413,5.48212792751789,-9.490693122270702
1789665997039434800,27.073434814453126,3.351463806545734,5.582608993920683,-9.521288751542567
1789665997049386500,27.083386474609377,2.4338125166632234,4.882089319747686,-9.330732277417182
1789665997059339500,27.093339599609376,0.4359400785900652,3.310473624509573,-8.492001817905903
1789665997069291500,27.10329150390625,-4.203068945199251,1.365036891594529,-5.957233749195933
1789665997079244500,27.11324462890625,-15.16801921223998,-1.2115624861508607,-0.42784956498444077
1789665997089196800,27.12319677734375,-34.59251747282743,-7.214176176774501,15.78011299946308
1789665997099148500,27.1331484375,-17.004903800499438,-16.304987937438487,35.94860358072519
1789665997109101600,27.1431015625,-0.4859223992466926,-23.168436951875684,27.544654140281676
1789665997119053600,27.153053466796877,-2.7686206637263298,-21.77532255131006,13.938855018424986
1789665997129006300,27.16300634765625,-4.888153149831295,-10.558043536841868,8.096566914314032
1789665997138959000,27.172958984375,-6.377419063162804,0.3317138343095779,2.687164031267166
1789665997148911400,27.182911376953125,-3.7329578630685805,3.9923189933508634,0.4797995324522257
1789665997158864400,27.192864501953125,0.0164390936255455,5.040405320003629,-1.176628535413742
1789665997168816400,27.20281640625,2.6290473578631874,3.936512934976816,-2.918088756138086
1789665997178768400,27.212768310546874,3.8819513237059113,1.6735142272233963,-5.082946238613128
1789665997188721200,27.22272119140625,4.430474848294258,-1.0166682750821112,-7.56314042109251
1789665997198673200,27.232673095703124,4.445293647241592,-4.7311008859008545,-10.526464157229661
1789665997208625400,27.24262548828125,0.019036855033785105,-9.618087330040336,-12.528745059394836
1789665997218578400,27.252578369140625,-8.33821995394826,-15.530653085470199,-7.281938630402088
1789665997228530200,27.2625302734375,-7.806550533527135,-13.987110807549954,6.771652189749479
1789665997238482200,27.272482177734375,-1.3974237881973386,-5.65206773007214,6.620857232648134
1789665997248435200,27.282435302734374,4.882611882317066,-0.6426192738682032,-2.590228382386267
1789665997258387200,27.29238720703125,7.490323022162914,2.0245190374583006,-6.6102738793134685
1789665997268340200,27.30234033203125,7.235014382141828,4.633239646607637,-8.183561891677975
1789665997278292200,27.312292236328126,7.155520574188232,5.851702998188138,-7.579711032143234
1789665997288244200,27.322244140625,6.277465820026397,6.377234938767552,-6.959702234011888
1789665997298197200,27.332197265625,6.181932731419801,6.4482777292400595,-6.497341912138462
1789665997308149200,27.342149169921875,6.532974366533756,5.83739507137239,-6.23109686756134
1789665997318101200,27.352101318359374,6.510823325002193,4.336365655010939,-6.854290725469589
1789665997328054300,27.36205419921875,5.6586535382032395,2.533868489521742,-6.577144347649813
1789665997338006300,27.37200634765625,4.895550858867169,0.5050257436454296,-6.0039504921853535
1789665997347959300,27.381959228515626,4.39606053751707,-1.7511498400896786,-5.080552036952972
1789665997357911300,27.391911376953125,4.2740942000150675,-3.866658477506041,-3.552303482015431
1789665997367863300,27.40186328125,4.615354445827007,-5.2700996262967585,-1.6222519497588277
1789665997377816300,27.41181640625,4.379516229951381,-5.421638679763674,0.2683051919773221
1789665997387768300,27.421768310546874,4.445616303324699,-4.310582978978752,1.0244511840432882
1789665997397720300,27.43172021484375,4.457756822973489,-2.6611960617959496,0.5347437132999301
1789665997407673300,27.44167333984375,3.8556104292690754,-1.4118705389618873,0.7449525440089404
1789665997417625000,27.451625,3.4452222866952416,-0.0934802477300167,1.4340851472489535
1789665997427578000,27.461578125,3.1018811429560182,0.6479699872463941,1.9834996293276548
1789665997437530400,27.4715302734375,2.7437048336565493,1.056150975164771,2.4323566187664865
1789665997447482400,27.481482421875,2.793160061699152,1.2083189741849898,2.8998782689258453
1789665997457435400,27.491435302734374,2.758305021417141,1.1293588347166776,3.2966514353841543
1789665997467387100,27.50138720703125,1.0760415974836797,1.4816870025098323,3.676656130132079
1789665997477339400,27.51133935546875,-5.014077285048366,1.7694009515732525,5.084654211574793
1789665997487292400,27.52129248046875,-8.328920210683345,0.8517945237457751,4.690571307113767
1789665997497244400,27.531244384765625,-6.494561341509223,-0.3681529289126396,5.409316958329081
1789665997507197400,27.541197509765624,-1.956126469233632,-0.1976040545493364,5.240373181074857
1789665997517149200,27.551149169921874,2.1767513338863846,0.058615270575881,3.8950457830786704
1789665997527101200,27.56110107421875,0.9238925223596394,0.911579422622919,2.90235985660851
1789665997537054200,27.57105419921875,-2.28846062739864,1.752495994001627,1.9348013571321963
1789665997547006500,27.58100634765625,-4.1528894945353265,1.9485586643278598,0.5189536581676453
1789665997556958200,27.590958251953126,-3.816907481387257,1.6024860497981308,-0.8516353145960718
1789665997566911200,27.6009111328125,-1.9769518151193857,0.6020458559393882,-1.1825845942739397
1789665997576863200,27.61086328125,-1.3460054433882236,-0.3852811738461256,-0.8103324864141642
1789665997586816300,27.620816162109374,-2.1598115972623226,-0.7596569227963685,-0.585647386585176
1789665997596768300,27.630768310546873,-3.924571152770519,-1.137403609484434,-0.3369853084390983
1789665997606720300,27.64072021484375,-5.8051177726238965,-1.2920225087881088,0.46795229666158555
1789665997616673300,27.65067333984375,-5.38915855191946,-0.7668091326385736,2.54356015471369
1789665997626625300,27.660625244140626,-2.455714990261197,-0.4296528150141239,4.380178493252396
1789665997636577300,27.670577392578124,-0.16382015063017605,-0.7660328875690698,6.222028594964742
1789665997646530300,27.6805302734375,1.609936658065021,-0.7336603117525577,8.66673820708692
1789665997656482300,27.690482421875,3.050343847942352,0.13077566690146922,10.798898119574785
1789665997666434300,27.700434326171877,2.570688692396879,1.7865987546116113,12.42132980981469
1789665997676387300,27.71038720703125,-0.5819290967144072,2.324278229102492,12.424300350058077
1789665997686339300,27.72033935546875,-2.610212309011817,0.5608405698478222,10.219944385409354
1789665997696292400,27.730292236328125,-2.379742049910128,-0.7849982848018408,7.215323593243956
1789665997706244400,27.740244384765624,-3.5081723716050384,-1.6944973940193653,4.635135251095891
1789665997716196400,27.7501962890625,-5.220200746139883,-3.152455145895481,3.429944930325448
1789665997726149400,27.7601494140625,-5.402713030019402,-4.860957099869847,3.5672260335981845
1789665997736101400,27.770101318359377,-4.811072248238325,-5.851449315688014,4.6558045296370985
1789665997746053000,27.78005322265625,-4.941819858089089,-5.373227407816052,5.866724626231194
1789665997756006100,27.790006103515626,-4.959845928645134,-4.243236120414734,7.029038220566511
1789665997765958400,27.79995849609375,-4.79092085609138,-2.822658543384075,7.659819172602892
1789665997775911400,27.809911376953124,-4.63015746268332,-1.616788715916872,7.871100454849004
1789665997785863400,27.819863525390623,-3.4716257249742744,-1.0925865626364946,8.225016184094548
1789665997795815200,27.829815185546874,-1.7038871536552904,-1.0265402652770281,7.723001312702894
1789665997805768200,27.839768310546877,-0.5989701017558574,-0.734510206580162,5.444461336946487
1789665997815720200,27.84972021484375,0.41464466750714923,-0.6809697550505399,3.5960464698910712
1789665997825673200,27.859673095703126,1.5733564014255998,-1.5727397308319806,2.74085002874732
1789665997835625200,27.869625244140625,3.1010990526676174,-3.1678643119513987,1.7296683683827518
1789665997845577200,27.8795771484375,4.664519751012325,-5.111842662751674,0.9040024114973843
1789665997855530200,27.8895302734375,5.750776526105404,-6.48020606842041,0.3286357420384884
1789665997865482200,27.899482177734374,6.456869616496562,-7.981865014857053,-0.7330047704532742
1789665997875434500,27.9094345703125,5.9421969235837455,-10.160295095610618,-2.630987678276002
1789665997885387300,27.91938720703125,3.1982921834409237,-12.886477132058143,-4.461636002494394
1789665997895339300,27.92933935546875,-3.3220670316696164,-14.351845452451705,-6.238421511361002
1789665997905291300,27.939291259765625,-8.969106119924783,-11.909382157951592,-7.009042311242222
1789665997915244300,27.949244384765624,-6.632571051317453,-6.892899565327167,-4.262855889903009
1789665997925196300,27.9591962890625,-1.4430955521784723,-4.019324489176273,-1.7245988100335001
1789665997935149300,27.9691494140625,2.7613199853241444,-2.2386650614857673,-0.3686281452089548
1789665997945101300,27.979101318359376,4.425065682727098,-0.31923896813988684,0.6157005795434117
1789665997955053300,27.98905322265625,5.476978874191642,1.671671814227104,0.7210165187567472
1789665997965006300,27.99900634765625,6.728592800223827,2.0479297236621377,-0.3294771612986922
1789665997974958000,28.0089580078125,7.6048074794769285,1.9537527258396148,-1.2393199693873524
1789665997984910300,28.018910400390624,7.961676797831058,2.334951598808169,-1.8498241493314505
1789665997994863400,28.02886328125,7.633278371679783,2.5471178471952673,-2.2865023329377174
1789665998004815400,28.0388154296875,6.616528263533115,2.250828962010145,-2.852467406192422
1789665998014768400,28.048768310546876,4.990729727208614,1.3416378958284854,-3.6722102566391226
1789665998024720100,28.05872021484375,4.078861258511245,0.16232874302864073,-4.360261494383216
1789665998034672400,28.06867236328125,4.116854304558038,-0.40987259426712985,-5.279812042015791
1789665998044625400,28.07862548828125,4.500506123636662,-0.4407417797833681,-6.453364238724112
1789665998054577400,28.088577392578124,4.716838259531557,0.07034720942378044,-7.404584182339907
1789665998064529200,28.098529052734374,4.925831430840492,1.0971060858875512,-7.970254656562209
1789665998074482200,28.108482177734373,5.388209288370609,2.229476377379894,-8.233904423949122
1789665998084434200,28.11843408203125,5.894999119079112,3.3708202489227053,-8.27506996255219
1789665998094387200,28.12838720703125,6.207426069116592,4.36705948396027,-8.401708968040346
1789665998104339500,28.13833935546875,6.1563411940455435,5.121664384064078,-8.683682327625155
1789665998114291200,28.148291259765625,5.7404749123215675,5.44531356986165,-9.064084497258067
1789665998124244200,28.158244140625,5.075328749346733,5.314318707251548,-9.19485373441875
1789665998134196000,28.168196044921874,4.1129765863418575,4.997713594746589,-9.161568135410548
1789665998144148200,28.178148193359377,3.486406822259724,5.000475460675358,-8.988245704680681
1789665998154101000,28.18810107421875,3.7885026401579376,5.259360790139437,-9.018055152010918
1789665998164053000,28.198052978515626,3.9943382242187857,5.338424389982223,-8.940452856892346
1789665998174006000,28.208006103515626,3.115110042363405,4.6333986365616315,-8.011679138362407
1789665998183958000,28.2179580078125,0.9789408942341804,2.8290748401671646,-6.513768146282434
1789665998193909800,28.22790966796875,-4.088730910618603,0.4425280786782503,-4.37521911727935
1789665998203862800,28.23786279296875,-15.413542955827712,-2.8717186346292496,0.10303367349505424
1789665998213815000,28.24781494140625,-35.534668559324736,-9.18032427380681,15.45101431608796
1789665998223767000,28.25776708984375,-14.311619825047254,-17.259764696753024,35.14060494408607
1789665998233720000,28.267719970703126,1.9265899936258792,-21.875965530276297,28.009533751499653
1789665998243671800,28.277671875,-2.7837811157181855,-18.36739860639572,14.355013561093806
1789665998253624800,28.287624755859376,-5.42821279745698,-7.5065131094634525,9.072130441069602
1789665998263577000,28.2975771484375,-7.198645430165529,2.174759283286333,3.250369868941605
1789665998273529000,28.307529052734374,-4.069987339442968,5.2674803837090725,0.5895090304493904
1789665998283482000,28.317482177734377,0.35438363901823755,5.831726378086209,-1.1159092782959341
1789665998293433900,28.327433837890624,3.118568073862791,4.893258364015817,-2.4577353901728984
1789665998303385900,28.3373857421875,5.387420183819532,2.7595798636585473,-4.4542435541555285
1789665998313339000,28.3473388671875,6.8814230625450605,0.4179933568805456,-6.735989340215921
1789665998323291100,28.357291015625,6.741815854412317,-1.64333127040565,-8.495091600614785
1789665998333244200,28.367244140625,2.3933484043277797,-5.388171878969669,-11.947269697797298
1789665998343196000,28.37719580078125,-13.147633329063654,-14.876292520403862,-14.408064767801761
1789665998353148000,28.38714794921875,-22.552502855837343,-19.742512070846555,-0.8817170760616659
1789665998363101000,28.397100830078124,-8.648078514802455,-12.523138325428961,11.733263374501465
1789665998373053200,28.40705322265625,4.996769007372856,-5.165013111925125,0.2373342996522784
1789665998383005000,28.4170048828125,10.479043065363168,-0.8667319806367159,-6.463453671061992
1789665998392958000,28.4269580078125,10.528050549638271,3.2021342458218336,-7.862478756976127
1789665998402910000,28.436909912109375,9.206738818001746,5.786792426860332,-7.946309132829308
1789665998412863000,28.446863037109374,7.828874593538045,6.910358065128326,-6.771729931160807
1789665998422815000,28.45681494140625,6.517315025109053,7.450245863318443,-5.90212911708951
1789665998432767000,28.46676708984375,6.389522173410653,7.417180044540762,-5.062549347272515
1789665998442720000,28.476719970703126,7.414602887529134,6.249720319488644,-5.0268882513046265
1789665998452672000,28.486672119140625,7.608285384720563,4.33880603390038,-5.602468125122785
1789665998462624000,28.4966240234375,6.9279743858397005,1.9707149665564296,-5.050277894720435
1789665998472577000,28.506576904296875,5.990411796176433,-0.8889508267074823,-3.887625277689099
1789665998482529000,28.516529052734374,5.489337420505285,-3.692904085099697,-2.1822820800065994
1789665998492482000,28.52648193359375,5.193431397157907,-5.700069252175092,0.15170476542264222
1789665998502434000,28.53643408203125,5.652668034052849,-6.797152541708946,1.9357079505831003
1789665998512386000,28.546385986328126,5.962565173351765,-6.768156748849153,2.88469794318974
1789665998522339000,28.556339111328125,5.643672242170572,-5.190718631067872,3.5825153726667165
1789665998532290800,28.566290771484375,5.167620079553127,-3.0184342134624718,3.513423424001038
1789665998542243000,28.5762431640625,4.509579364669323,-1.3727572567135096,3.44621363582015
1789665998552196000,28.586196044921873,5.262852723908424,0.12427812157571315,2.974231206859648
1789665998562148000,28.596148193359376,4.432082283490896,1.3389409118294715,2.844671053227782
1789665998572099800,28.606099853515627,-1.3380290576815603,2.876352139648795,3.110817021344602
1789665998582052900,28.616052978515626,-6.081008012902736,2.9001632233470676,3.1873052177414296
1789665998592005000,28.626005126953125,-6.78312050922513,1.957760207915306,3.7276702780544757
1789665998601958100,28.635958251953124,-4.612498471873998,1.019904772785306,4.945487732946872
1789665998611910100,28.64591015625,-1.1286632536679506,0.4228203386455774,4.562862042045593
1789665998621862000,28.65586181640625,1.1400164953965692,-0.3726666069447994,3.266809839349985
1789665998631815000,28.66581494140625,-0.6688508627116679,-0.2353542317509651,2.4038167529806493
1789665998641767000,28.675766845703127,-3.879053848698735,0.29370646747648715,0.9704005910344421
1789665998651719200,28.68571923828125,-5.57414803956747,1.2073965986430644,-0.6453748561866581
1789665998661672000,28.695671875,-3.8013288039833304,1.8130863640427588,-1.5954291170239447
1789665998671624000,28.7056240234375,-0.7489784385241568,1.732568473738432,-2.013469820177555
1789665998681577000,28.715576904296874,0.3513243975780904,1.282846099641919,-1.9257190560102462
1789665998691529000,28.725529052734377,-0.07333367788866162,0.7447469384342431,-1.6331446613036096
1789665998701481200,28.735481201171876,-0.7331519238390029,0.272561388117075,-1.1482247170977293
1789665998711434000,28.74543408203125,-1.3256531218416987,-0.0016349077254533767,-0.6368355028349906
1789665998721386000,28.755385986328125,-2.07370012473464,-0.3703443014770746,-0.1464025308286771
1789665998731338000,28.765337890625,-3.5740514957040546,-0.48476095425188537,0.5471385365033522
1789665998741291000,28.775291015625,-5.386357523024082,-0.22848609954714774,1.702408167143911
1789665998751242800,28.78524267578125,-5.076052971968054,-0.33072891492545603,3.256933172979951
1789665998761195800,28.79519580078125,-2.587589558315277,-1.0302338590979576,4.453451819255948
1789665998771148000,28.80514794921875,-0.11429741030931471,-2.0331775602102278,5.529106536313891
1789665998781100000,28.81510009765625,1.3765129559852183,-2.4472972905278203,7.286604868647456
1789665998791053000,28.825052978515625,1.9497744698584079,-1.3862567897558211,9.25716201429367
1789665998801004800,28.8350048828125,1.3541418419621885,0.6465449228793382,10.557012440228462
1789665998810957000,28.84495703125,-0.4535691126525402,1.5338696096897124,10.482193638348578
1789665998820910000,28.85491015625,-0.7630179236620664,0.6511579696327447,9.197533182761072
1789665998830862000,28.864862060546876,0.44103389459773895,-0.17995675417780876,7.5769830684840676
1789665998840815000,28.874815185546876,0.31340953133404253,-0.5055629192620515,5.90733136190772
1789665998850766800,28.884766845703126,-1.3334909758605062,-1.1261772820711136,4.758175939831137
1789665998860718800,28.89471875,-2.5185639528840778,-2.3297014231950044,4.123233776462078
1789665998870672000,28.904671875,-2.544146137908101,-3.8828462267190216,4.173681230412424
1789665998880624000,28.9146240234375,-3.128134943631291,-4.825927872064709,4.660271738179028
1789665998890576000,28.924575927734374,-4.793713701680303,-4.698056694433093,4.947386844566464
1789665998900529000,28.93452880859375,-5.389114712777734,-3.9156361511647697,5.840607019156217
1789665998910481000,28.94448095703125,-4.605755427354574,-3.354038040947914,6.9341860999614
1789665998920433200,28.95443310546875,-3.675938337251544,-3.0877982570677993,7.585805257365107
1789665998930386200,28.96438623046875,-2.337961886540055,-2.585807935595512,7.4255258480817075
1789665998940338000,28.974337890625,-0.9449578875463456,-1.6490297743082045,6.243409821167588
1789665998950291000,28.984291015625,-1.6444599821746348,-0.6200204885691404,4.3058506897598505
1789665998960243000,28.994242919921874,-2.917193853124976,-0.09988660764098167,2.7851389600679277
1789665998970195000,29.00419482421875,-2.1994249379873274,-0.3238818255096674,1.8263915435567497
1789665998980148000,29.01414794921875,-0.40313422592282294,-1.4753630601853132,1.183803906935826
1789665998990100000,29.024099853515626,0.855689923749119,-3.0978175467789173,0.9205211462303996
1789665999000052000,29.034052001953125,2.4778011498630046,-4.743945754426718,0.19778671763986347
1789665999010005000,29.0440048828125,4.234460108762979,-6.108074299004674,-0.5372467821620405
1789665999019957000,29.05395703125,5.232929879331588,-7.251150108906626,-1.741312482816726
1789665999029909000,29.063908935546873,5.303360090863705,-8.625960206496716,-3.2610885390937328
1789665999039862000,29.073862060546876,3.0079017135322093,-10.200694910538196,-4.845483051884174
1789665999049814000,29.08381396484375,-1.6483517289161682,-11.205939289808272,-6.676330698066949
1789665999059767000,29.09376708984375,-4.942006320571899,-9.091434276476502,-6.7184577751785515
1789665999069719000,29.103718994140625,-3.8372190325319764,-5.52006398268044,-4.15306163623184
1789665999079670800,29.1136708984375,0.02272255780920386,-3.5164205599904057,-1.8944623324811458
1789665999089623800,29.123623779296874,2.88906139909625,-1.973219058331847,-0.10531418564766645
1789665999099576000,29.133576171875,4.527320480804145,-0.43475802919864653,1.6677227843403815
1789665999109528000,29.143528076171876,5.169359616696834,0.9164274471759796,2.682212254078686
1789665999119481000,29.153481201171875,5.444881023663282,2.3850451247543094,2.2244135410323738
1789665999129432800,29.163432861328126,5.829460186719894,2.175618530464172,1.0522709188610315
1789665999139385900,29.1733857421875,6.122579209697246,1.7676327728569508,0.024307050521671772
1789665999149337900,29.183337890625,5.954866435542702,1.131913195374608,-1.1186188295155763
1789665999159289900,29.193289794921874,5.071717573112249,0.2935737810075283,-2.259411789177358
1789665999169243000,29.203242919921873,4.21526791703701,-0.014701310047507285,-3.139795863069594
1789665999179195000,29.21319482421875,3.7249674488365647,0.1325315706580877,-4.042192739066481
1789665999189147000,29.22314697265625,3.5871298807248473,0.43989422304332254,-5.028188812509179
1789665999199100000,29.233099853515625,3.8944989628508684,0.9149766638457775,-5.923451891103387
1789665999209052000,29.243052001953124,4.163502073964477,1.4820692798256874,-6.67894175734818
1789665999219004000,29.25300390625,4.42415879701525,2.0626012230932713,-7.328664141219854
1789665999228957000,29.26295703125,4.876783030033112,2.658473943355679,-8.01333216626644
1789665999238908700,29.27290869140625,5.3052539417862885,3.2836721268236637,-8.74430543089211
1789665999248861700,29.28286181640625,5.248869791263342,4.000518666419387,-9.163976365596055
1789665999258814000,29.29281396484375,5.085541515803337,4.634572941038012,-9.474895833680034
1789665999268766000,29.302765869140625,4.743826219700277,5.024308756205439,-9.691342535865306
1789665999278719000,29.312718994140624,4.372938020604849,5.134383580383658,-9.67734615921676
1789665999288670700,29.322670654296875,3.8804806666314597,5.101408947020769,-9.47402548058629
1789665999298622700,29.332622802734374,3.252868115498125,5.118631299978494,-9.20358064623177
1789665999308575700,29.34257568359375,2.704632175679505,5.258671054309606,-8.868720330590008
1789665999318528000,29.352528076171875,2.3384426557943225,5.155605816632509,-8.431724751597642
1789665999328481000,29.36248095703125,1.3556135219499468,4.595619817787409,-7.772721913683414
1789665999338432800,29.372432861328125,0.027698446525633334,3.7356589387208223,-6.714526280948519
1789665999348384800,29.382384765625,-3.0010441027224064,2.227923302718997,-4.7084421871080995
1789665999358337800,29.392337890625,-10.034176314604283,0.04566285002231597,-0.42834202467650173
1789665999368290000,29.4022900390625,-21.080269910371303,-3.7274820620059965,9.09326850616634
1789665999378241800,29.41224169921875,-18.907458254021407,-10.42126307656765,24.25444588968754
1789665999388194800,29.42219482421875,-5.199892702126503,-18.55830345556736,27.770857097327706
1789665999398146800,29.432146728515626,-3.551799331885576,-21.9255680578351,18.093414491999148
1789665999408099800,29.442099853515625,-4.783730067804456,-15.770606335449218,10.387435625767708
1789665999418051800,29.4520517578125,-7.529397141444683,-4.228647038570046,5.852366430532932
1789665999428003800,29.46200390625,-5.542354724943637,1.1420692632079124,1.3885256114706397
1789665999437956900,29.471956787109374,-0.6889715674594045,2.2755133214116094,-1.6914964586377144
1789665999447908900,29.481908935546876,1.8241829275965689,2.812583724093437,-3.337527635651827
1789665999457860900,29.49186083984375,2.8319714383915064,2.1188567788004873,-5.0604187649846075
1789665999467814000,29.50181396484375,2.7615938338294623,1.3962784175544976,-6.50803106393516
1789665999477766000,29.511765869140625,1.8306632295265792,0.654958530959487,-7.551676777791976
1789665999487718000,29.5217177734375,1.4687364816524087,-2.0514707572698594,-9.717475340509415
1789665999497671000,29.5316708984375,-0.8143054816983639,-7.592094712898135,-11.085925255417823
1789665999507623000,29.541622802734373,-6.029226387739181,-13.866776455163954,-5.008532510402798
1789665999517576000,29.551575927734376,-6.529983952546119,-13.56122348254919,7.522304552835226
1789665999527528000,29.56152783203125,-2.7574752925947306,-6.477548247388005,8.258969307100772
1789665999537480000,29.57147998046875,4.371607648783922,-1.1628887638747691,-0.7726815318033099
1789665999547433000,29.581432861328125,8.129763081473111,1.7146020244151352,-5.39531415193975
1789665999557385000,29.591385009765624,7.657189993143081,4.412496708533167,-7.669902175199985
1789665999567336700,29.601336669921874,7.598370724427699,6.063483462128043,-8.014092044723034
1789665999577289700,29.611289794921873,6.449308241331577,6.454954722785949,-6.674748981833457
1789665999587242000,29.621241943359376,5.664780496650934,6.671220807707309,-6.138612645131349
1789665999597195000,29.631195068359375,5.877077677941322,6.012046120357513,-5.6852375937461845
1789665999607147000,29.64114697265625,6.257405028772354,4.385186092281342,-5.869630284544825
1789665999617098800,29.6510986328125,6.171496093079448,2.489734748762846,-5.566317784333228
1789665999627051800,29.6610517578125,5.563814861601591,0.18898527928590775,-4.63895860877633
1789665999637003800,29.671003662109374,5.035097861245275,-2.2967858265429735,-3.1860543408975004
1789665999646956000,29.6809560546875,4.739273378701507,-4.247343555733561,-1.4896388382971286
1789665999656908800,29.69090869140625,4.7205391598761075,-5.4040322959244245,0.21328210067450998
1789665999666860800,29.70086083984375,4.865230539405346,-5.834179616457224,1.8666862906746564
1789665999676813800,29.710813720703126,5.25224832778573,-4.54013232384324,2.291371254148334
1789665999686765800,29.720765869140624,5.614446147686243,-2.3940841712564227,2.269466150201857
1789665999696718000,29.730718017578123,5.878904893368483,-0.579246579632163,2.049800632100552
1789665999706670800,29.7406708984375,5.285149895912409,0.5879623855292797,2.398930003852397
1789665999716622800,29.750622802734377,3.5748926227033135,0.7652408604085444,3.320228710326552
1789665999726574800,29.760574951171876,-0.7452268309056759,1.6253239045500754,4.284874537226558
1789665999736528000,29.77052783203125,-5.3709460188806055,1.9583675261586904,4.712630578708648
1789665999746479900,29.78047998046875,-6.478661177065968,0.9910983650177717,4.134604480782151
1789665999756433000,29.790432861328124,-3.739295833918452,0.14807166961729526,4.149442568951845
1789665999766385000,29.800385009765623,-0.06207797825038433,-0.4047217873752117,4.353738814616203
1789665999776337000,29.8103369140625,0.9639210197567939,-0.5808312184751033,3.6141119956746697
1789665999786290000,29.8202900390625,-1.679905974087119,0.26481413499116896,2.6085736018940806
1789665999796241700,29.83024169921875,-5.20092379873991,1.052271503382921,1.413407539270818
1789665999806194000,29.84019384765625,-5.9428539261877535,1.5168424870431423,0.0273491946965456
1789665999816147000,29.85014697265625,-3.3181296922206878,1.439180570691824,-0.49273894739374513
1789665999826099000,29.860098876953124,-0.28863055245168506,1.2073679570704698,-0.5028619166750461
1789665999836052000,29.870052001953123,0.9661557930715382,1.1501280665010214,-0.4521646526820957
1789665999846003700,29.880003662109374,1.0507324572473764,1.128558039727807,-0.1676394897226244
1789665999855955700,29.889955810546876,0.47620486896112557,1.0968629247814417,0.2220388961691409
1789665999865908700,29.89990869140625,-0.464990670377016,1.0334048903495072,0.48621699827909465
1789665999875861000,29.909861083984374,-1.5737527072668074,0.7707143233835697,0.6024424175089225
1789665999885812700,29.919812744140625,-2.7013725893616676,0.3722714701473713,0.6841521844789386
1789665999895765800,29.929765869140624,-3.674261343950033,0.2921808653444052,0.6802028623312711
1789665999905717800,29.9397177734375,-4.5846085944294925,0.40688276480138297,0.598999729709141
1789665999915670800,29.9496708984375,-4.239524990937113,0.04933423201143741,0.9217696119215338
1789665999925623000,29.959623046875,-1.8542689999110995,-1.0420639976233244,2.453012745565176
1789665999935574800,29.96957470703125,0.35748715799152847,-2.0312217499673366,4.702452883565425
1789665999945527800,29.97952783203125,1.363088095614314,-1.7665414704889058,7.309456751924753
1789665999955479800,29.989479736328125,1.8779963508486746,-0.6560977641224861,9.032514469996094
1789665999965431800,29.999431884765624,1.7805635661005972,0.5779980408757924,9.870234291160106
1789665999975384800,30.009384765625,0.53686055932343,0.8063286576002836,9.902018253433704
1789665999985336800,30.0193369140625,-0.2935417784340679,0.18923779274225233,8.735923386994005
1789665999995288800,30.029288818359376,-0.654825844490528,-0.390095880651474,7.006635250100493
1789666000005241900,30.039241943359375,-1.903831633850932,-0.8638117092758416,5.442389206847548
1789666000015193900,30.04919384765625,-2.8010569524288176,-2.0824615233391524,4.4501451789259905
1789666000025147000,30.05914697265625,-2.5612457412689924,-3.6783389686524868,4.01731607196331
1789666000035099000,30.069098876953124,-2.8150428076833487,-4.913264210212231,3.880748962178826
1789666000045051000,30.07905078125,-4.5219905179530375,-5.047904151326418,3.550284835669398
1789666000055004000,30.08900390625,-6.1572758445471525,-4.313257166624069,4.062821101075411
1789666000064956000,30.098955810546876,-5.580961811235547,-3.666149933686852,6.124559569859504
1789666000074908000,30.108907958984375,-3.7500948758304116,-3.618469314101338,8.241849829995632
1789666000084861000,30.11886083984375,-2.2717981002807615,-3.1990701820760963,8.615143628928065
1789666000094813000,30.12881298828125,-1.105409803852439,-2.425494624042511,7.811498511323332
1789666000104766000,30.138765869140624,-1.1208616400063036,-1.2546832504749297,6.0566778737664215
1789666000114718000,30.148718017578126,-2.4134067113637925,-0.12408698291778564,4.070899778112769
1789666000124669700,30.158669677734373,-2.5271920804977417,0.2934901943773031,2.5453610666558144
1789666000134622500,30.16862255859375,-1.1924819381058216,-0.1634463488817215,1.4413301499411464
1789666000144574700,30.17857470703125,0.22075872016549108,-1.5016273822546005,0.9198108060039579
1789666000154526700,30.188526611328125,1.417990483146906,-3.34367622140944,0.7519263285443186
1789666000164479700,30.198479736328125,2.587164026379585,-5.08025860696435,0.5426454263351858
1789666000174431500,30.208431396484375,4.563519044649601,-6.878354322624206,-0.31192309216856956
1789666000184384500,30.218384521484374,5.530006115502119,-8.223228131633997,-1.1830645598106087
1789666000194336800,30.228336669921877,5.095696999114751,-9.419639810404181,-2.590983876928687
1789666000204288800,30.238288818359376,3.035071460008621,-10.281472328561543,-3.8639188234090804
1789666000214241800,30.24824169921875,-1.187361526352167,-8.69950767326653,-5.017154792797565
1789666000224193500,30.258193603515625,-3.5608664354383945,-5.621681944158673,-4.823341654963791
1789666000234145500,30.2681455078125,-1.5021603200875222,-3.594208148548007,-2.630246212258935
1789666000244098600,30.2780986328125,1.6163713672876356,-2.317282671126723,-0.7501639950469136
1789666000254050800,30.28805078125,4.24242246594429,-1.0554390275031327,0.7010562652677297
1789666000264003800,30.29800390625,5.179343250572681,0.784915867215395,2.596485104693472
1789666000273955600,30.30795556640625,5.550094963806867,1.8797697902619837,2.261789331963658
1789666000283907600,30.317907470703126,5.888138001137971,1.7149802100777625,1.462494810783863
1789666000293860600,30.327860595703125,6.172576874053478,1.532391353830695,0.5527624773323535
1789666000303812900,30.337812744140624,6.0667176217436785,1.4898036734700202,-0.3662459262475371
1789666000313764600,30.3477646484375,5.282109797564148,1.2320944020479916,-1.297243750567734
1789666000323717600,30.357717529296874,4.400866184233129,0.6196960789203644,-2.410356091621518
1789666000333669600,30.367669677734376,4.025263523836434,-0.04788695581257343,-3.3890935722380875
1789666000343621600,30.37762158203125,4.11925785856843,-0.20733283688127993,-4.149841797402501
1789666000353574700,30.38757470703125,4.524265769408643,0.055093526190519326,-5.015577168217301
1789666000363526700,30.397526611328125,4.8347386627689,0.47275312107205386,-6.009038170713186
1789666000373479700,30.407479736328124,5.0511558465987445,1.1517015994280575,-6.814204214274882
1789666000383431700,30.417431640625,5.164925433641672,1.8783634305953978,-7.547351900330185
1789666000393383700,30.4273837890625,5.076712897181511,2.4910797336310146,-8.270263439053297
1789666000403336700,30.437336669921876,5.0829228577375405,2.850514518558979,-9.001969109606742
1789666000413288700,30.447288818359375,5.041254630309343,3.008356471562385,-9.658535075762867
1789666000423240700,30.45724072265625,4.518497122879326,3.0543320407956838,-9.98934582375288
1789666000433193700,30.46719384765625,3.7931001970812677,3.0932611986488103,-10.101462967413664
1789666000443145700,30.477145751953124,3.1454023047745228,3.1836633541077375,-10.060354711955785
1789666000453098800,30.4870986328125,2.3815242571517823,3.4386616130053995,-9.890531229257583
1789666000463050500,30.497050537109374,1.7373717823669312,3.829592190915346,-9.562592237311602
1789666000473002800,30.507002685546876,1.5031187898561358,4.184161415633559,-9.338798679494857
1789666000482955800,30.516955810546875,1.1921078440964221,4.250104252618551,-9.272472396150231
1789666000492907800,30.52690771484375,0.28647096326500177,3.6637837890774008,-9.082795627468824
1789666000502859500,30.536859619140625,-1.2370888493344188,2.228394427362084,-8.487389355674386
1789666000512812500,30.5468125,-4.263118924753368,0.4541045347034931,-6.526280421853065
1789666000522764800,30.556764892578126,-10.78521680022478,-1.7590525760382414,-2.148734907452762
1789666000532717800,30.5667177734375,-27.207782484817503,-5.409520956468582,10.29899044959545
1789666000542669800,30.576669921875,-19.00071755247712,-11.185455304706096,30.363943499493597
1789666000552621600,30.58662158203125,-0.3294283537209034,-17.143688001811505,31.381797184967994
1789666000562574600,30.59657470703125,-1.8946352048300206,-19.221511343955992,21.388287227272986
1789666000572526600,30.606526611328125,-4.568648516492545,-11.672853037202357,14.482811088967322
1789666000582478800,30.616478759765624,-5.030758955258131,-0.2530453712642193,9.082302290993928
1789666000592431600,30.626431640625,-1.3485960444033145,5.208669298300147,5.9113329987645145
1789666000602383600,30.636383544921873,1.854704468718916,6.55359337619245,3.0007211543783545
1789666000612335600,30.646335693359376,4.625674764311313,4.466747354158759,0.2330576452463865
1789666000622288600,30.65628857421875,8.892266041350364,1.4705746568650007,-2.881915618994832
1789666000632241000,30.666240966796874,10.188780016338825,-0.7348392924040555,-6.275822144472599
1789666000642193700,30.676193603515625,8.031241916966438,-3.071568422278762,-9.46600759382546
1789666000652145700,30.686145751953124,0.9484006484113633,-8.385669687387347,-12.819536516207457
1789666000662097700,30.69609765625,-15.718593239617347,-16.693793193757532,-9.853232887476683
1789666000672050700,30.70605078125,-19.483425081330537,-16.64859562315941,6.409061571139097
1789666000682002400,30.71600244140625,-6.645660834515095,-7.8904200723469256,4.025629142278433
1789666000691954700,30.72595458984375,6.123958681356907,-3.219039787915349,-7.93084619075954
1789666000701907700,30.73590771484375,8.90004953483343,0.5636334154367446,-10.09113680371046
1789666000711859700,30.745859619140624,6.93828885910511,4.306900491073727,-11.17138586282134
1789666000721811700,30.755811767578123,5.910881747865677,5.950594749572873,-10.545888988667725
1789666000731764500,30.765764404296874,5.453506228667497,6.920611748117208,-8.639106688317655
1789666000741716700,30.775716796875,5.352523057961464,7.538328635919093,-7.943670016497373
1789666000751669800,30.785669677734376,5.635713392120599,7.233353755453228,-7.60830993463993
1789666000761621800,30.795621826171875,5.273128618729114,5.691044818720221,-7.5377832769960165
1789666000771573500,30.805573486328125,4.92825953477025,4.2861686686903235,-6.880688903051614
1789666000781526500,30.815526611328124,4.749838904118538,2.664261879107356,-6.313581089502573
1789666000791478500,30.825478515625,4.648770393216609,0.35327976942956446,-5.432795449072122
1789666000801430800,30.8354306640625,5.067469268018007,-2.0224375550091267,-4.100687013611197
1789666000811383800,30.8453837890625,5.69585835648179,-4.350993315300345,-2.5113547521576285
1789666000821335600,30.85533544921875,5.785050551629066,-6.135740304565429,-0.06447334895431996
1789666000831287600,30.86528759765625,5.9185506750583645,-7.063259639120101,1.7577525993555783
1789666000841240600,30.875240478515625,5.425182635980844,-6.829244547018408,2.4730291131556035
1789666000851192800,30.88519287109375,4.633660502368212,-5.187216760426759,3.143726772777736
1789666000861145900,30.895145751953127,4.165217645710706,-3.0958845328897238,4.274309888592362
1789666000871097600,30.90509765625,5.669634366422891,-1.0362374834269286,4.686403958301246
1789666000881049600,30.915049560546876,5.135355640286207,1.3297767776429652,5.902657524877786
1789666000891002600,30.925002685546875,-1.763555148154497,3.4802433311939236,6.285356281015276
1789666000900954600,30.93495458984375,-6.511300294864177,3.6325650594711303,5.9554684930890796
1789666000910906600,30.94490673828125,-5.565469643071293,2.7062890029758213,6.133664667335152
1789666000920859600,30.954859619140624,-3.6050218035072086,1.523482071188092,6.180789991125464
1789666000930811600,30.964811767578126,-1.263470368042588,0.9143886348247527,4.658249000179767
1789666000940764700,30.9747646484375,-0.20856215948052703,0.18092939860224722,2.5258698919832705
1789666000950716700,30.984716552734376,-2.6310785714298484,0.6884381912350654,1.2127728848539292
1789666000960668700,30.994668701171875,-3.730881056794524,0.9334598305195569,-0.11792422250434756
1789666000970621700,31.00462158203125,-2.9791122568994757,1.0712246256560087,-1.4475681675478815
1789666000980573700,31.01457373046875,-1.2309943318516015,1.3976479523420333,-1.9855755588188766
1789666000990525700,31.024525634765624,-0.06081555709913373,1.307190267303586,-2.1555188685044646
1789666001000478700,31.034478759765626,-0.4808933190383017,0.9470113860100507,-2.2559604796797035
1789666001010430500,31.044430419921873,-1.7144613007701932,0.5483002372264861,-2.027446030820906
1789666001020382700,31.0543828125,-2.4577175622552634,-0.04522562764883041,-1.6076288195140658
1789666001030335700,31.064335693359375,-3.1765111442655325,-1.022950131830573,-0.7349327428411692
1789666001040287700,31.074287841796874,-4.391512957215309,-1.4636942497014997,0.6087166754728183
1789666001050240800,31.08424072265625,-5.248672222864627,-1.2213280933618544,2.170559493508935
1789666001060192500,31.094192626953124,-3.6721342687934633,-0.841459007692337,3.8052211352467533
1789666001070144800,31.104144775390626,-1.2057209205158055,-0.9965414328545331,5.1177510100126264
1789666001080097800,31.114097900390625,0.7963761495150625,-1.3762246405631302,6.275414148193597
1789666001090049800,31.1240498046875,1.7335266512461005,-1.3133908755093813,7.9822455386072395
1789666001100001500,31.13400146484375,1.9742519085109234,-0.26133915235698224,9.832572376763821
1789666001109954600,31.14395458984375,1.4407697395794092,1.2804092278838157,10.822871700358391
1789666001119906600,31.153906494140625,0.3853197522908449,1.9506494991272687,10.382661250972747
1789666001129859300,31.163859375,0.4379413354098797,1.1556149734795094,9.150214966747164
1789666001139812400,31.173812255859374,1.1150349796794354,0.20363632045090196,7.59551708856225
1789666001149764600,31.1837646484375,-0.09059227120354771,-0.4141647385030985,5.748681599652767
1789666001159717600,31.193717529296876,-2.491196638008952,-1.493369841518998,4.247239218576253
1789666001169669600,31.203669677734375,-3.7280467101514336,-2.797200861522555,3.033883127006888
1789666001179621400,31.213621337890626,-3.764915428343415,-4.284747695976495,2.7303058383792638
1789666001189574400,31.223574462890625,-4.82133879070878,-5.493775695213675,2.9977921151891347
1789666001199526700,31.233526611328124,-6.468539011502266,-5.4414428659081455,3.5919261750906704
1789666001209478700,31.243478759765626,-6.153263101774454,-4.299128688028454,5.223987278941274
1789666001219431700,31.253431640625,-4.9255058521479365,-2.939242018803954,6.837026871457695
1789666001229383400,31.263383544921876,-3.996940807932615,-2.24718271446228,7.701502597600221
1789666001239336400,31.27333642578125,-2.7384803770065305,-1.9239678284287451,8.133363151791691
1789666001249288400,31.283288330078125,-2.064754017212987,-1.2444991255909204,7.264329908475279
1789666001259240700,31.29324072265625,-2.3216683388650416,-0.7351438283085823,5.7291644137561315
1789666001269193700,31.30319384765625,-2.230474740767479,-0.5813742393106222,4.083624819651246
1789666001279145500,31.3131455078125,-1.3669149604260922,-0.807329359075427,3.0958716734081504
1789666001289097500,31.323097412109377,-0.029743907813355324,-1.663423041319847,2.1949610904462635
1789666001299050500,31.333050537109376,1.251482408607006,-3.1905051828265187,0.8847783633284271
1789666001309002800,31.343002685546875,2.807565019148588,-4.746508298391103,-0.4180689063347876
1789666001318955500,31.35295556640625,5.251966588234901,-5.959347964870929,-1.7139494057253002
1789666001328907500,31.362907470703124,6.513592789715528,-7.47501965456903,-2.752349620144069
1789666001338859500,31.372859619140623,4.81191074488908,-9.033973436632753,-4.127404632405937
1789666001348812500,31.3828125,0.9798901577830315,-10.770679740828275,-5.933341416954994
1789666001358764500,31.3927646484375,-3.834730138325691,-11.908702943515777,-7.688378327611089
1789666001368716500,31.402716552734375,-4.939361943542957,-9.9601396030128,-6.680933223426342
1789666001378669600,31.412669677734375,-2.5730770488381385,-6.033874505805969,-3.420035238468647
1789666001388621600,31.42262158203125,0.5648036282598972,-3.632701837593317,-1.871514879874885
1789666001398574600,31.43257470703125,3.332040436412394,-1.7498352503597736,-0.6974564872100949
1789666001408526300,31.4425263671875,5.058524914062023,-0.09847557179927825,0.9141901896432042
1789666001418478600,31.452478515625,5.398021072810888,1.2533522941321134,1.7567556972727179
1789666001428431600,31.462431640625,5.587845725530386,2.858798362779617,1.7500012545764445
1789666001438383600,31.472383544921875,5.666150615960359,2.681421688222885,0.6655766633465886
1789666001448335600,31.482335693359374,5.211541054344177,2.4047861825346946,-0.7001701300829648
1789666001458288400,31.492288330078125,4.413541541410982,1.771537379080057,-2.176547920268774
1789666001468240400,31.502240478515624,3.90686043177396,0.5275882885873318,-3.4732921968817707
1789666001478193400,31.512193359375,3.6750542478933927,0.048023149412870406,-4.28917895642221
1789666001488145700,31.522145751953126,3.843035025334358,0.17383154929578304,-5.106891762346029
1789666001498097400,31.532097412109376,4.252125529313087,0.5793973862797022,-5.97174918128252
1789666001508050400,31.542050537109375,4.652232808630168,1.2494406736463308,-6.797532480937242
1789666001518002400,31.55200244140625,4.955722711235285,2.0620242999881504,-7.374737910130619
1789666001527954700,31.56195458984375,5.267842202758788,2.9957267070919276,-7.914207190647721
1789666001537907700,31.57190771484375,5.44320578392744,3.732578508362174,-8.555326581346987
1789666001547859500,31.581859375,5.283482839483022,4.327662708595395,-9.046792586195469
1789666001557812500,31.5918125,4.811111703465879,4.650408223551511,-9.321549438530207
1789666001567764500,31.601764404296876,4.220048429311811,4.716536353975534,-9.42311245495081
1789666001577716500,31.611716552734375,3.767972770087421,4.6178450935989614,-9.333093745851516
1789666001587669500,31.62166943359375,3.2373882222935557,4.899449619871378,-8.937709695664047
1789666001597621500,31.63162158203125,2.7434356613263486,4.936343472504616,-8.656189340543746
1789666001607573500,31.641573486328124,2.897182453970611,5.182098102238774,-8.705168183246254
1789666001617526500,31.651526611328126,3.586943418242037,4.747062425142526,-9.090084030911326
1789666001627478500,31.661478515625,3.0028210492670535,3.7763767335563894,-9.188546158707142
1789666001637430500,31.671430419921876,0.427974068146944,2.487161098882556,-8.114989875233173
1789666001647383600,31.681383544921875,-3.8997754419490693,0.7575362773805856,-5.282576246032119
1789666001657335600,31.69133544921875,-12.11442308450341,-1.6970441558927296,-0.5897770337358117
1789666001667288600,31.70128857421875,-27.97939814095497,-6.643890317711234,12.264010419380664
1789666001677240600,31.711240478515624,-21.28376302295923,-15.166670135718583,31.27206138348579
1789666001687192300,31.7211923828125,-4.6983916254758835,-21.20072116713524,30.48091334388256
1789666001697145300,31.731145263671873,-3.206799607284367,-18.69038552889228,14.601756617343424
1789666001707097600,31.74109765625,-4.0464439667701715,-10.017239208328723,8.66530320584774
1789666001717049600,31.751049560546875,-5.532943922519683,-0.3812994107335806,3.4188226478084918
1789666001727002600,31.761002685546874,-4.446018454384803,3.5119144807428118,0.7860667908161878
1789666001736954400,31.770954345703124,-1.691288076584041,5.2496103804975744,-1.18230190487504
1789666001746907400,31.780907470703124,0.8317500991046428,5.157791343978047,-2.3937357962101697
1789666001756859600,31.790859619140626,2.569689159965515,3.4492759460002183,-4.092526211248338
1789666001766811600,31.800811767578125,3.9844484061062335,1.5519073706835507,-5.809254434037208
1789666001776764700,31.8107646484375,6.852652895134687,0.28924364284873005,-6.846341227769852
1789666001786716400,31.82071630859375,10.0379838901937,-1.1452806264698505,-8.173508115175366
1789666001796668400,31.83066845703125,9.598687633043527,-3.2018373087018728,-9.528151038527488
1789666001806621400,31.840621337890624,0.15617138944268225,-8.373890986788272,-8.804071040546894
1789666001816573700,31.85057373046875,-18.093308109015226,-14.376486557233333,1.0423583043947815
1789666001826526700,31.860526611328126,-15.989323905175924,-13.119334286296366,11.248486638158559
1789666001836478500,31.870478515625,-1.0295417851805686,-7.81232268718779,0.9986550640076398
1789666001846430500,31.880430419921876,7.1750494505226605,-2.6983903586804865,-6.115830319958925
1789666001856383500,31.890383544921875,7.829895168757438,1.8539023585557937,-7.905814040833711
1789666001866335700,31.900335693359374,6.749052235406637,4.422027922466397,-9.04119520457983
1789666001876287500,31.91028759765625,6.155090317201614,5.436669075635075,-7.49325849109292
1789666001886240500,31.920240478515623,5.299746576541662,6.045615212482214,-6.517056081911921
1789666001896192500,31.930192626953126,5.510253951805829,6.253660581547021,-6.061223700502515
1789666001906145500,31.9401455078125,6.3989388210535045,5.394594605493546,-6.200619896233081
1789666001916097500,31.95009765625,7.031766768747568,3.7244127375632523,-6.479532114681601
1789666001926049500,31.960049560546874,6.184572432273626,1.7301111437141894,-5.694433876636624
1789666001936002600,31.97000244140625,5.621393774867057,-0.5077724120050668,-4.4515293267607685
1789666001945954600,31.97995458984375,5.501024351167678,-2.428043724003434,-3.024527269640565
1789666001955906600,31.989906494140627,5.336642767262458,-3.8309114568203686,-1.6409835382357238
1789666001965859600,31.999859619140626,4.988891990387439,-4.68853191024065,0.21338439200520515
1789666001975811600,32.0098115234375,5.304331566244364,-4.768304535135626,1.6054373008191585
1789666001985764600,32.0197646484375,5.481230101895332,-3.876565539014339,2.2007925730787217
1789666001995716600,32.02971655273438,4.983543615096807,-2.484174776548147,2.3130159535929558
1789666002005668600,32.03966870117188,4.751738600260019,-1.164459374192357,2.4396277788132426
1789666002015621400,32.04962133789063,5.056709389072656,-0.178516492241621,2.811847518773377
1789666002025573400,32.05957348632813,4.503337839931249,0.4649918394207954,3.37146439204514
1789666002035525600,32.069525634765625,2.025327431231737,1.413463945633173,4.082541408328712
1789666002045478700,32.07947875976563,-3.0576240680783986,2.6258932777464388,5.075817409646511
1789666002055430700,32.0894306640625,-6.730401310950517,2.1910528309613464,5.121276846051216
1789666002065382400,32.09938232421875,-7.414061620259284,0.7523492301315069,5.401100918647646
1789666002075335400,32.10933544921875,-5.688786810660362,-0.35262978108823295,5.895625726544857
1789666002085287700,32.11928759765625,-2.095610343247652,-0.9600877252042292,5.235066306838393
1789666002095240700,32.12924072265625,-1.5608908876061438,-0.47672377826869483,3.878005216428637
1789666002105192400,32.1391923828125,-4.533938729900122,0.9230448194891214,2.7530273732751604
1789666002115144400,32.14914453125,-5.291373884993791,1.665094189402461,1.0619930522564798
1789666002125097500,32.159097412109375,-2.9919740765601395,1.5595184302091598,-0.27541641222201285
1789666002135049200,32.16904931640625,0.13547873002588748,1.3504133229583501,-0.6750835465561598
1789666002145001200,32.17900122070313,1.2930500982701778,0.7678548422992229,-0.5816078288707882
1789666002154954200,32.188954345703124,0.6440944609872996,0.468168715891242,-0.5252765775788575
1789666002164906200,32.19890625,-0.7827338470011949,0.5251081622093916,-0.45803588280305263
1789666002174859300,32.208859375,-2.2037994998097417,0.3808317932218313,-0.25314105019103733
1789666002184811300,32.21881127929687,-3.6620483435869216,-0.018020225337147713,0.02455857759732753
1789666002194763300,32.22876318359375,-4.768163665360212,-0.053149406385421746,0.5021200122665613
1789666002204716300,32.23871630859375,-4.154817832249403,-0.030381694260239598,1.6154884469732642
1789666002214668300,32.24866821289063,-2.338109039925784,-0.47011984995901585,3.2989372082337733
1789666002224620300,32.25862036132813,-0.7509886093027889,-1.2947791140198708,4.856600658226013
1789666002234573000,32.26857299804688,0.6522551172196864,-2.0327941138505934,6.481390309768915
1789666002244525300,32.278525390625,1.7378722792349754,-1.468556302779913,8.038284236693382
1789666002254478300,32.28847827148437,1.8007950377464292,0.3868260652005672,9.107039841887355
1789666002264430300,32.29843041992188,-0.28402634659186005,1.6669857022374868,9.12877470383346
1789666002274382300,32.30838232421875,-2.1808868262559176,0.9097393477141856,8.458739599773287
1789666002284335000,32.31833520507813,-1.1066485518671572,0.0334229616522789,7.605491954609751
1789666002294287000,32.328287109375,0.033934856697171924,-0.34666298163831233,6.404593485814333
1789666002304239400,32.3382392578125,-0.8484124800920486,-0.8589858965545892,5.109661811581254
1789666002314192400,32.3481923828125,-2.116379136640578,-1.8769658387571573,4.431081582015753
1789666002324144000,32.35814404296875,-2.609775086638331,-3.559795006814599,4.193837298734486
1789666002334096100,32.36809619140625,-3.460766477307677,-5.113106983599066,4.173746696864068
1789666002344049200,32.378049072265625,-5.099855872359871,-5.546259331166744,4.31740464169234
1789666002354001400,32.38800146484375,-5.803852867254615,-4.690914421463012,4.986860776820778
1789666002363954400,32.39795434570313,-4.8876761799693105,-3.537838026550412,6.574884586024284
1789666002373906200,32.40790625,-4.153376401269436,-2.946395982211828,7.615278604608774
1789666002383858200,32.41785815429687,-3.569729540851712,-2.582366270709038,7.651462847667932
1789666002393811200,32.427811279296876,-3.0921453463613986,-1.9377309808433054,6.8114967088818545
1789666002403763200,32.43776318359375,-2.8159827188819646,-1.1864274603724478,4.867183427038788
1789666002413715200,32.44771508789062,-2.123931597846746,-0.7379968796521424,2.7719296421438453
1789666002423668200,32.457668212890624,-1.4905588757514954,-0.6760171010792255,1.3586691101282835
1789666002433620200,32.4676201171875,-0.6332570598263293,-1.244606093096733,0.2796365872003138
1789666002443573200,32.4775732421875,0.6158522629737854,-2.792508319792151,-0.44912484659478064
1789666002453525200,32.48752514648437,2.0317044189177453,-4.90850854011774,-0.8694159590236842
1789666002463477200,32.49747729492187,3.9682922210752962,-6.570092091050744,-1.1421247927874325
1789666002473430300,32.50743017578125,5.246071100455522,-7.879211280590296,-1.9197692076951265
1789666002483382300,32.51738232421875,5.27039422532916,-9.03776172299981,-3.5061575246512886
1789666002493334300,32.52733422851563,3.3736630711331963,-10.281139151084423,-5.335694672757387
1789666002503287300,32.53728735351562,-2.474079791252315,-10.361951640421152,-5.976421849268674
1789666002513239000,32.54723901367188,-5.696264014673233,-8.135507762604952,-5.297808301955461
1789666002523191300,32.55719140625,-3.1881133192539215,-5.006895849111676,-3.152041304397583
1789666002533144300,32.56714428710937,0.8606758954681456,-3.4442718541026114,-1.2576596359372139
1789666002543096300,32.57709643554688,3.766737383073568,-1.6269798550635575,0.2242807568117976
1789666002553049300,32.58704931640625,4.953592713469266,-0.26996844901442524,1.1574383895143865
1789666002563001000,32.5970009765625,4.905719786182046,1.189689092516899,2.106128522391617
1789666002572953300,32.606953369140626,5.190333431142569,2.5073931550502775,1.4209434877336025
1789666002582906400,32.61690625,5.404877514576912,2.043610106897354,0.16279373019188642
1789666002592858400,32.6268583984375,5.72403932582736,2.0278852990210057,-0.8213564231231808
1789666002602810000,32.63681005859375,5.455297203737497,1.7428087127238512,-1.9198697454601525
1789666002612763100,32.64676318359375,4.799954641896486,1.0821429100334643,-2.977588992854953
1789666002622715100,32.656715087890625,4.092618857967853,0.7100836213320493,-3.582075812205672
1789666002632668200,32.66666821289063,3.8860502834573385,0.6257423733472823,-4.1923885612308975
1789666002642620400,32.676620361328126,3.896085355259478,0.8264835568785667,-4.866921561232209
1789666002652572200,32.686572265625,4.1970346334710715,1.2296154447138308,-5.638833569967747
1789666002662525200,32.696525146484376,4.352816439074278,1.7375789953768253,-6.297786138999462
1789666002672477200,32.706477294921875,4.625920263504982,2.369823590224981,-6.79865593200922
1789666002682429400,32.716429443359374,5.059511587011814,2.875198877960443,-7.416324889016151
1789666002692382200,32.72638232421875,5.363773935294151,3.331259222906828,-7.888637865105271
1789666002702334200,32.736334228515624,5.366287379419803,3.7569361200273033,-8.131224386197328
1789666002712286200,32.7462861328125,5.220507620131969,3.8998330173552036,-8.551600838822125
1789666002722239200,32.7562392578125,4.787037000395357,3.7141526248335834,-9.036982555320858
1789666002732191200,32.76619116210937,4.404085730801523,3.454600940415263,-9.28265593651235
1789666002742144300,32.776144287109375,4.0744273677170275,3.5210166556090114,-9.042526745444535
1789666002752096300,32.78609619140625,3.4435385713919997,4.2999955339908595,-8.208205919069052
1789666002762048300,32.79604833984375,3.113425450277328,5.266406616997719,-7.786945084825158
1789666002772001300,32.80600122070312,3.0570120736598967,5.558552995550632,-8.348200080692768
1789666002781953300,32.81595336914062,1.6797266719974577,4.63231902463138,-8.88029854018092
1789666002791905300,32.8259052734375,-1.0989522982761264,2.712936770427227,-8.61097774142027
1789666002801858300,32.8358583984375,-5.635194336682558,0.46806700908243654,-6.040508829253912
1789666002811810300,32.84581030273438,-15.681248136085271,-2.280121107468009,-0.2016024765357375
1789666002821763300,32.855763427734374,-30.737242559123036,-7.0951610902935265,14.866531004846095
1789666002831715300,32.86571533203125,-14.505630823540686,-14.221756598770618,28.851497786104677
1789666002841667000,32.8756669921875,-2.5761352673649784,-17.98255407040119,24.266765273034572
1789666002851620000,32.8856201171875,-3.1025463288664814,-16.115655452150104,16.782783144330978
1789666002861572400,32.895572265625,-3.7786288963973518,-8.021471633580326,12.01752221467495
1789666002871524400,32.9055244140625,-3.70395739403367,0.5325684150874614,5.476900548258423
1789666002881477400,32.91547729492188,-1.7530943982861935,3.430348542690277,1.5214844676300883
1789666002891429000,32.92542919921875,1.4206690547063945,4.780843114191294,-0.49093292088508605
1789666002901381400,32.93538134765625,3.727095108515024,5.434677025035024,-2.0584525789812207
1789666002911334400,32.94533447265625,4.619088663919269,4.583007588973641,-3.925043446457386
1789666002921286400,32.955286376953126,6.230187351500987,1.925068483147025,-6.538035157054662
1789666002931239200,32.9652392578125,7.242386372214555,-0.9866291106492281,-8.530114398679137
1789666002941191200,32.975191162109375,5.814625021159649,-3.3214924466520546,-10.21005076790452
1789666002951143200,32.98514306640625,0.2757891179919243,-7.012680960005522,-12.134653387105464
1789666002961096200,32.99509619140625,-18.95589875206351,-15.737017369580268,-10.174662643659115
1789666002971048400,33.00504833984375,-22.161764001107215,-18.24126579686403,8.343826687914133
1789666002981000200,33.01500024414062,-4.294755002988874,-12.299334246218203,12.709123838376998
1789666002990953200,33.024953125,6.3624120481669895,-5.614263192334771,-2.1346084746837617
1789666003000905200,33.0349052734375,9.305030849927663,-1.0348609343767166,-6.054053955003619
1789666003010857200,33.04485717773437,8.505541682958603,3.0398259610593317,-7.841739920330047
1789666003020810200,33.054810302734374,7.536715355503559,5.608440769791603,-7.882512660223245
1789666003030762200,33.06476220703125,6.7719117174685,6.7061576810538766,-6.829259160065651
1789666003040715300,33.07471533203125,6.530680702638626,7.6041224198222155,-6.26151538670063
1789666003050667300,33.08466723632812,7.315712305188178,7.757007042679191,-5.892440666767954
1789666003060619300,33.09461938476562,6.976423651710152,6.7251751007348295,-5.791612394362688
1789666003070572000,33.10457202148437,6.385740316784381,5.0131455571562045,-6.091597211456299
1789666003080524300,33.11452416992187,5.897886657214165,2.770826649338007,-5.735812765729427
1789666003090476300,33.12447631835938,5.510762485849857,0.10371230340898037,-4.754399343901873
1789666003100429300,33.13442919921875,5.324469514387846,-2.5325638366639613,-3.765467509268224
1789666003110381000,33.14438110351563,4.975357970553636,-4.54927190811038,-2.457932374049723
1789666003120333300,33.154333251953126,4.5005625299990175,-5.910139989587664,-0.44888504648953675
1789666003130286300,33.16428637695312,4.611127183520794,-6.218710264196991,0.9338986603282391
1789666003140238000,33.174238037109376,4.956392573320866,-4.990218855077028,0.8933192510500549
1789666003150191000,33.18419116210937,4.28700541177541,-2.988656914836168,0.9952927479676902
1789666003160142800,33.194142822265626,3.6170495104312894,-1.43107500564754,1.5678708096213638
1789666003170094800,33.2040947265625,3.6060230895042418,-0.2623065360844135,2.1479292901583014
1789666003180048000,33.2140478515625,4.516211350029707,0.6139484751790761,2.6170436163365838
1789666003190000000,33.224000244140626,4.556293185049295,1.026681719574332,3.061433397233486
1789666003199952000,33.23395190429687,0.9431231463998555,1.4521324067234993,4.2878088371127845
1789666003209905000,33.24390478515625,-5.818817212152481,1.4892285039305686,5.604410491362214
1789666003219857000,33.25385693359375,-10.441508576738833,0.48274435373246666,6.014182547864317
1789666003229810000,33.263809814453126,-8.873443267458677,-0.8876672166377305,5.3709524486213915
1789666003239762200,33.27376220703125,-3.569692131450772,-1.4067951353937387,5.0926925566017625
1789666003249714000,33.2837138671875,-1.0416787976980209,-0.5953232696861028,4.248356532168388
1789666003259667000,33.2936669921875,-1.8095827398359774,0.9666080668836832,3.17478037495017
1789666003269619000,33.30361889648437,-1.910690267574042,1.8560265111029146,1.6929695999301968
1789666003279571000,33.31357104492187,-1.0647503150753677,2.112225962483883,0.08031513427384197
1789666003289524000,33.32352392578125,0.2321942333500832,2.0517688634335993,-0.4698125375755131
1789666003299476000,33.33347607421875,1.136367032978311,1.5001608168333769,-0.3240966373041272
1789666003309428000,33.34342797851563,0.6547508795581758,1.0299135411024094,0.04290682931244373
1789666003319381000,33.35338110351562,-0.33988661937117576,0.8545067053139209,0.1836586774356663
1789666003329333000,33.3633330078125,-1.2887889336943625,0.7157663431435823,0.2509556324433535
1789666003339286000,33.3732861328125,-2.5716683510839937,0.3864484640598297,0.3051949529573321
1789666003349238000,33.38323803710937,-3.990014808061719,0.27656594758331776,0.2551130078511312
1789666003359190000,33.39318994140625,-5.114229265627265,0.504325486421585,0.13688691632337868
1789666003369143000,33.40314306640625,-4.713929970869422,0.3609592180162668,0.17237702137222513
1789666003379095000,33.41309497070313,-2.511239893606305,-0.7412900759786367,1.1629450241066515
1789666003389046800,33.423046875,-0.0936854149132967,-2.0849802281618115,3.76732102818042
1789666003398999800,33.43299975585938,1.172469662168622,-2.425829555085301,7.0903972368925805
1789666003408952000,33.4429521484375,1.9957313343912362,-1.3422083891928196,9.661137951737642
1789666003418904000,33.452904052734375,1.870112319600582,0.3940343891441822,11.213691219109297
1789666003428857000,33.46285717773438,-0.11918649752512574,1.145009408313036,11.48256427410245
1789666003438808800,33.472808837890625,-1.3607370024435221,0.791275465375185,10.036180055642127
1789666003448761900,33.48276196289063,-0.7545464479148387,0.25480770476162434,7.750481440302729
1789666003458714000,33.49271411132813,-0.34940511995330453,-0.40180326958000656,5.625446849650144
1789666003468666000,33.502666015625,-1.2257429871946572,-1.5492290913850069,4.395131732234359
1789666003478619100,33.512619140625,-2.570532040530443,-2.947224249729514,3.6177190802559256
1789666003488571000,33.52257080078125,-3.2413919049769637,-4.464205268460512,3.091972912403941
1789666003498523000,33.53252294921875,-4.354280666407942,-5.446375646135211,2.6599372939065096
1789666003508476000,33.542475830078125,-5.827039097052812,-5.041254630309343,2.4256445539072153
1789666003518428200,33.55242822265625,-6.074810327306389,-3.949471200749278,3.556935525730252
1789666003528381200,33.56238110351563,-4.575491806516051,-3.0758155583292246,6.011238895627856
1789666003538333000,33.5723330078125,-3.2609932620257136,-2.6664444838434456,7.416876093158125
1789666003548285000,33.58228491210937,-2.4705501558214427,-2.19779821356833,7.621838693776726
1789666003558238000,33.592238037109375,-1.8352111020892858,-1.4211276121288536,7.080546874007582
1789666003568190200,33.602190185546874,-2.30939980892241,-0.5975082125097513,5.144239203965664
1789666003578142000,33.61214184570313,-2.606630943393707,-0.09022036915123462,3.3693735572457313
1789666003588095000,33.622094970703124,-1.635645392078161,-0.058008536854386325,2.187132004255801
1789666003598047000,33.632046875,-0.5642237825453281,-0.7073562421947718,1.643710040590167
1789666003607999000,33.6419990234375,0.7416449538309127,-2.578176417803764,0.8747352543503045
1789666003617952000,33.65195190429687,2.0224153431773186,-4.600827907824516,0.332579949619621
1789666003627904000,33.66190405273438,3.644546589165926,-6.271856747972965,-0.39272973628640173
1789666003637857000,33.67185693359375,5.6669537490367885,-7.76258455055058,-1.5647193598531186
1789666003647809000,33.68180908203125,5.876586679553985,-8.536575703647733,-2.9422029144361614
1789666003657761000,33.69176098632813,4.174663519448042,-9.460103338217735,-4.326932348494231
1789666003667713800,33.7017138671875,0.5784967841781675,-9.379428211525083,-5.651641613614559
1789666003677666000,33.711666015625,-3.2002570537731048,-6.767765703704953,-5.842531265217065
1789666003687618000,33.7216181640625,-3.8314837037503717,-4.3500043042629954,-3.9865813264816996
1789666003697571000,33.73157104492188,-0.35579715907797216,-3.0894039386987684,-1.6573296928808092
1789666003707523000,33.74152319335938,2.858043160498142,-2.0188328085154295,-0.08256576274484395
1789666003717475800,33.75147583007813,4.512400559569895,-1.0460270560353995,1.221651333966851
1789666003727427800,33.761427734375,5.233833550173044,0.8352887946248054,2.5526924324572087
1789666003737380000,33.771380126953126,5.911842701852321,1.9593653050243853,2.3423604137599465
1789666003747333000,33.7813330078125,6.044332771456241,1.7888228604018688,1.4808569814264774
1789666003757284900,33.791284912109376,6.104933662891388,1.7959499358028173,0.32176234913766383
1789666003767236900,33.80123681640625,5.746563292324542,1.773674975630641,-0.8628805659055709
1789666003777190000,33.81118994140625,4.968568164283037,1.2793576730042695,-1.95384537255913
1789666003787142100,33.82114208984375,4.205356179353594,0.4872293901920318,-2.8473241980850696
1789666003797095200,33.83109521484375,3.7278830440223216,0.25301029995083807,-3.632530572679639
1789666003807047000,33.841046875,3.6993092759668826,0.41177345945239063,-4.583011680626869
1789666003816999000,33.8509990234375,3.9326156352773305,0.7412602653622626,-5.595054633995891
1789666003826952000,33.860951904296876,4.248983724156022,1.2650859865456818,-6.407092901414632
1789666003836904000,33.870904052734375,4.549504547822475,1.8476830456495283,-7.095868361780047
1789666003846856000,33.88085595703125,4.5516333765447134,2.4043682493835687,-7.653454313746094
1789666003856809000,33.89080908203125,4.470566035664081,3.1228847680181264,-8.292667578563094
1789666003866761000,33.90076098632812,4.60803740081191,3.715177876228094,-8.811191686207055
1789666003876713000,33.910712890625,4.415363788402081,4.187438245347142,-8.958224660426378
1789666003886666000,33.920666015625,4.203496522961557,4.29915557603538,-8.899826247471571
1789666003896618000,33.93061791992187,3.8359436057686804,3.955666548258066,-8.827901997989416
1789666003906571000,33.940571044921874,3.3790763283535834,3.6100147894889116,-8.594251647546887
1789666003916523000,33.95052294921875,2.9536861392199993,3.587242401188612,-8.406259470951557
1789666003926475000,33.96047509765625,2.711575418946147,3.582613572344184,-8.583155668514966
1789666003936428000,33.97042797851562,2.614704651995003,3.558257714244723,-8.991167729607223
1789666003946379800,33.9803798828125,2.128404359346628,3.3849399596899747,-9.086548258000612
1789666003956332000,33.99033203125,0.6419535034358501,3.077532299119234,-8.245182773810624
1789666003966285000,34.00028515625,-2.1978411759272216,2.707545140516758,-6.2099523727238175
1789666003976237000,34.01023706054688,-6.3428749885261055,2.1914000369638202,-2.951651418522
1789666003986190000,34.02019018554687,-11.955237900197504,0.3687316055834293,1.0905497961118817
1789666003996141800,34.03014184570313,-20.85802299747467,-4.028698466721177,10.37131685013771
1789666004006094000,34.040093994140626,-15.897216114842891,-12.256647781658172,26.490403445780277
1789666004016047000,34.05004711914062,-2.694463540625572,-21.216264773225785,32.55881618100405
1789666004025999000,34.0599990234375,-2.0340894143581387,-23.247936605048178,22.855988959050176
1789666004035950800,34.069950927734375,-4.4136113917768,-13.827905749499797,13.482642697787284
1789666004045904000,34.07990380859375,-6.132290456372499,-1.6505454395681618,7.413921335005759
1789666004055855900,34.08985595703125,-3.8429391637444494,4.1842157761692995,4.328757225833833
1789666004065809000,34.09980883789063,-0.17648820128440856,5.984394727843999,1.3111562483251094
1789666004075761200,34.10976123046875,2.382444732997566,6.160353352296352,-1.060000344069302
1789666004085713000,34.119712890625,5.79015459676981,4.977356450894475,-3.2694586002931
1789666004095666000,34.129666015625,9.409834455704688,3.386970004212856,-5.251863712382316
1789666004105618000,34.139617919921875,10.735472818368672,2.094635360735655,-7.1916855280250305
1789666004115570200,34.149570068359374,9.774285022968053,-0.051908466413617134,-10.382927792954444
1789666004125523200,34.15952319335938,6.1574248976290225,-3.69209686037004,-13.576149833524227
1789666004135475500,34.169475341796876,-12.68862465570569,-11.44343287167549,-16.188744069236517
1789666004145428500,34.17942846679688,-31.04095779491663,-15.217785405927895,-3.3411583933696147
1789666004155380500,34.18938037109375,-14.036754251641034,-12.14534779959917,6.2101955338299275
1789666004165332200,34.199332275390624,4.001859851895272,-6.3413470483064645,-4.92040940579176
1789666004175285200,34.20928515625,7.688129321286082,-1.5000976884692907,-8.663183144953846
1789666004185237500,34.219237548828126,8.501191086533666,2.2918717510163784,-8.360855564126371
1789666004195189500,34.229189453125,6.818563578528165,4.763921790006757,-8.257899632042646
1789666004205142500,34.239142578125,6.846230168610811,5.91611555686593,-6.6469052816182375
1789666004215094300,34.24909423828125,6.841180484005808,6.356411930969357,-6.058001231324672
1789666004225046300,34.25904638671875,8.225111461162566,5.90417903535664,-5.571437027043104
1789666004234999300,34.268999267578124,9.12536284956336,4.6125054861366745,-5.08342905369401
1789666004244951600,34.27895166015625,8.315991755527257,2.636378431403637,-4.216920652680098
1789666004254904600,34.288904541015626,7.807025165301561,0.24407529834508895,-2.972155569629371
1789666004264856300,34.29885620117187,7.151315523713826,-2.442987610635161,-1.6095546730101107
1789666004274808300,34.30880834960937,6.373903748518228,-4.645205394211411,0.33713220609650013
1789666004284761300,34.31876123046875,5.872813006234169,-5.919810319730639,2.182537662202865
1789666004294713600,34.32871362304687,5.676626417267323,-5.8795572197973724,3.840871417559683
1789666004304665300,34.33866528320313,5.172673855811357,-5.094902049344777,4.694734564273059
1789666004314618400,34.34861840820312,4.80923334237337,-3.2420693658471107,4.544277753084898
1789666004324570400,34.3585703125,4.854547817349434,-1.3347107269138097,4.510504662820696
1789666004334523400,34.3685234375,3.8005882147490975,1.0925906542897224,3.9459965103760357
1789666004344475400,34.37847534179687,-0.7920587247073649,2.6231372570365665,3.0538360739722847
1789666004354427400,34.38842749023438,-3.24479323785305,2.397674304702878,4.013297776232659
1789666004364380400,34.39838037109375,-2.3498335261195895,1.7919243335485457,5.408551819175481
1789666004374332400,34.40833251953125,-2.271237543788552,1.5775912625163793,5.795243444341421
1789666004384284400,34.418284423828126,-1.9834721567988394,1.4385691607952118,5.016154091322422
1789666004394237400,34.42823754882812,-0.8408774084120988,0.69587097158432,3.3993729741901157
1789666004404189400,34.438189453125,-3.2086487422823904,0.039888942795991894,2.4190686826482413
1789666004414142500,34.448142578125,-7.8066937413901085,0.4337666800737381,1.648005107435584
1789666004424094500,34.45809448242188,-7.669424036294221,0.5613058492720127,0.4300960287369787
1789666004434046500,34.46804638671875,-4.265672993150353,0.3344774538040161,-0.4080404834691435
1789666004443999500,34.47799951171875,-1.038027362518385,0.6545698239028453,-0.8688008228000252
1789666004453951200,34.487951171875,0.524477901481837,1.229641163676977,-1.3500241775102912
1789666004463903500,34.497903564453125,0.7250180094830692,1.5350053357213735,-1.3757362725242972
1789666004473856500,34.5078564453125,0.19878303520083426,1.4470318687140942,-1.2134810331232846
1789666004483808500,34.51780859375,-0.3015419834077358,0.8021575093954801,-1.0065276240136474
1789666004493761300,34.52776123046875,-0.7361820853151381,0.09355272844433785,-0.8937678716003894
1789666004503713300,34.53771337890625,-1.9406931916497647,-0.5526607705235481,-0.6252841081857681
1789666004513665500,34.54766552734375,-4.160886338508129,-0.7887783878624439,-0.3428977473532781
1789666004523618600,34.55761865234375,-6.380896383884549,-0.5399708002984523,-0.1490027125228662
1789666004533570600,34.567570556640625,-5.305187890812754,-0.7619424033850432,1.2256795665696263
1789666004543522300,34.57752221679687,-1.918540104291588,-1.3645137445032596,3.6110622527152296
1789666004553475300,34.587475341796875,0.33824104412123557,-1.9147779752790928,6.02145166208446
1789666004563427300,34.59742724609375,1.885974490121007,-1.7132640538096426,8.660691912660003
1789666004573379600,34.60737963867187,2.953697245135903,-0.6366711791187525,10.41982398367524
1789666004583332400,34.61733227539062,2.702483180952072,0.7504249840706586,11.813756714886427
1789666004593284400,34.62728442382812,0.9161480457127094,1.30050567497313,12.50290802282691
1789666004603237400,34.6372373046875,-0.6823584329299628,0.6874725610733032,10.513507645022868
1789666004613189400,34.647189453125,-1.243348055859655,0.0008124854266643523,7.238543140789866
1789666004623141600,34.6571416015625,-2.304043834847212,-1.2340712550789117,4.555244260518252
1789666004633094400,34.667094482421874,-3.43342020522058,-3.0736756236910816,3.325215851089358
1789666004643046400,34.67704638671875,-4.1455736185640095,-5.118384631741047,2.6095570599734783
1789666004652999400,34.68699951171875,-4.693509698653221,-6.314460794946551,2.5283523564487695
1789666004662951400,34.69695141601562,-5.636853209805488,-5.933849366477132,2.9432299193963405
1789666004672903400,34.7069033203125,-5.6309752576828,-4.439751795205473,4.599966907081008
1789666004682856400,34.7168564453125,-3.937815249747038,-3.3758412919551133,7.297325584626197
1789666004692808400,34.72680834960938,-2.2645360003232953,-3.151000855433941,9.097009446260332
1789666004702760400,34.73676049804688,-0.9710966104745864,-2.8711329436957835,9.514659104269743
1789666004712713500,34.74671337890625,-0.5308960979610681,-1.9975398451179265,8.502108785900473
1789666004722665200,34.75666528320313,-1.6803525488108395,-0.9969289708673953,5.952336624804139
1789666004732617500,34.766617431640626,-2.8926363349735733,-0.5737918213576078,3.6586674689769745
1789666004742570500,34.77657055664063,-2.1022376524329185,-0.8470031978160142,2.2393919144555925
1789666004752522500,34.7865224609375,-0.45219782429933547,-1.7993606210291384,1.1903664803218095
1789666004762475500,34.7964755859375,0.9498119765140116,-3.243164759868383,0.7313507196359336
1789666004772427300,34.80642724609375,2.1749276255905627,-4.584775183168054,0.57791401585415
1789666004782379300,34.816379150390624,4.1921746262192725,-5.789512207213043,-0.5552557554528117
1789666004792332300,34.82633227539063,5.689895064163208,-6.780802879932522,-1.9463382117994128
1789666004802284500,34.836284423828126,5.1308443003416055,-8.053057442933321,-3.136089409767091
1789666004812236300,34.846236328125,3.263107769961655,-9.632839493492245,-4.557609820605814
1789666004822189300,34.856189208984375,-0.8978545563921332,-10.279776046037673,-6.415024863457679
1789666004832141300,34.866141357421874,-4.21420525624156,-8.03286045807898,-6.574263823777437
1789666004842094300,34.87609423828125,-3.325993849724531,-4.544736018246412,-3.4305843972727654
1789666004852046600,34.886046630859376,-0.21202216374129057,-3.1578806780755517,-1.6057593723803758
1789666004861998300,34.89599829101562,3.270550779443979,-1.813705372723937,0.04768967967480421
1789666004871951400,34.905951416015625,5.389570055329799,-0.17073358328044413,2.3392744304433464
1789666004881903400,34.9159033203125,6.036702422708273,1.6333154878258704,2.683192205026746
1789666004891855400,34.92585546875,6.039558981183171,1.9135925648868082,1.7292603721037505
1789666004901808400,34.935808349609374,5.636089824217557,2.0315748011887074,0.8713131709471345
1789666004911760400,34.94576049804687,5.411705314770341,1.8647902477949856,-0.4612073524460196
1789666004921713400,34.95571337890625,4.952755678123236,1.200302840989828,-2.078170548146963
1789666004931665400,34.96566552734375,4.46876892311424,0.39201837314665317,-3.423106024216115
1789666004941617400,34.97561743164062,4.192105944897234,0.14100538449287414,-4.249125762975216
1789666004951570400,34.9855703125,3.9477991758838296,0.41537177620530125,-5.022289817598462
1789666004961522400,34.9955224609375,3.9581381990686055,1.0463567263811826,-5.854281324243545
1789666004971474400,35.00547436523438,4.154031942568719,1.731618625667691,-6.608848230424523
1789666004981427500,35.01542749023437,4.446357477080822,2.2082979802727696,-7.235783612948656
1789666004991379500,35.02537939453125,4.837727615451812,2.6872540476381777,-7.580549236533045
1789666005001332500,35.03533251953125,5.255004933017492,3.0400796435594555,-7.847472326502204
1789666005011284200,35.0452841796875,5.493780955910682,3.2731776208162304,-8.151832874462007
1789666005021236500,35.05523657226563,5.472507866257429,3.4251498050034046,-8.462987904867528
1789666005031189500,35.065189453125,5.245706358796358,3.4593069261491296,-8.852613829919695
1789666005041141500,35.0751416015625,4.690796055780351,3.4723709903836246,-8.911313856169581
1789666005051093200,35.08509326171875,4.211881489469111,3.57047948243618,-8.798916726523638
1789666005061046300,35.09504638671875,3.6481335077419876,3.8575586407274005,-8.759383173036575
1789666005070998500,35.10499853515625,2.962491084705293,4.385279615783691,-8.716019832128286
1789666005080951600,35.11495166015625,2.6203569786682723,4.957300920337438,-8.852876864770055
1789666005090903600,35.12490356445313,3.1067581013426184,5.47991025146842,-9.341905997860431
1789666005100855300,35.134855224609375,2.8612197447076437,5.278282348230481,-9.40184988669157
1789666005110808300,35.14480834960938,0.7518357276514173,4.272153587341308,-8.593122935777902
1789666005120760300,35.15476025390625,-2.0974013183176514,2.8991864872694015,-6.51653527290821
1789666005130712600,35.164712646484375,-6.770701757156848,0.49046530337333677,-2.995635521677136
1789666005140664800,35.174664794921874,-20.16673701559305,-4.276657913023233,3.5423373837962746
1789666005150616800,35.18461694335937,-31.325666716945168,-13.867954851293563,25.89769824963808
1789666005160569900,35.19456982421875,-5.04144635348916,-23.236080163037776,40.33446070413589
1789666005170521900,35.20452197265625,-1.2550405394800006,-25.692311286127566,24.13813304790258
1789666005180473900,35.21447387695312,-4.0206010849833484,-17.74431931477785,13.742140021669863
1789666005190427000,35.224427001953124,-6.707109282690286,-4.162029663324356,7.470249955949187
1789666005200379000,35.23437890625,-5.25715363548398,3.6825440191268917,3.1727713732153173
1789666005210331000,35.24433081054688,-0.7819909196794033,6.090007896438241,0.7113777527958154
1789666005220284000,35.25428393554687,2.2436031024098395,6.3819958695590495,-1.1783958373472094
1789666005230236000,35.26423583984375,5.221603014153242,4.6349534647881985,-3.1945342922121283
1789666005240189000,35.27418896484375,8.161369349092245,2.5215958679258823,-6.136239486259222
1789666005250141000,35.28414086914062,9.355145418661833,0.8394675416141748,-8.537112294742464
1789666005260093000,35.29409301757813,7.3393912869393825,-1.6597072356671094,-12.33953298561573
1789666005270046000,35.3040458984375,-2.398481529432535,-6.874779386746883,-17.044861716878412
1789666005279998000,35.313998046875,-16.419373026031256,-14.144655823433398,-13.812621671128273
1789666005289950000,35.323949951171876,-19.017176519846917,-14.512477912956475,3.6975162550702687
1789666005299903000,35.33390307617187,-3.679747666406631,-8.723122942131758,4.859100366087257
1789666005309855000,35.34385498046875,5.287305612641573,-2.9110978743374347,-5.524836603909731
1789666005319808000,35.35380810546875,8.363724982082843,0.7139128242313861,-7.510195012846589
1789666005329759700,35.363759765625,7.173349660867452,3.7276135794311758,-8.624024269998072
1789666005339712000,35.3737119140625,6.370992829507589,5.200064551562071,-8.104991043788194
1789666005349665000,35.3836650390625,6.088485216915607,5.424330403065681,-7.212385201704501
1789666005359617000,35.393616943359376,6.266147138154507,5.270457938215136,-6.905624022343754
1789666005369568800,35.40356884765625,6.921777284765243,4.622466908180713,-6.727345430511236
1789666005379521800,35.413521728515626,6.790464442247152,3.076521076250076,-6.568560643699765
1789666005389473800,35.423473876953125,5.804759460705518,1.061316979625821,-5.703789734002948
1789666005399426800,35.4334267578125,4.854607438582182,-1.0517261444598436,-4.3878751852348445
1789666005409379000,35.443379150390626,4.353524879604578,-3.1194799280107017,-2.8015286615937947
1789666005419330800,35.45333081054687,4.181650894117355,-4.300191933345794,-1.067130634340644
1789666005429283800,35.463283935546876,4.723158986985683,-4.571645067960024,0.5000637373238802
1789666005439235800,35.47323583984375,5.377264700508118,-3.680930154189467,1.223413959725201
1789666005449188000,35.48318798828125,5.511022013568878,-2.198312592831254,1.3629000256963073
1789666005459141000,35.49314111328125,4.6906046248614786,-0.8843617453515529,2.077646524272859
1789666005469092900,35.5030927734375,4.706731583797931,0.21100772600173948,2.6352111411899326
1789666005479046000,35.5130458984375,5.360985765880346,0.7184516367048025,3.0094843065485355
1789666005488998000,35.52299780273437,4.897141927450895,1.0222498746067286,3.6041473587602373
1789666005498950000,35.53294995117187,2.5037048219263554,1.115036879375577,4.497808847376704
1789666005508903000,35.54290283203125,-0.39958734709620475,1.1899562190204858,4.851955755029619
1789666005518855000,35.55285498046875,-2.090865779069066,1.1659615954488516,5.014971019017696
1789666005528807000,35.56280688476563,-2.402040098696947,0.7251572718232869,5.559619163477421
1789666005538760000,35.572760009765624,-2.3116993180364367,0.2398772621333599,5.646224264740944
1789666005548712000,35.5827119140625,-1.9968220522373914,-0.08545885383784771,4.798432546895742
1789666005558664700,35.59266479492187,-0.3814975636541843,-0.6748042181581259,3.6890924178570508
1789666005568617000,35.60261694335937,-1.2839806566298007,-1.1381716712474823,2.9872049624621866
1789666005578569000,35.61256884765625,-5.749374258092045,-0.36999943356215953,2.239864792664349
1789666005588522000,35.62252197265625,-8.040681945484875,0.45315117950141426,1.2902192587584256
1789666005598474000,35.63247387695313,-6.273546016234159,0.9363725030958652,0.573424887741357
1789666005608425700,35.64242578125,-2.670231601166725,0.7624830861330032,0.10618899572081864
1789666005618378800,35.65237866210938,-0.8950715015448629,0.6916214974462985,-0.28589045996330675
1789666005628331000,35.6623310546875,-0.6280952200837433,0.6762532479226588,-0.2053080165227875
1789666005638284000,35.67228393554687,-0.7617075717158616,0.18242226750850676,0.001464665725082159
1789666005648235800,35.68223583984375,-1.178040155777335,-0.4034551284402609,0.4448313141193241
1789666005658187800,35.692187744140625,-2.0846710160821673,-0.33957156207263467,1.0908399381648748
1789666005668140800,35.70214086914063,-3.0269822615772486,0.3373930489897728,1.9402276199646293
1789666005678093000,35.71209301757813,-3.4586785651177165,0.6176484987407922,2.990882189670205
1789666005688045000,35.722045166015626,-2.77149183524847,0.004436521142721176,4.012032286341488
1789666005697997800,35.73199780273438,-0.761918437987566,-1.1702689372539519,5.321717585331201
1789666005707949800,35.74194970703125,1.4713484177164733,-1.5626479604065417,7.076268173775077
1789666005717902800,35.75190283203125,2.897102666732669,-0.649825844246149,8.643626796090603
1789666005727854800,35.761854736328125,1.9292700264900922,1.0311872143000365,9.730040223050118
1789666005737806800,35.771806884765624,-2.1519237666219473,1.5443752216130495,9.474053537636994
1789666005747759900,35.781759765625,-3.9617876614868637,0.12659165921509266,7.866294515872001
1789666005757712000,35.7917119140625,-2.400917232146859,-1.051682305318117,5.80035450374484
1789666005767663900,35.80166381835937,-1.2401226640723646,-1.6357225489675997,4.602844508343935
1789666005777617000,35.811616943359375,-2.193789124057442,-2.255447269460559,3.9792166429325935
1789666005787569000,35.82156884765625,-4.0745916183680295,-3.2059985200345515,3.3990029718339443
1789666005797522000,35.83152197265625,-4.57142821033895,-4.334756466248631,3.3135543471291657
1789666005807474000,35.841473876953124,-4.640393025493622,-4.767129646137357,3.616431086272001
1789666005817426000,35.85142602539062,-5.406575550666451,-4.318990741840005,4.21251803380698
1789666005827379000,35.86137890625,-5.600939015859365,-3.483206272652745,5.518226245859265
1789666005837331000,35.8713310546875,-4.990751939040422,-2.935242720034718,7.079513439306616
1789666005847283000,35.88128295898437,-4.037020889386534,-2.9370214201450344,7.944954211089015
1789666005857236000,35.891236083984374,-2.174360054835677,-2.840678184199333,8.598405260095
1789666005867188000,35.90118798828125,-0.9817173732101917,-2.2981845874249935,8.500776075991988
1789666005877141000,35.91114111328125,-0.2700923493887298,-1.3181716800451277,6.6549775289148085
1789666005887092700,35.9210927734375,1.1412053398549555,-0.4925900404423475,4.490554930725693
1789666005897045000,35.931044921875,1.5694344056762755,-0.5430740270107984,3.014606764128804
1789666005906998000,35.940998046875,2.1346341936469075,-1.7045552621752023,1.5242818432636558
1789666005916950000,35.95094995117187,3.08242591637969,-3.502383851331472,0.1934041186414659
1789666005926901800,35.96090185546875,4.169862256646156,-5.196760249319672,-0.7093878941528499
1789666005936854800,35.97085473632813,5.541572634655237,-6.770619339570403,-2.0896754002407194
1789666005946806800,35.98080688476563,5.4964089663267135,-8.679491305676102,-3.5031945831924673
1789666005956759000,35.990759033203126,3.9492312545135615,-11.138390771192311,-5.390120674949884
1789666005966712000,36.00071215820312,-0.27456264493688937,-12.829042011177538,-7.400040109169483
1789666005976663800,36.010663818359376,-4.577251801925898,-10.800484511983393,-8.272526707810163
1789666005986616800,36.02061694335937,-5.192458752733469,-6.355241718146204,-4.5381738832518455
1789666005996568800,36.03056884765625,-1.278310502038896,-3.8501860661327836,-1.5068068307191134
1789666006006521000,36.04052099609375,2.5981319951176642,-2.08673613191843,0.5042492063149809
1789666006016474000,36.05047412109375,4.525511970077455,-0.233189162671566,2.200250867417455
1789666006026425900,36.06042578125,5.5133098322451115,2.1066712509661913,2.7314029859662052
1789666006036377900,36.0703779296875,6.498304035168886,2.427390813052654,1.8245397782102226
1789666006046331000,36.080330810546876,7.076669740313291,2.2584932130277156,1.0009583725139497
1789666006056283000,36.090282958984375,7.318645436030626,2.4150720142275093,0.17824381278008222
1789666006066236000,36.10023583984375,6.784111858350038,2.379089431220293,-0.7487792626902461
1789666006076188000,36.11018798828125,5.752731167304516,1.4863438884049653,-2.1369918626889586
1789666006086140000,36.12013989257812,4.507615078859031,0.29808395190834996,-3.3800241305977106
1789666006096093000,36.130093017578126,3.755281046296656,-0.17016776609122752,-4.220797494113445
1789666006106045000,36.140044921875,3.8067145886749025,-0.16818272975385187,-5.330538020646572
1789666006115997000,36.14999682617187,4.099612370117009,0.18801906460225581,-6.365068115633726
1789666006125950000,36.159949951171875,4.543683002062141,0.9107131611824035,-7.144821485519409
1789666006135902000,36.16990185546875,4.926736270725727,1.6788906595647335,-7.721443561866879
1789666006145855000,36.17985498046875,5.250991605722904,2.4506477699995037,-8.279759581673146
1789666006155807000,36.18980688476562,5.153325012218952,3.2078713281691074,-8.849000900119542
1789666006165759000,36.19975903320312,4.903689741659164,3.7328532336503266,-9.26421310184896
1789666006175712000,36.2097119140625,4.393236127746105,4.153696134743094,-9.565293897485732
1789666006185664000,36.2196640625,3.9170878112778067,4.466684810316562,-9.820449392771721
1789666006195616000,36.22961596679688,3.542054767462611,4.652999409088492,-9.832467162823676
1789666006205569000,36.239569091796874,3.1614807483941316,4.784506897395849,-9.652772858974338
1789666006215521000,36.24952099609375,2.707246157570183,5.0089253091126675,-9.515743976897001
1789666006225473000,36.25947314453125,2.422432021601498,5.1299540735036135,-9.64735960175395
1789666006235426000,36.26942602539062,2.5927728061720727,5.004267838695645,-9.94671079711914
1789666006245378000,36.2793779296875,2.4844459947049615,4.52155797175467,-10.120599045038222
1789666006255331000,36.2893310546875,0.610361410472542,3.3615029700011014,-9.234946675354243
1789666006265283000,36.29928295898438,-2.477384970277548,1.9917635998040437,-6.613976825484633
1789666006275234800,36.30923486328125,-7.291801852768659,0.3420680550634861,-2.612432615409791
1789666006285187800,36.31918774414063,-17.572787859117984,-3.074980276548862,2.767950509379804
1789666006295140000,36.32914013671875,-30.164672973036765,-10.848215400451421,21.105773769462107
1789666006305092000,36.339092041015626,-7.543503992730379,-19.55665982888937,38.23258545527458
1789666006315045000,36.34904516601563,1.4400069385133683,-23.844106846952435,28.284406339168548
1789666006324996900,36.358996826171875,-1.6610604038417338,-18.495668427956105,17.236262240612504
1789666006334950000,36.36894995117188,-4.751548046123982,-6.862920606648921,10.059045382922887
1789666006344902100,36.37890209960938,-5.085654913049936,2.4048756143838164,4.485863850300014
1789666006354854100,36.388854248046876,-1.212921499544382,5.465116586962342,2.1075638158917425
1789666006364807200,36.39880712890625,2.3231821044288576,6.287235518890619,0.01086860001683235
1789666006374759000,36.408759033203125,5.07156559742093,5.62370263633132,-1.8079843647286296
1789666006384711000,36.4187109375,7.406257083988189,3.900971665996313,-4.087495231343806
1789666006394664000,36.428663818359375,7.971493258446454,2.062895822125673,-6.217675075930357
1789666006404616200,36.4386162109375,6.631739861190319,-0.963689549088478,-9.857844765186309
1789666006414568000,36.44856787109375,1.409936940550804,-6.913944691443443,-14.699059638231992
1789666006424521000,36.45852099609375,-10.2251162350893,-15.051928488773108,-14.144903660714625
1789666006434473000,36.46847290039062,-18.426360498452187,-17.286814031720162,1.1247528022259474
1789666006444426000,36.478426025390625,-10.926148534959554,-9.581460019388794,9.573018354257941
1789666006454378200,36.488378173828124,0.6926892728082835,-2.4662439830601213,-2.4470029837563634
1789666006464330000,36.498330078125,7.431163561707734,0.2895417490124702,-7.479632116800547
1789666006474283000,36.508282958984374,8.69053467773795,3.6289129667043682,-8.831079458981751
1789666006484235000,36.51823510742187,6.8395631119370455,5.5141322545439,-9.498729129210114
1789666006494187000,36.52818701171875,6.2757859041154385,6.310132410353422,-8.359862461435794
1789666006504140000,36.53814013671875,5.9063563793957226,6.374709219682217,-7.167379354286194
1789666006514092000,36.54809204101562,6.0091562441349025,6.013391105225682,-6.66200640463829
1789666006524044000,36.5580439453125,6.469255050817131,4.6900393921941514,-6.731321348404884
1789666006533997000,36.5679970703125,6.798067902988195,3.1021611289411783,-6.334761824697256
1789666006543949000,36.57794897460938,6.069757135570049,1.1519885996758936,-5.332291586315631
1789666006553902000,36.58790209960937,5.270124176216125,-1.2797323515355585,-3.8500767605394124
1789666006563854000,36.59785400390625,4.76795236069709,-3.5864895369946956,-1.9442355404317377
1789666006573806000,36.60780615234375,4.597570951855182,-5.286809353557229,0.05727554640471935
1789666006583759000,36.61775903320312,4.68002711674571,-6.154832543048262,1.7113338163994252
1789666006593711000,36.62771118164063,5.009634334164858,-5.708216902795433,2.639802268372476
1789666006603662800,36.637662841796875,5.701497823673487,-4.144607403880357,3.1244530402481554
1789666006613615900,36.64761596679688,7.364626265960931,-2.645669406840205,3.159516170322895
1789666006623568100,36.657568115234376,6.074864687842131,-0.7730600097268819,4.2413720801085235
1789666006633520000,36.66752001953125,0.21427980647496878,0.8950655101954936,5.881958435720205
1789666006643473200,36.67747314453125,-3.5799978368878365,1.606152171090245,5.979673544541001
1789666006653425000,36.6874248046875,-3.758604345500469,1.9695307252079248,5.897318501937389
1789666006663378000,36.6973779296875,-3.0785680719077586,1.6134049186974764,5.5361997094452375
1789666006673330200,36.707330078125,-1.5406477255225182,1.695502771669626,4.541571124474704
1789666006683282200,36.7172822265625,1.3878981272220612,1.4758546430945396,3.0473575256079433
1789666006693235000,36.72723486328125,1.9395225404351948,1.0305635294437407,1.7456255237102507
1789666006703187000,36.73718701171875,-0.7218944706350564,1.0442413416624068,1.2506405509553848
1789666006713139000,36.74713891601562,-2.8578075981765982,1.0317197137415408,0.571523584164679
1789666006723092000,36.757092041015625,-4.124154982960224,0.7591869671970606,-0.5507792676258831
1789666006733044200,36.767044189453124,-4.185985123929381,0.6191127260744571,-1.2976939785532653
1789666006742996000,36.77699584960938,-2.7710815008819103,0.7223562429279089,-1.467852830685675
1789666006752949000,36.78694897460937,-1.6137737520098685,0.9905477453976869,-1.5708428111694752
1789666006762901000,36.79690087890625,-1.3089122687906025,1.2531558947771786,-1.364590170740336
1789666006772854000,36.80685400390625,-1.1940667230792343,1.0712865849763153,-0.9248839445497841
1789666006782806000,36.81680590820312,-0.7101257069081067,0.26832944963574407,0.03134217332284897
1789666006792758000,36.82675805664063,-0.5336867515929044,-0.43038054476678367,1.2594323446981608
1789666006802711000,36.8367109375,-1.31811629659608,-0.8783850090295076,1.88521315035969
1789666006812663000,36.8466630859375,-3.1006331887215373,-0.599914689129591,2.099484992723912
1789666006822615000,36.85661499023438,-5.191816947698593,0.043135377371311186,2.1727575880751013
1789666006832567800,36.86656787109375,-5.786544589579105,-0.013556231665611266,2.624600315326452
1789666006842520000,36.87652001953125,-3.954637205210328,-0.8978606938719749,3.329963922399282
1789666006852472000,36.88647216796875,-1.2127899821192025,-1.7496949651062488,4.194980039028823
1789666006862425000,36.89642504882813,0.8715067938230932,-1.7443910134792326,5.6438499368250366
1789666006872376800,36.906376953125,2.327206683769822,-0.8546428989142179,7.520929757350682
1789666006882329900,36.91632983398438,2.7783710733681914,0.5526175159037113,9.101575146740675
1789666006892282000,36.9262822265625,1.7702577145330607,1.490067292842269,10.285402653747797
1789666006902234000,36.936234130859376,0.022483049964904783,1.1871008295893668,9.873892229145765
1789666006912187100,36.94618725585938,-0.4275247169442475,0.5215045847594738,8.008456084662676
1789666006922139000,36.956138916015625,-0.09170081696733832,-0.3367775474399328,5.755071592950821
1789666006932091000,36.9660908203125,-0.37510479387715456,-1.7850877655267714,4.448814222583175
1789666006942044000,36.9760439453125,-1.6286317139238118,-3.3699791219234463,3.8752965419918297
1789666006951996200,36.98599609375,-3.210477419014275,-4.664308738610148,3.118248632650077
1789666006961948000,36.99594799804687,-4.617936279013753,-5.274832500037551,2.558520115697384
1789666006971901000,37.00590087890625,-5.285561399322748,-4.951421799170971,2.4548843846559523
1789666006981853000,37.01585302734375,-4.808422610512376,-4.201779489910602,3.697108843313157
1789666006991805200,37.02580517578125,-3.5193700574457645,-3.754596278902888,6.0967842587053775
1789666007001758200,37.03575830078125,-2.2529455157727,-3.6353731026291847,7.728147443419695
1789666007011710000,37.0457099609375,-1.7765630982875822,-3.1489573669075965,7.7330375535488125
1789666007021663000,37.0556630859375,-2.0532295836359262,-2.37219441100955,6.672108111935853
1789666007031615000,37.06561499023437,-2.8608021038174627,-1.379343649366498,4.675747247469425
1789666007041567000,37.07556689453125,-3.4992554901778696,-0.36132337515354157,2.561546770042181
1789666007051520000,37.08552001953125,-2.8254174867033957,0.12046996146440506,1.1129334773555397
1789666007061472000,37.09547192382813,-1.7755740872502326,-0.2121656638652086,0.15514833000525832
1789666007071424000,37.10542407226563,-0.7098351995289325,-1.5164105253666638,-0.29500995129048824
1789666007081377000,37.115376953125,0.2763666256189346,-3.010949410665035,-0.32191914713457226
1789666007091329000,37.1253291015625,2.0606407366752624,-4.509723157054186,-0.7798995003581046
1789666007101281000,37.135281005859376,4.542188671851158,-5.961480885246396,-1.631411261639744
1789666007111234000,37.14523413085937,5.2133086485385896,-6.987427860805392,-2.589439570096135
1789666007121186000,37.15518603515625,4.756843814444542,-8.330957269468904,-4.0413527811110015
1789666007131138000,37.165137939453125,2.6990146280586718,-9.297001857250928,-5.959799800291657
1789666007141096000,37.175095947265625,-1.0242939476549624,-7.996110982352494,-7.73501791371107
1789666007151048000,37.1850478515625,-3.982586119365692,-4.532023836189508,-5.81497748785913
1789666007161001000,37.1950009765625,-3.0237761590123173,-2.9895138239264485,-2.6994480510398744
1789666007170952700,37.20495263671875,0.5214190984331071,-2.3206430874705313,-1.1845368243202565
1789666007180905000,37.21490502929687,3.8329087681174276,-1.5320236895620822,0.5363210456192493
1789666007190858000,37.22485791015625,5.364350273877382,-0.6487210978746414,2.6631188465520736
1789666007200810000,37.23481005859375,6.101876613408327,0.7382119837075471,3.4028514639556406
1789666007210761700,37.24476171875,5.951465102666616,1.0865881990045307,2.6521736741676927
1789666007220714800,37.25471484375,4.98514169794321,1.243278059363365,1.3703735764473677
1789666007230666800,37.26466674804688,4.119871606552601,1.4760276615738868,-0.5404509850308299
1789666007240619000,37.27461889648438,3.6804561069369313,1.0456757583796978,-2.1851485753536224
1789666007250572000,37.28457202148437,3.554863395631313,0.41201252890527246,-3.316519918936491
1789666007260523800,37.29452368164063,3.352400210613012,0.2460948214739561,-3.7971643777802586
1789666007270475800,37.304475830078125,3.6166745396390554,0.363832727625966,-4.492362856930494
1789666007280428800,37.3144287109375,3.7570951099812984,0.8687380597621202,-5.378756400370597
1789666007290381000,37.32438110351563,4.012315194936097,1.494724178737402,-6.296140125358105
1789666007300334000,37.334333984375,4.227898266029357,2.0987556555360554,-7.036982457569241
1789666007310285800,37.34428588867188,4.358872085851431,2.7221903364628552,-7.4120707387030125
1789666007320237800,37.35423779296875,4.520174408441782,3.133077660730481,-7.897866881221533
1789666007330190800,37.36419091796875,4.30392205978483,3.4246780958384275,-8.274149925097822
1789666007340142800,37.374142822265625,3.995255046802759,3.699841775408387,-8.468865272468328
1789666007350094800,37.3840947265625,3.6866251509606838,3.839353706473112,-8.581741125541924
1789666007360047900,37.3940478515625,3.329688320328295,3.892787190496921,-8.59624077553749
1789666007370000000,37.403999755859374,3.0013273035779595,3.9563966160982846,-8.520778415057062
1789666007379951900,37.41395190429687,2.6989704966560004,4.266263944780826,-8.36539028494656
1789666007389905000,37.42390478515625,2.4402716296747324,4.697099247577786,-8.464111940461397
1789666007399857000,37.43385693359375,2.206427656356245,4.98062860443294,-8.732339683288336
1789666007409810000,37.443809814453125,1.8750024297296999,4.9152165133237835,-8.682109379220009
1789666007419762000,37.453761962890624,0.6413961618140339,4.671273901447654,-7.622730674180388
1789666007429714000,37.4637138671875,-1.2498948471546172,3.7920816676884885,-5.804971642151474
1789666007439667000,37.4736669921875,-4.646473222190141,2.871103717601299,-2.8907880767583847
1789666007449619000,37.48361889648437,-10.965817697525024,-0.12431436193287372,1.6975275554955005
1789666007459571000,37.49357104492187,-23.072898018050193,-5.804053942784667,15.575609833049773
1789666007469524000,37.50352392578125,-9.93997710494995,-13.604314436256885,32.69315100169182
1789666007479476000,37.51347607421875,-0.005064443782716989,-20.90363908574581,30.903962230587005
1789666007489427700,37.523427734375,-2.4615666388988493,-20.10454154844284,22.059615293753147
1789666007499380700,37.53338061523438,-5.723824221771955,-10.23673769930005,14.522403094643353
1789666007509333000,37.5433330078125,-6.985024891316891,0.11425707829892634,6.427057831078767
1789666007519285000,37.553284912109376,-2.500424192820489,3.3881068992882963,1.3566791053548455
1789666007529238000,37.56323803710937,1.2385890247642992,3.8367251115351912,-1.783520077818632
1789666007539189800,37.573189697265626,3.5824551669120788,3.5452164463639257,-3.847083423942327
1789666007549142800,37.58314282226563,5.796804117786884,2.385279518032074,-5.947986028379201
1789666007559094800,37.5930947265625,6.342415554320812,0.9226397458195685,-8.2997233422935
1789666007569047000,37.603047119140626,5.2157168787240975,-1.6963725402414798,-12.242448575913905
1789666007578999800,37.61299975585938,-0.4894517424166202,-6.763180714002251,-17.10701276036501
1789666007588951800,37.622951904296876,-8.204538628733157,-12.956652492046356,-16.46001950919628
1789666007598903800,37.63290380859375,-12.635823624366521,-13.836935443651676,-2.896531588846445
1789666007608856800,37.64285693359375,-10.029191511929035,-8.601857446375488,10.252844784492254
1789666007618809000,37.65280908203125,-0.3203764477372169,-2.0748592316418883,1.4060779270350932
1789666007628760800,37.6627607421875,6.145540398567914,0.4250409373044967,-5.857641156065464
1789666007638713900,37.6727138671875,7.9914009049654,3.2787942916542288,-7.864415862518548
1789666007648665900,37.68266577148437,6.59009033846259,5.554264942967891,-9.34256183142066
1789666007658617900,37.69261791992187,6.199150408202409,6.298919526943564,-8.474296649867295
1789666007668571000,37.70257080078125,5.29691515250802,6.571458118706941,-7.30356827840805
1789666007678523000,37.71252294921875,5.0740381250143045,6.151466866007447,-6.512778550723195
1789666007688476000,37.722475830078125,5.369336245596409,4.843714288645982,-6.066440558367967
1789666007698428000,37.732427978515624,5.838560023498535,2.982148263594508,-5.4598056210726496
1789666007708380000,37.7423798828125,6.066779581063986,0.6815016699701547,-4.332305273704231
1789666007718332700,37.75233276367187,5.583648858362436,-2.078942701563239,-2.5435423267960546
1789666007728285000,37.76228491210937,5.14844074730873,-4.723638879457116,-0.7012488652303814
1789666007738237000,37.77223681640625,5.009395849233865,-6.607541824001073,1.232741613910347
1789666007748190000,37.78218994140625,4.928268887120485,-7.107195811480283,2.957104423230886
1789666007758141700,37.7921416015625,5.070771816694736,-5.915231759768724,3.6282185546994206
1789666007768094000,37.80209399414063,6.524846005135775,-3.5784324872672557,3.4962218215703964
1789666007778046700,37.81204663085938,7.672192331963777,-0.9286252499699592,3.2380256434142587
1789666007787999000,37.8219990234375,3.2841713085174558,1.3294611358225346,3.9979450165390964
1789666007797951000,37.831950927734376,-2.148061830496788,1.8038135087847709,4.466081583726406
1789666007807903700,37.84190380859375,-3.4570050789475437,1.6680951247841118,5.009904967799782
1789666007817855700,37.851855712890625,-2.6356033553779126,1.3450082490444182,5.498211631834507
1789666007827808000,37.86180810546875,-1.5940496453642845,1.2394114470630884,5.182193379306793
1789666007837761000,37.87176098632813,0.5117407311141491,1.3086626779437065,3.5741976261764763
1789666007847712800,37.881712646484374,2.3136878615051506,1.0115133765369653,2.0013482974901793
1789666007857665800,37.89166577148438,0.9175082281500101,1.1015811854749917,1.3394434545241296
1789666007867617800,37.90161767578125,-1.3613614179521798,1.0189163462698458,0.5669402018971741
1789666007877569800,37.91156982421875,-3.5391076080948114,0.9144377346634864,-0.35071576416045425
1789666007887522800,37.921522705078125,-5.092319047114253,0.8911287552684545,-1.118996869047731
1789666007897474800,37.931474853515624,-4.363301008209586,0.7849047612994908,-1.7154817298591136
1789666007907426800,37.9414267578125,-2.6877374472409485,0.7479097863793372,-2.002330002003908
1789666007917379800,37.9513798828125,-1.5933597634039818,1.13584468960464,-2.0925746288135647
1789666007927331800,37.96133178710937,-1.1480775637120009,1.5816764860033987,-1.8193644213989375
1789666007937283800,37.97128393554687,-0.8751726228542626,1.5386626891851425,-1.3174892507389186
1789666007947236900,37.98123681640625,-0.32171807160452004,0.5166518840312957,-0.0602651932073757
1789666007957188900,37.99118896484375,-0.27003581516221165,-0.7329021868616342,1.5043150139033794
1789666007967142000,38.001141845703124,-1.5250129340171814,-1.2198007376641034,2.2577700133197007
1789666007977094000,38.01109399414062,-4.085374585928022,-0.5267693734198808,2.419429624915123
1789666007987046000,38.0210458984375,-5.976272211664915,0.09303659561574458,2.4520102905243633
1789666007996999000,38.0309990234375,-5.29521886998415,-0.692331107020378,2.9374723787829278
1789666008006951000,38.04095092773437,-2.5956676508307455,-1.7502789024740457,3.952653045655787
1789666008016903000,38.05090283203125,-0.2696447700180113,-2.162503612825274,5.698441943234205
1789666008026856000,38.06085595703125,1.3852670480661093,-1.6348282304763793,7.645458054295182
1789666008036807700,38.0708076171875,2.2043407670795916,-0.44316228492856025,8.943893937256933
1789666008046760000,38.080760009765626,1.7370394816726444,0.5041729262083768,9.9991552701056
1789666008056713000,38.090712890625,-0.15945450276657938,0.3254910142719745,9.666053780829905
1789666008066665000,38.1006650390625,-1.2873610928483306,-0.4836702364057302,7.8618316912442445
1789666008076618000,38.11061791992187,-1.0668484563983975,-0.8742951093673705,5.833413892781734
1789666008086569700,38.12056982421875,-1.3997003548271953,-1.419054897508025,4.235796910324693
1789666008096521700,38.130521728515625,-2.066637346741557,-2.5113141278862954,3.5343384939968585
1789666008106474800,38.14047485351563,-2.672898774549365,-3.7445711439728733,3.2738813851714132
1789666008116427000,38.150427001953126,-3.6821436216324566,-4.553153133457899,3.2011922887966033
1789666008126378800,38.16037866210937,-4.934072604963183,-4.659812596234679,3.219159030380845
1789666008136327000,38.17032690429688,-5.131595995491743,-4.203092326074838,4.179373889096081
1789666008146279000,38.18027880859375,-3.8227538693279026,-3.7435236807465553,6.254082021829485
1789666008156231000,38.19023095703125,-2.018764419454336,-3.7305741828024384,8.024015472844242
1789666008166184000,38.20018383789063,-0.7865596158344298,-3.457368067041039,8.70258518101573
1789666008176135700,38.2101357421875,0.09053359981887042,-2.8644395835369822,8.16346719815433
1789666008186088000,38.220087890625,-0.3247510095596313,-1.7198603833347559,6.193346105837821
1789666008196041000,38.230041015625,-2.4662311235785483,-0.4708516713649034,3.657179568506777
1789666008205993000,38.239992919921875,-3.341203109294176,0.020109306570887563,1.857041679494828
1789666008215946000,38.24994604492188,-2.4584499681830403,-0.26006255654990673,0.4224989977367222
1789666008225897700,38.259897705078124,-1.1959493219554425,-1.5894038653850555,-0.6161066030610353
1789666008235850000,38.26985009765625,-0.023693010276556015,-3.3371617249488827,-0.9984656789153814
1789666008245802800,38.279802734375,1.798281593620777,-4.942482705911994,-1.5851447466358541
1789666008255755000,38.289755126953125,3.5742718604564665,-6.347555255296826,-2.5852497171908615
1789666008265706800,38.29970678710937,4.066206651860475,-7.429798703095316,-3.6903836267113683
1789666008275659800,38.30965966796875,3.7542017266273495,-8.64959885623753,-5.305915036043524
1789666008285611800,38.31961181640625,2.0254957735359667,-9.456537170168756,-7.370528768002987
1789666008295564000,38.32956396484375,-1.1316320403456688,-7.928052176126838,-8.718609264099598
1789666008305517000,38.33951708984375,-3.8785926609277723,-4.16526791459322,-5.949923133921623
1789666008315468800,38.34946875,-3.252471517395973,-2.4778496651798485,-2.2503411784932017
1789666008325420800,38.3594208984375,0.019588351436704395,-1.9785762014508246,0.11522943046241998
1789666008335373800,38.36937377929687,3.1149393619716164,-1.3122364447772503,1.991496473300457
1789666008345325800,38.37932592773438,4.710318210113048,0.22816285894215105,3.907021759815514
1789666008355278800,38.38927880859375,5.788731870490312,1.2864596139639615,3.210277220267057
1789666008365230800,38.39923095703125,6.502727696830034,0.7569535090565681,1.7710247533828019
1789666008375182800,38.40918286132813,6.202473999667167,1.178495498329401,1.1575991330340505
1789666008385135900,38.41913598632812,5.717928733992577,1.786436842048168,0.49423897669315336
1789666008395088000,38.429087890625,4.824532910574972,1.7731091584414242,-0.6323828342750668
1789666008405039900,38.439039794921875,3.748128544193506,1.0835054305583238,-2.125925694273412
1789666008414993000,38.44899291992188,3.269133898383379,0.4896493108153343,-3.366628642451763
1789666008424945000,38.45894482421875,3.380431834615767,0.5487246001183986,-4.052890366430581
1789666008434897000,38.46889697265625,3.975382763858139,0.7446218507498502,-4.665518406660855
1789666008444850000,38.47884985351563,4.514911957868933,1.1432026511520146,-5.139783978122472
1789666008454802000,38.488802001953125,4.98834955407381,1.628942679569125,-5.490810415667295
1789666008464755000,38.4987548828125,5.349942978340387,2.0833412287831305,-5.943339663878083
1789666008474707000,38.50870703125,5.451081631869077,2.622532276880741,-6.461165852385759
1789666008484659000,38.518658935546874,5.242932217907906,3.153603731408715,-6.953997300368547
1789666008494612000,38.52861206054688,4.779825753842294,3.5940129182368517,-7.568115871417522
1789666008504563700,38.538563720703124,4.10552130189985,3.8689784448862072,-8.162199954697488
1789666008514516000,38.54851586914062,3.39223216252476,4.050997392290831,-8.513258540946245
1789666008524469000,38.558468994140625,2.950760022640228,4.270398852628469,-8.744764865097403
1789666008534421000,38.5684208984375,2.471181439462304,4.656134784504771,-8.731963251191377
1789666008544372700,38.57837280273438,2.0936419657841325,5.148023398679495,-8.750363415756821
1789666008554325800,38.58832568359375,2.2691651214286686,5.550654935777187,-9.129471453925966
1789666008564277800,38.59827783203125,2.3744136944942174,5.9058355703920125,-9.435881920152902
1789666008574230800,38.608230712890624,1.362790720102936,5.9571712053537365,-9.200212631103396
1789666008584183000,38.61818310546875,-0.705001057370752,5.4812043829321855,-7.637129786410927
1789666008594134800,38.628134765625,-3.5180303332746026,4.761308392637968,-5.452993018448352
1789666008604087800,38.638087890625,-7.965801184284687,2.5334394504547117,-2.5203809391781684
1789666008614039800,38.64803979492188,-18.453298774260283,-2.1146435450196264,4.944630823856592
1789666008623992000,38.65799194335938,-19.91540896964073,-10.219841509556769,25.061649576556682
1789666008633944800,38.66794482421875,-0.5466191522717475,-19.64860512213707,33.92678678796291
1789666008643896800,38.67789672851563,0.27162030787467956,-25.2140274189353,25.547116048729418
1789666008653848800,38.687848876953126,-3.3880420173585413,-18.91574560537338,17.470695265865324
1789666008663801900,38.6978017578125,-7.543487626117467,-5.278382885995507,9.833197815185784
1789666008673753900,38.70775390625,-6.987512616479396,2.2772370764642953,3.386871220013499
1789666008683705900,38.717705810546875,-2.6425205874204636,3.2425036656111477,-0.8301090538993477
1789666008693659000,38.72765893554688,0.43164471948370337,2.6324159575134516,-3.965591437683999
1789666008703611000,38.73761083984375,2.940668836736679,1.076333931493759,-6.768674635243415
1789666008713564000,38.74756396484375,4.389969819426536,-0.40462534126341343,-9.245454625365138
1789666008723516000,38.757515869140626,4.5690345932006835,-1.6282354080826043,-12.26614158619046
1789666008733468000,38.767468017578125,3.237365133678913,-4.35357514848709,-15.723768596428632
1789666008743421000,38.7774208984375,-4.7376118752300735,-10.037768786138296,-17.490339877533913
1789666008753373000,38.787373046875,-11.625315040957927,-14.256408225435017,-8.776293975827098
1789666008763325000,38.79732495117187,-10.083465538430213,-11.730068377852438,9.423217668890953
1789666008773277700,38.807277587890624,-1.9890031951799987,-4.390308842122555,9.392752388000488
1789666008783230000,38.81722998046875,4.517768516343832,-0.11352934854626655,-1.8075982880204915
1789666008793182000,38.82718188476562,8.206450015312432,2.342889406070113,-6.491567420390248
1789666008803135000,38.837135009765625,7.267378190129995,4.762663314378261,-8.521848090115189
1789666008813087000,38.8470869140625,6.574829640966653,6.015311844155192,-9.280767346286773
1789666008823038700,38.85703881835938,6.024895080536604,6.034609834343194,-8.01227067451477
1789666008832991700,38.86699169921875,5.576578481584787,5.973859889826178,-7.2348431172281495
1789666008842944000,38.87694409179687,5.576806445121765,5.626991156482696,-6.815525233745575
1789666008852897000,38.88689697265625,5.685121858412027,4.644236256918311,-6.480328818017244
1789666008862848800,38.89684887695312,5.233863945311308,3.185693398630619,-5.873232692950964
1789666008872800800,38.90680078125,4.552601344794034,1.2960627240896225,-4.88268027137816
1789666008882753800,38.91675390625,4.040341558241844,-1.2933160557299852,-3.332888869935274
1789666008892705800,38.92670581054688,3.7802620505571363,-3.901370894446969,-1.5138652247980235
1789666008902658000,38.93665795898438,3.662968381041288,-5.689122910746931,0.24400018728226422
1789666008912610800,38.94661083984375,3.8727813443005084,-6.323932387647033,1.8326190397694706
1789666008922562800,38.956562744140626,4.327479753243923,-5.627414934852719,2.8350147516101596
1789666008932514800,38.966514892578125,4.561940835547447,-3.815312321150303,2.917009144207835
1789666008942467800,38.9764677734375,5.7348985734939575,-1.9243910222768783,2.926255988241732
1789666008952419800,38.986419921875,4.922835171633959,0.0595388151615858,4.289223380085826
1789666008962371800,38.996371826171874,0.8872143583036959,0.9029624009251594,5.273604419547319
1789666008972324900,39.00632495117188,-1.549290466183424,0.626423925870657,5.766025533163547
1789666008982276900,39.01627685546875,-1.7164847694218157,1.0079454549223184,5.7082432062804696
1789666008992230000,39.02622998046875,-1.8661077601343392,1.0654197387695312,5.230187302625179
1789666009002182000,39.036181884765625,-1.6391729816824196,1.5685136375695465,4.284227471494675
1789666009012134000,39.0461337890625,-0.3241337544441223,1.6414941181063651,2.9375451517581936
1789666009022087000,39.0560869140625,0.8852706768900156,1.6464543708622454,1.8237454129621384
1789666009032039000,39.066038818359374,0.739957950592041,1.618217287415266,1.4075273951910436
1789666009041990700,39.07599072265625,-0.18889643195867536,1.09984983163774,1.2734534173965453
1789666009051943700,39.085943603515624,-0.7633290354378521,0.6332675081551075,0.875991391891241
1789666009061896000,39.09589599609375,-1.2941852397799491,0.42151627030968664,0.006776508397608995
1789666009071848000,39.10584790039063,-1.9225836805939673,0.5687421367526054,-0.836688140028715
1789666009081801000,39.115801025390624,-2.4119828160405157,1.031051605221629,-1.1765175493199378
1789666009091752700,39.12575268554688,-2.9243600914925336,1.3377806358784436,-1.5121104900851845
1789666009101705000,39.135705078125,-3.350798328374326,1.511134046268463,-1.662748210798204
1789666009111658000,39.14565795898437,-3.5336890901774165,1.2460691513866184,-1.700563708321005
1789666009121610000,39.15560986328125,-2.825003060683608,0.7774784106910229,-1.5747721134424209
1789666009131561700,39.165561767578126,-1.7432088179573415,-0.10502455505132674,-0.8086502324156463
1789666009141515300,39.17551538085937,-1.7084680517047643,-1.046201243558526,0.1755770777888596
1789666009151467300,39.18546728515625,-2.9475965901732444,-0.7417407423555851,1.1659630567535757
1789666009161420300,39.19542016601562,-4.427064747589826,0.10595102224647998,2.886072154152393
1789666009171372300,39.20537231445312,-3.7236850078105923,-0.0934755715548992,4.461735078954696
1789666009181324300,39.21532421875,-1.681536205637455,-0.744447078704834,5.500371440216899
1789666009191277300,39.22527734375,0.33092414523661134,-1.2044266429215669,6.742624248185753
1789666009201229300,39.23522924804688,1.7976818741619587,-0.8735773164868355,8.168570074251294
1789666009211181300,39.24518139648438,2.048675573593378,0.05632803642153739,9.429306048893928
1789666009221134000,39.25513403320313,0.3854360721468925,0.49920273658037184,9.946723656600714
1789666009231086300,39.26508642578125,-2.133859117621183,-0.19068273085355758,8.979345774388312
1789666009241038300,39.275038330078125,-2.2787597559869286,-1.1391279490590094,7.495932678738236
1789666009250991400,39.28499145507813,-1.210172493097186,-1.981553755956888,5.797790790736675
1789666009260943000,39.294943115234375,-1.4961445669293403,-2.836722724571824,4.4641579221874474
1789666009270895400,39.304895263671874,-3.1645898203253746,-3.772578510317206,3.759060857096314
1789666009280848400,39.31484838867188,-5.452742843079567,-4.62594247533679,3.3839480260431762
1789666009290800400,39.32480029296875,-6.3896466765731565,-4.911020230677724,3.493085277110338
1789666009300753400,39.33475341796875,-5.608220405039191,-4.561648574602604,4.46374232712388
1789666009310705200,39.344705078125,-3.7305110544383524,-3.894557122778892,6.357251304402947
1789666009320657200,39.3546572265625,-2.1640555184423924,-3.6663399033010005,8.493577104398607
1789666009330610200,39.364610107421875,-0.7224240474671125,-3.7837715199828144,9.614079263442754
1789666009340562400,39.3745625,-0.0587847088586539,-3.0679695210039615,8.922660595092177
1789666009350514200,39.38451416015625,-1.1865525480568409,-1.4047060541599987,6.5899360246837135
1789666009360467200,39.39446728515625,-2.970540243387222,-0.3216021901398897,4.150889260628819
1789666009370419200,39.40441918945312,-3.0220097338616845,-0.6679255645602941,2.629716635426879
1789666009380371500,39.41437133789063,-2.3915666354775427,-2.155180138069391,1.6946319801844656
1789666009390324500,39.424324462890624,-1.5209189427018164,-3.8737539887249466,0.8006745773613453
1789666009400276200,39.43427612304688,0.6823861246544868,-5.815632736897468,-0.7968179019331931
1789666009410228200,39.44422827148438,3.5230046145558354,-7.8622659910082815,-3.1048902616441247
1789666009420181200,39.45418115234375,4.838395139449834,-9.167243842959403,-4.99202502771616
1789666009430133200,39.46413330078125,4.949854111462831,-10.112383005356788,-7.001864382436871
1789666009440086300,39.47408618164062,2.4531951163947583,-9.644908701470493,-9.170530025023222
1789666009450038300,39.48403833007813,-2.721468451929092,-6.792114547541737,-10.054657961618899
1789666009459990300,39.493990234375,-6.740702924734354,-2.8003619559019803,-7.826836950230598
1789666009469943300,39.503943359375,-4.792140753275156,-1.421007785141468,-4.22362365745008
1789666009479895300,39.51389526367188,0.17322656913995743,-1.4635007729560137,-2.3288471444532273
1789666009489847300,39.523847412109376,3.519372395533323,-1.379244865167141,-0.5422808308064937
1789666009499800300,39.53380029296875,5.135433966219425,-1.092796405994892,0.918616189391911
1789666009509752300,39.54375244140625,6.260160464960336,-0.04851414780020714,2.283481816072762
1789666009519704300,39.553704345703125,7.162893733304738,0.362902168777585,2.4480799653381107
1789666009529657300,39.5636572265625,6.228488730889558,0.32711540060341354,2.180199136252701
1789666009539609000,39.573609130859374,5.066813434457779,0.9002461277037859,1.8682535399913787
1789666009549561300,39.58356127929687,3.6316228101849553,1.3509423152685165,0.5456114365339279
1789666009559514400,39.593514404296876,2.491808340166509,1.2839414936631917,-1.7674498175054787
1789666009569466400,39.60346630859375,2.6788848632216453,0.8278285417467355,-3.847645734000206
1789666009579419400,39.61341943359375,3.396712815070152,0.665348407548666,-5.022232534453273
1789666009589371100,39.62337109375,4.002869321198761,0.9257394654005765,-5.607884889474511
1789666009599323400,39.63332348632812,4.7171766977056855,1.6141753185480832,-5.855194931957126
1789666009609276400,39.6432763671875,5.108323840975761,2.4205215118050574,-6.245610546082258
1789666009619228400,39.653228515625,5.324419245505332,3.050047495344281,-6.932857481706142
1789666009629180200,39.66318017578125,5.256774865299463,3.583706043756008,-7.627179470282792
1789666009639133200,39.67313330078125,5.044135154181719,3.9202439372211693,-8.141706032723189
1789666009649085200,39.68308520507812,4.760170036257803,4.146624588921666,-8.494213064214586
1789666009659037400,39.69303735351563,4.50631217956692,4.000816188061237,-8.507575234612823
1789666009668990500,39.70299047851562,4.1612826443493365,3.8257442833155393,-8.393842472448945
1789666009678942200,39.71294213867188,3.9259260745108127,3.7676550824403763,-8.131172363749146
1789666009688894200,39.722894287109376,3.804177471412718,4.047840974086522,-7.868782241034507
1789666009698847200,39.73284716796875,3.399978246606886,4.6507910853892565,-7.495671397453546
1789666009708799500,39.74279956054688,2.880061515560746,5.22240790079534,-7.252889061528444
1789666009718751200,39.752751220703125,2.6509353645443916,5.568606187531351,-7.436541163092851
1789666009728704300,39.76270434570313,2.5636639083266255,5.40279077143073,-7.795583733832836
1789666009738656300,39.77265625,1.1083541867412625,4.6613171555787325,-7.313686352318525
1789666009748609300,39.782609375,-2.6626103125080465,3.7050235619604583,-5.2706923314929
1789666009758561300,39.792561279296876,-8.562474115014076,2.2866648300230503,-1.6869246206775306
1789666009768513300,39.80251318359375,-16.434923646384476,-0.8345417756497859,3.9367715859130024
1789666009778466300,39.81246630859375,-26.99956409727335,-7.826634705656766,22.252841863870618
1789666009788418300,39.822418212890625,-10.914770231854915,-18.87389617615938,36.60571841293573
1789666009798370300,39.832370361328124,-1.7227742249548434,-25.63314364236593,26.057555634117126
1789666009808323300,39.8423232421875,-3.007406038969755,-21.601609659957884,14.144362393444776
1789666009818275300,39.852275390625,-4.914614455777406,-8.977322159606217,7.002733566486835
1789666009828227300,39.86222729492187,-4.439022896409035,-0.056091889578104015,1.1232476583600044
1789666009838180400,39.872180419921875,-1.6041817478001117,2.3483593619138,-1.431394154599309
1789666009848132400,39.88213232421875,1.0817758302867413,3.123685563006997,-3.1503616807475683
1789666009858084000,39.892083984375,3.187748577594757,2.8951696528434754,-5.231188004100322
1789666009868037000,39.902037109375,3.141315619982779,1.7227993593961,-7.249592358070611
1789666009877989400,39.9119892578125,1.436763280417025,-1.4610142168372868,-10.376474671292303
1789666009887941400,39.92194140625,-0.5574702166318893,-7.964198425263166,-15.049882662159204
1789666009897894400,39.93189428710937,-5.157086995100975,-16.19632298005819,-14.278797751897573
1789666009907846100,39.94184619140625,-4.891376203531027,-16.47671345436573,-1.2095081839695572
1789666009917799200,39.95179907226562,1.1280030361935496,-7.3907421194702385,8.088106544482708
1789666009927751400,39.96175146484375,5.803744730705023,-0.7645201449185609,4.830133507061005
1789666009937703400,39.97170336914063,8.397896131753921,3.6955771037012335,-2.410005670748651
1789666009947656400,39.98165649414062,5.890369705712795,7.325130121874809,-5.772524247533083
1789666009957608200,39.99160815429688,3.320819077435136,8.832758205848931,-7.60224961168766
1789666009967560200,40.001560302734376,5.3621174002587795,8.413888650655746,-8.0552236810565
1789666009977513200,40.01151318359375,6.2356245741188525,8.106686157268285,-7.8922233223766085
1789666009987465500,40.02146557617188,6.7529930819869035,7.3079428402304645,-6.462644692766666
1789666009997417200,40.031417236328124,6.370123060935735,6.032557577988505,-5.587858000490069
1789666010007370200,40.04137036132813,6.069283672839402,4.63454079233408,-5.154868150007724
1789666010017322200,40.051322265625,5.670396582967043,2.379548280903697,-4.393168030945956
1789666010027274500,40.0612744140625,5.417484482693672,-0.6232423732250929,-2.9481334735289213
1789666010037227500,40.0712275390625,5.0333074706971646,-4.178320288389921,-0.19240619364529846
1789666010047179300,40.08117919921875,5.145805722630024,-7.015540441089868,2.1782029939994216
1789666010057131300,40.09113134765625,6.056995853674412,-8.502112877553701,4.0953313317969435
1789666010067084300,40.101084228515624,7.127087091386318,-8.762602719604969,6.057693188288807
1789666010077036300,40.11103637695312,5.20137154250741,-4.544859352365136,6.228380009818077
1789666010086989300,40.1209892578125,-1.8343595998264848,0.43765784229338167,5.3297851564526555
1789666010096941300,40.13094140625,-5.100034151536226,1.5807120248854158,3.88560926169157
1789666010106893300,40.14089331054687,-3.6246693377852437,1.7973580490350722,3.2862367166146633
1789666010116846300,40.150846435546875,-0.7612848162591457,0.6434007796347141,3.8424201083064076
1789666010126798300,40.16079833984375,1.2193207721274346,0.6953203519642353,3.6091195942148566
1789666010136750300,40.17075024414063,1.3434814778685569,1.4743489147067068,3.4757249769866463
1789666010146703000,40.180703125,1.0156652355194091,1.565800871479511,3.097787736162543
1789666010156655000,40.19065502929688,2.5658418368875977,1.3595365406125783,1.7961888591252266
1789666010166607000,40.200607177734376,3.627189211651683,1.229995968464017,0.26103841584473847
1789666010176559900,40.21055981445313,3.444892031827569,1.0257581749886273,-0.31117563480213284
1789666010186512000,40.220511962890626,2.0072990225881338,1.130683945840597,-0.7165303132534027
1789666010196465000,40.23046484375,-0.05342873478345573,1.3549316771656275,-0.894455999995023
1789666010206417200,40.24041723632813,-2.7738410287231203,1.1948533434122801,-1.4476612526588142
1789666010216369200,40.250369140625,-5.982206277889013,0.8564227680683135,-2.2113924391567705
1789666010226322000,40.26032202148438,-7.7378078366905445,0.48205227981507776,-2.849892879529297
1789666010236274000,40.27027392578125,-6.406829866564274,0.21690146021544932,-2.9964129357904192
1789666010246226200,40.28022607421875,-3.129160779547691,0.3872346460014581,-2.67294553630054
1789666010256179200,40.29017919921875,-0.5365877337314188,0.6394529187917709,-1.776495439878851
1789666010266131000,40.300130859375,0.7750754412025213,0.6793781019449233,-0.4270076342675835
1789666010276083000,40.3100830078125,1.0955553493142127,0.4274064973920583,0.978179335277155
1789666010286036000,40.320035888671875,0.2928663633905351,-0.10177110621333121,1.9766424569092689
1789666010295988000,40.32998803710937,-1.7357085253298281,-0.5357616581708192,2.480379475918412
1789666010305940200,40.33994018554687,-5.28990381244123,-0.11859539976418018,2.589967393362522
1789666010315893000,40.34989306640625,-8.175780736282467,-0.07902911305129527,2.6057643896922467
1789666010325845000,40.35984497070312,-7.026757416152954,-1.135779223152995,2.9806983570471406
1789666010335798000,40.369798095703125,-2.8779841247648,-2.4158979436576367,3.5547894536122677
1789666010345750000,40.37975,0.7340712306410074,-2.9366490797013043,4.79381190135777
1789666010355702000,40.38970190429688,2.4122552032411098,-2.3990204586148263,6.557620147490501
1789666010365655000,40.39965502929687,2.31698558787629,-1.0294354021966456,8.285912259083986
1789666010375607000,40.40960693359375,0.5782271734565496,0.3337053003877401,10.016651179307699
1789666010385559000,40.41955908203125,-1.7119219915509223,0.8565800044566393,10.049364531385898
1789666010395512000,40.42951196289062,-1.8968238009154796,0.4546025473535061,8.256077092790603
1789666010405463800,40.4394638671875,-0.7002252212710678,-0.4483703749656677,5.980592997473478
1789666010415416000,40.449416015625,-0.5658380858741701,-1.5558230828225612,4.526572000524402
1789666010425369000,40.459369140625,-0.9163076201885938,-2.728417832675576,4.275331632855535
1789666010435321000,40.46932104492188,-1.3968231919556855,-4.038217990216612,4.595291901007294
1789666010445272800,40.47927294921875,-2.5782155807703733,-4.9313189223408695,4.867868486693501
1789666010455225900,40.48922583007813,-4.663595037382841,-4.624883906194567,5.209539066872001
1789666010465178000,40.49917822265625,-6.000331132644415,-3.841321207153797,6.353377093318104
1789666010475130000,40.509130126953124,-5.856590770229697,-3.6316935373336077,7.564582436594367
1789666010485083100,40.51908325195313,-4.6530105150043966,-3.614311025378108,7.521071796169877
1789666010495035000,40.529034912109374,-2.769902520230412,-3.081590050077438,6.762706082227826
1789666010504988000,40.53898779296875,-0.3500806811273098,-2.087956029102206,5.833415061825513
1789666010514940000,40.54893994140625,-0.20990590223968028,-1.0513234088778496,4.049808767028153
1789666010524892200,40.55889208984375,-1.7706746247708796,-0.4901660281658172,1.7234047779433428
1789666010534845200,40.56884521484375,-2.315224569553137,-0.8569166890650987,0.2681993204500526
1789666010544797000,40.578796875,-1.233438217872381,-2.1140432410389183,-0.49302594764158125
1789666010554749000,40.5887490234375,0.03856901930384338,-3.562932135796547,-0.34501170729994773
1789666010564702000,40.598701904296874,1.6970727974653244,-5.029108849963546,0.07774521072059869
1789666010574654200,40.608654296875,4.1114077295899385,-5.970080371287465,-0.9702531453877686
1789666010584606000,40.61860595703125,5.827780270808935,-6.7305234760254615,-2.6586323487877843
1789666010594559000,40.62855908203125,5.6405988260746,-7.686524808698892,-4.418743786229193
1789666010604511000,40.63851098632812,2.227112716988474,-8.641376971337198,-5.717752208381891
1789666010614463000,40.648462890625,-2.6140543713927267,-7.639643815058469,-6.21384411946535
1789666010624416000,40.658416015625,-3.679774554413557,-5.021237093675136,-4.877885730578005
1789666010634368000,40.66836791992188,-1.7713327964186667,-3.4238749627619978,-2.6976857175424693
1789666010644321000,40.67832104492187,1.384294842033088,-2.7064474084079264,-1.7379048663303256
1789666010654273000,40.68827294921875,3.7426033510312435,-1.829016923624277,-0.7986611917123198
1789666010664225000,40.69822509765625,5.259940635854005,-0.9488748417943715,0.13008417750596998
1789666010674178000,40.70817797851562,5.680867708098888,0.7336796009749174,1.5993576886445282
1789666010684130000,40.71813012695313,5.261735118055343,1.2488269256621598,1.7553002377673983
1789666010694082000,40.72808203125,5.178798476171493,1.206168518152833,1.366415486471355
1789666010704035000,40.73803515625,5.059873990583419,1.3568454018324614,0.8103338015884161
1789666010713987000,40.747987060546876,4.811016134136915,1.3694810115218161,-0.1969882607385516
1789666010723938800,40.75793872070312,4.608918567560613,0.9122060300886631,-1.5257771963879465
1789666010733891800,40.767891845703126,4.3941354146733875,0.42632688546180725,-2.57734464315474
1789666010743844000,40.777843994140625,4.190237520676851,0.3957330097556114,-3.2402325058087706
1789666010753796000,40.787796142578124,4.136800529521704,0.7304132926553487,-3.8839538956999777
1789666010763749000,40.7977490234375,4.285262952022254,1.1348609392642974,-4.575633845335245
1789666010773700900,40.80770092773437,4.50002681568712,1.5803268249601126,-5.332697829028964
1789666010783654000,40.81765380859375,4.8393464488252995,2.2766373570054768,-6.051317808037996
1789666010793606100,40.827606201171875,5.162967285311222,2.991760141548514,-6.700275637277961
1789666010803558100,40.83755810546875,5.345825606149435,3.6762984027355907,-7.3212921511471265
1789666010813511200,40.84751123046875,5.450445672053099,4.340236358964443,-7.898380091440677
1789666010823463000,40.857462890625,5.246917488151788,4.761832124251127,-8.21531370524764
1789666010833415000,40.86741479492188,4.9517128910720345,5.013348970773816,-8.322771624925732
1789666010843368000,40.87736791992187,4.844114393879473,4.939593414211273,-8.406541795024275
1789666010853320200,40.8873203125,4.46069258416444,4.86313444390893,-8.414072190529108
1789666010863272000,40.89727197265625,3.7668133709192273,5.167022113659978,-8.252096498721837
1789666010873225000,40.90722485351562,3.569275951865315,5.41980035842061,-8.659290229168533
1789666010883177000,40.91717700195313,3.5864673251628876,5.634887462690473,-9.069819241517783
1789666010893129200,40.92712915039063,2.569332309351861,5.157700158563256,-9.000389731460809
1789666010903082200,40.93708227539062,0.22993352187648414,4.050654862463474,-8.243915530353783
1789666010913034000,40.94703393554688,-2.9237597875118255,2.075264889833331,-6.582805442151427
1789666010922987000,40.95698706054687,-8.279206623965502,-0.3842600141048431,-3.4168098466813563
1789666010932939000,40.96693896484375,-20.62062527719736,-5.322277557301521,3.846442495690286
1789666010942891000,40.97689111328125,-29.47476178663969,-14.057094444358349,23.702594097459315
1789666010952844000,40.98684399414063,-8.167663480800389,-23.073978214502333,33.078425745797155
1789666010962796000,40.99679614257813,-2.4601173168733714,-23.80853985900879,20.286276418209074
1789666010972748000,41.006748046875,-4.301226244829595,-13.118665593254565,12.77532795664668
1789666010982701000,41.016701171875,-6.3302949084162705,-1.0609294416129589,6.2700160885423415
1789666010992653000,41.026653076171876,-4.487682882420718,3.6009207979291675,0.7081789567545056
1789666011002605000,41.03660498046875,-0.9639701195955276,5.087300926691293,-1.741611611893773
1789666011012558000,41.04655810546875,3.282565042364597,4.90276444350779,-3.459284129795432
1789666011022510000,41.056510009765624,7.375695941507816,2.987653290751576,-5.322599044340849
1789666011032462000,41.06646215820312,8.824281469404697,0.4611918626159429,-6.990662020421028
1789666011042415000,41.0764150390625,7.379848385012149,-2.539104636609554,-8.80566210913062
1789666011052366800,41.08636694335937,2.6001661312937734,-7.891025637024641,-11.750926456964015
1789666011062319000,41.09631909179687,-8.730272813886403,-16.728350127875803,-11.64513734728098
1789666011072272100,41.106272216796874,-19.505491951709985,-20.219362690365312,2.6934035101786256
1789666011082224000,41.11622412109375,-14.272281501871346,-11.744258231246471,16.634129875433445
1789666011092177200,41.12617724609375,1.0912997376963496,-3.2574428760677576,1.79404264087677
1789666011102129000,41.13612890625,9.883304200613498,0.03488952707350254,-7.491801862543821
1789666011112081200,41.1460810546875,11.040576878172159,3.8071138171255585,-9.422389985895157
1789666011122034200,41.1560341796875,9.714809920692444,6.881602510765195,-10.429778391456603
1789666011131986200,41.16598608398437,8.304171553874015,7.811915275430679,-8.944675443023442
1789666011141937400,41.1759375,6.8016264722526065,8.376033259513974,-7.75378106637001
1789666011151890400,41.18589038085938,6.3693444777786725,8.506559920090437,-6.863119928613305
1789666011161842700,41.1958427734375,6.46138797070384,8.04917914019525,-6.337378729197383
1789666011171794400,41.20579443359375,6.38408378174901,6.676762659743428,-6.35459699050188
1789666011181747500,41.21574755859375,5.522421359461545,5.302213843438029,-5.99286094289422
1789666011191699500,41.225699462890624,4.952703071153164,3.4163884063988923,-5.783650037181377
1789666011201651500,41.2356513671875,4.965301855963468,0.3765525084674358,-4.399811999005079
1789666011211604500,41.2456044921875,4.6910465234100815,-3.3410698383033273,-2.4900188264012337
1789666011221556500,41.25555639648437,4.481383197754622,-6.980555636948346,-0.5885299562841654
1789666011231508500,41.26550854492187,4.706309558993578,-9.533211244526505,1.4048425400212405
1789666011241461500,41.27546142578125,5.153715472841262,-10.165520721304416,2.498340956805646
1789666011251413500,41.28541357421875,5.34594718670249,-8.741602601674199,2.6727517672941086
1789666011261366500,41.295366455078124,5.571048904508352,-5.76048075851798,2.290454869955778
1789666011271318500,41.30531860351562,5.673081876528263,-2.1697931853115557,3.075012425252795
1789666011281270500,41.3152705078125,1.2344564550042152,1.030634256592393,4.46771473788619
1789666011291223600,41.3252236328125,-3.5616964565217493,2.567902276548743,5.23453146930933
1789666011301175600,41.33517553710937,-3.977352310365438,2.982608866843581,5.528820120587945
1789666011311127600,41.34512744140625,-2.8913994866549966,1.8756722918152808,5.141787719160318
1789666011321080300,41.35508032226563,-1.0390952109456062,2.189583927452564,4.355798085233569
1789666011331032600,41.36503247070313,1.5380249758034943,2.2201023998349902,2.8432342984229324
1789666011340984600,41.374984619140626,1.0095791936039924,1.6361036572396754,1.5615800389140844
1789666011350937600,41.3849375,-1.7522312055855989,1.4042051189005373,0.8677347279384732
1789666011360889300,41.394889404296876,-3.7824756349533795,0.9799866038948297,-0.11853789742328226
1789666011370841600,41.404841552734375,-4.640344510176778,0.5474532650083304,-0.9400729650489985
1789666011380794600,41.41479467773438,-3.827734580349922,0.31455110258460045,-1.1894609097842126
1789666011390746600,41.42474658203125,-2.623203308010101,0.3870359085589647,-1.0316474522229284
1789666011400698400,41.434698486328124,-2.0259026007711887,0.8240741576492786,-0.6826910989504307
1789666011410651400,41.4446513671875,-1.9900879216767846,1.0928168642610312,-0.28636889113001524
1789666011420603400,41.45460327148437,-1.5235193344585596,0.8357283550858498,0.21730671654809264
1789666011430556400,41.464556396484376,-0.67654960052073,0.03809621416032314,0.8459438980214298
1789666011440508700,41.4745087890625,-0.5659568899482488,-0.7760895866811275,1.404088506783545
1789666011450460400,41.48446044921875,-1.2032277885258198,-1.4927572625786065,1.7799292137198148
1789666011460413400,41.494413330078125,-2.6606314136505125,-1.3167846096009015,2.0682228623673318
1789666011470365400,41.50436547851562,-4.708410915187001,-0.2026549081981182,2.351485384979844
1789666011480317700,41.51431762695312,-5.385499444890022,0.10048398901224136,3.063996525719762
1789666011490270500,41.5242705078125,-3.4660774431973693,-0.7648819639682769,4.033799589252472
1789666011500222500,41.53422241210937,-0.689070205528289,-1.58074183550179,5.353469983422756
1789666011510174500,41.54417456054688,1.391165604585409,-1.6314947021394968,7.0968573728173965
1789666011520127500,41.55412744140625,2.622690097790956,-1.0215689066052436,8.5047087392658
1789666011530079500,41.56407958984375,2.182048417381197,0.3744628427118063,9.546421439233422
1789666011540031500,41.57403149414063,-0.25624329052269457,1.0715431900858878,9.687852355661988
1789666011549984500,41.58398461914062,-2.1812505450017747,0.28395839592218397,8.647208161708711
1789666011559936500,41.5939365234375,-1.638318410679698,-0.42456162935495373,7.117986670085787
1789666011569888500,41.603888427734375,-0.8717027547866105,-1.2584703677982092,5.4733086612463
1789666011579841300,41.61384130859375,-1.5564393150247633,-2.378805938103795,4.499003025597333
1789666011589793500,41.62379345703125,-2.746303617978096,-3.6648096249938007,3.83462024821043
1789666011599745500,41.63374560546875,-3.721867729255557,-4.993445415908098,3.3922549588784574
1789666011609698600,41.64369848632813,-4.815573651310801,-5.470132369297742,3.1308120538860558
1789666011619650600,41.653650634765626,-6.004103052398562,-4.870283146619797,3.320249460853636
1789666011629602600,41.6636025390625,-5.869916115748882,-4.0892017430007455,4.903495095869898
1789666011639555300,41.673555419921875,-4.13815077508688,-3.710340957590937,7.101918747860193
1789666011649507600,41.683507568359374,-3.0140549754649397,-3.210117645791173,8.01693515919447
1789666011659460600,41.69346069335938,-2.2845739952236412,-2.610748900106549,7.743288313928246
1789666011669412400,41.703412353515624,-1.8487533052295446,-1.8069155664533376,6.552906562972068
1789666011679364400,41.7133642578125,-1.862646806025505,-1.195382920244336,4.901755558726191
1789666011689317400,41.7233173828125,-0.7874176209032535,-0.8352414483517407,3.592413958607614
1789666011699269600,41.73326953125,0.4690355983862653,-0.7751327243477105,2.4603002722248433
1789666011709221600,41.7432216796875,0.9503426493246108,-1.5900135217159985,1.5616853989847004
1789666011719174400,41.75317431640625,1.6680067158482967,-3.1815485539108512,0.9057827190428972
1789666011729126400,41.76312646484375,3.885998553270101,-5.014850022986531,-0.5579243901401758
1789666011739078400,41.77307836914063,5.552967304372787,-6.367141999298334,-1.9704493013575672
1789666011749031400,41.78303149414062,5.70721795488596,-7.7797034431338306,-3.0941555171400306
1789666011758983700,41.79298364257812,5.133530762946606,-9.941126274985075,-4.680901269231736
1789666011768935400,41.802935302734376,2.629853998070955,-11.607395937907695,-6.517774459314346
1789666011778888400,41.81288842773437,-1.410269971897453,-10.257110625243186,-7.422416776150465
1789666011788840400,41.82284033203125,-4.166318884950876,-5.967524257063865,-4.316212509298325
1789666011798792700,41.83279272460938,-2.0789456241726874,-3.4361113440006967,-1.6165151596724987
1789666011808745500,41.84274536132813,1.9680749734416603,-1.6082558653712271,-0.06769143421798944
1789666011818697500,41.852697509765626,4.334303461784124,0.41421734547317024,2.1243129983797666
1789666011828649500,41.8626494140625,5.4931859126269815,1.8103484635114668,2.7988962672635913
1789666011838602500,41.8726025390625,6.226658592852949,1.6999059750646353,2.0792624350368976
1789666011848554500,41.882554443359375,6.575448065125942,1.825969226491451,1.4738257676154374
1789666011858507500,41.89250756835938,6.7182000010252,1.8165163384914398,0.37832945501208304
1789666011868459500,41.90245947265625,6.522739388245344,1.657857808408141,-0.5477195147290825
1789666011878411500,41.91241162109375,5.707297449862956,1.2602782940030097,-1.6666425878882407
1789666011888364500,41.922364501953126,4.907297410762309,0.6757505590975285,-2.8958275322303173
1789666011898316300,41.93231640625,4.436841752977669,0.6621615942060947,-3.8425872815668582
1789666011908268500,41.9422685546875,4.41462758308202,1.0653998650252818,-4.657793073105812
1789666011918221600,41.9522216796875,4.781308685876429,1.4248779045730828,-5.63830516217947
1789666011928173600,41.962173583984374,5.191974768608808,1.8659259738266467,-6.341753875541687
1789666011938125600,41.97212548828125,5.476866061466932,2.300561253428459,-6.900777166834473
1789666011948078300,41.98207836914062,5.698197613084316,2.6242338201016184,-7.445807004088163
1789666011958030300,41.9920302734375,5.800968251729011,2.986447422093153,-8.109127705201507
1789666011967982600,42.00198266601563,5.640602333205938,3.24960502204895,-8.65278742314577
1789666011977935600,42.011935546875,5.1800470149278635,3.3589754973500967,-9.096521370482444
1789666011987887400,42.02188745117188,4.689508061796427,3.4875808344751595,-9.499243508473038
1789666011997839400,42.03183935546875,4.113964136074483,3.643235506567359,-9.537052722385525
1789666012007792400,42.04179248046875,3.529799389262497,3.9075036981135605,-9.48372386777997
1789666012017744600,42.05174462890625,2.807690106832981,4.343253660959005,-9.413439202198386
1789666012027696600,42.061696533203126,2.3869699553370474,4.714391158640384,-9.47012671958208
1789666012037649400,42.0716494140625,2.2943474934801458,4.9525253764986985,-9.685922264382242
1789666012047601400,42.081601318359375,2.0188880458340046,4.574433237373829,-9.757781631934643
1789666012057553400,42.091553466796874,0.2656548235990107,3.6315947531342503,-9.29556334888041
1789666012067506400,42.10150634765625,-2.264932598425448,2.2094266920417547,-7.723315785479545
1789666012077458400,42.11145849609375,-7.137289336448908,0.43648353781700133,-4.00666608313322
1789666012087410400,42.12141040039062,-18.164158007264135,-2.948168252581358,2.3379575026258825
1789666012097363500,42.131363525390626,-30.67341978303194,-10.420415519827603,19.28022306064367
1789666012107315500,42.1413154296875,-9.663654902994633,-18.327796079325676,33.705098677992815
1789666012117268500,42.1512685546875,0.5330548834301531,-22.200071227669714,25.747066958665847
1789666012127220500,42.161220458984374,-1.317390612670034,-18.066546358817813,15.402763203138113
1789666012137172500,42.17117236328125,-4.282591979247331,-7.972651196309924,8.52397048909664
1789666012147125800,42.181125732421876,-4.949802673536539,1.0338228235006333,2.499814244228601
1789666012157077800,42.191077880859375,-1.483371886856854,4.318572808688879,0.4293240214511752
1789666012167029800,42.20102978515625,1.3946163295611738,6.137756905084848,-1.0511486368328333
1789666012176982500,42.210982421875,2.809372360831499,6.157715405008196,-2.4201132232651115
1789666012186934800,42.22093481445312,4.267832801532745,3.930578284230828,-4.475746653172373
1789666012196886800,42.23088671875,4.636819258660077,1.1367004296511412,-6.312482772871851
1789666012206839800,42.24083984375,3.952192150145769,-2.5616847172081467,-8.92274651980996
1789666012216791600,42.25079150390625,0.9528514903403819,-9.043807432904838,-12.630682169824837
1789666012226743800,42.26074389648438,-10.52598134214878,-17.65687016390562,-10.452868175143003
1789666012236696800,42.27069677734375,-15.50819575446844,-18.33608810685277,8.327500407013297
1789666012246648800,42.28064892578125,-4.096080688859522,-9.994924500668048,16.252907037067413
1789666012256600800,42.29060083007813,4.0575124732732775,-2.756965297245979,2.7198268222019073
1789666012266553600,42.3005537109375,8.88628638241887,1.581051047581434,-4.987746327483654
1789666012276505600,42.310505615234376,8.478493517035245,5.439030544069409,-7.930655636623501
1789666012286457900,42.320457763671875,6.784323455274104,7.811068303212523,-8.96207958228886
1789666012296411000,42.33041088867188,5.840961239421367,7.949176797220111,-7.708167900708317
1789666012306362600,42.340362548828125,4.9458361079931255,8.424819209992885,-7.200248189187049
1789666012316314600,42.350314697265624,4.926425305080413,8.265470944079757,-6.770182701718807
1789666012326267600,42.360267578125,5.481594843554497,7.035157580229639,-7.23827601428628
1789666012336220000,42.370219970703126,4.98458347953856,5.122037893551588,-7.6458397470891475
1789666012346172000,42.380171875,4.243364715230465,3.325841289511323,-7.1797981063544745
1789666012356124700,42.390124755859375,4.160806843531131,0.9674421796202659,-6.670926208674907
1789666012366076700,42.40007666015625,4.208510843992233,-2.1333383086174726,-5.428451282387972
1789666012376029700,42.41002978515625,4.092514813071489,-5.09832910118401,-3.8142581359222527
1789666012385981700,42.419981689453124,3.867376854908466,-7.078367776402831,-1.959235541164875
1789666012395933700,42.42993359375,4.058205716234445,-7.860556264480948,-0.2683879018247127
1789666012405886700,42.43988671875,4.278856884372234,-7.037333755224942,0.43578357285410163
1789666012415838700,42.44983862304687,4.183295738714933,-5.009963419988751,0.6390605584733188
1789666012425790700,42.45979077148438,4.727802428877354,-2.9057787251412868,0.93825188710168
1789666012435743700,42.46974365234375,5.45963669424653,-1.0752777004390954,1.9005682481408117
1789666012445695700,42.47969580078125,3.599128069293499,0.37729718935489653,3.387091000244021
1789666012455647700,42.48964770507813,-1.5922399655938149,1.8504770602822302,5.5319058116436
1789666012465600800,42.49960083007812,-5.80677021600604,2.4058342302829026,5.939283666485547
1789666012475552800,42.509552734375,-5.536051825407147,2.0256512563586235,4.903138245256245
1789666012485504500,42.51950439453125,-2.3487959997653958,0.7285545130461454,4.144308713194728
1789666012495457500,42.52945751953125,0.882839650350809,-0.041516836258769035,3.2567975639015434
1789666012505409800,42.53940991210938,2.021602857750654,0.07400690097510815,2.3533709064655004
1789666012515361800,42.54936181640625,0.025198665599152445,0.6719891607373952,1.940110715586692
1789666012525314800,42.55931469726563,-2.0327543663620946,1.057186163431406,0.8563290984354913
1789666012535266600,42.5692666015625,-3.8279543605804442,1.685400479850173,-0.26345833646804095
1789666012545218800,42.57921875,-4.138737635064125,1.8395809877365827,-0.6319622707754373
1789666012555171800,42.589171875,-2.55410697543025,1.3832289663672446,-0.6541779019758105
1789666012565123800,42.599123779296875,-0.9690466922074555,0.9631085343301296,-0.35545017227120695
1789666012575075600,42.60907568359375,-0.5863760661859065,0.8466244276314974,-0.07194258885644376
1789666012585028600,42.619028564453124,-0.5887988363534212,0.8123714448958634,0.27741825356371697
1789666012594980600,42.62898071289062,-0.4319664987839758,0.8964835602998733,0.5376072129722684
1789666012604932900,42.63893286132812,-0.36191140417456624,0.6029740767002105,0.7459880245365202
1789666012614886000,42.648885986328125,-0.970439023348689,0.3134147920310497,0.8147033949747681
1789666012624837600,42.65883764648437,-2.738697234627604,0.7143219895541667,0.8838115641228854
1789666012634790700,42.668790771484375,-5.034978618779778,1.066155067306757,0.8336468726366758
1789666012644742700,42.67874267578125,-5.236000372818112,0.19331600196659565,1.1449410923171788
1789666012654695000,42.68869482421875,-2.319903082758188,-1.2818927444398402,2.5517019601151345
1789666012664648000,42.69864794921875,0.768099903101474,-2.16493580840826,5.162250076952576
1789666012674599700,42.708599609375,2.445000119501352,-1.9328502230644224,7.907808429521322
1789666012684551700,42.7185517578125,2.901726819401979,-0.5669236891537904,10.27843865995407
1789666012694504700,42.72850463867187,1.6651834751211105,0.8349626314103603,12.01185001425743
1789666012704456700,42.73845678710938,-0.5411037498511374,0.9307739524364471,11.702283714348077
1789666012714408700,42.74840869140625,-0.9423317037612199,0.2529986095130443,9.51535176270902
1789666012724361700,42.75836181640625,-0.675961133108288,-0.41471477360129355,7.070748533570766
1789666012734313700,42.76831372070313,-1.7707248936533926,-1.5043132603377103,5.344602201834321
1789666012744265700,42.778265625,-3.347484381520748,-2.9024650705486534,4.416209883837402
1789666012754218800,42.78821875,-3.6514480391174553,-4.629382971179485,3.9425682894930243
1789666012764170800,42.798170654296875,-4.120789305919408,-6.010581308501958,3.7334891934663057
1789666012774122800,42.808122802734374,-5.605452693891525,-5.775137644901871,3.785914084969461
1789666012784075800,42.81807568359375,-6.139103058996796,-4.527266997051239,4.893518768517673
1789666012794027800,42.82802783203125,-4.776292026758194,-3.419570543566346,7.138078440999984
1789666012803980800,42.83798071289063,-3.7028602464467286,-2.8817040220707653,8.130974795350433
1789666012813932500,42.8479326171875,-3.3129783008068796,-2.4280507382661103,8.112457726407051
1789666012823884800,42.857884765625,-2.77650878662765,-1.6312158851981162,7.619134110993146
1789666012833837800,42.867837890625,-2.39655143815279,-0.6464028840601443,5.591816967248916
1789666012843789800,42.877789794921874,-1.9795687196195124,-0.10883446872830391,3.818010766454041
1789666012853741600,42.88774145507813,-1.1818470737796276,-0.03971533979475498,2.9900735036358235
1789666012863694600,42.897694580078124,0.023635654066130517,-0.46218087365329263,1.7433124244622886
1789666012873646800,42.90764672851562,1.2539537671566008,-2.098165288427472,0.7058591355048119
1789666012883598800,42.91759887695312,2.6773043160319325,-4.810693478053808,0.0516449931718409
1789666012893551900,42.9275517578125,4.826798225158453,-7.093828964906931,-1.1012522457815705
1789666012903503600,42.93750366210938,7.045547456818818,-8.929339926725625,-2.452691843047738
1789666012913455600,42.94745556640625,6.541797139936685,-10.273463209629059,-3.605954115921259
1789666012923408600,42.95740869140625,4.160079698300361,-11.588210760444403,-4.808630700305104
1789666012933361000,42.96736083984375,0.3247380039475858,-12.408427073621748,-6.430083316379785
1789666012943312600,42.977312744140626,-1.8241702142454683,-9.323989817419648,-6.31226299264133
1789666012953265700,42.987265625,-1.903607761967182,-5.542265877616405,-3.562823414725065
1789666012963217700,42.9972177734375,-0.060521104197204106,-3.586525192829966,-1.6468369404390453
1789666012973170000,43.007169921875,2.3310183510124682,-1.5888830563813447,0.3193751617401838
1789666012983123000,43.017123046875,3.3863094944775103,0.503902292573452,2.3732193701431155
1789666012993074700,43.02707470703125,4.092677310156822,2.4172481892228124,3.114752022705972
1789666013003026700,43.03702661132812,4.751407760870457,2.5432038886219264,1.728979801596701
1789666013012979700,43.046979736328126,5.433436085063219,2.3810656997293234,0.19211393270045518
1789666013022931700,43.056931640625,5.760058733713627,2.341220596075058,-0.8437798518553375
1789666013032884700,43.066884765625,5.512419020885229,2.1365859122365713,-1.8687597359478472
1789666013042836700,43.076836669921875,4.9401335124373436,1.7565788794010877,-2.904643583631515
1789666013052788700,43.08678881835937,4.366750271880626,1.1958563829749822,-3.7676194266051053
1789666013062741800,43.09674169921875,3.844032219678163,1.069351817521453,-4.434261381095648
1789666013072693800,43.10669384765625,3.772624979807436,1.4948352378964422,-5.149539648461341
1789666013082645800,43.11664575195312,4.125968169862031,2.03337922026217,-5.9636044532716275
1789666013092598800,43.126598876953125,4.43757562021017,2.5411913797557353,-6.7498489387422795
1789666013102550800,43.13655078125,4.725137301321327,2.7614439039647576,-7.564711615931987
1789666013112502800,43.14650268554688,4.89304793613553,3.0667040311127898,-8.370354629355669
1789666013122455800,43.15645581054687,4.846501289016008,3.05454422224164,-9.153265586489438
1789666013132407600,43.16640747070313,4.663921200597286,3.226433989819884,-9.656472298014164
1789666013142359800,43.17635986328125,4.201502134273946,3.514072535559535,-9.760622408318518
1789666013152312600,43.1863125,3.7487878848850724,3.707275140279531,-9.691855746084451
1789666013162264600,43.1962646484375,3.34499110340029,3.9450346796065565,-9.5396725494951
1789666013172216600,43.206216552734375,3.1373630829647183,4.232496115213633,-9.181671012240647
1789666013182169600,43.21616967773438,2.8284564160078762,4.754157351839542,-8.72074978325963
1789666013192121600,43.22612158203125,2.8312872555196282,4.999179575645924,-8.918156853932143
1789666013202074600,43.23607470703125,3.0072412037968634,4.334997873789072,-9.650109777244925
1789666013212026600,43.246026611328126,2.4314791052795943,3.628456455108523,-9.710908821600675
1789666013221978600,43.255978515625,-0.07982815447449684,2.5797090341985225,-8.120787163335084
1789666013231931600,43.265931640625,-3.585091360634565,0.9571464110553264,-4.64146036246419
1789666013241883400,43.27588330078125,-8.479182083821296,-1.5487328323006628,0.17730244027674197
1789666013251835600,43.285835693359374,-15.310639046192168,-7.244744333517551,9.160283940818905
1789666013261788700,43.29578857421875,-22.4385187492609,-16.51984649364948,25.969355957138536
1789666013271740700,43.30574072265625,-10.22222635886669,-21.17706907339096,37.183819914185996
1789666013281692400,43.3156923828125,-2.244092931753397,-17.6121822963953,22.28321829743385
1789666013291645400,43.3256455078125,-2.5004256541252134,-9.47374315651357,14.064310951608418
1789666013301597700,43.33559765625,-3.429716090005636,0.3418102809101343,7.7941721134692425
1789666013311549700,43.3455498046875,-1.9539738212443887,5.277424270096421,3.584485503695905
1789666013321502700,43.355502685546874,0.5739430663965642,6.162794315707683,0.4660357955157757
1789666013331454500,43.36545434570313,3.3883553210914132,5.275182044127583,-1.9866046096056698
1789666013341406500,43.37540649414063,6.569655453199148,3.5717940721660852,-4.254496350097656
1789666013351359500,43.385359375,8.443845397502184,1.8130162214159964,-6.575827419832349
1789666013361311700,43.39531176757812,7.305382634353637,0.031546061864495274,-8.312157291930914
1789666013371264800,43.4052646484375,3.454125724118948,-3.6089942142695186,-11.018816297262907
1789666013381216500,43.41521655273438,-6.794300074887276,-11.008059925448894,-13.134315582329034
1789666013391168500,43.42516845703125,-20.482939977037905,-16.789804421269892,-4.15043011868447
1789666013401121500,43.43512158203125,-20.413786361312866,-15.151022484731673,10.851838267123698
1789666013411073800,43.44507373046875,-2.289777993607521,-7.033579955649375,1.2518360443502663
1789666013421025500,43.455025634765626,7.338311090487242,-2.6899399257212875,-7.999512899750471
1789666013430978600,43.464978515625,8.92498523864746,1.0720739359617233,-9.286577493870258
1789666013440930600,43.4749306640625,7.428668822282552,3.9981671348571775,-10.133893410897254
1789666013450882600,43.484882568359374,7.497407427465915,5.645856015950441,-9.39209655444026
1789666013460835600,43.49483569335938,7.894781774687766,6.53514878796339,-8.65312527679801
1789666013470787600,43.50478759765625,7.901241910612582,6.94630791490972,-7.842439008510112
1789666013480739600,43.51473950195312,7.359488318550587,6.833098884359002,-6.978321594285965
1789666013490692600,43.524692626953126,7.5720473656475535,5.7364317744106055,-6.642296326518059
1789666013500644600,43.53464453125,6.781275758141279,3.9901322969615456,-5.874055699771643
1789666013510596600,43.5445966796875,5.97240150771141,1.6120710397452116,-5.14545851662755
1789666013520549600,43.554549560546874,5.257486812961101,-1.4066326383084058,-3.846321499659121
1789666013530501600,43.56450170898437,4.705216503059864,-4.269307550260424,-2.0018553702294826
1789666013540454700,43.57445458984375,4.7560231457114215,-6.213519125294685,0.12107333418503403
1789666013550406700,43.58440673828125,5.325531006139516,-6.847105782401561,2.230242977838218
1789666013560358400,43.5943583984375,5.641226602584124,-6.312891353672742,3.704384971795976
1789666013570311400,43.6043115234375,5.63733485584259,-5.085456760129333,4.466030145800113
1789666013580263700,43.614263671875,7.221092239773273,-3.377423008188605,4.547000456047058
1789666013590215700,43.62421557617188,6.2372787710666655,-1.1687404125124214,5.991362813290953
1789666013600168700,43.63416870117187,2.1668998019576073,1.3183482056558131,6.729962335011362
1789666013610120400,43.64412036132813,-0.9600093262057751,1.7794734327763317,6.881953223899006
1789666013620072700,43.65407275390625,-3.486415882349014,2.503905312934518,6.385467929583788
1789666013630025700,43.66402563476562,-4.771653845563531,2.6350305239260194,5.6895022654533385
1789666013639977700,43.67397778320313,-4.7815667522907255,1.4157821594476698,5.051121359807253
1789666013649929500,43.683929443359375,-5.684302943244576,0.4496861337393522,4.125547606362402
1789666013659882500,43.69388256835938,-7.0559700666338205,0.18925942005217075,3.0334803914248942
1789666013669834500,43.70383447265625,-5.597604903000593,0.3522895893484354,2.3304747456550596
1789666013679786800,43.713786865234376,-1.5239303994774818,0.5351543399274349,1.0956253458105027
1789666013689739800,43.72373974609375,1.3458528831750154,0.5559089586645365,-0.01186637888252735
1789666013699691500,43.73369140625,1.7153753468751907,0.9735101013571024,-0.6581368687346577
1789666013709643500,43.7436435546875,1.3511843073308467,1.4204256013393401,-0.7299306967701763
1789666013719596500,43.753596435546875,0.3703409404762089,1.6291045921325682,-0.920449542298913
1789666013729548800,43.763548828125,-0.9059066376835108,1.4563877260804174,-1.015568204885721
1789666013739500500,43.77350048828125,-2.061392431825399,1.0496890856742858,-0.9320776554461568
1789666013749453600,43.78345361328125,-2.282490759208798,0.6773550716847181,-0.8644665929879992
1789666013759405600,43.79340551757812,-1.801400748554617,0.33403906238675113,-0.487603739929758
1789666013769358600,43.803358642578125,-1.4447200846403836,0.11381810235977172,-0.031366284850798544
1789666013779310600,43.813310546875,-2.2079496052265166,0.25396833132803437,0.16365604610964654
1789666013789262600,43.8232626953125,-3.886139423045516,0.5555231742173433,0.19637106042196972
1789666013799215600,43.833215576171874,-4.773301028248667,0.4001110787093639,0.5346638529967517
1789666013809167600,43.84316772460937,-3.183619514966011,-0.7613496981889009,2.0501134974420068
1789666013819119600,43.85311962890625,-0.47288639206290245,-1.9765514176249503,4.612563938325644
1789666013829072600,43.86307275390625,1.1202122361868618,-2.1126590932041407,7.426729378652572
1789666013839024600,43.87302465820313,1.9910520905338227,-0.7912544225871563,9.55384662079811
1789666013848976600,43.8829765625,1.7418991966634987,0.8778548476755619,11.048564954316616
1789666013858929700,43.8929296875,0.1760996403582394,1.2634218527257441,11.398465602701902
1789666013868881700,43.90288159179688,-0.8192313937932253,0.8009428729087114,10.159198532545567
1789666013878833400,43.91283349609375,-0.8206658105105161,0.3780038763195276,7.975584911674261
1789666013888786400,43.92278637695313,-1.2261891235269606,-0.3853501474291086,5.911681958332657
1789666013898738700,43.93273876953125,-2.0943794862784446,-1.520873349994421,4.86321715375632
1789666013908690700,43.942690673828125,-2.8934768774509427,-3.003500263702869,4.133801055444777
1789666013918643700,43.95264379882813,-3.0952491575956342,-4.868884385737776,3.9843896616563197
1789666013928595500,43.962595458984374,-4.173427840173244,-5.882473984026909,3.8690418655112384
1789666013938547700,43.97254760742187,-6.138699738892912,-5.259841851654649,3.923379604898393
1789666013948500700,43.982500732421876,-6.511115001425146,-3.960592314222455,5.126655616480112
1789666013958452700,43.99245263671875,-5.258464718082547,-3.001106646564603,6.785051185026765
1789666013968405800,44.00240576171875,-4.498668679076433,-2.517937345418334,6.9422940030932425
1789666013978357500,44.012357421875,-3.4374551598250864,-2.120969240909815,7.1201049774140115
1789666013988309500,44.0223095703125,-2.110371859049797,-1.4819196422219276,6.548987928223609
1789666013998262500,44.032262451171874,-1.634595590764284,-0.7053741284668446,4.664774310295283
1789666014008214800,44.04221484375,-1.2786638455212116,-0.3453472228646278,3.0303073143467305
1789666014018166500,44.05216650390625,-0.5496422994852066,-0.39270810897648334,1.7702743734069168
1789666014028119600,44.06211962890625,-0.008598243932053447,-1.3071072651952504,0.6967913012996315
1789666014038071600,44.07207153320312,1.0154105301059781,-3.785158005905151,-0.009264525821059941
1789666014048023800,44.08202392578125,2.9262323151051994,-6.75810998660922,-0.8446288699001073
1789666014057976800,44.09197680664062,5.3989282507836815,-8.46058025920391,-1.8712199885815382
1789666014067928600,44.10192846679688,6.177977856314182,-9.286500336980819,-2.6242957794219253
1789666014077880600,44.11188061523438,5.119672917985916,-10.035240144443511,-3.9657407830268143
1789666014087833600,44.12183349609375,1.9685190639473498,-10.673008471149206,-5.115889892315864
1789666014097785600,44.13178564453125,-1.492238645531982,-10.746254909145831,-5.557071817082166
1789666014107737600,44.141737548828125,-1.8663668494619428,-7.675981202852726,-3.8267671966224905
1789666014117690600,44.15169067382813,-0.8833142821252346,-4.522438846242427,-1.664243710052967
1789666014127642600,44.161642578125,0.699871439397335,-2.7172645704984664,-0.4822042555063963
1789666014137594600,44.1715947265625,2.3747373734906314,-1.0466238528847693,0.5799091351941228
1789666014147548400,44.18154833984375,3.5635049672484396,-0.10364917504489421,1.1721028746828437
1789666014157500400,44.19150048828125,4.0570998008191586,1.8200252233952283,1.5831094414159654
1789666014167452400,44.201452392578126,5.1603965580403806,2.573961430457234,0.8259837906628846
1789666014177405400,44.21140551757812,5.747710124272108,2.3080822965830565,-0.45734804666936396
1789666014187357400,44.221357421875,6.036645724084973,1.9311621238470076,-1.7056062325328587
1789666014197309400,44.231309326171875,5.887476322358847,1.223911680114269,-2.710442615523934
1789666014207262500,44.24126245117188,5.201816948187351,0.594409077450633,-3.44737946472913
1789666014217214500,44.25121435546875,4.388364722317457,0.24144845697283743,-4.295400899676978
1789666014227167500,44.26116748046875,4.079667021936178,0.2403518939077854,-5.282096353560686
1789666014237119500,44.271119384765626,4.049121077024936,0.5861953758567572,-6.263365983003378
1789666014247071500,44.281071533203125,4.200054273553192,1.1701146234750748,-6.933432651245593
1789666014257024500,44.2910244140625,4.51386420238167,1.7771657403558492,-7.553519190788268
1789666014266976300,44.300976318359375,4.894057989960909,2.362874794000387,-8.440479720461369
1789666014276928500,44.310928466796874,5.003599730175734,2.9442712451428172,-9.249587779647111
1789666014286881500,44.320881591796876,4.705408518500626,3.5870652910560366,-9.839850843334197
1789666014296833500,44.33083349609375,4.254446373476088,4.1839597555816175,-10.250235478776693
1789666014306785300,44.34078540039062,3.6876439726144072,4.531512964057922,-10.388988115906715
1789666014316738300,44.35073828125,3.2635233650252222,5.006577869203687,-9.95892496652603
1789666014326690600,44.360690673828124,3.1296251821890473,5.237345357686281,-9.621870940232276
1789666014336642600,44.370642578125,2.7491175063550473,5.58559999243021,-9.199007931488751
1789666014346595600,44.380595703125,2.722652985538542,6.093932376405596,-8.93598710965514
1789666014356547300,44.39054736328125,3.05999927277714,5.727613677182793,-9.377382969433068
1789666014366499300,44.40049926757813,3.2757387034758922,4.811408932846784,-10.123753125154971
1789666014376452400,44.41045239257812,1.9976082341790198,3.4741894379824396,-10.079348166239262
1789666014386404600,44.42040454101563,-1.1493839701354502,1.5984931807696818,-8.099657866066694
1789666014396356400,44.4303564453125,-6.370901644092798,-0.2974304564356804,-3.8414214526578783
1789666014406309400,44.44030932617188,-17.77367634216547,-2.7265917862921953,3.9757708863928913
1789666014416261400,44.45026147460938,-26.1934826924324,-8.859609387895464,20.131275241589545
1789666014426213400,44.46021337890625,-9.734656776934862,-16.370409965419768,32.88630275300741
1789666014436166400,44.47016650390625,-1.804727408759296,-20.82264071844816,26.19291219906807
1789666014446118400,44.480118408203126,-2.973027968549728,-17.61889494577646,16.521968308109045
1789666014456070400,44.4900703125,-4.549996715253592,-8.80812411532998,10.971664085465669
1789666014466023400,44.5000234375,-4.85373416287899,0.31380875978469847,6.482804268220066
1789666014475975400,44.509975341796874,-1.8222937528491019,3.533360588875413,4.453157804745436
1789666014485927400,44.51992749023437,1.1994563071630895,4.273558193442225,2.2713734451279044
1789666014495880400,44.52988037109375,3.1484009020686146,3.9693466985642907,0.4960249833270907
1789666014505832400,44.53983251953125,4.554087199437618,2.943135519111156,-1.2422326419636607
1789666014515784400,44.54978442382812,5.382125584542751,1.2599176439970732,-3.6264977222561834
1789666014525737500,44.559737548828124,4.789001870727539,-2.597674898999929,-7.482691504371166
1789666014535689500,44.569689453125,1.0945267369188367,-9.759438751491905,-12.016933016610144
1789666014545642500,44.579642578125,-6.667344258534908,-17.989682899367807,-10.834596040421724
1789666014555594500,44.58959448242187,-12.509909426021576,-17.49243246589899,1.829432810948789
1789666014565546500,44.59954638671875,-8.456448858487606,-7.397960964807868,10.531197615492344
1789666014575499300,44.60949926757812,-0.47175241959691044,-0.03848433669507503,-0.21571575756222008
1789666014585451300,44.619451171875,4.470878170353174,2.913663340911269,-7.475534618353843
1789666014595403500,44.62940356445313,6.168756438982486,5.242525390672683,-9.973120665138959
1789666014605356500,44.6393564453125,6.068555358564853,6.518838289153575,-11.57349834448099
1789666014615308500,44.64930859375,5.760325275695323,7.133472408509254,-10.603795234191416
1789666014625260300,44.65926025390625,5.785652609175443,7.710208466625213,-9.218682938295602
1789666014635213300,44.66921337890625,5.628828893303871,7.662737690398097,-8.437302259469032
1789666014645165600,44.67916552734375,5.721317791908979,6.482120377609133,-8.113789267271757
1789666014655117600,44.68911767578125,5.723804348027706,4.770851881530881,-7.684360324141383
1789666014665070300,44.6990703125,5.470329937696457,3.246609931886196,-7.073964573007822
1789666014675022300,44.709022216796875,5.253028079986572,0.954759808179736,-5.853350765395164
1789666014684974300,44.718974365234374,4.876575232501327,-2.127176863378286,-4.157520076945424
1789666014694927400,44.72892724609375,4.643336677730083,-5.083495689189434,-2.493540570786595
1789666014704879600,44.738879638671875,4.7668473220646375,-7.38186089387834,-0.16546733331531285
1789666014714831400,44.74883129882812,5.11524574919343,-8.439233519792555,2.0540087513148784
1789666014724784400,44.758784423828125,5.325864183616638,-7.993417505484819,3.1634348050713537
1789666014734736400,44.768736328125,6.506646331578493,-6.322187589806318,3.5936607437983152
1789666014744688400,44.7786884765625,7.170245849633217,-3.4599265193521975,4.3939322933167215
1789666014754641400,44.788641357421874,2.5343162332892417,-0.30003683954179283,6.401457525876164
1789666014764593400,44.79859350585937,-3.482883032047748,1.115053245988488,6.682388682931661
1789666014774545400,44.80854541015625,-4.229378275454044,2.301737895992398,6.654118281736969
1789666014784498400,44.81849853515625,-2.576923202872276,1.9671511365950107,6.231906430378556
1789666014794450400,44.82845043945313,-0.9363795173585414,2.0825901181548834,5.128068990409374
1789666014804402400,44.83840234375,0.7247206339716911,2.331608133599162,3.945736982657015
1789666014814355500,44.84835546875,0.5798907227545976,2.1582862873911854,2.834210449489951
1789666014824307500,44.85830737304688,-0.5333008575478568,1.7921254090785979,1.8978117890395223
1789666014834259500,44.868259521484376,-1.9384855986028908,1.4886334606468676,1.128786733917147
1789666014844212200,44.87821215820313,-1.7745611108154058,1.0140396801441907,0.31426044907495376
1789666014854164500,44.88816455078125,-0.4033388085842132,0.5520856009840965,-0.4928121587604284
1789666014864117500,44.89811743164063,-0.41870932313017545,0.6061427698642015,-0.9577985913537442
1789666014874069500,44.90806958007813,-0.8097849355340003,0.8209440429300069,-1.1898435524262487
1789666014884021500,44.918021484375,-1.511090060996264,0.9931038596212863,-1.5059776864185928
1789666014893974300,44.92797436523438,-2.3837984856940806,1.0911433780908584,-1.7163880310490727
1789666014903926300,44.93792626953125,-3.130073218217492,1.0495552301615476,-1.9021189847141504
1789666014913878500,44.94787841796875,-3.1132986090272663,1.0615174706339836,-1.9297876206234097
1789666014923830500,44.95783056640625,-2.095036488882452,0.8929524635642766,-1.59568046143651
1789666014933783300,44.967783203125,-1.1204859385617076,0.34254502492547034,-0.9857871068671346
1789666014943735300,44.9777353515625,-0.9524665826760232,-0.2497100893616676,-0.3038987026017159
1789666014953688300,44.987688232421874,-1.746324611890316,-0.41322891895771025,0.6741951463490724
1789666014963640600,44.997640625,-3.0882571067512035,-0.5444160892695188,2.184326299185306
1789666014973592600,45.00759252929687,-4.1982934013605115,-1.0005705422401427,3.967788655467331
1789666014983545300,45.01754541015625,-3.7107565526545048,-1.547876507732272,5.171589567705989
1789666014993497300,45.02749731445312,-1.7538748811393976,-1.6391390794128178,6.088822486045956
1789666015003449300,45.03744946289063,0.32570918706730007,-1.1138678355962037,7.336533559420705
1789666015013402400,45.04740234375,1.6406966841183601,-0.2574626031845808,8.159449779206513
1789666015023354400,45.05735424804688,2.2149954320847987,0.2057230635970831,8.614674842372537
1789666015033306400,45.067306396484376,2.3234195664465425,0.4852478609859943,9.058853026345371
1789666015043259400,45.07725927734375,1.5492349366039038,0.39539983227849007,8.571980779027939
1789666015053211400,45.08721142578125,-0.30723464209139345,-0.22527532080709933,6.832292828673124
1789666015063163400,45.097163330078125,-2.644793208527565,-0.8473451431214809,5.142300344857573
1789666015073116400,45.10711645507813,-3.636938452249765,-1.9442431392163038,3.968806892599165
1789666015083068400,45.117068359375,-3.4010441222727295,-3.3615380413144824,3.3481513209968803
1789666015093020400,45.1270205078125,-3.0109874045878646,-4.659712058469653,3.1503359617844224
1789666015102973400,45.136973388671876,-3.275160903587937,-5.3754029982894656,3.2850501371785996
1789666015112925200,45.14692529296875,-4.260138155376911,-5.031784206652641,4.0014658841416235
1789666015122877400,45.15687744140625,-4.739971005576849,-4.10558764513433,6.272461728128791
1789666015132830500,45.16683056640625,-4.739713815945387,-3.2965316083967684,8.794068701970577
1789666015142781700,45.17678173828125,-4.702581478381156,-2.967127804595232,9.186267107859253
1789666015152733400,45.1867333984375,-4.287045451524853,-2.3099667951554057,7.974125360515713
1789666015162686500,45.1966865234375,-3.4121190585166215,-1.337399527606368,6.018236791691184
1789666015172638700,45.206638671875,-2.91444484667778,-0.383152345123887,3.743139357604086
1789666015182590700,45.2165908203125,-2.2036206361114976,0.06681845077574253,2.4507684737697244
1789666015192543700,45.22654370117188,-0.8093770123202353,0.13266425712704658,1.2433484942510724
1789666015202495500,45.23649560546875,-0.10497085210271179,-0.18938392321467398,0.08427008244469761
1789666015212447700,45.24644775390625,0.36545229165181514,-1.5705729081869124,-0.22517697499915956
1789666015222400800,45.25640087890625,1.7448165454149245,-4.418190536260605,-0.4044024922929704
1789666015232352800,45.266352783203125,4.316400725346804,-6.758672296667099,-1.1913191779367625
1789666015242304500,45.27630444335937,7.1252470164775845,-8.717723128914832,-2.434356560412049
1789666015252257500,45.286257568359375,6.908886239010095,-9.804236509117484,-3.6300022232457994
1789666015262209500,45.29620947265625,4.287623543673753,-10.550907693612574,-4.990181445676088
1789666015272161800,45.30616186523437,0.44433030579462646,-11.738369757729767,-5.916987663525343
1789666015282114800,45.31611474609375,-2.1572506607331334,-10.5551513225317,-5.119594592052698
1789666015292066600,45.32606665039062,-1.684350094014406,-6.637544163554907,-2.8073122134312984
1789666015302018600,45.3360185546875,0.8028874311052262,-4.064838870638608,-0.7620762588977813
1789666015311971600,45.3459716796875,2.4791838363930583,-1.9066244794398546,0.7883116471335292
1789666015321923800,45.355923828125,2.965298251080513,-0.131982704603672,2.125697730736434
1789666015331875600,45.36587548828125,2.9880349835455418,1.4534721308946608,2.9730080948054787
1789666015341828600,45.37582861328125,3.373298037213087,3.076777096837759,2.941890487486124
1789666015351780600,45.38578051757813,4.049852898430824,2.8486159914612768,1.6132687250971793
1789666015361732600,45.395732666015626,4.875665716440976,2.292228893890977,-0.0064335401788353916
1789666015371685600,45.405685546875,5.696796514114737,1.9704992779791355,-1.414416716313362
1789666015381637600,45.4156376953125,5.678466492176056,1.1934428920924662,-2.4502561403334138
1789666015391589600,45.425589599609374,5.029254395914077,0.8060621156185865,-3.403767994278669
1789666015401542700,45.43554272460938,4.4292844694659115,0.677222969737649,-4.273396280878782
1789666015411494700,45.44549462890625,4.1498274766162035,0.7714432221800088,-5.342704843780398
1789666015421446700,45.45544677734375,4.059095650811493,1.0450888984024524,-6.399499377545714
1789666015431399700,45.465399658203125,4.003377562981844,1.6130518674761056,-7.330093297240138
1789666015441351700,45.4753515625,4.137397034110129,2.2516455390900374,-8.222497479271889
1789666015451303700,45.4853037109375,4.224264877963066,2.962795328348875,-9.158734957811236
1789666015461256700,45.495256591796874,4.1120819755896925,3.330628523787856,-9.977090737813711
1789666015471208400,45.50520849609375,3.9441657878175373,3.765100137260556,-10.368654937452078
1789666015481161500,45.515161376953124,3.7779832919701932,4.1372517804205415,-10.471889686477184
1789666015491113700,45.52511376953125,3.436213635331392,4.907115624454617,-10.43381276153922
1789666015501065700,45.53506567382812,3.4264582572534676,5.121078108608723,-10.42547747939229
1789666015511018800,45.545018798828124,3.572921907152235,5.158715473085642,-10.270409667277336
1789666015520970500,45.55497045898438,3.4500156584516164,5.329653054505586,-9.91332641391158
1789666015530922800,45.5649228515625,3.161063984286785,5.247925203889608,-9.676849900132417
1789666015540875800,45.57487573242187,3.095208533324301,5.045210089936852,-9.63732277638614
1789666015550827800,45.58482788085937,2.9135587114930153,4.590598190233111,-9.642399348998069
1789666015560779500,45.594779541015626,1.8095102591216563,3.5054508376866576,-9.11064926455617
1789666015570732500,45.60473266601562,-0.9579612345695495,2.120701529884338,-6.894968772816657
1789666015580684500,45.6146845703125,-6.302846929520368,0.6335819809317589,-2.7326109004512427
1789666015590636800,45.62463671875,-15.77714947348237,-1.8174480663836001,4.886199093154072
1789666015600589800,45.63458984375,-24.027052846074103,-9.289574337598681,19.589457352119684
1789666015610541600,45.64454150390625,-10.485682064986229,-17.95733779608011,35.09913194696903
1789666015620493600,45.65449365234375,-1.8773545458137988,-22.326996648883817,30.45907092990875
1789666015630446600,45.664446533203126,-2.0350958149217067,-16.925501177960633,19.052481641983984
1789666015640398800,45.67439892578125,-3.585695756268501,-6.168019356879592,11.544635822612047
1789666015650350600,45.6843505859375,-4.163914161896705,2.2586720767259596,5.910145250284671
1789666015660303600,45.6943037109375,-1.2447836416207254,4.291818657276034,2.47079740858078
1789666015670255600,45.70425561523437,1.3443044846892356,5.035570154932141,-0.31175182725489137
1789666015680207600,45.71420751953125,2.143576209515333,5.096682503020763,-2.2346219235748053
1789666015690160600,45.72416064453125,3.0603882720947264,3.794313372263312,-4.56518990047127
1789666015700112600,45.73411254882812,3.587113806372881,1.6981559165269136,-6.552300998294353
1789666015710064600,45.74406469726563,3.234537216776609,-0.881437382337451,-8.3974495570302
1789666015720017700,45.754017578125,2.292706594405323,-5.069398190253973,-11.320151359921693
1789666015729969700,45.7639697265625,-4.56230908433795,-12.49391690711975,-11.988590719223021
1789666015739921700,45.77392163085938,-14.92674377374649,-19.379077402627466,0.10892769996970891
1789666015749874700,45.78387475585937,-11.846770511215924,-15.965630894899368,15.084492203247546
1789666015759826700,45.79382666015625,-1.3604393346711992,-6.273651814696192,6.313899069410562
1789666015769778700,45.80377880859375,6.363574077683687,-1.1653268046766518,-4.479130450391769
1789666015779731700,45.81373168945313,8.900303217333555,2.6352912206888197,-8.387681027209759
1789666015789683500,45.823683349609375,7.561373995941877,5.49261074308753,-10.159599514561892
1789666015799635700,45.8336357421875,6.769592334610223,6.595249328660964,-9.701657009130717
1789666015809588700,45.84358862304688,6.090300741904974,6.979812125104665,-8.39329009926319
1789666015819540700,45.853540771484376,6.608824265027046,7.268367785689234,-7.959003194707631
1789666015829492500,45.86349243164062,7.242048518562316,6.977755777096748,-7.917028677809238
1789666015839445500,45.873445556640625,7.071750404089689,5.721739232191443,-7.641894224333763
1789666015849397800,45.883397705078124,6.837213333940506,4.139500436130166,-7.277530166310071
1789666015859349800,45.89334985351562,5.838632504212856,2.4075918876051903,-6.829030027484893
1789666015869302800,45.903302734375,4.865007252043485,-0.024055998370051384,-5.8513470243573185
1789666015879254500,45.91325463867187,4.057443499690294,-2.5585668774485586,-3.776818632104993
1789666015889206500,45.92320654296875,3.9487259353399273,-4.799598668065667,-2.2329563284501432
1789666015899159600,45.93315966796875,4.178848988439142,-6.353796780034899,-0.7996379277899861
1789666015909111800,45.94311181640625,4.448231454259157,-6.810043002942204,0.7061103337869048
1789666015919063600,45.9530634765625,4.787338321429491,-6.1654690878748895,1.4011743729025126
1789666015929016600,45.9630166015625,5.067129076278209,-4.7564726430445905,2.080442438601702
1789666015938968600,45.97296850585938,6.260227100455761,-3.1434236981779335,2.973845422412455
1789666015948920800,45.9829208984375,4.152133707731962,-1.2118202603042125,4.804099194355309
1789666015958873900,45.99287377929687,-0.32391868692133574,0.5174871658116579,6.483258441728353
1789666015968825600,46.00282568359375,-4.705160388958454,2.2655466386705636,7.291737555360793
1789666015978777600,46.012777587890625,-6.61566141757071,3.008912936401367,7.238488780254126
1789666015988730600,46.02273071289063,-4.887739308333397,2.168925754827261,5.777193992909789
1789666015998682600,46.0326826171875,-2.1574293783009053,1.059869703426957,4.56693440605104
1789666016008634600,46.04263452148437,-1.3538736925452948,0.883719940316677,3.4076042114406824
1789666016018587600,46.052587646484376,-1.9979355664372442,0.9842249721169471,2.556218268495798
1789666016028539600,46.06253955078125,-2.416381343260407,1.0236679247111082,1.6879497259415686
1789666016038491600,46.07249169921875,-1.5648030926138161,0.9332540788143873,0.6056025255076587
1789666016048444700,46.082444580078125,-0.4209604630578309,0.748391432416439,-0.1895237700767815
1789666016058396700,46.092396728515624,0.08491232587099075,0.8229957147628069,-0.4718192742880434
1789666016068348700,46.1023486328125,0.3474789741963148,1.0500193405419587,-0.5043214678335934
1789666016078301700,46.1123017578125,0.11710837607681751,1.3011433883547783,-0.48912609065882856
1789666016088253700,46.12225366210937,-0.5201712903290987,1.5622960782289503,-0.38366489775590595
1789666016098205400,46.13220532226563,-1.210814298132062,1.6789719081074,-0.2889501397948712
1789666016108158500,46.14215844726562,-1.5448954460948705,1.4710054494976996,-0.2885666203700006
1789666016118110700,46.15211083984375,-1.4289432543158531,1.0683896944910287,-0.37693091332577167
1789666016128062700,46.16206274414063,-1.352271664176136,0.45873979328870773,-0.25393917829878626
1789666016138015700,46.172015625,-1.680449725575,-0.04679506892263889,-0.17898542492762207
1789666016147967700,46.1819677734375,-2.8491069898486137,-0.11598083335161208,-0.2246938311247155
1789666016157920000,46.191919921875,-4.458385184004903,-0.460216295582056,-0.06608226372199133
1789666016167872800,46.20187280273438,-4.663256014686823,-1.3050766361504793,0.6571934504047036
1789666016177824800,46.21182470703125,-2.578224933120608,-2.3614848009467124,2.734671632373333
1789666016187776800,46.22177685546875,-0.37724998921230435,-2.514391051113605,5.540520495253801
1789666016197729800,46.23172973632813,1.029860349610448,-1.4351280804306268,8.054423470589517
1789666016207681800,46.241681884765626,1.9495130424432456,0.17407471040189265,9.772132813370227
1789666016217633800,46.2516337890625,1.7752770039997994,1.3331868783473968,10.889604226416349
1789666016227586800,46.2615869140625,1.1068934665389358,1.5584879181176423,10.74243564311862
1789666016237538800,46.271538818359375,0.5019511585056782,1.0756219838321208,9.191723619699477
1789666016247490800,46.28149072265625,-0.7911511083431542,0.050206923192739485,7.03636870958507
1789666016257443600,46.291443603515624,-2.734857510334253,-1.4272802895396948,5.1578065415471785
1789666016267395800,46.30139575195312,-3.490669448140263,-3.0481887157350775,4.014462143836916
1789666016277347800,46.31134790039062,-3.1435832726538178,-4.80110264288783,3.5253564383789895
1789666016287300900,46.32130078125,-3.6434225535720586,-5.806720531645417,2.996176788946986
1789666016297252900,46.3312529296875,-5.726506008201837,-5.417060704323649,2.921618976090848
1789666016307204600,46.34120458984375,-6.546491435232758,-3.9793361776590346,4.261256930273771
1789666016317157600,46.35115771484375,-4.781233574813604,-2.760068523958325,6.7442229155540465
1789666016327110000,46.36110986328125,-3.8190532612442967,-2.144222106203437,7.52207249764502
1789666016337062000,46.37106176757813,-3.9414895543456074,-1.779111029204726,7.314559043499827
1789666016347015000,46.38101489257812,-3.7610511541306972,-1.4678823490411042,6.797250741386414
1789666016356966700,46.390966552734376,-3.0931244205266237,-1.0640092874497176,5.262141360768675
1789666016366919000,46.4009189453125,-2.1878362070024013,-0.6905079832464456,3.6032536247909066
1789666016376872000,46.41087182617188,-1.2876888634979724,-0.40377369287014003,2.7801296074733135
1789666016386824000,46.42082397460938,-0.12497319116778671,-0.5419061522752047,1.5669050333291292
1789666016396775700,46.430775634765624,1.283342358726263,-2.3311785100102425,0.6055684771075844
1789666016406728700,46.440728759765626,2.9382173519313333,-5.034730781498551,0.1291147479519248
1789666016416680700,46.4506806640625,5.49710454737544,-7.51625416675508,-1.3763495821170508
1789666016426633000,46.460633056640624,6.8217363633453845,-9.107970400735736,-2.8214047439306973
1789666016436586000,46.4705859375,6.46614364079833,-10.421244371867179,-3.941574310019612
1789666016446537700,46.480537841796874,3.7180470019236207,-12.248787131285667,-5.026700035256147
1789666016456489700,46.49048974609375,-0.018577274698019026,-12.657625121808051,-6.827716606798767
1789666016466442800,46.50044287109375,-2.1233095204256474,-8.883232255545257,-5.588849934136867
1789666016476395000,46.51039501953125,-1.7440844317480921,-4.947685535252094,-2.0386329030066728
1789666016486347800,46.52034765625,0.09074833854809403,-2.7065590520888567,0.28524229825288056
1789666016496299800,46.5302998046875,1.7730093513287604,-0.6279641410499811,2.2484195627808568
1789666016506251800,46.54025170898438,2.591357094155252,1.653318411412835,3.65665174524039
1789666016516204800,46.550204833984374,3.4725896015703674,2.46150994027555,2.933548191076517
1789666016526156800,46.56015673828125,4.50093077878952,2.012953102827072,1.689967933896184
1789666016536108800,46.57010888671875,5.593672239726781,1.749783812433481,0.09110825790166854
1789666016546061800,46.58006176757812,6.091852063000202,1.565513871231675,-1.352683021456003
1789666016556013800,46.59001391601562,5.9826002456426615,1.1569558666944504,-2.5469839916825294
1789666016565965800,46.5999658203125,5.54111787662506,0.5338941107332706,-3.6418741550862785
1789666016575918600,46.60991870117188,4.557651613920926,0.353502472269535,-4.3924195506662125
1789666016585870800,46.61987084960938,3.8293580898985264,0.5975958907932043,-5.117531229782104
1789666016595822800,46.62982275390625,3.8186043484330177,0.9555290389865636,-6.117147247776389
1789666016605776000,46.63977587890625,3.9321222988024354,1.5926356869131326,-6.701418377572297
1789666016615727900,46.649727783203126,4.28013231113553,2.1764958978205917,-7.21391781809926
1789666016625679600,46.6596796875,4.571989935874939,2.703348273348808,-7.826129094222187
1789666016635632600,46.669632568359376,4.8143084536805745,3.1051725857168435,-8.5449542404145
1789666016645585000,46.6795849609375,4.842837213550507,3.452133673518896,-9.02627528334558
1789666016655537000,46.68953686523437,4.538725379654765,3.8524633634150027,-9.224126006132364
1789666016665489700,46.69948974609375,4.247622080413997,4.260480685204267,-9.294207258096337
1789666016675441700,46.70944165039062,3.8179204578220842,4.506702347928285,-9.34392318290174
1789666016685394000,46.71939379882812,3.4967747792780397,4.434812585237622,-9.363772961753606
1789666016695347000,46.729346923828125,3.38129312762022,4.413207487151026,-9.208314689016342
1789666016705299000,46.739298828125,3.1060382626354692,4.603882619220018,-8.848701040390134
1789666016715250700,46.74925073242188,2.877729857742786,4.76447416319251,-8.801628323569894
1789666016725203700,46.75920361328125,2.973843668846786,4.152652178648114,-9.4399513615489
1789666016735155700,46.76915576171875,2.7519910159647463,3.1420635157406327,-9.639719900655745
1789666016745108000,46.77910791015625,0.5152557534977793,1.919432523086667,-8.458785777002573
1789666016755060700,46.78906079101562,-4.582333635234832,0.7543079629838466,-5.172906495523453
1789666016765012700,46.7990126953125,-11.711555400562286,-0.9831588041901588,-0.22422084331810474
1789666016774964700,46.80896484375,-22.896811967825887,-5.529720284298062,9.353436276656389
1789666016784917800,46.81891772460938,-20.35473094575405,-13.697145864689348,25.860069068467617
1789666016794870000,46.8288701171875,-5.284084897029399,-20.422886198091504,32.38096955084801
1789666016804821800,46.83882177734375,-1.7962030337810515,-19.66453451267481,21.349089189350604
1789666016814774800,46.84877490234375,-1.901925507968664,-12.299428938764333,14.67013398799896
1789666016824726800,46.858726806640625,-4.71453027485013,-1.8225106104701756,7.66066205316782
1789666016834678800,46.8686787109375,-3.731530460613966,3.759103527194261,3.0692566382050512
1789666016844631600,46.878631591796875,-0.5212367276035249,4.99185551636815,-0.09708324065804481
1789666016854583800,46.888583740234374,1.0478596782900393,5.70863366690278,-2.0534791744828222
1789666016864536800,46.89853686523438,1.5071696726821362,5.2086441638588905,-3.1705542816877363
1789666016874488800,46.90848876953125,3.3100749805808065,2.9265257450938225,-4.83622130254209
1789666016884440800,46.91844091796875,4.070203612542152,0.543100915017724,-6.251229555007815
1789666016894393600,46.9283935546875,4.8709191064357755,-1.613254112049937,-7.8289418135553595
1789666016904345900,46.938345947265624,5.7483104282528155,-4.849159110048413,-10.202940643638371
1789666016914297900,46.9482978515625,2.1733108380436894,-9.75433762896061,-9.077758217823504
1789666016924251000,46.9582509765625,-8.109134134942293,-14.295128124451637,2.7767697756513954
1789666016934202600,46.96820263671875,-13.866292471039294,-12.66190031490922,17.276576715344188
1789666016944154600,46.97815454101563,-6.512271770244836,-4.624861694362759,6.324416371771693
1789666016954107600,46.98810766601562,2.932718169993162,-1.1589590232104063,-5.099413389289379
1789666016964060000,46.99805981445313,7.584092023706436,1.8176707692235707,-9.123079707062244
1789666016974012000,47.00801196289063,7.347733583348989,4.465882846283912,-10.31003089904785
1789666016983964700,47.01796459960938,5.896721120566129,5.659948838710784,-10.900879653668403
1789666016993916700,47.02791674804688,4.914288877084851,6.083826577454805,-9.605386253899335
1789666017003869000,47.037868896484376,4.1846728722870346,6.212904792788624,-8.555430626243352
1789666017013822000,47.04782202148437,4.008015451915562,5.593015821644664,-8.045200299692153
1789666017023773700,47.057773681640626,4.530317032271624,4.016460916438699,-8.316395660153031
1789666017033725700,47.0677255859375,5.025785843020677,2.6322750877380368,-7.908878689101338
1789666017043678700,47.0776787109375,4.456753783410788,1.047907462954521,-6.990532256561517
1789666017053630700,47.087630615234374,4.196883534562588,-1.1701339126974344,-4.988191148641706
1789666017063583000,47.0975830078125,3.9477696575284003,-3.283016877785325,-2.6046321707919238
1789666017073535700,47.10753564453125,3.756671916133165,-4.664971586433053,-1.2958102106332778
1789666017083487700,47.11748779296875,3.8843104540526863,-5.699293007105589,0.4685501164242625
1789666017093439700,47.12743969726562,4.351830935168266,-6.068882106301188,1.7873365673668682
1789666017103392800,47.137392822265625,5.725035351127386,-5.400755466210842,2.492515903913975
1789666017113344800,47.1473447265625,6.277247208839655,-3.8598008666962382,3.0108307527214286
1789666017123296800,47.157296875,2.447611763304472,-1.1021236217886208,5.413765169909596
1789666017133249800,47.16724975585937,-3.606781798917055,0.6761380971103906,6.902291663050651
1789666017143201800,47.17720190429687,-5.609543178075552,1.1580126822710037,6.026713528135419
1789666017153153800,47.18715380859375,-3.2938030602157116,1.3836118282049894,5.051287364023923
1789666017163106800,47.19710693359375,-0.8206348308503627,1.1682967603981493,4.483346314521134
1789666017173059000,47.20705908203125,1.932808137488365,1.5382079311549663,3.3506144962400195
1789666017183011000,47.21701098632813,3.488331360581517,1.956195442816615,2.390169335900247
1789666017192964000,47.22696411132812,2.778724124589562,1.8333061452507973,1.6986895850121975
1789666017202915800,47.23691577148438,1.0060311457335949,1.5555524491876362,1.3061504028618336
1789666017212868000,47.2468681640625,-0.8906980357009917,1.2117939568191767,0.6604824089474975
1789666017222821000,47.25682104492188,-2.866165092155337,0.7845020257174968,-0.15670929571166634
1789666017232773000,47.26677319335938,-3.921445714226365,0.33315117363631724,-0.464671813686192
1789666017242724900,47.276724853515624,-3.8308635260254142,0.29888182428777216,-0.2895180758759379
1789666017252678000,47.28667797851563,-2.9482278738141057,0.5748696797221898,-0.25670776622928676
1789666017262630000,47.2966298828125,-1.8963953463703394,0.7167559387028217,-0.2644581611603498
1789666017272582100,47.30658203125,-1.303082393593341,0.95408117826581,-0.1850350803554058
1789666017282535200,47.31653515625,-0.8001100753463805,0.9933107803702353,-0.02080108822733164
1789666017292487000,47.32648681640625,-0.3736393974997103,0.761157390487194,0.21509579903297124
1789666017302439000,47.33643896484375,-0.2647784791558981,0.29060324076414107,0.3956697352610528
1789666017312392000,47.346391845703124,-0.9135364019095897,-0.27258593803644177,0.5953732463076711
1789666017322344200,47.35634423828125,-2.763269365826249,-0.21020167031586168,0.7352315796572715
1789666017332296000,47.3662958984375,-5.407394465833902,0.24712474904358386,0.64593555880934
1789666017342249000,47.3762490234375,-6.153285313606262,-0.2251245141595602,1.0089677837073803
1789666017352201000,47.38620092773437,-3.6802439254909753,-1.4556418761491774,2.599759304058552
1789666017362153000,47.39615307617188,-0.6580763707190752,-2.1359441072016954,5.269176081711054
1789666017372106000,47.40610595703125,1.4692191506028174,-1.6133108106732368,7.704616345706581
1789666017382058000,47.41605810546875,2.8321359813034532,-0.30088848793506623,8.944748508259654
1789666017392011000,47.42601098632812,3.1729537440448996,0.8938111262202262,9.989805257958173
1789666017401963000,47.435962890625,2.413904577883333,1.5405951185524462,10.86380927542448
1789666017411915000,47.4459150390625,0.8244177103899418,1.2925491630107164,9.643374916031956
1789666017421867000,47.455866943359375,-0.5499333913862705,0.40964404620826245,7.194003741839528
1789666017431820000,47.46582006835938,-1.4238107137329876,-0.8640934488266706,5.360851325845718
1789666017441772000,47.47577197265625,-1.8218923324413596,-2.592816937574744,4.34275915544033
1789666017451725000,47.48572509765625,-2.3571727829664946,-4.236428193965554,3.5803666702002284
1789666017461677000,47.495677001953126,-3.5013480785429474,-5.335823267573118,2.659448633606732
1789666017471628800,47.50562890625,-5.535166859266162,-5.411845015501975,1.8178792974077165
1789666017481581800,47.515581787109376,-6.960540438401699,-4.489210530379414,1.9284252462290226
1789666017491534000,47.5255341796875,-5.862929325601458,-3.526599424177408,4.117287435278296
1789666017501486000,47.535486083984374,-3.4725136137247086,-3.079121614137292,7.056838081640005
1789666017511439000,47.54543920898438,-2.101394187346101,-2.8229093032747508,8.447342591968178
1789666017521390800,47.55539086914062,-2.021065682134032,-2.1861878552734852,8.169608185127377
1789666017531343000,47.56534301757812,-2.6783693149149417,-1.3432055835366248,6.775248168414831
1789666017541296000,47.575296142578125,-3.4955782629698513,-0.4347539375454187,4.770786415079236
1789666017551248100,47.585248046875,-3.2972470631897446,0.28811668464541434,3.1347979086518287
1789666017561199900,47.59519995117188,-1.8765163414239883,0.36524376346766946,2.1192349644631148
1789666017571153000,47.60515283203125,-0.4880547351002693,-0.265481658989191,1.3419598212592303
1789666017581105000,47.61510498046875,0.7019383087992668,-1.8030910397291182,0.8258332762762903
1789666017591057200,47.62505712890625,2.314592116868496,-4.077002771162986,0.026521219439804553
1789666017601010200,47.63501025390625,5.0046401791393755,-6.508810231614112,-1.2196864636346698
1789666017610962000,47.6449619140625,6.4829276023387905,-8.178684641030431,-2.24603135247007
1789666017620914000,47.654913818359375,5.864408750504255,-9.482557162088154,-3.4723756665587424
1789666017630867000,47.66486694335938,3.389385248661041,-10.786886194741726,-4.761194410869479
1789666017640819200,47.67481909179688,0.028424276582151648,-10.821578737938404,-6.355402461665868
1789666017650771000,47.68477099609375,-1.0686810786530374,-8.027553583842515,-6.961013901132345
1789666017660724000,47.69472387695313,-0.82084525873065,-4.431644476595521,-4.504243264338374
1789666017670676000,47.704676025390626,0.7876109515182673,-2.661574247458577,-1.547494230416417
1789666017680628000,47.7146279296875,2.739912455636263,-1.3881559013754128,0.41672056046575306
1789666017690581000,47.7245810546875,4.16250546414256,-0.534120905226469,2.109205737879872
1789666017700533000,47.734532958984374,4.911808750706911,0.459423683899641,3.103188426162302
1789666017710485000,47.74448510742187,5.19156092711091,1.8740993434101343,2.9581276287987825
1789666017720438000,47.75443798828125,5.203036260849237,1.6882774965912102,1.7302181112200021
1789666017730390000,47.76439013671875,5.278650012499094,1.6288883190333843,0.4533741746023297
1789666017740342000,47.77434204101562,5.289374820131063,1.6013292809784412,-0.7145479072645307
1789666017750295000,47.784294921875,4.8849955625832076,1.2106605688750742,-1.9650904046729205
1789666017760247000,47.7942470703125,4.27419386099726,0.9926607920289039,-3.037561230997741
1789666017770199000,47.80419897460938,3.9101825619339943,1.09425478810966,-3.9856045904040336
1789666017780152000,47.81415209960937,4.055268201477825,1.3275760527282952,-4.8518724606603385
1789666017790103800,47.82410375976563,4.3529508791089055,1.6958780347228049,-5.790143490853906
1789666017800056000,47.83405615234375,4.605583577919006,2.161693465486169,-6.728230981174111
1789666017810009000,47.84400903320312,4.6947827873289585,2.5720079583019015,-7.543896791440248
1789666017819961000,47.85396118164063,4.694727842271328,2.951482491695881,-8.130030792498587
1789666017829912800,47.863912841796875,4.586999873480201,3.3279069898694753,-8.582365979442
1789666017839865900,47.87386596679688,4.409132785058021,3.2455086926460264,-9.040470981958508
1789666017849818000,47.88381811523438,4.054378266900778,3.1819068658292293,-9.169458011877536
1789666017859770000,47.89377001953125,3.5656542542368173,3.4557618008881805,-9.209890560030937
1789666017869723100,47.90372314453125,3.2287536649391053,3.31642814899981,-9.354394308033585
1789666017879675000,47.9136748046875,2.954956013025343,3.571234684717655,-9.11999109339714
1789666017889627000,47.923626953125,2.912859915573895,4.093676842588186,-8.747312796014548
1789666017899580000,47.933579833984375,2.7218518982887265,4.549686334130167,-8.480311380112171
1789666017909532200,47.9435322265625,2.603207106424868,4.729627306216955,-8.598035257738829
1789666017919484000,47.95348388671875,2.550345869331062,4.201638620135188,-9.157574097338319
1789666017929437000,47.96343701171875,2.129082550869137,3.385636125260591,-9.142323336714506
1789666017939389000,47.97338891601562,0.20920038431882856,2.3424480920433997,-7.815291473865509
1789666017949341200,47.98334106445313,-3.6777813347697257,1.0677250931024551,-4.557193056498468
1789666017959294200,47.993294189453124,-9.693695820993184,-0.8488181382834911,0.2326341591373086
1789666017969246000,48.00324584960938,-21.662182494342325,-7.109916760876774,10.445307969021796
1789666017979198000,48.01319799804688,-20.26382843955755,-17.445724490737913,30.120410637462136
1789666017989151000,48.02315087890625,-5.970094984334707,-24.986148053109645,37.375547770178315
1789666017999103000,48.03310302734375,-2.1793748142577707,-20.657356632745266,23.361163171255587
1789666018009055000,48.043054931640626,-2.271910182353109,-9.742737207537889,15.510615675091742
1789666018019008000,48.05300805664063,-3.1742505058571693,1.125423248833418,7.656200982105731
1789666018028960000,48.0629599609375,0.09984101493358612,5.34689703477323,3.4146702043041586
1789666018038912000,48.072912109375,2.944189996600151,6.23889263600409,0.4852978376075625
1789666018048865000,48.08286499023438,3.789281223315,5.719655411654711,-1.8004761810556054
1789666018058817000,48.092817138671876,4.9901639100193975,4.540031786078214,-4.161408316555619
1789666018068769000,48.10276904296875,6.658796210420132,2.5572575484156608,-6.064263214328885
1789666018078722000,48.11272216796875,6.355313614338636,0.21036416740119457,-8.110544001740216
1789666018088674000,48.122674072265625,4.0701615269660945,-3.0640286744236946,-11.66287291045785
1789666018098625800,48.13262573242187,-3.0749463742792607,-8.503965811944008,-14.9249691652894
1789666018108578800,48.142578857421874,-14.0356226172626,-13.838621204781532,-10.938661979573965
1789666018118531000,48.15253100585937,-23.958006782376764,-14.754147319203614,8.032876824691892
1789666018128483000,48.16248315429687,-9.782061502188444,-10.750636485230922,9.460819377532601
1789666018138436000,48.17243603515625,2.9055285497725007,-6.669192516750097,-4.496923004452884
1789666018148387800,48.18238793945312,6.228240893608331,-4.008054907143116,-7.393094820076227
1789666018158340000,48.19234008789063,5.520393068504333,-0.36824119171798225,-8.614808697885275
1789666018168293000,48.20229321289062,4.842437985099852,1.3064327269345521,-7.317566408622264
1789666018178245000,48.2122451171875,5.344171409201621,1.338376848205924,-5.525574270534515
1789666018188198100,48.2221982421875,7.024567797154187,0.6746376294195652,-4.452955267910659
1789666018198150000,48.23214990234375,8.201555229008198,0.5456190353184938,-3.424081883510947
1789666018208102000,48.242101806640626,9.037664692366123,0.8188403486490249,-2.621006674748659
1789666018218055000,48.25205493164062,9.51281669127345,4.382486185672879,1.6824718790523707
1789666018228007200,48.26200708007813,10.412855313706398,10.998977624326944,6.237557588008046
1789666018237959000,48.271958984375,6.737400376057624,11.127851841521263,6.600392536768317
1789666018247912000,48.28191186523438,2.4731752436280248,9.520873156479,6.318444311624765
1789666018257864000,48.291864013671876,-4.080846587109566,5.683955152720213,6.356832202208042
1789666018267816200,48.301816162109375,-9.078540308111906,2.678097512236237,6.9185378644526
1789666018277769200,48.31176928710938,-6.276093947151303,2.069711347359419,3.706492173208296
1789666018287721000,48.321720947265625,-1.6576526412248611,3.851183260476589,2.335458963808417
1789666018297673000,48.3316728515625,1.1998860038172452,4.990387197381258,1.0121832386225462
1789666018307626000,48.3416259765625,3.338437151712179,4.8623400786608455,-0.2056796445804648
1789666018317578000,48.351577880859374,5.185763054487109,1.5386860700607299,-2.136391997099668
1789666018327530000,48.36153002929687,6.873748290133475,-1.3805384121090174,-3.7871474261566993
1789666018337483000,48.37148291015625,6.619981034335494,-2.8165087885826825,-3.837652747774124
1789666018347435000,48.38143505859375,4.7817234041571615,-2.673383343195915,-2.635029062621295
1789666018357387000,48.39138696289063,3.3872190105378626,-3.1329689396589995,-2.0435149759598077
1789666018367340000,48.401340087890624,1.6822545830398796,-4.2765556216925384,-1.419272485781461
1789666018377292000,48.4112919921875,0.30402678596079347,-5.220632123294473,-0.9654526132382452
1789666018387244000,48.421244140625,-0.4394320123590529,-4.634209368422627,-0.5760601316157729
1789666018397197000,48.43119702148437,-0.599980228646472,-2.937076949724555,-0.05035838742740452
1789666018407149000,48.44114916992187,-0.6857220641441643,-1.7612065392017364,0.4591691976819187
1789666018417100800,48.451100830078126,-1.4582511818647383,-0.4176011426925659,1.1867641449809074
1789666018427053800,48.4610537109375,-2.5703181055188176,0.5706131913214921,1.8480553860932587
1789666018437006000,48.47100610351563,-3.0739784060299393,1.0521668739646672,2.5810890903800723
1789666018446958000,48.4809580078125,-2.933793690270185,1.353669694405794,3.024575784957409
1789666018456911000,48.4909111328125,-2.4223846753284333,1.4474322662085295,3.1070623449862
1789666018466862800,48.50086279296875,-2.0402169573277233,1.9111130230307578,3.277018806414306
1789666018476815000,48.510815185546875,-1.840069063514471,2.116151611495018,3.1728415158420797
1789666018486768000,48.52076806640625,-1.8442431343287229,2.082358647486567,2.905914334219694
1789666018496720100,48.53072021484375,-2.2452421017885205,1.796823211506009,2.4695728352218866
1789666018506671900,48.540671875,-3.2419279115498063,1.7450585374772547,2.000240190117806
1789666018516625000,48.550625,-4.303598526918888,1.539504400706291,1.7394785453878343
1789666018526577000,48.56057690429687,-4.805004911023378,0.30598551881313324,1.8192337807565926
1789666018536529200,48.57052905273437,-4.489581117257476,-0.4142331275641918,2.8197803575992584
1789666018546482200,48.580482177734375,-3.453178214135766,-0.763054164019227,4.051246398615837
1789666018556434000,48.59043383789062,-2.27445796713978,0.16747253565788267,5.53216709292829
1789666018566386000,48.60038598632813,-2.133097339468449,-0.7263450203031301,6.181651576390862
1789666018576339000,48.6103388671875,-1.2873260215349496,-3.0870933236688374,6.55963733253181
1789666018586291200,48.62029125976562,-0.04062836298644543,-4.607383320817351,6.348161404496431
1789666018596243000,48.630242919921876,0.37538872538506984,-6.141635792344808,5.028891992342472
1789666018606196000,48.64019604492187,0.534176361740753,-5.686088073095679,4.677533838625252
1789666018616148000,48.65014794921875,1.1173445717960595,-5.450977586972713,4.823065176109969
1789666018626100000,48.660099853515625,0.9585047668617218,-5.876888292849063,4.09359442500174
1789666018636053000,48.67005297851563,0.3512438796877861,-5.647170605680346,3.3975761539012193
1789666018646005000,48.6800048828125,-3.167235366398096,-3.432316043370962,3.4182883948013183
1789666018655958000,48.6899580078125,-8.881071862640976,-2.4362118328899145,3.029351621057093
1789666018665910000,48.699909912109376,-13.114751634681223,-1.839720103946328,2.3180102547489105
1789666018675862000,48.709862060546875,-12.56943129004836,-1.4541034145355223,3.083558135280013
1789666018685814000,48.71981396484375,-9.094335258615017,-2.2661159629911185,4.496643895250559
1789666018695767000,48.72976708984375,-5.483363022270798,-2.077303117662668,5.353997806689143
1789666018705719000,48.739718994140624,-3.093120328873396,-1.537781230175495,4.850958852946758
1789666018715671000,48.74967114257812,-1.8170096749663351,-1.250876259407401,3.3833106049224733
1789666018725624000,48.7596240234375,-0.8550758835040032,-1.1735825918465852,1.715420501191169
1789666018735575800,48.76957592773437,-0.6001882453739643,-1.8558266046166418,-0.028788835578225553
1789666018745528800,48.77952880859375,-0.9741070443369447,-3.0932331415981054,-1.643282755088806
1789666018755481000,48.789481201171874,-1.5645312899351118,-4.838119829639792,-2.8593296931773424
1789666018765433000,48.79943310546875,-1.2784978413045405,-7.227622518324852,-4.107204432681202
1789666018775386000,48.80938623046875,-0.6462598223276436,-9.702442606550454,-4.901565296851098
1789666018785337900,48.819337890625,1.1838079255238174,-11.536530842089652,-5.314332735776901
1789666018795290000,48.8292900390625,5.723593920147419,-11.791394076430796,-7.491255334576964
1789666018805243100,48.8392431640625,7.700496050906181,-10.738354511284827,-8.466412618619204
1789666018815195100,48.84919506835938,8.266017472046613,-6.587400953248143,-5.462350629380345
1789666018825147000,48.85914697265625,7.634187887740135,-2.854313326320052,-3.7940816093340515
1789666018835100000,48.86909985351563,6.227788473665714,0.49746319943666456,-2.480480598205328
1789666018845052000,48.87905200195313,4.172583790564537,3.59157253934741,-2.9093428473636505
1789666018855004200,48.889004150390626,0.9232949948579072,8.25941938895583,-0.35770554998256265
1789666018864957200,48.89895727539062,-0.6027528351649641,6.563805558127164,5.07302164144814
1789666018874909000,48.908908935546876,0.7113678159236908,1.3580278896152973,3.744038644531369
1789666018884861000,48.91886083984375,2.642958394315839,-3.957307301202416,-0.2717227453358471
1789666018894814000,48.92881396484375,6.169560156580806,-3.2794004408538338,-2.021876998516917
1789666018904766200,48.93876611328125,7.53826083137989,-1.8609131141006945,-2.6004645297184585
1789666018914718000,48.94871801757812,6.828232739627361,-1.175617897066474,-2.358117078079283
1789666018924671000,48.9586708984375,5.790650271332264,-0.8367197042107581,-2.2373121855720877
1789666018934623000,48.968623046875,4.032982135389745,0.8600649239629506,-1.2953656817361712
1789666018944575000,48.97857495117187,2.0230334750756622,2.6994723086982964,-1.8737327020548282
1789666018954528000,48.988528076171875,1.0627306458160282,4.626572005411982,-2.2505746949881313
1789666018964480000,48.99847998046875,1.7804902086034415,5.722687326696515,-3.1071473929211497
1789666018974432000,49.00843188476563,2.8890035314291715,5.416011487531661,-4.710179970686138
1789666018984385000,49.01838500976562,3.2338544952094552,5.617651081207394,-6.15228227404356
1789666018994337000,49.0283369140625,3.43627325656414,5.399332739931345,-6.538330340608954
1789666019004289000,49.0382890625,3.9235625602498647,6.112381056287885,-6.404967579823732
1789666019014242000,49.04824194335937,3.3820971374794837,6.678972152486443,-6.590430530202388
1789666019024194000,49.05819409179688,2.26504073497504,6.471284510818124,-6.435785327413678
1789666019034146000,49.06814599609375,0.5967325519621371,5.623149678623676,-6.601011545449495
1789666019044099000,49.07809912109375,-1.1500732675738632,5.293807249620556,-6.490803450280428
1789666019054050800,49.08805078125,-1.3691969338834284,4.8980812541276215,-5.944083760243654
1789666019064003000,49.098003173828126,-0.8266789333201945,4.159077243259549,-5.572887810373306
1789666019073956000,49.1079560546875,-0.14193009812235832,2.861187303742766,-5.172092841053009
1789666019083908000,49.117908203125,-0.17996274552717803,1.8616817603856324,-4.305745475819706
1789666019093859800,49.12785986328125,-2.126714068172127,1.2343863123774528,-3.2238924886435267
1789666019103812900,49.137812744140625,-6.518264288657903,0.49365036315023897,-1.3315225983969867
1789666019113765000,49.14776513671875,-13.72165252943635,-0.24954759227633475,2.720826646894216
1789666019123717000,49.15771704101562,-13.78664434930682,-4.982522455355524,11.456204674965143
1789666019133670100,49.167670166015625,-4.785775309896469,-9.380741047689318,18.49388563619256
1789666019143622000,49.17762182617187,-2.9260499442756176,-9.993750780713558,22.97231816744804
1789666019153574400,49.18757446289062,-4.047051869535446,-10.598947209638357,15.138164172202348
1789666019163527400,49.19752734375,-6.679719755983352,-11.391253771626948,7.798983313143252
1789666019173479400,49.2074794921875,-7.820256402796506,-7.005642147409915,4.2589913234293455
1789666019183431400,49.21743139648437,-5.0910956427991385,-4.5805157721579075,1.2704802468046545
1789666019193384400,49.227384521484375,-2.3972540334641934,-3.9311072765409945,0.5752411433830857
1789666019203336400,49.23733642578125,-0.18766418674997984,-2.453902387881279,-0.36125937000662084
1789666019213288200,49.2472880859375,1.885131025034189,-1.5175632025331258,-1.7640557911530137
1789666019223241200,49.2572412109375,4.676909276986122,-1.1149591379642485,-3.1651518381223083
1789666019233193500,49.267193359375,7.247042673587798,-0.9603805706709623,-5.814944170111417
1789666019243145500,49.2771455078125,6.370844360947609,-1.4012135358691216,-3.548701365870237
1789666019253098500,49.28709838867187,-0.4174129266440868,-2.6591712779700756,3.9867648663550614
1789666019263050200,49.29705029296875,-4.134031064808369,-2.721375512948632,6.608246172878146
1789666019273002500,49.30700244140625,0.504201713911444,-3.8719489851295945,1.0151865120917558
1789666019282955500,49.31695556640625,6.268254924088716,-5.034513923877477,-8.108819662165642
1789666019292907500,49.32690747070313,3.5324434740304946,-4.494620864990353,-10.282981564080714
1789666019302859300,49.336859375,-2.300143904799223,-0.5023521405220032,-7.877507399281859
1789666019312812300,49.346812255859376,-3.231247527581453,1.9197323828160762,-8.856586240682006
1789666019322764300,49.356764404296875,1.726986289691925,2.1876573433041573,-9.524555059862136
1789666019332716500,49.366716552734374,7.047929968041181,-0.3354962754577398,-6.0659051363170144
1789666019342669600,49.37666967773438,7.408115863597392,-1.8671908791959284,-2.315723458985984
1789666019352621300,49.386621337890624,8.775235406684875,-1.3247633333951234,-1.3377999251008033
1789666019362573300,49.3965732421875,6.168783326989412,0.7306523621082306,-0.7826116819262504
1789666019372526300,49.4065263671875,2.1527802373208105,1.9455507146835327,-0.5637438900738955
1789666019382478600,49.416478515625,0.39498255671449,2.0732588107079266,-0.4552563350871205
1789666019392430300,49.42643041992188,1.0837222151141612,1.0296516752958298,-1.4805968691855669
1789666019402383400,49.43638330078125,1.7781869000971315,-0.5101870719313621,-2.8289222799539564
1789666019412335400,49.44633544921875,1.7033388721227645,-2.040779851907492,-3.3124382025808092
1789666019422287400,49.45628735351563,2.408790157479048,-3.7801381319165226,-3.1644942509964107
1789666019432240400,49.46624047851562,1.5163514886558056,-5.0913528324306006,-2.965741903194785
1789666019442192400,49.4761923828125,0.2743687297999859,-5.418485184168815,-3.0709406457692383
1789666019452144400,49.486144287109376,0.9424573759675026,-5.3450511146456,-2.955758269318938
1789666019462097400,49.49609741210938,1.5053946258336304,-4.7888405426859855,-1.7325094370275735
1789666019472049400,49.50604931640625,2.9745716908603903,-2.0395149465382096,0.7436129659682512
1789666019482001400,49.51600146484375,3.0980332353562114,-2.1169594207465647,0.9424550378799438
1789666019491954400,49.52595434570313,0.7782574322395026,-0.957995721361041,0.12467968811392784
1789666019501906400,49.535906494140626,-1.218864479727298,1.3310364223152398,-0.522716298636794
1789666019511858400,49.5458583984375,-2.747336468157172,2.291713930106163,-1.9221207392573356
1789666019521811500,49.5558115234375,-4.11131128347814,1.8604484191983937,-1.6614485263764858
1789666019531763200,49.56576318359375,-4.370824973973631,0.8617080149948596,-0.33981764578819273
1789666019541715500,49.57571557617187,-3.8767479098439215,0.965127472937107,-0.8868073849380016
1789666019551668500,49.58566845703125,-2.900388848796487,2.2108406504929063,-2.064662247276306
1789666019561620500,49.59562036132812,-1.1328244650006294,2.201514603742957,-0.7306102765321731
1789666019571572200,49.605572265625,1.0399921597853303,0.9824339970469474,1.2343716993302105
1789666019581525200,49.61552514648437,2.33346720546931,-0.18350538657009602,2.4392963549017903
1789666019591477500,49.6254775390625,1.1562956492200493,-0.3958130892544985,2.8033862721592184
1789666019601429500,49.63542944335938,-0.6403317474529147,-0.2882750900775194,1.3306710961341857
1789666019611382500,49.64538256835937,-3.310234262795746,0.1301882224023342,1.4533780228704214
1789666019621334300,49.65533422851563,-7.082699083605409,0.821943575361371,1.6554846495360136
1789666019631286300,49.66528637695313,-8.621696703833342,1.7205898666530846,2.122620515248179
1789666019641239300,49.6752392578125,-6.659169135385751,1.6746195581167935,2.2700912963628768
1789666019651191600,49.68519165039063,-3.8415012398958206,1.2093933254182339,2.259042663604021
1789666019661143300,49.695143310546875,-1.6030010135829447,0.8580424782246351,2.375989711639285
1789666019671096300,49.70509643554688,-0.5846873093813657,0.2609036835491657,3.720343296167254
1789666019681048300,49.71504833984375,-0.6212900701135396,-0.19250410106182098,5.820939026612043
1789666019691000600,49.72500048828125,-0.9840490310281514,-0.3382552187770605,6.952831763720512
1789666019700953600,49.73495361328125,-0.9487415708035231,-0.4502221403121948,7.6905790525257585
1789666019710905300,49.7449052734375,-0.4812187516003847,-0.21375147175192832,8.251952706336974
1789666019720857300,49.754857421875,-0.497798130479455,-0.6783470053315163,8.775382706201077
1789666019730810400,49.764810302734375,-0.9497022325292229,-0.23602350931465624,9.591050270032882
1789666019740762400,49.774762451171874,-1.4957941460564732,0.8180114966094494,10.477606310558318
1789666019750714400,49.78471435546875,-1.8019009531617163,1.6982289817631244,11.790125663930176
1789666019760667400,49.79466748046875,-1.5018506696164606,2.0930559825897217,12.425831797409057
1789666019770619400,49.80461938476562,-0.82558222412467,2.562001528072357,12.032149290442465
1789666019780571400,49.8145712890625,-0.11236030476689338,3.0863942354887723,11.522208886748551
1789666019790524400,49.8245244140625,0.5122293914139271,3.4180385116934775,11.169801808500289
1789666019800476400,49.83447631835938,1.1323697069704532,3.4754461600452657,10.83563064416647
1789666019810428400,49.84442846679688,1.5468904193043709,3.4748517012834546,10.30097080975771
1789666019820381400,49.85438134765625,1.957648564234376,3.5138907492518423,10.23811834000349
1789666019830333400,49.86433349609375,2.124257176539302,3.064399845823645,11.382189006161688
1789666019840285200,49.87428515625,2.337678393423557,2.0987369508355855,11.662267345780133
1789666019850238200,49.88423828125,2.4587071578145028,0.7894991033524275,9.94962171612978
1789666019860190500,49.8941904296875,2.5914082398205993,0.4347977766871452,7.2379960283011195
1789666019870142500,49.904142578125,3.0094664786309,0.15027648618519304,4.018457643213868
1789666019880095500,49.91409545898438,3.0820261034071446,-0.8289607606470585,1.1305004059672354
1789666019890047200,49.924047119140624,2.871197241103649,-1.4392843233272432,-1.6796698272436856
1789666019899999500,49.93399951171875,2.0265052428394554,-1.9442802563562989,-3.6303117275863883
1789666019909952500,49.943952392578126,2.132207258760929,-0.7046522439330816,-5.196781876629591
1789666019919904500,49.953904541015625,2.3944746318787336,-0.6953662369325757,-5.969135783913731
1789666019929856300,49.96385620117187,2.3122072675585748,-2.217027814695239,-5.453527271455526
1789666019939809300,49.973809326171875,2.0000819308161732,-3.1151150107994674,-4.355017163988948
1789666019949761300,49.98376123046875,0.8509580729216337,-3.837514216086268,-2.994772182846069
1789666019959713500,49.99371362304687,-0.5664683466017246,-3.9872751539647577,-2.2285411423563954
1789666019969666600,50.00366650390625,-1.9592834719598293,-3.6483483195364474,-2.0533523332327603
1789666019979618300,50.01361840820312,-3.202636934646964,-3.3653274967253206,-2.3985662851065395
1789666019989570300,50.0235703125,-4.239919543212652,-3.3503462006926537,-2.5514129140406845
1789666019999523300,50.0335234375,-5.2364545463263985,-3.6693136584147807,-2.226943644031882
1789666020009475600,50.0434755859375,-5.685216550958156,-3.8180499294206496,-2.1456267123043538
1789666020019427300,50.05342724609375,-4.971967743593454,-2.84631589782536,-2.336688797864318
1789666020029380400,50.06338037109375,-3.5630718365281817,-2.328480795358866,-2.292840011526644
1789666020039332400,50.07333227539063,-0.04992869077324867,-2.314399809166789,-2.487940266561508
1789666020049284400,50.083284423828125,-1.614399190431833,-3.587238601796329,-2.3845266538381575
1789666020059237400,50.0932373046875,-0.5245335771918297,-4.566150269936025,-1.7451912239462135
1789666020069189400,50.103189453125,-0.25667700576484204,-4.4742949930593365,-1.2049497900128363
1789666020079141400,50.113141357421874,-0.45943303624987597,-4.927544079977274,-0.6859037043213844
1789666020089094400,50.12309448242188,-0.37199791390299797,-5.14939410251081,0.03477335334792733
1789666020099046400,50.13304638671875,-0.5904308214694262,-4.620320251540839,0.3534342293389141
1789666020108998400,50.14299829101562,-1.24470487729609,-3.5514369283139704,0.35416079004779455
1789666020118951400,50.152951416015625,-2.2265905928105116,-2.617866038635373,0.2920886570163071
1789666020128903400,50.1629033203125,-3.1154058104395865,-2.222555053684115,0.0695766634427011
1789666020138855400,50.17285546875,-3.692280984765291,-2.1607522391133007,-0.07447291105166078
1789666020148807700,50.1828076171875,-4.08686131735444,-2.2892174371153113,0.33158772371187806
1789666020158760000,50.19276000976563,-4.19074430115521,-2.715828984737396,0.816934222766757
1789666020168711700,50.202711669921875,-3.7952860166877507,-3.296036226095259,1.3100279749475419
1789666020178664700,50.21266479492188,-3.2350761459589004,-4.151686256225407,2.0204159860536457
1789666020188616700,50.22261669921875,-4.214695670107007,-4.0090725597530605,2.0779329399988056
1789666020198568700,50.232568603515624,-3.9461984626889226,-2.6183237192749975,1.9522711089797318
1789666020208521700,50.24252172851563,-1.3999801946818828,-0.7977505066081881,1.9184321138724683
1789666020218473700,50.2524736328125,-1.299545305508375,-1.032290207105875,2.804333197620511
1789666020228425700,50.26242578125,-1.606696945491433,-1.6675976966559887,3.440869059921801
1789666020238378800,50.272378662109375,-0.9963988095134496,-1.4093486192688345,3.455348836173117
1789666020248330800,50.282330810546874,-0.5016016144156455,-1.1875719542324543,2.9534523304641245
1789666020258282800,50.29228271484375,-0.5563064335495234,-0.9203186093956232,1.8780707312591374
1789666020268235800,50.30223583984375,-1.141311138316989,-0.8621925836414098,1.5922472721174359
1789666020278187800,50.31218774414062,-2.0455805301874874,-1.0215767976507544,1.811927111005038
1789666020288139800,50.32213989257812,-2.755744231018424,-0.8937640722081065,2.1769269827142357
1789666020298092800,50.3320927734375,-2.306141683909297,-0.2681438639357686,2.449384618195891
1789666020308044800,50.342044921875,-0.9151187026649713,-0.07575695951282978,3.0344430989772078
1789666020317996800,50.35199682617188,0.2147147638261318,0.1249947454124689,3.1063457211494443
1789666020327949800,50.36194970703125,0.9640911156266927,0.4551376771435141,2.6414146720051765
1789666020337901800,50.37190185546875,1.3690817830711601,0.21461627188771962,2.075002877896279
1789666020347853600,50.381853515625,2.079315626528859,-0.07374108964577317,1.54998780079782
1789666020357806600,50.391806640625,2.993078822931647,-0.2729188232526183,0.8631947464212775
1789666020367758800,50.4017587890625,3.3855320803642273,-0.710593324419856,0.7072600883439183
1789666020377710800,50.4117109375,3.400429789766669,-0.7019467843666672,0.6965688907206058
1789666020387664000,50.42166381835938,2.9078327350616453,-0.4137111495167017,0.40492476260140536
1789666020397615600,50.43161572265625,2.2006915969222782,-0.2542952251948416,-0.1261666387360543
1789666020407567600,50.44156762695312,1.8789812702327966,-0.39479090659990906,-0.7680936194911598
1789666020417520600,50.451520751953126,2.148426572155952,-0.9405912898346781,-0.6737223412055522
1789666020427473000,50.461472900390625,2.9025463190913197,-0.916360373289138,-0.5824531205885112
1789666020437424600,50.47142456054687,3.4279122554540633,-0.7936050773665309,-0.6043312634628266
1789666020447377700,50.481377685546875,3.902640475991368,-0.9424801723212003,-0.5251841500550508
1789666020457329700,50.49132958984375,4.114112312373519,-1.352607033610344,-0.2267461605446413
1789666020467282000,50.50128198242187,3.9388393320977686,-1.7100103127107023,0.014752994568971917
1789666020477235000,50.51123486328125,3.2053210591644046,-1.6732395019352435,-0.03798651127472985
1789666020487186700,50.52118676757812,2.018935684368014,-1.3094105737015604,-0.3958191171364859
1789666020497138700,50.531138671875,0.7697785038381815,-0.8556655199602246,-0.9273949044574051
1789666020507091700,50.541091796875,-0.6181558637410401,-0.6188280639141798,-0.8819140599384904
1789666020517043700,50.55104370117188,-1.68518245318532,-0.43881841050535436,-0.648860652475804
1789666020526995700,50.56099560546875,-2.1843086173981425,-0.2815291229486465,-0.2045323559751734
1789666020536948700,50.57094873046875,-1.8875953693211078,-0.0060553545162081715,0.48996553715765473
1789666020546900700,50.58090063476563,-1.1066963365316391,0.3343418447256088,0.9472045704945922
1789666020556852700,50.590852783203125,-0.708763770905137,0.4583738825857639,0.6147122991584241
1789666020566805800,50.6008056640625,-0.42660862501263613,0.4305427495911717,0.04367806941326707
1789666020576757800,50.6107578125,-0.4079647148191929,0.1761380726724863,-0.23393866586461662
1789666020586709800,50.620709716796874,-0.8139823872238398,-0.2656865339115262,-0.3217559924621135
1789666020596662800,50.63066284179688,-1.3846779961317777,-0.6297478095963597,-0.4518969416566193
1789666020606614800,50.64061474609375,-1.6889280694544315,-0.8112512086942791,-0.4467683465965092
1789666020616566800,50.65056689453125,-1.6004244410932063,-0.7056628822803497,-0.5139822264306247
1789666020626518800,50.66051879882812,-1.3747545680105686,-0.5083201090157031,-0.642812604483217
1789666020636471800,50.670471923828124,-1.1894663896769284,-0.5665341053143144,-0.7438812615156173
1789666020646423800,50.680423828125,-0.9319663770914077,-0.7197375848621129,-0.8748049585856497
1789666020656376800,50.690376953125,-0.7904623954266309,-0.9004524639308452,-0.9319015682268887
1789666020666328600,50.70032861328125,-0.7733177838802338,-1.0267667675092815,-0.7483537307545542
1789666020676280800,50.71028076171875,0.33362872802019117,-1.6084078410625458,-0.22905069289365781
1789666020686232800,50.72023291015625,0.0033037177205085754,-1.4023600755557417,0.3393948903314769
1789666020696185900,50.73018579101562,-0.4396820415973663,-1.2257643222436307,0.6856548441268503
1789666020706137600,50.7401376953125,-0.06860124253928661,-0.8457283555746078,0.6015769232533872
1789666020716089600,50.750089599609375,-0.26562603589594364,-0.3086664284601807,-0.009497430394636467
1789666020726042600,50.76004272460938,-0.8960381546199321,-0.1802858400017023,-0.4232484278645366
1789666020735995000,50.769994873046876,-1.1367150426983832,0.17807985439002513,-0.8422737581413239
1789666020745946600,50.77994653320312,-1.1765133846014737,0.4840852469474077,-0.7759852495238184
1789666020755899600,50.789899658203126,-1.2853233034104108,0.4199073738083243,-0.4234810310440138
1789666020765851600,50.7998515625,-1.1326046847701072,0.2561903912916779,-0.08589885269030928
1789666020775804000,50.809803955078124,-1.1566986770629881,-0.08187368882745504,0.14290489797126502
1789666020785757000,50.8197568359375,-1.2502291936755179,-0.2611649648338556,0.20356877164002507
1789666020795708700,50.82970874023437,-1.0168594137400389,-0.165192900288105,0.03442790091112256
1789666020805660700,50.83966064453125,-0.537287844824791,0.0011827800437808037,-0.12745375593714414
1789666020815613700,50.84961376953125,0.12254735226035117,0.206517721106112,-0.13723098052069543
1789666020825565700,50.85956567382812,0.3315244492173195,0.0701046328395605,-0.08558456257674843
1789666020835517700,50.869517578125,0.5810334630489349,-0.003926233533024788,-0.05389514671880752
1789666020845470700,50.879470703125,0.6592711334615945,-0.10356968006789684,0.23046287951283156
1789666020855422700,50.88942260742188,0.5752741688698529,-0.25910744778215883,0.4269029683167115
1789666020865374700,50.89937475585938,0.39747020881175993,-0.38514994868189095,0.37524500606544314
1789666020875327700,50.90932763671875,0.49697921531200406,-0.40299452519118784,0.2614016961991787
1789666020885279700,50.91927978515625,1.0848153441131114,-0.38328795420229433,0.2504161552717909
1789666020895231700,50.929231689453125,1.8646698362857101,-0.21141133836656809,0.3073726257899776
1789666020905184800,50.93918481445313,2.434752281731367,-0.19455869550406932,0.363862172916159
1789666020915136800,50.94913671875,2.5242250473856926,-0.3512494326457381,0.574396984176524
1789666020925088800,50.9590888671875,2.2631384084850548,-0.5327691983565688,0.8274713258069009
1789666020935041800,50.96904174804688,1.976497641611099,-0.2788751013085246,1.1305140691664068
1789666020944993800,50.978993896484376,1.4022463860481977,0.12795388747900724,1.527890389149636
1789666020954945800,50.98894580078125,0.6030886429905891,0.4755985736310482,1.8919030033871531
1789666020964898800,50.99889892578125,-0.0413221904695034,0.5475128862410783,2.1724846163526177
1789666020974850600,51.0088505859375,-0.3926215997368097,0.7101368128240108,2.198725411415845
1789666020984802800,51.018802734375,-0.37170331487059594,0.9032529083043336,1.9714735298387704
1789666020994755800,51.028755859375,-0.0958633434742689,0.741475953939557,1.486598447687924
1789666021004707800,51.03870776367187,0.5750339303731918,0.24925065515637396,1.4213351173996924
1789666021014659600,51.04865966796875,1.3391548468410968,-0.625183570420742,1.7710186159029602
1789666021024612600,51.05861254882812,2.011509918281436,-1.2019056000113486,1.8648297030225396
1789666021034564600,51.06856469726562,2.325191836816072,-1.3581956473976373,1.6968476104073225
1789666021044516900,51.07851684570313,2.1741998958379027,-1.20893447573483,1.5192945563703775
1789666021054470000,51.08846997070312,1.5517963115245104,-1.0342249745607375,1.3963666803598402
1789666021064421600,51.09842163085938,0.8128472457140684,-0.7975535227313637,1.2303408363789319
1789666021074373600,51.10837353515625,0.082356796169281,-0.5384659486934542,1.0212190702542663
1789666021084326000,51.118325927734375,-0.5062567467451096,-0.47791678744554517,0.9261519917242228
1789666021094279000,51.12827880859375,-0.977414123058319,-0.506364006511867,0.864167756171897
1789666021104230700,51.138230712890625,-1.3944254831641911,-0.5585130036830902,0.8207017586067319
1789666021114182700,51.1481826171875,-1.6591098542958498,-0.5288114006415009,0.8395480595044791
1789666021124135700,51.1581357421875,-1.7178759315192698,-0.4128466416418552,0.8952301992379128
1789666021134087700,51.16808764648437,-1.590074311992526,-0.28841449854820966,0.9981751715362072
1789666021144039700,51.17803979492187,-1.440638952806592,-0.2506190209001303,1.0847335110485554
1789666021153992700,51.18799267578125,-1.202168050339818,-0.3096104313120246,1.1842434673968703
1789666021163944700,51.19794482421875,-0.8000473853737116,-0.3702314887523651,1.247748775036633
1789666021173896700,51.20789672851563,-0.32578035260736943,-0.4932110949501395,1.2462516683466731
1789666021183849700,51.217849609375,-0.11904489709734915,-0.5791472109109163,1.1539077311702073
1789666021193801700,51.2278017578125,-0.19692659367918966,-0.6270327054187655,1.0579750487867743
1789666021203753700,51.23775366210938,-0.5056476749360561,-0.579945960073173,0.9037515785414725
1789666021213706800,51.24770678710937,-0.97720720230937,-0.460274163249135,0.7266497023381292
1789666021223658800,51.25765869140625,-1.4432979428827761,-0.3276429316088557,0.5597437510544434
1789666021233610800,51.26761083984375,-1.8323679876178502,-0.19115356323570012,0.34709925416372717
1789666021243563800,51.27756372070313,-2.108049553582072,-0.12356968104541301,0.1503342807870358
1789666021253515800,51.28751586914063,-2.3035148425370453,-0.10045096352547407,0.014018442349880932
1789666021263467800,51.2974677734375,-2.370104160732031,-0.1334711895957589,-0.025514745811000467
1789666021273420800,51.3074208984375,-2.269167751777172,-0.005314473021030426,0.08466081706164404
1789666021283372500,51.31737255859375,-2.338223167824745,0.17400369099229573,0.040272864079661665
1789666021293324800,51.32732470703125,-2.164832348033786,0.35598055282086133,0.002204926165752113
1789666021303277800,51.33727783203125,-2.0661907720178365,0.4826066988274455,0.22114658697191625
1789666021313229800,51.347229736328124,-1.7538801418364047,0.6717310943230986,0.14005100637748838
1789666021323181600,51.357181640625,-1.460254922902584,0.6105722767442464,0.17171850266456604
1789666021333134600,51.367134521484374,-1.130747658726573,0.6086302027657627,0.34639055790510026
1789666021343086600,51.37708666992187,-0.8619804021954536,0.6645400137752294,0.5996872735818848
1789666021353038800,51.38703881835937,-0.7196037293493748,0.7800245880424976,0.6883803966332227
1789666021362991900,51.396991943359374,-0.6391922220289706,0.8914432280451059,0.6156956111073494
1789666021372943600,51.40694360351562,-0.6228367150336503,0.8796829398855567,0.5460158891489729
1789666021382895600,51.4168955078125,-0.6167249541550874,0.8838821451410651,0.42589605629649013
1789666021392848000,51.42684790039063,-0.6022165363311768,0.9641542439907789,0.3005299568209797
1789666021402801000,51.43680078125,-0.6381576182842255,1.1222276676625014,0.17187372975889592
1789666021412752600,51.446752685546876,-0.676372490388155,1.227024551437795,0.07326408325117081
1789666021422704600,51.45670458984375,-0.5642489169865846,1.3218132514178753,0.013896277274936437
1789666021432657700,51.46665771484375,-0.35426819594502446,1.4242615262404084,0.06417487746439873
1789666021442609700,51.476609619140625,-0.21951836471557615,1.4225292956203222,0.27441045004986225
1789666021452562000,51.48656201171875,-0.17897125027179717,1.4024372324451804,0.4099574230063706
1789666021462514700,51.4965146484375,-0.16670038224160671,1.3846809187412261,0.5120074192263185
1789666021472466700,51.506466796875,-0.08457914839386939,1.4419216860935091,0.69436056702137
1789666021482418700,51.51641870117187,0.08357610883116721,1.5297034299209713,0.9180120129536837
1789666021492371700,51.526371826171875,0.3149766345202923,1.6148887275144457,0.9942498878512531
1789666021502323700,51.53632373046875,0.6722527801096438,1.6640356202602387,0.9500563797291368
1789666021512275700,51.54627563476563,1.0137807369470595,1.5716840842992066,0.822852287704125
1789666021522228700,51.556228759765624,1.1358470276921986,1.4969441928744316,0.5416611645381897
1789666021532180700,51.5661806640625,0.9975181689321995,1.4070961641669273,0.2567866036191582
1789666021542132700,51.5761328125,0.7692541877031326,1.229283436280489,0.11851955804899335
1789666021552085800,51.58608569335937,0.80743574205935,0.9688543845057487,0.15026969111822544
1789666021562037800,51.59603784179688,1.3123714693337678,0.7164505260154604,0.17973507425114513
1789666021571989800,51.60598974609375,2.2106389904409647,0.4311398387014866,0.10280351800099015
1789666021581942800,51.61594287109375,3.1797190003961324,-0.012961480642855166,0.15796148772984742
1789666021591894500,51.62589453125,4.061938473021984,-0.49314650528132914,0.21494711127728222
1789666021601846800,51.6358466796875,4.630164476945996,-0.7856780837595463,0.44466647894643246
1789666021611799800,51.6457998046875,4.470557852357626,-0.9327239174604416,0.6285154913224279
1789666021621751800,51.655751708984376,3.7745325669944285,-0.9034259267836808,0.38729609386511143
1789666021631703800,51.665703857421875,2.6259195812314746,-0.8641893104165792,0.05727171047981828
1789666021641656600,51.675656494140625,1.212979367211461,-0.9227394068017601,-0.19456899770237504
1789666021651608800,51.68560888671875,-0.12140636553168296,-0.9566612578868865,-0.049278556301444766
1789666021661560800,51.69556079101562,-0.7139519871979951,-0.6989975791722536,-0.22425627995766698
1789666021671512800,51.70551293945312,-1.0446464153319597,-0.11611410434246063,-0.9249594209387898
1789666021681465600,51.71546557617187,-1.1007383049100636,-0.05494447310864925,-1.2160717072036116
1789666021691417600,51.72541748046875,-0.7699614591896533,-0.26963293344974515,-1.3057646184146403
1789666021701369900,51.73536987304688,-0.5153261883854866,-0.6363663509532809,-0.9850418414577842
1789666021711323000,51.74532299804687,-0.3767874862670898,-0.8224117773950099,-0.536691084508039
1789666021721275000,51.75527490234375,-0.32336277007162567,-0.7344426943019032,-0.2306859476789832
1789666021731226600,51.7652265625,-0.35907121231257916,-0.591574438546598,-0.0020314327623695136
1789666021741179600,51.7751796875,-0.46900575123727317,-0.5050222365140915,0.2016820445779711
1789666021751131600,51.785131591796876,-0.6188824244499206,-0.5497250093325973,0.33651074972990896
1789666021761084000,51.795083984375,-0.8202490464031695,-0.6163765791088343,0.41205085162166505
1789666021771036700,51.80503662109375,-1.0140525396257638,-0.6602870325058698,0.5436093759965152
1789666021780988700,51.81498876953125,-1.057816278028488,-0.5917363511100411,0.6310369726240634
1789666021790940700,51.824940673828124,-0.8721744639515876,-0.5072618321344257,0.6433848514132201
1789666021800893700,51.834893798828126,-0.4295996235221624,-0.3972016210034489,0.6640116059869527
1789666021810846000,51.844845947265625,0.19898294168710706,-0.44831893703937525,0.47494537041932344
1789666021820797700,51.85479760742187,0.48917526356279845,-0.7477811915636062,0.5215238009165972
1789666021830750700,51.864750732421875,0.6037742871671915,-0.8205719947472214,0.4671737500371411
1789666021840702700,51.87470263671875,0.4895704003602266,-0.7413134568542241,0.3034342999603599
1789666021850654700,51.88465478515625,0.11161328579187392,-0.7366697227016091,0.2460105407239869
1789666021860607700,51.894607666015624,-0.334817061021924,-0.6682844610005617,0.1520244714968372
1789666021870559700,51.90455981445312,-0.8478975163072348,-0.5628332049697637,0.025271904365299268
1789666021880511700,51.91451171875,-1.3038812888860702,-0.5490694680333137,-0.009356377956131473
1789666021890463700,51.924463623046876,-1.5893810690313577,-0.5045522809147834,-0.08302527001537383
1789666021900416800,51.93441674804688,-1.7318775688648222,-0.4863213354364037,-0.11927863278798759
1789666021910368800,51.94436865234375,-1.8700836780279875,-0.5041352245464921,-0.10276137762600555
1789666021920320800,51.95432080078125,-2.018923409408331,-0.4702487370356917,-0.09860231258464046
1789666021930273800,51.96427368164063,-2.1735019767016173,-0.4062824608206749,-0.08393997370749712
1789666021940225800,51.974225830078126,-2.3001386441022156,-0.31312603821754453,-0.08647484421366826
1789666021950177800,51.984177734375,-2.4260674554944037,-0.1743935670927167,0.014344527932512573
1789666021960130800,51.994130859375,-2.37308931402266,-0.04347936850339174,0.17261835584742946
1789666021970082800,52.004082763671875,-2.0477789170145986,0.1242892274916172,0.11857480450072325
1789666021980034800,52.01403491210937,-1.6620663660138844,0.3297615311980247,-0.227659622127749
1789666021989987800,52.02398779296875,-1.415367733427882,0.17057839271873235,-0.2803312549335882
1789666021999939600,52.03393969726562,-1.190910743266344,0.03387859646528959,-0.4115107899282127
1789666022009891800,52.04389184570312,-1.0142004236638544,-0.10134411297291517,-0.46754024526197463
1789666022019844900,52.053844970703125,-0.8282575808137654,-0.08055939135849476,-0.41332547466736286
1789666022029796900,52.063796875,-0.4411059369206428,-0.021805004572868346,-0.23398480656128376
1789666022039748600,52.07374853515625,0.1995657100111246,0.011748889982700347,-0.031841336750332266
1789666022049701600,52.08370166015625,0.9957108272492885,-0.05538637165725231,0.15771111143166197
1789666022059653600,52.09365356445313,1.8136480895787477,-0.1473936242252588,0.2619061751225963
1789666022069606000,52.10360595703125,2.4498908141523597,-0.13563947354555128,0.40572869939543305
1789666022079557600,52.1135576171875,2.804631303784251,-0.1002317678168416,0.8047725141994655
1789666022089510700,52.1235107421875,2.8124580518871545,-0.16589111168533563,1.0208503100071102
1789666022099462700,52.133462646484375,2.6217297283262013,-0.13664514345675707,0.943902752470225
1789666022109415000,52.143414794921874,2.2450293358206745,-0.000367079746723175,0.9031270899675786
1789666022119368000,52.15336791992188,1.8547376403361557,0.34031711974292994,0.8478252547886223
1789666022129319700,52.163319580078124,1.5481202533602714,0.6693205260500311,0.9334517933435738
1789666022139271700,52.17327172851562,1.3265315121114254,0.690031597906351,1.211745952958986
1789666022149225000,52.183224853515625,1.1936077272653578,0.5538704385742544,1.4793740493923424
1789666022159176700,52.1931767578125,1.2300064898580312,0.36200843480825423,1.728267269413173
1789666022169129000,52.20312890625,1.4658435366898774,0.09727057992368936,1.8527277618184685
1789666022179082000,52.21308203125,1.888661537247896,-0.17656243556439877,1.8378830977775156
1789666022189034000,52.22303393554687,2.3352923750698564,-0.36574937490224835,1.825822219236195
1789666022198985700,52.23298583984375,2.5298662681430577,-0.4545832581311464,1.8915362159013747
1789666022208938800,52.24293872070312,2.464898413670063,-0.4594792134791612,1.9652327357530592
1789666022218891000,52.25289111328125,2.115157924282551,-0.435031293182075,1.9711630025848745
1789666022228843000,52.26284301757813,1.5561819792628286,-0.37453210855573416,1.8788211112350224
1789666022238796000,52.27279614257812,0.9583487725824117,-0.33396541262865065,1.6341127756834029
1789666022248747800,52.28274780273438,0.4808002339273691,-0.35277591156065463,1.2789862093433737
1789666022258699800,52.29269970703125,0.10076163690984248,-0.49276598153114315,1.0411883838325737
1789666022268652000,52.302652099609375,-0.17883739475905894,-0.7807187077865004,1.1003803583178668
1789666022278605000,52.31260498046875,-0.281748318657279,-0.8409478432998061,0.8476459526989608
1789666022288556800,52.322556884765625,-0.5046551567673683,-0.926443522016704,0.9026037967458367
1789666022298508800,52.3325087890625,-0.6553530832350254,-1.0869093937829135,0.9902375834699719
1789666022308461800,52.3424619140625,-0.6775497174739837,-1.1565656983330845,1.0028823993790894
1789666022318414000,52.3524140625,-0.7199573650926351,-1.1175623061999678,1.0833238634463398
1789666022328365800,52.36236572265625,-0.8670417772382497,-1.0222095425963402,1.2373340562671422
1789666022338318800,52.37231884765625,-1.0221884998083115,-0.9600164135336875,1.4865648376792668
1789666022348270800,52.38227075195312,-1.1780378176897763,-0.8762737159639596,1.8355384343475103
1789666022358222800,52.39222290039063,-1.1407581806093454,-0.6509077942639588,1.9027147586502133
1789666022368175900,52.40217578125,-1.158543428146839,-0.6004439737007021,1.7961001579284668
1789666022378128000,52.4121279296875,-1.2971850061178207,-0.6350871247977018,1.7029156782746313
1789666022388079900,52.42207983398438,-1.5258581526696682,-0.6410244058921932,1.625908426439762
1789666022398033000,52.43203295898437,-1.7928654137909412,-0.5748486369341611,1.4590242120638488
1789666022407985000,52.44198486328125,-1.9885715257644652,-0.5105497677639127,1.187783989547938
1789666022417937000,52.45193701171875,-2.20542505518496,-0.5752674468681216,0.8968721212260424
1789666022427889000,52.461888916015624,-2.477594813635945,-0.7160977670550346,0.649032501911372
1789666022437842000,52.47184204101563,-2.7418583290070293,-0.6824301829919218,0.5218466761954128
1789666022447794000,52.4817939453125,-3.062971858847141,-0.7081593752712011,0.36423425763156264
1789666022457746000,52.49174584960937,-3.2806618390917777,-0.5134542570337652,0.011086329854163341
1789666022467698700,52.50169873046875,-3.438701945015788,-0.3629094753012061,-0.2673201447290368
1789666022477651000,52.51165087890625,-3.4411183585077523,-0.4191635697036981,-0.5230766563817858
1789666022487603000,52.52160302734375,-3.2241005784362553,-0.4711027235165238,-0.6519883560422808
1789666022497556000,52.531555908203124,-2.8714859949171543,-0.40913142051100726,-0.5890873709712178
1789666022507507700,52.5415078125,-2.4171470669358968,-0.37853082280308004,-0.4873093235604465
1789666022517460000,52.5514599609375,-2.0361264731436965,-0.4252504884019494,-0.3481134727075696
1789666022527413000,52.5614130859375,-1.6794892099797725,-0.3669719024345279,-0.22247080304669214
1789666022537365000,52.57136499023437,-1.4682494287878274,-0.17715981693565844,-0.14419035293823107
1789666022547317000,52.58131689453125,-1.3798837475925683,0.01970657098889351,-0.08584167914297432
1789666022557269800,52.59126977539062,-1.2440063736379146,0.15659662911742925,-0.13085603866130113
1789666022567221800,52.6012216796875,-1.1728279740869998,0.21107085436582565,-0.23880440873745828
1789666022577174000,52.61117407226563,-1.2335089450210333,0.14345686929821969,-0.37558329810909924
1789666022587127000,52.621126953125,-1.1404057139098644,0.1096837790340185,-0.5398582433020696
1789666022597078800,52.631078857421876,-1.0629612397015094,-0.08626111013144254,-0.3635253421772271
1789666022607030800,52.64103076171875,-0.9603086744785309,-0.004132569760084152,-0.36897564347237344
1789666022616983000,52.650983154296874,-1.0808353345662354,0.3965425725728273,-0.46434320278633384
1789666022626936000,52.66093603515625,-1.266919047191739,0.8256465215325355,-0.48883624086678024
1789666022636888000,52.67088818359375,-1.1803992861241102,0.9711419109210372,-0.5936262565098702
1789666022646839800,52.68083984375,-0.6481558652073145,0.9698264444082975,-0.7239391282051801
1789666022656792800,52.69079272460937,0.4609323348969221,0.9133049312412739,-1.0677429940853267
1789666022666744800,52.70074487304687,1.4501134681165218,0.8398901509404182,-1.5316761912986636
1789666022676697000,52.71069702148438,1.988217305499315,0.8435460430994629,-2.0419401278585196
1789666022686649900,52.72064990234375,2.2537971641659733,0.44996816555112595,-2.1898390712574125
1789666022696601900,52.73060180664063,2.3381278907567262,-0.6154962891429663,-1.9350643919825552
1789666022706553900,52.74055395507813,2.368697216543555,-1.5023992434099316,-1.8166411339148878
1789666022716507000,52.7505068359375,2.689519654482603,-1.2337044675931335,-1.691663047376275
1789666022726459100,52.76045922851562,3.16316183334887,-0.11766016474068164,-1.3884316495768725
1789666022736411000,52.770410888671876,3.3610108025699854,1.1614181068003178,-1.1806393784902989
1789666022746363000,52.78036279296875,3.178091691455245,2.3407827891796824,-1.3601365523323417
1789666022756316000,52.79031591796875,2.678650469943881,3.3633000825509427,-1.5963772115290165
1789666022766268000,52.800267822265624,2.332769578593969,3.9792318405017255,-1.7719788392372429
1789666022776220000,52.81021997070312,2.2003385457009075,4.033786437509954,-1.9111499940402805
1789666022786173000,52.8201728515625,2.6179566395282743,3.5380011081576344,-1.8892728010140358
1789666022796125000,52.830125,3.8270898527055977,2.619987853094935,-1.552976315089315
1789666022806077000,52.84007690429687,5.814553124967217,1.3287018418878316,-1.0499925986655056
1789666022816030000,52.850030029296875,6.934925520151853,0.24633447544872758,-0.6865631911434232
1789666022825982000,52.85998193359375,6.311885976022482,-0.13823416621387005,-0.2543226977236569
1789666022835934000,52.86993383789063,5.5338183672666545,-0.5602686151787638,0.0886060658223927
1789666022845887000,52.87988696289062,4.266149378490447,-0.7606637617513538,0.2762618500702083
1789666022855839000,52.8898388671875,2.606547356763482,-0.7112696162462234,0.4626423536852002
1789666022865790700,52.899790771484376,0.8367600362211466,-0.5247653401210903,0.6228527893856167
1789666022875743700,52.90974365234375,-0.18079437404572962,-0.5657248347580432,0.6657521660439669
1789666022885696000,52.91969604492188,-0.41210371432006354,-0.3863058407187462,0.8437542790226638
1789666022895648000,52.92964794921875,0.030604981622099875,-0.1690387620612979,1.000719303061068
1789666022905601000,52.93960107421875,0.9986223307818174,0.16071487809121607,1.1627138456992805
1789666022915552800,52.949552734375,1.7360066314935683,0.5135352133154869,1.270656480154395
1789666022925505000,52.959505126953125,1.8470342263519763,0.6692506756842136,1.3141788110166788
1789666022935457000,52.96945703125,1.5231027164816855,0.33580110362321136,1.1406520898863672
1789666022945410000,52.97941015625,0.90876144259274,-0.3273307969197631,0.8729156377077102
1789666022955361800,52.98936181640625,0.07269406481087208,-0.6470277379602194,1.0092908781819045
1789666022965313800,52.99931372070313,-0.8195698319673538,-0.787509975361824,1.3271079968251287
1789666022975266800,53.009266845703124,-1.5219021085202693,-0.7832201692134142,1.4664382877126336
1789666022985219000,53.01921899414062,-1.967614662453532,-0.5859481230974197,1.2701260265395045
1789666022995170800,53.0291708984375,-2.1119722799837586,-0.3892436477363109,0.8645099206730723
1789666023005123800,53.03912377929687,-2.0814128910690544,-0.25057722758501766,0.3483249235011637
1789666023015075800,53.04907592773438,-2.1181325561791655,-0.22938743230104444,-0.0764382197752595
1789666023025028000,53.05902807617188,-2.0953058073431254,-0.4197857932552695,-0.302206438665837
1789666023034981000,53.06898120117187,-1.8872633608877658,-0.8588727915689348,-0.05076879485920071
1789666023044932900,53.07893286132813,-1.6913526662528513,-1.2282917948946357,0.4613032140359282
1789666023054884900,53.088884765625,-1.6687895367890595,-1.3812144116744398,0.7834064855657518
1789666023064836900,53.0988369140625,-1.8122195180803535,-1.236332770270109,0.897364434787631
1789666023074790000,53.108789794921876,-2.0923937192887068,-1.000489878219366,0.9120141607783734
1789666023084742000,53.118741943359375,-2.342469719353318,-0.8385255845889449,0.8094431363590061
1789666023094694000,53.12869384765625,-2.4193361014127728,-0.6767538909211754,0.7460159354567527
1789666023104647000,53.13864697265625,-2.2478315337598325,-0.57494391400218,0.7163171088941395
1789666023114599000,53.14859887695312,-2.0400813482493163,-0.5197086412534118,0.7481275207832455
1789666023124551000,53.15855102539062,-1.96140820902884,-0.4969187172964215,0.9004057021796703
1789666023134504000,53.16850390625,-2.0456179395884275,-0.5313534863397479,1.1506912533417344
1789666023144456000,53.1784560546875,-2.271070370528102,-0.5366545153573155,1.464034295310825
1789666023154408700,53.18840869140625,-2.464618427684903,-0.5016036602422594,1.7395830286756158
1789666023164361700,53.19836181640625,-2.687782455426454,-0.5303182980731129,1.7528588359646498
1789666023174313500,53.2083134765625,-2.6251538575559854,-0.5183756390839814,1.556521732611209
1789666023184265700,53.218265625,-2.4150644154429433,-0.44236967324614523,1.2368963955022394
1789666023194217700,53.2282177734375,-2.2571967434763907,-0.3922714711248874,0.831429927239567
1789666023204170800,53.23817065429687,-2.277575514638424,-0.4463748172342777,0.6029867900513112
1789666023214122500,53.24812255859375,-2.2577216441333294,-0.5173667543023824,0.40346491918191313
1789666023224074500,53.258074462890626,-2.154206909123063,-0.21367899103760718,0.35722974916435773
1789666023234027500,53.26802758789062,-1.9960680189996958,-0.03532061196714639,-0.03823145791254937
1789666023243979800,53.27797973632813,-1.4180804995179175,-0.059143093842267985,-0.757818163061887
1789666023253931500,53.287931640625,-0.4838654667168855,0.04631663775593042,-1.349322605112195
1789666023263884500,53.29788452148438,0.4208849866688251,0.17402108051851392,-1.8588763475760817
1789666023273836500,53.30783642578125,1.2616554275751113,0.43493762354925275,-1.9358413677044213
1789666023283788800,53.317788818359375,1.9437766907483338,0.6809837835758924,-1.614634168231487
1789666023293741800,53.32774194335938,2.566436880171299,0.5691038096718489,-0.8528063311368227
1789666023303693600,53.337693603515625,2.7696932613939045,-0.08759338164851069,0.2513334162471816
1789666023313645600,53.3476455078125,2.6757828055530783,-0.9125076433837414,1.389020993772149
1789666023323598600,53.3575986328125,2.699008782839775,-0.8317142971388995,1.913823597163707
1789666023333550600,53.36755053710937,2.7932039008408784,0.28155849517360326,1.6834585520021617
1789666023343502600,53.37750268554687,3.110005412700772,1.183730111047253,1.8186625567398964
1789666023353454600,53.38745458984375,3.4943992823183536,1.1257860907964408,2.4034745154142376
1789666023363407600,53.39740771484375,4.633398052039742,0.5886288135487586,2.933169713152945
1789666023373359600,53.40735961914063,6.174543205690384,0.15997206036727873,2.931570753523707
1789666023383311600,53.4173115234375,7.373169637900591,-0.28713070581536737,2.7047902888506647
1789666023393264600,53.4272646484375,7.999919726985692,-0.6669098116464912,2.1447636657342315
1789666023403216600,53.43721655273438,8.316463464692234,-0.917456205701828,1.2979951534569263
1789666023413168600,53.447168701171876,8.108687560218572,-1.114708743399754,0.4287535280868411
1789666023423121700,53.45712158203125,7.170292611384391,-1.0834096420336514,-0.1746719091100618
1789666023433073400,53.467073486328125,5.7066375246495005,-1.1185922337695955,-0.6382846787299961
1789666023443025700,53.477025634765624,3.5613200244247913,-1.2701064450561999,-0.9080266985774039
1789666023452978700,53.48697875976563,1.4071136998236178,-1.278593995155394,-0.7861994042199104
1789666023462930700,53.4969306640625,-0.2826718632429838,-0.9118396079290658,-0.7630781294167042
1789666023472882400,53.50688232421875,-1.5491028346568345,-0.49307373230606316,-0.7499408538155258
1789666023482834700,53.51683471679687,-2.3319249444633723,-0.5259742775194347,-0.4808728607721626
1789666023492787700,53.52678759765625,-2.754831792348623,-0.17109876333102583,-0.758236826865375
1789666023502739700,53.53673974609375,-3.5068723949223757,0.34700624211803077,-1.5342086323857307
1789666023512691700,53.54669165039063,-3.995356169089675,1.3107472291328013,-2.0219635077565905
1789666023522644500,53.55664453125,-4.406900495961308,1.2639840166531502,-0.9035513067290186
1789666023532596500,53.56659643554688,-4.1220840219050645,1.1943475858472288,0.2156914999037981
1789666023542548700,53.576548828125,-2.632778361085057,1.1514267280094326,0.2735940921656787
1789666023552501800,53.58650170898437,-0.27345921373963356,0.8488888654321431,0.5449658321067691
1789666023562453500,53.59645361328125,0.2105669964969158,0.8655087224520742,1.110356466474384
1789666023572405500,53.606405517578125,1.519645854026079,0.623956366713345,1.0885292500697075
1789666023582358500,53.61635864257813,2.031694628176093,0.31317469966486094,1.2927731810249388
1789666023592310800,53.62631079101563,2.0748142234563827,-0.15869798531085252,1.001712990273535
1789666023602262800,53.6362626953125,1.822731559744477,-0.8626644389368593,0.2661462603777647
1789666023612214500,53.64621459960937,1.3032336386322974,-0.9195081697955727,-0.14657105579599738
1789666023622167600,53.65616748046875,0.726585843321681,-0.4906161100208759,-0.14326558450981974
1789666023632119600,53.66611962890625,-0.02350713231563568,-0.2969451571367681,-0.08559139417633414
1789666023642071800,53.67607177734375,-0.5680833805829286,-0.04152940347939729,0.00428337640762329
1789666023652024600,53.686024658203124,-1.2314724707573652,0.030313743590563533,0.2143926922649145
1789666023661976600,53.6959765625,-1.8666858522832392,0.04787584989666938,0.41139805026873943
1789666023671928600,53.70592846679688,-1.8557605536431072,0.2628080558657646,0.6156104170419275
1789666023681881600,53.71588159179687,-1.473432968905568,0.35192338638454673,1.0045829927518963
1789666023691833900,53.72583374023438,-1.0458645589500666,0.22239304336905477,1.3599813617706298
1789666023701785600,53.73578564453125,-1.0134165798097847,-0.001348638129979372,1.521887787733972
1789666023711738600,53.74573852539063,-1.4309522560507058,-0.12260521992743015,1.4098865255378186
1789666023721690600,53.75569067382813,-1.786095481264591,-0.16044643641337752,1.2157239897444843
1789666023731642600,53.765642578125,-2.2495897756040093,-0.20240634026452897,1.2982368532583117
1789666023741594600,53.7755947265625,-2.5869115129232405,-0.12967208957374096,1.4191057509124279
1789666023751547600,53.785547607421876,-2.6576626269727943,-0.07143690435662865,1.5347791257500647
1789666023761499600,53.795499755859375,-2.6508687290489674,-0.09510507245287299,1.62071816432029
1789666023771451600,53.80545166015625,-2.4162182616531847,-0.1517889365747571,1.6684677574887872
1789666023781404700,53.81540478515625,-2.1899580214619636,-0.30062896021604535,1.7284236290186643
1789666023791356700,53.82535668945312,-2.10070562056005,-0.40432255892455576,1.7121809347480534
1789666023801308700,53.83530859375,-2.0936779138803483,-0.40346725726947186,1.6414038094744086
1789666023811261700,53.84526171875,-1.80832835586071,-0.1998930422693491,1.5657725221678613
1789666023821213700,53.85521362304687,-1.5439274778455494,-0.0625780367270112,1.6577917574346064
1789666023831165400,53.86516552734375,-1.6187901188671587,-0.019530629900097844,1.662091208194196
1789666023841118500,53.87511840820312,-1.798521832117438,-0.02708002236634493,1.4034712516680359
1789666023851070700,53.88507080078125,-2.0825953788518903,-0.028708792611956593,1.072387824216485
1789666023861022700,53.89502270507813,-2.381172667235136,0.10972411104440688,0.7811717122510076
1789666023870974500,53.904974365234374,-2.2794179276347157,0.2549329385764897,0.6489592905446887
1789666023880927500,53.914927490234376,-1.475721372103691,0.3244755536191165,0.47809740470945833
1789666023890879700,53.924879638671875,-0.43052083002030844,-0.01568812912777066,0.4819184243023395
1789666023900831700,53.934831787109374,0.5284019430577754,-0.4226533115155995,0.325128318439424
1789666023910784800,53.94478466796875,1.1255021592885255,-0.6838254367426038,-0.12974690837562083
1789666023920736500,53.954736572265624,1.3463947349667549,-0.854902865024656,-0.5801905824840069
1789666023930688500,53.9646884765625,1.2929460533738135,-0.8884196424402296,-0.9021569297611712
1789666023940641500,53.9746416015625,1.3415490485012531,-0.7036402904115617,-1.10041404139176
1789666023950593800,53.98459375,1.6005553739964962,-0.4201160481229424,-1.1531794168956577
1789666023960545500,53.99454565429688,1.8766373374551533,-0.13342413558363914,-1.1516247347995638
1789666023970497500,54.00449755859375,1.9711504353642462,0.2334017825089395,-1.170307369568199
1789666023980450600,54.01445043945313,1.9226058924257754,0.5750372913740575,-1.0816527884289622
1789666023990402800,54.02440283203125,1.896778208208084,0.7394600840725004,-0.6446399660408496
1789666024000354600,54.0343544921875,2.215115843594074,0.8377316577322781,-0.1781850683301687
1789666024010307600,54.0443076171875,2.7260744844198226,0.7551067121461034,0.2580880416065454
1789666024020259600,54.054259521484376,3.036914457526803,0.44478915547803044,0.38791371430680155
1789666024030211600,54.064211669921875,3.3926357748895883,0.07046119119226932,0.2876885223612189
1789666024040164600,54.07416455078125,3.788275845664739,-0.4458078310012817,0.3136420249156654
1789666024050116600,54.08411669921875,3.7033091592580076,-0.9684840898886322,0.21628683544844388
1789666024060068600,54.09406860351562,3.0854525707244873,-1.203887421478331,-0.04772489711865782
1789666024070021600,54.104021728515626,2.132983503830433,-1.2339835767954588,-0.1906964671179652
1789666024079973600,54.1139736328125,0.7776993599653244,-1.1759992975994944,-0.1312317401058972
1789666024089925600,54.12392553710937,-0.6664537384420632,-0.9003659546911716,-0.02270472989156842
1789666024099877600,54.13387768554688,-1.9117472292810678,-0.3788537711471319,0.0912868293389678
1789666024109830700,54.14383056640625,-2.808603130024671,0.3235788970403373,0.21546894319429993
1789666024119782700,54.15378271484375,-3.019385230576992,1.0210288083791732,0.3149234430283308
1789666024129734400,54.163734375,-3.0888468893378973,1.367271226517856,0.6125871236979961
1789666024139687400,54.1736875,-3.300398805218935,1.437198164702952,0.4995351834051311
1789666024149639200,54.18363916015625,-3.360338017874956,1.5283689664468167,-0.006981821711361408
1789666024159591200,54.19359106445312,-3.161976422956586,1.3554498558208345,-0.36088732182383537
1789666024169544200,54.203544189453126,-2.5974820067763327,1.023609618652612,-0.49197819215431804
1789666024179496200,54.21349609375,-1.5593582712113856,0.7557043857783079,-0.5739069721698761
1789666024189448400,54.223448486328124,-0.33798633870780465,0.4775716272696852,-0.6635860740512609
1789666024199401200,54.233401123046875,0.69725102776587,0.1501855930313468,-0.823685450592637
1789666024209353200,54.243353271484374,1.4890823734581469,-0.27691914493516084,-1.1585453278429805
1789666024219305200,54.25330517578125,2.0581711316913367,-0.748374773542583,-1.4686942499458788
1789666024229257500,54.26325756835938,2.373149519777298,-1.1591090992055832,-1.6033322913639247
1789666024239210200,54.27321020507812,2.365004207244515,-1.3110460659489034,-1.4502085990540683
1789666024249162200,54.28316235351563,2.0065736309230324,-1.1137418711289764,-1.0910631524614989
1789666024259114200,54.2931142578125,1.4654402165859937,-0.645145723605901,-0.7206745734512805
1789666024269067300,54.3030673828125,0.9324410088658333,-0.14469664022624493,-0.3173375184327364
1789666024279019300,54.31301928710938,0.5416308424651622,0.20610490252152083,0.09962561861723661
1789666024288971300,54.32297119140625,0.29524551361203194,0.37749256579652424,0.4258374945096671
1789666024298924300,54.33292431640625,0.022664251750707624,0.47469022661447524,0.5797428387165069
1789666024308876300,54.342876220703126,-0.5242547602504491,0.38424832366704936,0.6039879299178719
1789666024318828300,54.352828369140624,-1.2418576711714266,0.2776692326501012,0.3801134158194065
1789666024328780300,54.3627802734375,-1.7992840486615895,0.19942688606232403,0.2164874725870788
1789666024338733300,54.3727333984375,-2.2966244985014197,0.04086494822129607,0.30715163998305794
1789666024348685300,54.38268530273437,-2.73038767144382,0.06482420821860432,0.37214024498313664
1789666024358637300,54.39263720703125,-3.03621069317162,0.29206849101111293,0.48033276254609225
1789666024368590300,54.40259033203125,-3.3346868592679497,0.5187604006178677,0.6403175727970898
1789666024378542000,54.4125419921875,-3.443717142829299,0.7020313939101993,0.7668813210919498
1789666024388494300,54.42249438476563,-3.3088796333163977,0.8488115624122321,0.928107071314752
1789666024398447400,54.432447265625,-3.0845331177920103,0.825919785515964,1.0685191660895943
1789666024408399400,54.4423994140625,-2.9011048881113526,0.8971776800438761,1.1616361334651708
1789666024418351000,54.45235107421875,-2.6116239293754098,1.097142033983767,1.2240185014896094
1789666024428303400,54.462303466796875,-2.2447633783608674,1.2356160003028809,1.350312785193324
1789666024438256400,54.47225634765625,-1.8468495174348354,1.3859211280606687,1.5038041417717933
1789666024448208400,54.48220849609375,-1.471075592124462,1.5077648620963096,1.6355314103096723
1789666024458160000,54.49216015625,-0.9175579125106335,1.5739426768809557,1.7829609826311468
1789666024468113200,54.502113037109375,-0.1812923866957426,1.6196142947316168,2.0114571651808917
1789666024478065200,54.512065185546874,0.8295856145471334,1.6946610601484775,2.262001367279142
1789666024488017400,54.52201733398437,2.199319724047184,1.7076847923725842,2.4123985572345554
1789666024497970400,54.531970458984375,3.704876846966147,1.5826887317858636,2.441398149486631
1789666024507922200,54.54192211914062,5.0000890917062755,1.2671896808266638,2.2936462133429942
1789666024517874200,54.55187426757813,5.638418559426069,0.7860545158565044,2.097991247034818
1789666024527826400,54.56182641601563,5.3575651437819,0.2933240440301597,1.9608847696766256
1789666024537779500,54.57177954101562,4.270742551499605,0.16595613974556325,1.7714670903228222
1789666024547731200,54.58173120117188,2.957770778185129,0.4620625079706311,1.4058929258570074
1789666024557683200,54.59168310546875,1.7318267154604197,0.7838235419340431,1.1759529742397368
1789666024567636200,54.60163623046875,0.5902841064751148,0.9648793433949351,1.1724728770390151
1789666024577588200,54.611588134765626,-0.03226327022314072,1.114971412923932,1.2029057900298386
1789666024587540200,54.621540283203124,-0.02086860050559044,1.196352642059326,1.534187589597702
1789666024597493200,54.6314931640625,0.4667880751878023,0.9842603356912731,2.0732918361946937
1789666024607445200,54.6414453125,1.329596160379052,0.49641018325239417,2.2748343992367386
1789666024617397200,54.65139721679687,2.318492046916485,-0.1071332177683711,2.107259718378633
1789666024627349200,54.66134936523437,3.472681956028938,-0.684339816005528,1.720173102545738
1789666024637302300,54.67130224609375,4.313770961365104,-1.2357545319907366,1.3647165735989808
1789666024647254300,54.68125415039062,4.686283839052916,-1.8356060927562414,1.019629609105736
1789666024657206300,54.69120629882813,4.374419783595204,-2.3567566033810374,0.619369477314502
1789666024667159300,54.7011591796875,3.355451414877176,-2.6050840062126515,0.21509083059690892
1789666024677111000,54.71111108398438,2.2452648981422185,-2.5108827507317066,-0.009611147301644087
1789666024687063300,54.721063232421876,1.2470219220668077,-2.2555875547140833,0.11751629929058253
1789666024697016300,54.73101635742187,0.33213001389503477,-1.9914269151955841,0.41136327121630306
1789666024706968300,54.74096826171875,-0.49874037976562974,-1.6628545937821269,0.6761096016682684
1789666024716920000,54.750920166015625,-1.119391567453742,-1.28567927724123,0.879659485944733
1789666024726872300,54.760872314453124,-1.4829787958860396,-1.0239081632077693,1.0728262156337498
1789666024736825300,54.77082543945313,-1.6383821235656737,-0.9187951992206275,1.272241703519225
1789666024746777300,54.78077734375,-1.7148492771744728,-0.8985955840177834,1.3764461743593215
1789666024756729000,54.79072900390625,-1.820365415135026,-0.9557720539622008,1.4049522840060293
1789666024766682000,54.80068212890625,-1.9366700736135243,-1.0602632327891885,1.3658511305868626
1789666024776634000,54.81063403320312,-1.936169138354063,-1.0999709737993777,1.210351283730194
1789666024786586400,54.82058642578125,-1.7775012559205292,-1.113155011151731,1.0136202856883405
1789666024796538400,54.83053833007813,-1.4580454301595687,-1.1236616459883748,0.919403978768736
1789666024806491100,54.8404912109375,-1.1207488272815942,-1.1502990391537546,0.8895327913139015
1789666024816443100,54.85044311523438,-0.8291302719950675,-1.0535368471436202,0.9008146483067423
1789666024826395400,54.8603955078125,-0.5490326431542635,-0.8449870356880128,0.8974931757338345
1789666024836348400,54.87034838867187,-0.3299766352534294,-0.7245541913636029,0.8196137441743164
1789666024846300200,54.880300048828126,-0.33999124878942966,-0.673124448377639,0.6657648793950677
1789666024856252200,54.890252197265625,-0.6400555608600378,-0.5994337737448513,0.3957888315960765
1789666024866205200,54.900205078125,-1.0330407332122324,-0.4654954050287604,0.12308306657224893
1789666024876157200,54.9101572265625,-1.1802829662680625,-0.2435923371337354,-0.15180910257995128
1789666024886109400,54.920109375,-1.1071885039627551,-0.003410392965376377,-0.35714660092554984
1789666024896061200,54.93006127929687,-0.9530798922687769,0.21956834133714437,-0.3867367064166814
1789666024906014200,54.94001416015625,-0.7674941922932863,0.4823376726277172,-0.3284947261326015
1789666024915966200,54.94996630859375,-0.7479395969957113,0.7236530047401786,-0.27458105737641453
1789666024925918500,54.95991845703125,-0.7120996373295784,0.9053951810300349,-0.306044701654464
1789666024935871200,54.96987133789062,-0.6875491334408521,1.0406184749901295,-0.3744480835340917
1789666024945823200,54.9798232421875,-0.6992407402783631,1.1360979337133466,-0.514406881583482
1789666024955775200,54.98977514648438,-0.6723737761408091,1.2346952321961522,-0.6308866043679415
1789666024965727200,54.999727294921875,-0.6525660828649997,1.3591526558615266,-0.6321941798351705
1789666024975680300,55.00968017578125,-0.527018964266777,1.5220795109137892,-0.6503535213820636
1789666024985632300,55.01963232421875,-0.3280249166637659,1.712060523238778,-0.737056091670692
1789666024995584300,55.029584228515624,-0.0724012193441391,1.812684359113127,-0.8158442355729639
1789666025005537300,55.03953735351563,0.22964871358573435,1.8405673684254287,-0.8638295371934771
1789666025015489300,55.0494892578125,0.33129940828979015,1.6399818138472735,-0.9257092163927853
1789666025025441300,55.05944116210937,0.5020505272269249,1.3094650803677736,-1.0078477667015044
1789666025035394300,55.069394287109375,0.6228302852928638,1.0608091762341558,-1.1175802071828393
1789666025045346300,55.07934619140625,0.6309966406136751,0.931867008370161,-1.0175850246008484
1789666025055298300,55.08929833984375,0.7450584886014461,1.1763668157376348,-1.091350152709335
1789666025065250000,55.09925,0.8222147935181856,1.4354106967642903,-1.2080971481278537
1789666025075203000,55.109203125,0.7136305001586675,1.5662969844333827,-1.0840489628504961
1789666025085155300,55.1191552734375,0.5890653783351183,1.4968956775575875,-0.9005541707396507
1789666025095107300,55.129107421875,0.7216963177144528,1.3042056985348462,-0.7118902323625982
1789666025105060400,55.13906030273437,0.9561866261124611,1.0873258656293152,-0.4579364044839516
1789666025115012000,55.14901220703125,1.4242191484034061,0.9487371868893504,-0.38103524337206035
1789666025124964400,55.15896435546875,1.914784989541769,0.8604697053715586,-0.3402987073034048
1789666025134916400,55.16891625976562,2.038648100575805,0.8181170028105378,-0.1757620789669454
1789666025144869400,55.178869384765626,1.892747929778695,0.8396040274754166,0.06567549128569662
1789666025154820600,55.18882055664063,1.6544652433604001,1.0225038493677974,0.2562717494321987
1789666025164772900,55.19877294921875,1.542479032602906,1.0876523211047053,0.3271609933108091
1789666025174726000,55.20872583007812,1.595389369535446,1.0711147355407475,0.2220145289128646
1789666025184678000,55.21867797851562,1.3139198678195476,1.105625784690678,0.3491593284986913
1789666025194629600,55.228629638671876,0.9742460144162177,1.103844746492803,0.6223148831166326
1789666025204582700,55.23858276367187,0.8621966752946376,1.0845315587356685,0.9282606544412672
1789666025214534700,55.24853466796875,1.399174138996005,0.9007388796567917,1.1357526274070142
1789666025224487000,55.25848681640625,2.45022574519515,0.3986120723232627,1.2719986885435879
1789666025234438700,55.268438720703124,3.494907816362381,-0.39254970354437824,1.2579065964356064
1789666025244391700,55.2783916015625,3.9777731661260125,-1.3479416721478104,1.1328292873062193
1789666025254343700,55.28834375,3.844004747149348,-2.012718125027418,0.9713942051816731
1789666025264296000,55.2982958984375,3.2138159157872197,-2.294419681933522,0.8445461600527167
1789666025274249000,55.3082490234375,2.2683687103539705,-2.153309668022394,0.6820258399747312
1789666025284200700,55.31820068359375,1.2395382883131503,-1.8790099118053911,0.2596805714949965
1789666025294152700,55.32815258789063,-0.08143968132436274,-1.5712492000132798,0.5679520092882215
1789666025304104700,55.33810473632813,-0.9747212307125329,-1.11807113250494,0.7706809325706213
1789666025314057700,55.3480576171875,-1.5120529146790505,-0.7752031592354178,0.4676538617042824
1789666025324009700,55.358009765625,-1.9353379482269286,-0.6944625660911202,0.08120031961053609
1789666025333961700,55.367961669921876,-2.131804523178935,-0.7236892450973391,-0.07916523358635603
1789666025343914800,55.37791479492188,-2.096093158328533,-0.6725105542629957,-0.18871738559734075
1789666025353866800,55.38786669921875,-1.8212094647437334,-0.5730754897817969,-0.2649205179750919
1789666025363818800,55.39781884765625,-1.7072504926085472,-0.5766872505381703,-0.38216267649941144
1789666025373771800,55.40777172851563,-1.7162994759827852,-0.6600280893087387,-0.36514709816016255
1789666025383723800,55.417723876953126,-1.6676029573529958,-0.7153460719048976,-0.2265094109130092
1789666025393675800,55.42767578125,-1.6523475205540656,-0.7340916889071464,-0.01727240264452994
1789666025403627500,55.43762744140625,-1.609060167491436,-0.7091743975326419,0.15383363067749886
1789666025413580500,55.44758056640625,-1.4993272886186837,-0.683985303479433,0.24091973865730687
1789666025423532800,55.45753271484375,-1.3910545454263685,-0.772481625317037,0.26001415083091706
1789666025433484800,55.46748486328125,-1.1228151121616363,-0.9284571999266743,0.1991989955905825
1789666025443437800,55.47743774414062,-0.8081184636265039,-0.9381094098910688,0.16485362186376004
1789666025453389600,55.4873896484375,-0.559289248752594,-0.8659066357284784,0.11936024665683508
1789666025463341800,55.497341796875,-0.6046212593853473,-0.8011234901726245,0.12255973681788891
1789666025473293800,55.5072939453125,-1.0338789376020432,-0.7646016857221722,0.2818706298626959
1789666025483246800,55.51724682617188,-1.668439992699027,-0.5222676780864596,0.5836726889787242
1789666025493198600,55.527198486328125,-1.9946487998515365,-0.1896224081456661,0.70177376588732
1789666025503150600,55.537150634765624,-2.0989397799313068,-0.0810322695672512,0.2679957059030421
1789666025513103600,55.547103515625,-2.0880220800757407,0.035790275305509565,0.29449485964151095
1789666025523055900,55.557055908203125,-2.000904937636852,0.15084318015724418,0.2680509980205446
1789666025533008000,55.5670078125,-2.1206506764799355,0.1765261952072382,0.20656249182960018
1789666025542960600,55.576960693359375,-2.4594904171466827,0.13686726177483796,0.031770061612408605
1789666025552912600,55.58691259765625,-2.8115438596516844,0.1140779223397374,0.0025842626058496534
1789666025562865000,55.59686499023437,-2.960413401648402,0.08806552920490503,-0.08459958839369937
1789666025572817000,55.60681689453125,-2.877435843232274,0.18161738086640833,-0.3262049712276086
1789666025582769700,55.61676977539062,-2.7005829002887007,0.16849691026955843,-0.6780323864243925
1789666025592721700,55.6267216796875,-2.4314561627954245,0.06357903046309947,-0.7278538174308836
1789666025602673700,55.636673583984376,-2.048542887124419,0.03145633775442838,-0.5926556213794276
1789666025612626700,55.64662670898438,-1.796334551206231,0.019162381109595297,-0.47277949762232596
1789666025622579000,55.65657885742188,-1.6452940949112176,0.030365327647328376,-0.49592473782300944
1789666025632530700,55.66653076171875,-1.455460089841485,-0.030523440818488595,-0.7247303516481072
1789666025642482700,55.67648266601562,-1.3315630765378474,-0.11716799730956554,-1.0353897074911742
1789666025652435700,55.686435791015626,-1.337513509374857,-0.21926760482490062,-1.2048415073327718
1789666025662388000,55.696387939453125,-1.3588947355777024,-0.3352510685250163,-1.206785773268342
1789666025672339700,55.70633959960937,-1.2000152562201023,-0.3974088340133428,-1.048853511632979
1789666025682292700,55.716292724609374,-0.7868453739732504,-0.27027006230950357,-0.7791365531615912
1789666025692244700,55.72624462890625,-0.10765782616436481,-0.19356646959632634,-0.45679779237546025
1789666025702196700,55.73619677734375,0.8689701149523258,-0.36967970008850093,-0.0646538931529969
1789666025712148700,55.746148681640626,1.971011319154501,-0.626619740703702,0.32208493215553463
1789666025722101800,55.75610180664062,3.0241701267659664,-0.8843623298734425,0.482024295829609
1789666025732053800,55.7660537109375,3.927948520249128,-0.9276678031146526,0.5268263643041253
1789666025742005800,55.776005859375,4.249654170763493,-0.7936734664276242,0.5662091842088848
1789666025751958800,55.78595874023438,3.85375515679121,-0.6920715793013572,0.7997392692726105
1789666025761910800,55.79591088867188,3.05557005815804,-0.49603813506960864,1.0831968760658055
1789666025771862800,55.80586279296875,2.2388562001436947,-0.09161854551136493,1.2580210165955126
1789666025781814800,55.81581469726562,1.5145815563738345,0.4340869980692863,1.3778686083778737
1789666025791767800,55.825767822265625,0.9356289912521839,0.7312105805128812,1.5844517959356308
1789666025801719600,55.83571948242187,0.5202683209627866,0.7632979096472263,1.630515774104744
1789666025811671800,55.845671875,0.4544301133960485,0.6090469668731093,1.6611398988187311
1789666025821624800,55.855624755859374,0.9007423867881298,0.34708939035683867,1.7378994595028459
1789666025831576800,55.86557690429687,1.733655684453249,0.08559270935058594,1.926345225084573
1789666025841528600,55.87552856445313,2.808313207167387,-0.22307284232676028,2.2405869694590566
1789666025851480800,55.885480712890626,3.963163626015186,-0.6027060734137892,2.6218992396742102
1789666025861433900,55.89543383789062,4.542755658084154,-0.8016936912760138,2.906598517091572
1789666025871385900,55.9053857421875,4.456165169867873,-0.7282143213063478,2.9550466139182445
1789666025881337600,55.915337646484375,3.861173908615112,-0.5020975812390447,2.9146301401168104
1789666025891290600,55.92529052734375,2.869004114973545,-0.2652875977218151,2.933963786140084
1789666025901242600,55.93524267578125,1.6443541837126017,-0.07307312725633382,2.829454194873571
1789666025911195000,55.94519482421875,0.4679501047044992,0.1289122111171484,2.66468331938982
1789666025921148000,55.95514794921875,-0.4960615159451961,0.2734320334717631,2.4466309355735776
1789666025931099600,55.965099609375,-1.2373095063477755,0.22266338474303482,2.3113686247773466
1789666025941051600,55.9750517578125,-1.6928747612535953,0.15185206493884323,2.433219080814719
1789666025951004000,55.98500390625,-1.8402625402599573,-0.24101561851352452,2.4934488008499143
1789666025960957000,55.99495703125,-1.859426090413332,-0.3845218799114227,2.312592759744823
1789666025970908700,56.00490869140625,-1.9131226092875002,-0.4780269698217511,2.3099070277921854
1789666025980860700,56.01486059570313,-1.827416502690315,-0.35514556330144403,2.1111445969879625
1789666025990812700,56.024812744140625,-1.8861019158929586,-0.3551297812104225,1.9085795590303838
1789666026000765700,56.034765625,-1.8458470623940229,-0.3888634162470698,1.780023175613582
1789666026010717700,56.0447177734375,-1.8603332683861256,-0.483370376676321,1.6728490413129329
1789666026020669700,56.054669677734374,-1.9029355617940424,-0.5719400560110807,1.6108881135709583
1789666026030622700,56.06462280273438,-1.9189257426083086,-0.7360027832254767,1.5053084088549018
1789666026040574700,56.07457470703125,-1.795233896487951,-0.6955266881912946,1.2467917665727435
1789666026050527000,56.08452685546875,-1.6078338405668735,-0.6052861530348658,0.8799101727701724
1789666026060479700,56.094479736328125,-1.6369558901548384,-0.483982078833878,0.544530874755606
1789666026070431700,56.104431640625,-1.7679682884216308,-0.49213060623705385,0.3840189718905836
1789666026080383700,56.1143837890625,-2.002723385235667,-0.5383072510004043,0.20698035191548986
1789666026090335700,56.12433569335938,-2.1512498128831385,-0.49678807665407654,0.005064297652244568
1789666026100288500,56.13428857421875,-2.0479449212312697,-0.37600451919585465,-0.2415288835315965
1789666026110240800,56.14424072265625,-1.822940818580985,-0.29274259088039395,-0.3699026951894164
1789666026120192800,56.15419287109375,-1.6350222917437554,-0.14145751217454672,-0.2903198572454974
1789666026130145800,56.16414575195312,-1.4947785392731427,0.034683775368332864,-0.08166830244846641
1789666026140097800,56.17409790039063,-1.5313818845272062,0.17577537683993577,0.130771082057897
1789666026150049800,56.1840498046875,-1.6159470043957231,0.3402243268929422,0.21900066098440438
1789666026160001500,56.19400146484375,-1.5631588325381278,0.4956374453142285,0.17583384729521348
1789666026169954600,56.20395458984375,-1.3603250606417656,0.7797720745861529,0.21793062060009688
1789666026179906600,56.21390649414062,-1.2557108399569987,0.9130525639154017,0.29704288189020006
1789666026189858600,56.22385864257812,-1.0698416468650103,0.8885457530379295,0.29658041547760366
1789666026199811600,56.2338115234375,-0.9179483731329441,0.7678022353291512,0.3355366440007463
1789666026209763600,56.243763671875,-0.7061667401492595,0.6913175460636616,0.3220740089027211
1789666026219715600,56.25371557617188,-0.4995750770241022,0.6534845128841698,0.16535506857987492
1789666026229667600,56.26366748046875,-0.44821547666490075,0.6781453452795744,-0.07472279415950178
1789666026239620600,56.27362060546875,-0.43331893630623813,0.788239166419208,-0.3667722882091999
1789666026249572600,56.28357250976563,-0.44239363864362236,0.9017280368246138,-0.5175188761241734
1789666026259524600,56.293524658203125,-0.4712853866070509,0.9866054375126957,-0.5784595939729362
1789666026269477600,56.3034775390625,-0.5497299777686595,1.0778653788447379,-0.6116663555912674
1789666026279429600,56.3134296875,-0.6660714611262083,1.208026128718257,-0.6858541660912334
1789666026289381600,56.323381591796874,-0.6504425148397683,1.209691431581974,-0.8484552963204681
1789666026299333600,56.33333374023437,-0.3036141135066747,1.2073995212525128,-1.0052516857936977
1789666026309286700,56.34328662109375,0.34384733969569203,1.2209940391018985,-1.1321550413064658
1789666026319238700,56.35323876953125,1.274009882235527,1.0410884305894375,-1.114137884709239
1789666026329190700,56.36319067382812,2.3127596407443285,0.7133193883828819,-0.9827578221738338
1789666026339143400,56.37314331054687,3.0715760210633274,0.5103111367024481,-1.0291201987676322
1789666026349095700,56.383095703125,3.3010949707895514,0.5869507242687046,-0.9647061787851154
1789666026359047700,56.39304760742188,3.2180069377362726,0.6274873173184693,-0.8484968704398721
1789666026368999700,56.402999755859376,3.1393466579973697,0.6124629127964377,-1.075667722669989
1789666026378952400,56.41295239257813,3.1885043643981215,0.6337773573733866,-1.8367893111914395
1789666026388904400,56.422904541015626,2.9458845255583523,0.8036918793559074,-2.155972749751806
1789666026398856700,56.432856689453125,2.537313077017665,1.0982277833938598,-1.8869852745987474
1789666026408809700,56.44280981445313,2.193645770063996,1.5902045142434535,-1.5784372118212282
1789666026418761700,56.45276171875,2.1980518960684536,2.0403813541091975,-1.1839110936373471
1789666026428713500,56.46271337890625,2.8360376649171113,2.0556433667793867,-0.8776451504476368
1789666026438665700,56.47266577148437,4.057901180329918,1.459558026679605,-0.7775039835236967
1789666026448618800,56.48261865234375,5.1105637288570405,0.5313353661611676,-0.8887821921423077
1789666026458570800,56.49257080078125,5.45368918401897,-0.3509542490914464,-1.0776691256202757
1789666026468522500,56.5025224609375,5.05116344538331,-0.9326432534396648,-1.115369910722226
1789666026478474500,56.512474609375,4.0487119117021555,-1.1769313177525997,-1.108898376620561
1789666026488427500,56.52242749023438,2.700400529459119,-1.0220821168243885,-1.0379242674700915
1789666026498379800,56.5323798828125,1.318072311323881,-0.5911337090417742,-0.8969529313772916
1789666026508331500,56.54233154296875,0.154500825881958,-0.08028729641884565,-0.6198776460323482
1789666026518284500,56.55228442382813,-0.5518307494401932,0.16401947259455918,-0.2834494965519756
1789666026528236500,56.562236572265626,-0.7131862635225057,0.36885172483175993,-0.11781995841227472
1789666026538188800,56.572188720703124,-0.662867696648836,0.4339443747282028,0.03775423232223838
1789666026548140500,56.582140625,-0.5895014316648245,0.41160891654044385,0.23891576015744356
1789666026558093600,56.592093505859374,-0.295648249194026,0.2905778140619397,0.26475948219448325
1789666026568045600,56.60204565429687,0.3594377075374126,0.02114157222807407,-0.1366871925001964
1789666026577997600,56.61199755859375,0.9884843831270933,-0.15462240643501282,-0.7125653551451862
1789666026587950600,56.62195068359375,1.3037486024171112,-0.18866262320280075,-1.4579127436906099
1789666026597902600,56.63190258789062,0.9744242935925721,-0.42668753546774385,-1.777095013207197
1789666026607854600,56.6418544921875,0.6084311730623245,-0.2451417585328221,-1.628742334691435
1789666026617806600,56.651806640625,0.20672727220356463,-0.24014409637600181,-1.4594051742054521
1789666026627759600,56.66175952148438,-0.23132629140913485,-0.40444443173855543,-1.0897884563505649
1789666026637711600,56.671711669921876,-0.6240525205641985,-0.6035390171065926,-0.7775158200919627
1789666026647663600,56.68166357421875,-0.9488117134302854,-0.7991939834147691,-0.539989395401068
1789666026657616600,56.69161669921875,-1.2383452791363,-0.8829089161947369,-0.23773436835315076
1789666026667568600,56.701568603515625,-1.4782546899735927,-0.8488187228053807,0.000538052399456501
1789666026677520600,56.711520751953124,-1.5414543657302855,-0.7932882665023208,0.08366619826741516
1789666026687472600,56.72147265625,-1.373892398223281,-0.7643044563412665,0.0072416782239452
1789666026697425700,56.73142578125,-1.250764615726471,-0.8647343770787119,-0.24571648968085646
1789666026707377700,56.74137768554687,-1.2133236506044864,-0.9760054253041743,-0.4329515642985701
1789666026717329400,56.75132934570313,-1.1263719278603792,-0.96774233161062,-0.44780371752623466
1789666026727282400,56.76128247070312,-1.1107838981062172,-0.9268380742922425,-0.3977909651987254
1789666026737234700,56.77123461914063,-1.2298235345065593,-0.8293079666495323,-0.3282028305139392
1789666026747186700,56.78118676757813,-1.4516297178983688,-0.7130877715840935,-0.2595454738732427
1789666026757138700,56.791138671875,-1.8790648568630217,-0.7677084195658564,0.3778073308341205
1789666026767091500,56.80109155273438,-1.9584598806172608,-0.978691595648229,0.12726663586720824
1789666026777043500,56.81104345703125,-2.079166573446989,-0.8935577359810472,-0.6860304725062102
1789666026786995700,56.82099560546875,-2.1491028639823195,-0.7862234426826238,-1.098659379744157
1789666026796948700,56.83094873046875,-2.233154773631692,-0.8638216461479663,-1.2876165289141237
1789666026806900500,56.840900390625,-2.3859026183664795,-0.816126705776155,-1.0473103738442062
1789666026816852500,56.8508525390625,-2.2980969091415404,-0.7649567827701568,-0.6852840380530804
1789666026826804700,56.8608046875,-2.0208049853712318,-0.7363289464399219,-0.5236309292636812
1789666026836757800,56.8707578125,-1.7513778036266565,-0.7233665890142321,-0.6450868330255151
1789666026846709800,56.88070971679687,-1.656893931812048,-0.709651659655571,-0.5969214621303602
1789666026856661500,56.89066162109375,-1.6046230618268251,-0.6894307094037533,-0.513958772489801
1789666026866613500,56.900613525390625,-1.3747393704414368,-0.6512205134749413,-0.5438373030008747
1789666026876566500,56.91056640625,-1.0144769025176763,-0.6271712371066213,-0.6155290223687887
1789666026886518800,56.92051879882813,-0.8619371475756168,-0.6871732858657836,-0.30739662772007287
1789666026896470500,56.930470458984374,-0.26465339147150513,-0.8074401259735227,-0.40988253113925455
1789666026906423600,56.940423583984376,0.23474340637624264,-0.8267135662421584,0.012910992564633487
1789666026916375600,56.95037548828125,0.9804413619250059,-0.7954255707919597,0.4002499757234007
1789666026926327800,56.960327880859374,1.6193319706588982,-0.5852747538805008,0.6519643175795674
1789666026936279600,56.97027954101563,2.0513193661004303,-0.37252106099426746,0.7992487823419272
1789666026946232600,56.980232666015624,2.147588367766142,-0.3052896455034613,0.895274622901529
1789666026956184600,56.9901845703125,2.0319979950368405,-0.21397125198245048,1.0508110754415392
1789666026966136600,57.00013647460938,1.7772160092383622,0.05555880561470985,1.192715016209334
1789666026976089600,57.01008959960937,1.4147048856049775,0.4562371628180146,1.4169731227979063
1789666026986041600,57.02004150390625,1.0653478425770997,0.705809597274661,1.5864160817459225
1789666026995993600,57.02999365234375,0.866229876333475,0.7363722010597586,1.7423250208601355
1789666027005945600,57.039945556640625,1.0157704494595527,0.7499062208935618,1.93037418833971
1789666027015898600,57.04989868164063,1.6188415567934513,0.8476853348612785,2.0373592298090455
1789666027025850600,57.0598505859375,2.500242114251852,0.8185182770878076,2.123595351629704
1789666027035802600,57.069802734375,3.450870521715283,0.6937713689565658,2.132199367715418
1789666027045755600,57.079755615234376,4.12198056153059,0.5490978173449635,2.044376707355678
1789666027055707600,57.089707763671875,4.422561006429791,0.37229718911051746,1.8372608742259442
1789666027065659600,57.09965966796875,4.40960098709166,0.16826456281840801,1.5166779441311955
1789666027075611600,57.10961157226563,4.069975649005174,0.07594283747375011,1.372176241955161
1789666027085564700,57.11956469726562,3.4857886903613804,0.09752221659719944,1.3685299944072962
1789666027095516700,57.1295166015625,2.767814023518562,0.17256518262177706,1.3519427244827151
1789666027105468400,57.13946850585938,1.9466309111356734,0.15158289260864258,1.444206582160294
1789666027115420700,57.149420654296875,1.2265689166247844,0.1305433194503188,1.5407872801236808
1789666027125373700,57.15937377929688,0.6509013645231724,0.0307934899315238,1.5320552537441252
1789666027135325700,57.16932568359375,0.17391396688222885,-0.10854717621952295,1.5534031621992588
1789666027145277400,57.17927734375,-0.1362228263914585,-0.16353227359950542,1.6648589193418621
1789666027155232300,57.189232177734375,-0.39403614270985127,-0.2897954315125942,1.6937401459112762
1789666027165184000,57.19918408203125,-0.6748293525993824,-0.4795540332585573,1.6569417164765297
1789666027175136000,57.20913598632813,-0.9767284788817167,-0.6596577946916222,1.5284417394220828
1789666027185088300,57.21908813476563,-1.4325088378429411,-0.6590624591469765,1.408767604510486
1789666027195041300,57.22904125976562,-1.9050930320888757,-0.47039632881283755,1.3399474585235118
1789666027204993000,57.23899291992188,-2.1416800205051896,-0.27460429212152954,1.1454081253070383
1789666027214945000,57.248945068359376,-2.0829794097334147,-0.20520167007148266,0.7078264900550246
1789666027224898000,57.25889794921875,-1.9710750320404766,-0.33515696050077676,0.36050040486548096
1789666027234850000,57.26885009765625,-2.009018101465702,-0.5647291017189622,0.4172751986738294
1789666027244802300,57.27880224609375,-1.906153354796767,-0.7589654334008693,0.4538102279320359
1789666027254754000,57.28875415039062,-1.7663012319922446,-0.7126286296397447,0.2867316234951839
1789666027264707000,57.29870703125,-1.7442051355183124,-0.5731839185923338,0.03319492505006492
1789666027274659000,57.3086591796875,-1.8142407947748898,-0.41909634968638415,-0.1219527839006856
1789666027284611300,57.318611328125,-1.906944212913513,-0.23555384597629309,-0.18913498995490372
1789666027294563000,57.32856298828125,-2.0364713410586117,-0.11255524281710386,-0.23231818852331487
1789666027304516000,57.33851611328125,-2.0040876593261956,0.0292313551813364,-0.2919045691536739
1789666027314468000,57.34846801757813,-1.869640610435605,0.16261369744986295,-0.33119287917539475
1789666027324420000,57.35842016601563,-1.6549387060910463,0.21504998712986706,-0.3130778516942635
1789666027334373000,57.368373046875,-1.4895172577440738,0.2459320321276784,-0.30249226986989375
1789666027344325000,57.3783251953125,-1.3707400716722011,0.45941111667901274,-0.29082616279982026
1789666027354277000,57.388277099609375,-1.2350251948028803,0.7831538259789347,-0.1679573235001415
1789666027364229000,57.39822900390625,-1.386583537492156,0.9665209731221198,0.01658719685934484
1789666027374182100,57.40818212890625,-1.519746976312995,1.062592698650062,0.23259225622434168
1789666027384134100,57.418134033203124,-1.5083885469526053,1.044289856979251,0.3531970961147919
1789666027394086100,57.42808618164062,-1.3562959512561559,1.0039002711847425,0.33897783396318554
1789666027404039200,57.4380390625,-1.0023854827076195,0.8806962085813284,0.2502884737715125
1789666027413991200,57.4479912109375,-0.5848293482005595,0.7305550392135978,0.26666100496686995
1789666027423943200,57.45794311523437,-0.18009060969054697,0.6686632311850785,0.3334068288978189
1789666027433895200,57.46789526367188,0.16181436376571653,0.6119058634355664,0.1577756463015452
1789666027443848200,57.47784814453125,0.45150399681627745,0.6366080507546663,-0.11872059704642743
1789666027453800200,57.48780029296875,0.6033055006116629,0.7175035421997308,-0.37564679179936644
1789666027463752000,57.497751953125,0.5204407549202442,0.872382846005261,-0.45987281590662893
1789666027473704200,57.5077041015625,0.37411096053421494,1.0475137874618172,-0.4370395642645657
1789666027483657200,57.5176572265625,0.22291677498221396,1.1883315404281019,-0.3924580797381699
1789666027493609200,57.527609130859375,0.0899205094218254,1.2883438202753663,-0.3447731493037194
1789666027503561000,57.53756103515625,0.051878655797243114,1.311532095900178,-0.3937804874483496
1789666027513514000,57.547513916015625,0.1592278544038534,1.1628317729905246,-0.4525357510168105
1789666027523466000,57.55746606445312,0.5423235009044408,0.9640417235270142,-0.5720412148306145
1789666027533418200,57.56741821289062,1.1508207249403,0.7312140876442194,-0.8243312742155045
1789666027543370000,57.57736987304688,1.607469098907709,0.4936866035073995,-0.8438592007018625
1789666027553323000,57.58732299804687,1.8922469945192335,0.33207243848890067,-0.5382823722874746
1789666027563275000,57.59727490234375,2.189789679157734,0.3591869476467371,-0.22388879835214465
1789666027573227300,57.60722729492188,2.576791100925207,0.4761152909815311,-0.12123203187808394
1789666027583180300,57.61718017578125,2.8229519733726978,0.567243422627449,-0.1364975516796112
1789666027593132000,57.62713208007813,2.743040816789865,0.4324740099146962,-0.025604369456367567
1789666027603084000,57.637083984375,2.606181446060538,0.16447130801528692,0.046882062219502404
1789666027613036000,57.6470361328125,2.630242120605707,-0.10322598119676113,-0.04681258631302043
1789666027622989000,57.656989013671875,2.7008237233072516,-0.46606502161026,-0.2630637841925025
1789666027632941000,57.666941162109374,2.7414789743006227,-0.9363733798786997,-0.47030565485469994
1789666027642893000,57.67689306640625,2.81627088817358,-1.4651359729424118,-0.5960366421198472
1789666027652845000,57.68684497070313,2.8154870443195104,-1.8344737277254461,-0.7092367221791297
1789666027662798000,57.69679809570312,2.406074468779564,-1.8861168212011454,-0.8258971352927387
1789666027672750300,57.70675024414062,1.4842565607368945,-1.719464954276383,-0.8161008406825363
1789666027682702000,57.7167021484375,0.3508089954018593,-1.0017959923818707,-0.8650559371832758
1789666027692655000,57.72665502929687,-0.7681453496783971,-0.3769628428339958,-0.9900669030781835
1789666027702607000,57.73660717773438,-1.6671259874910116,-0.8315124909564853,-0.1956964490960352
1789666027712559000,57.74655908203125,-1.716823792117834,-0.7008361927762627,-0.327666239419207
1789666027722511000,57.756510986328124,-1.4917553920596838,-0.8543009536087512,-0.9114804192278534
1789666027732464000,57.766464111328126,-1.3702531649380922,-1.1431319240033626,-0.7766653407424687
1789666027742416100,57.776416015625,-1.353050685724616,-1.1915943416163324,-0.8901828527204692
1789666027752368000,57.7863681640625,-1.3669552924364805,-0.9505465743988751,-0.7701637037634849
1789666027762320100,57.79632006835938,-1.1218518200874328,-0.8951187016874551,-0.8328218199893832
1789666027772273200,57.806273193359374,-0.7857365359485149,-0.5594111215665936,-0.5539802556242793
1789666027782225200,57.81622509765625,-0.46258536280095575,-0.5073977334737777,-0.06363859689692035
1789666027792177200,57.82617724609375,-0.21865151875317096,-0.4301937900230288,0.1600717944147065
1789666027802130200,57.83613012695312,-0.10985504394769668,-0.3260740748569369,0.11408960364437662
1789666027812082200,57.84608227539063,-0.2693786664277315,-0.4419768745362758,0.061023509894544255
1789666027822034200,57.8560341796875,-0.5236117861717939,-0.5813958666205405,0.0029536918565747326
1789666027831986200,57.865986083984374,-0.813256411036849,-0.5902659862965345,-0.18407547807563096
1789666027841939200,57.87593920898438,-1.1290934617787598,-0.574089927521348,-0.3073685706693679
1789666027851891000,57.885890869140624,-1.4771569578647612,-0.5921501926079392,-0.2847873210269958
1789666027861843200,57.89584326171875,-1.7665005539566276,-0.6036144204303622,-0.21452673044074325
1789666027871795200,57.90579516601562,-1.9717641833484172,-0.4482780205070972,-0.035940081872628066
1789666027881748200,57.915748291015625,-2.096206555575132,-0.1501324015393853,0.45932084457967426
1789666027891700000,57.92569995117187,-1.9733377162754535,-0.4381549781605601,-0.3930495062926784
1789666027901652200,57.93565234375,-2.1955326067239045,-0.3645931906044483,-0.8182027813978493
1789666027911605000,57.94560498046875,-2.36990074711442,-0.1670718459025025,-0.5392541033964604
1789666027921557200,57.95555712890625,-2.3326479980409145,-0.051201487188041205,-0.44209304826185103
1789666027931509000,57.965509033203126,-2.2160551702708005,0.36836335679292675,-0.04540590698602609
1789666027941461000,57.9754609375,-1.9497341378480195,0.25077771859318015,-0.12850764890424907
1789666027951414000,57.9854140625,-1.7321312513649463,-0.1832441052854061,-0.8992846622604876
1789666027961366300,57.9953662109375,-1.785263706615567,0.036815526700019835,-1.0122890370845794
1789666027971318000,58.005318115234374,-1.8160650875926017,0.08075023775547742,-0.8549982151579111
1789666027981270000,58.01527001953125,-1.754151944515109,0.15145517457574606,-0.6174746034786105
1789666027991223000,58.02522314453125,-1.4752654450297356,0.3166378457307815,-0.5476549615928903
1789666028001175000,58.03517504882812,-1.170173660185933,0.46574207326620815,-0.5316144388308748
1789666028011127300,58.04512719726562,-0.8979109627544879,0.6450806955456734,-0.5177762118861079
1789666028021080000,58.055080078125,-0.6306582024395465,0.746828420883417,-0.5564405082579702
1789666028031032000,58.06503198242188,-0.35508886467814443,0.6985220706149935,-0.6342958282895386
1789666028040984000,58.07498413085938,0.01096270804107189,0.5889283079519868,-0.719829062537849
1789666028050936300,58.084936279296876,0.35545009920597076,0.45188364378362894,-0.769220358498767
1789666028060889000,58.09488916015625,0.8083247998535633,0.36756782250106335,-0.6713230249788612
1789666028070841000,58.104841064453126,1.3532956003963947,0.3935992125973105,-0.4030502374337986
1789666028080793000,58.11479296875,1.9990034879297016,0.44954730979055163,-0.00909662190824747
1789666028090745000,58.1247451171875,2.7892852660924197,0.3487479712188244,0.3767307876437902
1789666028100698000,58.134697998046875,3.532777820551395,0.16307722330838442,0.6491378619819879
1789666028110650000,58.14465014648437,4.040184906375408,0.177235220259428,0.8246910474386066
1789666028120602000,58.15460205078125,3.9944408078104257,0.2776356226414442,1.09396574203521
1789666028130555100,58.16455517578125,3.3912872828900813,0.32980800068825483,1.4539974699430167
1789666028140507100,58.17450708007812,2.7296646178662773,0.4551712871521711,1.6208892831034958
1789666028150459100,58.18445922851563,2.1803046424537897,0.6670122491076588,1.591760073122382
1789666028160410400,58.19441040039062,1.6819979779303074,0.8991215075880289,1.5847003638692199
1789666028170363400,58.20436328125,1.312635673227906,0.9411167750135063,1.5882929815337061
1789666028180315400,58.2143154296875,1.1773106724590063,0.7694272061824798,1.5838959156185388
1789666028190267600,58.224267578125,1.4192448671221731,0.44625235989838835,1.5247819017402826
1789666028200219400,58.23421948242188,2.0966613136053085,0.07267711367607116,1.505133490679413
1789666028210172400,58.24417236328125,2.932095069658756,-0.44177346091866493,1.537615225958824
1789666028220124400,58.25412451171875,3.7492093251675365,-0.9659978260308504,1.405645380836725
1789666028230076700,58.26407666015625,4.4185997015833856,-1.3715581100568175,1.2431196539312601
1789666028240028400,58.2740283203125,4.547326619261503,-1.578630834697187,1.2624708356112242
1789666028249981400,58.2839814453125,3.8754941103905436,-1.532074542966485,1.4260003327317534
1789666028259933400,58.293933349609375,2.607209035542607,-1.2425070749908684,1.5105394413761795
1789666028269885400,58.303885498046874,1.0709493158459662,-0.9335349415823817,1.4271221763685344
1789666028279838500,58.31383837890625,-0.33550679685175416,-0.650168958595395,1.3457951616384087
1789666028289790500,58.32379052734375,-1.3171499357819556,-0.4734554241225123,1.1078037863168866
1789666028299742500,58.33374243164062,-1.8359475996702908,-0.45036096426099537,0.8022819394927472
1789666028309694500,58.34369458007812,-1.9793255585134029,-0.56393122933954,0.6291270473495125
1789666028319647500,58.3536474609375,-1.7929565992057321,-0.7762704962059855,0.6585008066762238
1789666028329599500,58.363599609375,-1.2802455617547035,-0.9404799384146928,0.8129078898601233
1789666028339551500,58.37355151367188,-0.6948194167047739,-1.0198293694615364,0.9979083372935652
1789666028349503500,58.38350341796875,-0.3262888866513967,-0.9591901918426156,1.1373062865898012
1789666028359456500,58.39345654296875,-0.21238719766139982,-0.7914473148107528,1.1380077859226614
1789666028369408500,58.403408447265626,-0.35877661328017707,-0.6803054459229111,1.0900083827115594
1789666028379360500,58.413360595703125,-0.7045411847740412,-0.6703124596968293,1.0000688763283192
1789666028389313500,58.4233134765625,-1.0406021083772181,-0.6694859457448125,0.7661404395967721
1789666028399265500,58.433265625,-1.279541797399521,-0.6563920708939432,0.4847232160573825
1789666028409217500,58.443217529296874,-1.4315917229980228,-0.699403237363696,0.33921423653494565
1789666028419169500,58.45316943359375,-1.420049169242382,-0.7393456639125943,0.22640290006492286
1789666028429122600,58.46312255859375,-1.3739227933615445,-0.7923115304246544,0.07899864484779537
1789666028439074600,58.47307446289062,-1.4762041871845721,-0.8491051385313272,0.035381109982728955
1789666028449026600,58.48302661132813,-1.5946861897021531,-0.8475839203134179,-0.01993639768939465
1789666028458978300,58.492978271484375,-1.7275538604468106,-0.7592530181705951,-0.13960223969668148
1789666028468931300,58.50293139648438,-1.9984756646633146,-0.6517746402263641,-0.20700915788486599
1789666028478883600,58.51288354492188,-2.190398750966787,-0.6024263796895742,-0.21456289773266762
1789666028488835600,58.522835693359376,-2.410603928902745,-0.4733014026045799,-0.09651161478254944
1789666028498787300,58.53278735351562,-2.6507605924993753,-0.2890601029753685,-0.3646898193793371
1789666028508740400,58.542740234375,-2.382985269615054,-0.02771130600720644,-0.4760159222602844
1789666028518692600,58.552692626953124,-2.2435247764766215,0.2750257324039936,-0.2590292497131042
1789666028528644600,58.56264453125,-1.9720061754107474,0.2705006561949849,0.08148437898261472
