time,seconds_elapsed,z,y,x
1789067469504011800,0.06401171875,-0.3111842565000057,0.28407296221256256,-0.15283866482339797
1789067469513950000,0.073949951171875,-0.21236147869825361,0.22209844433665274,-0.18021803546249865
1789067469523886800,0.083886962890625,-0.11453063454329966,0.18992635952830314,-0.11468524058312177
1789067469533825000,0.093824951171875,-0.041669980993866915,0.2305401094675064,0.05473565266355872
1789067469543763000,0.103762939453125,0.04677110352516174,0.3493377538055181,0.17816504845544695
1789067469553700900,0.113700927734375,0.17259002480208874,0.523496050837636,0.17041092719733714
1789067469563639000,0.12363916015625,0.2714876214057207,0.5721785409420729,0.11246186544522642
1789067469573577000,0.133576904296875,0.33256256009340285,0.6300695888966321,0.07110927983745932
1789067469583515000,0.143514892578125,0.29111528193950653,0.6159072080314159,0.017745353918522597
1789067469593453000,0.153453125,0.1626052218824625,0.539803627038002,-0.00009914952553808688
1789067469603391000,0.163390869140625,0.11251111141443251,0.4504746537685394,0.03347381505668163
1789067469613329000,0.173328857421875,-0.04013093485832214,0.44110535239875315,0.10071655565910041
1789067469623266800,0.183266845703125,-0.11720949836373329,0.5542980163365602,0.19812588646635412
1789067469633205000,0.193205078125,0.4647089308261871,0.9878262114793062,0.5784853860013187
1789067469643143000,0.203142822265625,-0.03840425719618797,0.7654740846425294,0.34314839764609933
1789067469653080800,0.213080810546875,-0.25084873800277707,0.5524094261109829,0.21152736596167088
1789067469663019000,0.22301904296875,-0.6200117207407951,0.3388061306580901,-0.18304405266866086
1789067469672956000,0.232955810546875,-0.8748188409805298,0.6105535720437765,-0.682291943565011
1789067469682894000,0.24289404296875,-0.32906478110551834,1.6735200724422932,-0.3722362527035177
1789067469692832000,0.25283203125,0.08922668193876743,2.3220804267972706,0.03596475508958101
1789067469702770000,0.26277001953125,-0.05842763904929161,1.9576392118841408,0.34234614135250446
1789067469712708000,0.2727080078125,0.1631453201085329,1.4723469272345304,0.6505758588958531
1789067469722646000,0.28264599609375,0.7541992419123649,1.013949371512234,0.6582164367768913
1789067469732584000,0.292583984375,1.087511159068346,0.7710884173929691,0.4200659253709018
1789067469742522000,0.302522216796875,1.1957283726811407,0.6350020768627525,0.0025457389600574967
1789067469752460000,0.3124599609375,1.2608265755355357,0.4239893824249506,-0.4143516393773258
1789067469762398000,0.32239794921875,1.1148474942833184,0.08197218076586722,-0.752268200784549
1789067469772336000,0.332336181640625,0.8407271862864494,-0.2093827551484108,-1.1598715349454432
1789067469782274000,0.342274169921875,0.4072966062992811,-0.5788584570974111,-1.6517577379673718
1789067469792212000,0.3522119140625,0.2997095072835684,-0.5183405677706003,-1.5000937429465353
1789067469802150000,0.36214990234375,0.30608138040304184,0.03858545898199081,-0.9656878102336078
1789067469812088000,0.372088134765625,0.025248423025012016,0.30179858851730823,-0.513944890094921
1789067469822026000,0.38202587890625,-0.12903963688910006,0.4850222355365753,-0.1065343750923872
1789067469831963000,0.391962890625,-0.06800678377747535,0.6638216363728046,-0.015052680768445133
1789067469841900800,0.40190087890625,0.10439619401991367,0.8759370313555002,-0.09471855735331773
1789067469851838700,0.411838623046875,-0.08487783907949924,0.8796405620485543,-0.3252260066602379
1789067469861777000,0.42177685546875,-0.5264122305452823,0.6110013158112764,-0.3808900992803275
1789067469871714800,0.43171484375,-0.7107949844717979,0.41690030094683167,-0.21086437200829386
1789067469881652700,0.44165283203125,-1.5683219143897293,0.6322288127571344,-0.1817860154315829
1789067469891591000,0.4515908203125,-2.9732962640970944,0.8823486519634723,-0.24097251002416012
1789067469901528800,0.46152880859375,-4.072797720688581,0.9412252038240432,0.3753641024004668
1789067469911466800,0.471466796875,-4.332317256402969,1.1616869868695736,0.504673788402602
1789067469921405000,0.481405029296875,-4.241674862447381,1.5412252331495284,-0.02292721353583038
1789067469931342800,0.4913427734375,-4.046910415238142,1.7617676802158355,-0.7068241811446845
1789067469941280800,0.50128076171875,-3.6634248926371336,1.852665510237217,-1.0765935322780162
1789067469951219000,0.511218994140625,-2.801289592140913,1.6381027221024036,-1.4868262650944293
1789067469961156900,0.521156982421875,-1.8357652288407087,1.1679665055304764,-1.6121195550620555
1789067469971094800,0.5310947265625,-0.5813654714822769,0.7962386407405138,-1.6593157521314919
1789067469981033000,0.541032958984375,0.4655190781652927,0.6592512597173452,-1.6134934737637638
1789067469990971000,0.550970947265625,0.8782909010052681,0.7701970215111971,-1.4967456015624105
1789067470000907800,0.56090771484375,0.9151169490993022,1.0438982273131607,-1.2959578024104237
1789067470010846000,0.570845947265625,0.952505307251215,1.2233540462315082,-0.985846874230355
1789067470020783900,0.580783935546875,0.7841992433786392,1.2639531831234694,-0.6134241590440273
1789067470030721800,0.5907216796875,0.4783388122498989,1.1423241147518157,-0.3607824001446366
1789067470040660000,0.600659912109375,0.33504151742756366,0.9814029004335403,-0.3412499801462516
1789067470050598000,0.610597900390625,0.25761750148534773,0.8370318388998508,-0.49524004349447787
1789067470060535800,0.620535888671875,0.3749456577926874,0.9065320761054754,-0.6409121046241373
1789067470070474000,0.630473876953125,0.3070458415210247,1.0516028103411197,-0.6604256372589618
1789067470080412000,0.640411865234375,-0.044725276911258695,1.284537705990672,-0.3311000132601708
1789067470090349800,0.650349853515625,-0.23378420595526694,1.5509195286899804,0.16972751151043922
1789067470100288000,0.6602880859375,-0.39174481690227986,1.5988327879875897,0.7465433203317224
1789067470110226000,0.670225830078125,-0.22346681008040903,1.5162211402744055,1.3372792622275649
1789067470120163800,0.680163818359375,1.1668144128859042,1.4505898534566164,1.6740668926700948
1789067470130102000,0.69010205078125,2.10799753113389,1.2396803271323442,1.6448150792226195
1789067470140040000,0.7000400390625,1.711756571856141,0.8819237045496702,1.352127141138911
1789067470149977900,0.709977783203125,1.1897352697461843,0.49628509556800127,1.013554892301932
1789067470159916000,0.719916015625,1.317557932060957,0.15759090085178612,0.7955231128823012
1789067470169853000,0.72985302734375,1.5640373689383267,-0.17938976794481276,0.5925682718895375
1789067470179790800,0.739790771484375,1.6528823580831289,-0.4134580515384674,0.34565950368419285
1789067470189729000,0.74972900390625,1.1775754608750342,-0.5907736435577273,1.2706124948821962
1789067470199667000,0.7596669921875,1.4013602508634329,-0.5462684391379357,0.4663531909018755
1789067470209604900,0.76960498046875,1.2622557315558194,-0.4862605451598763,-0.30708938840180633
1789067470219543000,0.77954296875,0.9932067354738712,-0.6295926190346479,-0.761335523533076
1789067470229481000,0.78948095703125,0.3288701353162527,-0.6467264169260859,-1.0504672304399312
1789067470239419000,0.7994189453125,-0.5517477473318576,-0.700026337698102,-0.902809402320534
1789067470249357000,0.809357177734375,-0.8579337571531533,-0.7074608716130256,-0.4700812715142965
1789067470259295000,0.819294921875,-0.3575298280894756,-0.8508864689901471,-0.16300474259406328
1789067470269233000,0.82923291015625,0.18999942476451395,-0.8668383636206388,-0.11401391719281673
1789067470279171000,0.839171142578125,0.6608090105533599,-0.8262067857638001,-0.1607844361960888
1789067470289109000,0.84910888671875,1.0000713605463505,-0.8357216330841183,-0.03560542025789618
1789067470299047000,0.859046875,1.140166059935093,-0.8337392270952463,0.11780118064656853
1789067470308985000,0.868985107421875,1.1772989820212125,-0.7588648956358433,0.3129268623836338
1789067470318923000,0.878923095703125,1.1702174993276595,-0.5597247175604104,0.45686048234812915
1789067470328861000,0.88886083984375,1.055104680982232,-0.3734633102804422,0.4664653460394591
1789067470338799000,0.898799072265625,0.5888929443776607,-0.2634846399530768,0.39543548811376095
1789067470348737000,0.908737060546875,0.0878513019323349,-0.1599427246749401,0.28055107169672844
1789067470358674000,0.918673828125,-0.22791443713903425,-0.10652736082971095,0.06235664906129241
1789067470368611800,0.92861181640625,-0.5553706140041351,-0.10382920778691768,-0.10625007825829089
1789067470378549800,0.9385498046875,-0.8304086213678121,-0.10661007067710161,-0.26770686075799166
1789067470388488000,0.948488037109375,-0.9015162937700748,-0.19678075546771287,-0.3587552051659673
1789067470398425900,0.95842578125,-1.0340607239097357,-0.23211247335076332,-0.42234753350205717
1789067470408363800,0.96836376953125,-0.9815992997884749,-0.011829261742532253,-0.4794955080043524
1789067470418301700,0.9783017578125,-0.3675947105079889,0.36433775453865525,-0.5678600201558321
1789067470428240000,0.988239990234375,0.12620061407089234,0.8225801196992397,-0.5288185610346495
1789067470438177800,0.998177734375,0.5419482378512621,1.2766758865743875,-0.6132254216015338
1789067470448115700,1.00811572265625,0.27259645943045613,1.6710712179854512,-0.35684783717468377
1789067470458054000,1.018053955078125,-0.22997429227828978,2.0213889227390287,0.0790995479390025
1789067470467991800,1.02799169921875,-0.5596686034590006,2.300462761490047,0.3709276543229818
1789067470477929700,1.0379296875,-0.9976672220140695,2.556913265022635,0.558071397395432
1789067470487868000,1.047867919921875,-1.0472060366868972,2.459536009854078,0.5126776466380805
1789067470497805800,1.057805908203125,-0.9267898512363433,2.24128050468117,0.3272839621033519
1789067470507743700,1.06774365234375,-0.6004278993487357,2.103703925593197,0.009711027479544282
1789067470517682000,1.077681884765625,-0.12404548186361788,2.0286685583531856,-0.32514263922572134
1789067470527619800,1.087619873046875,0.18710837949812412,1.8787477537378667,-0.450809657876566
1789067470537557800,1.097557861328125,0.38385377139151095,1.8295660819396375,-0.2514719844676554
1789067470547495000,1.107494873046875,0.6919184345662593,1.7145622769266367,-0.016316344028711318
1789067470557432800,1.117432861328125,0.6837848124712705,1.5280278979241848,0.24094912914857267
1789067470567371000,1.12737109375,0.34939036077558994,1.1632923762395977,0.25069471648484465
1789067470577309000,1.137308837890625,-0.07564414678812026,0.746349405194819,0.11359605710692704
1789067470587246800,1.147246826171875,-0.2051905641555786,0.3501984622880816,-0.35643699135147033
1789067470597185000,1.15718505859375,-0.05197627095282077,0.05855974099636078,-0.8558762401014566
1789067470607123000,1.167123046875,0.10225099868476391,-0.139323422755301,-1.229950668017566
1789067470617060900,1.177060791015625,0.33756606746912,-0.2872840332135558,-1.6607874321192502
1789067470626998800,1.186998779296875,0.30937866838276384,-0.8254697036609053,-2.051388924205303
1789067470636937000,1.19693701171875,0.18731705381274222,-1.3277476099029182,-2.2494816390544177
1789067470646875000,1.206875,-0.4544675227969885,-1.2978922776043413,-1.9927496882319449
1789067470656812800,1.216812744140625,-0.3634469431787729,-1.166676757980883,-1.5976491311609744
1789067470666751000,1.2267509765625,0.1609147845774889,-0.919863851365447,-1.0297633189767599
1789067470676689000,1.23668896484375,0.3512567391693592,-0.8564663149490952,-0.3479117395903915
1789067470686626800,1.246626708984375,0.31594168016016483,-0.7384513454213738,0.06176679340936243
1789067470696565000,1.25656494140625,0.388952555835247,-0.6736126702859997,0.030489976940304038
1789067470706503000,1.2665029296875,0.7065946101725101,-0.3545063886150718,-0.3107858317669481
1789067470716440800,1.27644091796875,0.48140287599563597,-0.31770459817945956,-0.8925652178123593
1789067470726379000,1.28637890625,-0.051287119644880294,-0.5456459233254194,-1.4881728573977946
1789067470736317000,1.29631689453125,-0.43288346749842166,-0.6740455087453127,-1.860695964218676
1789067470746254000,1.306254150390625,-0.5750795230805874,-0.6208224526017904,-2.1110274003490805
1789067470756192000,1.31619189453125,-0.4643956270933151,-0.49405134516656396,-2.1363842521846292
1789067470766130000,1.3261298828125,-0.07194529227018356,-0.4595268520131707,-1.806935440197587
1789067470776068000,1.336068115234375,0.4725193123161793,-0.5148392816513776,-1.2051784842021762
1789067470786006000,1.346006103515625,1.0569038393586874,-0.5338827125564217,-0.6562026858016848
1789067470795944000,1.35594384765625,1.5484487546622752,-0.4625763027116656,-0.46335956204384565
1789067470805881900,1.3658818359375,1.9191203883975743,-0.25232085638195273,-0.5317484770067036
1789067470815820000,1.375820068359375,2.4169144272238015,0.23156302277445792,-0.8092283245645463
1789067470825758000,1.385758056640625,2.593742235726118,1.2363263405293226,-1.019427218401432
1789067470835695900,1.39569580078125,1.596122359985113,1.8805729233384132,-1.1325583614103496
1789067470845634000,1.405634033203125,0.22848259241580962,1.4114192880630492,-0.9372842111133038
1789067470855572000,1.415572021484375,-0.9944365695297718,0.3845028829500079,-0.3988473423838615
1789067470865510000,1.425510009765625,-1.9856255354404448,-0.09807079039067029,-0.3380243326306343
1789067470875448000,1.435447998046875,-2.2065479217350483,-0.20746318526268004,-0.5419717648573219
1789067470885386000,1.445385986328125,-0.050910687547922134,-1.3658373943224549,-0.6317812151201069
1789067470895324000,1.455323974609375,-0.42414252716004847,-1.9579305960461497,-0.6690465314142405
1789067470905262000,1.465261962890625,-2.01898127707541,-1.847026919828355,-0.3302702113725245
1789067470915200000,1.475199951171875,-0.7508721433162688,-2.911041760236025,-0.5198907198220492
1789067470925138000,1.485137939453125,-0.8726397433757781,-3.6714977244555946,-1.133242982673645
1789067470935076000,1.495076171875,-0.4337251790195703,-4.959559512919188,-1.446099264039099
1789067470945014000,1.505013916015625,0.02319558214843273,-6.537648203563689,-1.460129104565829
1789067470954951200,1.514951171875,-0.5727034415990114,-5.9598681893527505,-0.6968453695744276
1789067470964889000,1.52488916015625,0.36120062555670734,-5.029941793656349,-2.4333957525558767
1789067470974827000,1.534826904296875,0.32303368424773216,-4.0452997651711105,-2.72838188457936
1789067470984765000,1.544764892578125,-0.31472119845449925,-3.4181969171255826,-2.154829278805107
1789067470994703000,1.554703125,0.345460620111227,-3.3714015559419988,-1.6909774031996725
1789067471004641000,1.56464111328125,1.597375574916601,-4.239308425576985,-1.1994917438026518
1789067471014579000,1.574578857421875,3.218636467811465,-5.046434663295746,-0.8322843521118164
1789067471024517000,1.58451708984375,4.276650898760557,-5.11173861785531,0.04486947115492075
1789067471034455000,1.594455078125,3.889947583156824,-4.174553337071836,0.7916724288035184
1789067471044393000,1.60439306640625,2.460637833616137,-2.5676179066494105,1.0299905518613754
1789067471054331100,1.6143310546875,0.473420645070076,-1.5064160778358577,0.917476663967967
1789067471064269000,1.62426904296875,-2.503954997295141,-0.16062018554508686,1.2658052407309413
1789067471074207000,1.63420703125,-4.263445380228758,-0.21215631151497363,0.17865780040845275
1789067471084145200,1.644145263671875,-4.7098359795540565,-1.0804285073310136,-0.860940464688465
1789067471094083000,1.6540830078125,0.2376765372186899,-2.647712895366549,-0.5632654589071869
1789067471104021000,1.66402099609375,5.806581999957561,-3.2563363761305806,-1.6314672296106814
1789067471113959200,1.673959228515625,7.015543363699317,-2.761808645623922,-2.5963912889301777
1789067471123897000,1.68389697265625,5.485464962986112,-2.310177223035693,-2.4180095289841295
1789067471133835000,1.6938349609375,2.5719243716716766,-2.737153512316942,-1.1932099601194261
1789067471143773200,1.703773193359375,-0.14849018729031085,-2.8924519183173776,-0.7493110314793884
1789067471153711000,1.713711181640625,-2.1271125659704206,-2.906997745542228,-0.9164408911794424
1789067471163649000,1.72364892578125,-3.4081647679328917,-2.8828754039376974,-1.4002958365023135
1789067471173586200,1.733586181640625,-3.835224643844366,-1.8600106123030185,-1.3511447059728205
1789067471183524000,1.743524169921875,-3.0302070688426492,-0.7335717566862702,-1.208286094828695
1789067471193462000,1.7534619140625,-1.5201596487671136,-0.4480272606164217,-1.196921674118936
1789067471203400200,1.763400146484375,0.527811575949192,-0.779205088353157,-1.2037991586729884
1789067471213338000,1.773338134765625,3.294455386644602,-1.723105356605351,-1.4097607072010636
1789067471223276000,1.783276123046875,5.4531800654530524,-2.468034665869176,-1.6550705157771706
1789067471233214200,1.793214111328125,5.390342793267965,-2.5753546383813024,-1.8302128554105757
1789067471243152100,1.803152099609375,3.014236177250743,-1.7409221683248877,-2.0371897184610366
1789067471253090000,1.813090087890625,-0.40173546504080293,-0.6529813856676221,-2.1929908132866025
1789067471263028200,1.8230283203125,-2.8860066877007484,-0.06455518201887607,-2.018333334560692
1789067471272966100,1.832966064453125,-3.7493887733876705,0.4417889507487416,-2.0282605620741845
1789067471282904000,1.842904052734375,-2.8128251316338777,0.5497314390733837,-2.2658190258711577
1789067471292842200,1.85284228515625,-1.8323001830786465,-0.4582686686456203,-2.5772914516627785
1789067471302780200,1.8627802734375,-1.205506254851818,-1.0721677517250179,-3.262079595957696
1789067471312718000,1.872718017578125,-0.7598007151812315,-0.9890884865000843,-3.8617534620687364
1789067471322656300,1.88265625,0.7582809582680463,-1.127672196803987,-3.7873251208111642
1789067471332594200,1.89259423828125,5.52002598875761,-0.9689914548888802,-1.6164087766885757
1789067471342532000,1.902531982421875,3.404017000603676,-0.8005974204719066,-0.9092211690589785
1789067471352470300,1.91247021484375,-0.36859424293935295,0.13623860848248004,-0.24835224501192568
1789067471362408200,1.922408203125,-0.8818179060876369,1.1587643774211407,-0.08446165949404238
1789067471372346000,1.93234619140625,-3.677429452592134,2.3868489593058824,-0.5503408031433821
1789067471382283000,1.942282958984375,-5.873644196361303,2.077281198091805,-1.5684318045049905
1789067471392221000,1.952220947265625,-1.6227748045891521,-0.010204875411093235,-2.816129141615331
1789067471402158800,1.962158935546875,1.191382452431321,-1.2254326060712337,-1.600891474083066
1789067471412097000,1.972096923828125,2.0578806243121623,-0.9525091066434979,-1.1653352802440524
1789067471422035000,1.982034912109375,2.405738368692994,0.31948972803056236,-1.106215567277372
1789067471431972900,1.991972900390625,2.4261335064679383,0.8844695896402001,-0.7367436647206544
1789067471441911000,2.0019111328125,2.043293296033144,1.4132295523554086,0.17647008110582826
1789067471451849000,2.011848876953125,1.2515648261934518,1.4862310756802557,0.8937485823780298
1789067471461787000,2.021786865234375,0.5102162980258464,1.3854489805042742,1.0940285781383514
1789067471471725000,2.03172509765625,-0.08788111254870891,1.2707765994027256,1.1377438012242316
1789067471481663000,2.0416630859375,-0.6461725824356078,1.238910511803627,1.180785655093193
1789067471491601000,2.051600830078125,-1.295468849849701,0.8641305659666657,1.0259335315555334
1789067471501539000,2.0615390625,-1.80416948261559,0.4752092820525169,0.601130494660139
1789067471511477000,2.07147705078125,-1.794581570059061,0.1614651119366288,-0.1430073719650507
1789067471521415000,2.081414794921875,-1.912837947127223,-0.09473024779111146,-1.577270944520831
1789067471531353000,2.09135302734375,-1.9775977118074892,-0.29872692598700523,-5.357580925872922
1789067471541291000,2.101291015625,-1.870207596668601,-0.55467152582407,-7.327019881144166
1789067471551229000,2.11122900390625,-2.606300688526034,-0.8869228280112147,-4.330163877761364
1789067471561167000,2.1211669921875,-2.3824901795744893,-2.0091323754951356,-1.8491747455120087
1789067471571105000,2.13110498046875,-2.7874872767597436,-2.5090976208806035,-2.5207740301489827
1789067471581043000,2.14104296875,-4.572767349988222,-3.0004037589922548,-4.28162401099801
1789067471590981000,2.150981201171875,-5.377196895968914,-2.9065158072441815,-3.745730250880122
1789067471600919000,2.1609189453125,-6.188044492298364,-2.013942406125367,-3.152968356114626
1789067471610856000,2.17085595703125,-6.021318975615501,-1.8839877002179621,-2.667889421954751
1789067471620794000,2.180794189453125,-5.254205307072401,-2.267171609523892,-1.5291881738752127
1789067471630732000,2.19073193359375,-3.820580032420158,-2.3052914968207476,-0.6641027914017439
1789067471640670000,2.200669921875,-2.594941674643755,-2.2849209089651703,-0.3241840233266353
1789067471650608000,2.210608154296875,-2.225793889474869,-2.437583121243119,-0.24844459947049616
1789067471660546000,2.220546142578125,-2.667897020739317,-3.0071462189897895,-0.6400485465973615
1789067471670484000,2.23048388671875,-2.8013287551075217,-3.372276292949915,-1.2589935148894786
1789067471680422100,2.240422119140625,-2.2892858261764046,-3.527012096631527,-2.0328151566386223
1789067471690360000,2.250360107421875,-2.589197578033805,-4.032926898071169,-2.4590485185980797
1789067471700298000,2.260298095703125,-3.6724288678258654,-4.656970066285133,-1.5557172843605278
1789067471710236200,2.270236083984375,-3.5814907057940957,-4.364858174523711,0.30861703636050225
1789067471720174000,2.280174072265625,-2.2998276784569023,-3.5612037045687437,1.6835750179886817
1789067471730112000,2.290112060546875,-0.8307002977907657,-2.7147777221187948,2.83296249525547
1789067471740050200,2.30005029296875,0.5639344442099332,-2.253367248316109,3.265668852621317
1789067471749988000,2.309988037109375,1.7858394606769084,-2.559520524911582,2.5702713437676428
1789067471759926000,2.319926025390625,2.3773107311099766,-3.0528944092079997,1.332899293577671
1789067471769864200,2.3298642578125,2.19513951575309,-3.4895728850752112,0.25598142471611496
1789067471779802000,2.339802001953125,1.1286872190654278,-3.8511020119339223,-0.18071897072196005
1789067471789739500,2.349739501953125,0.03577273964881897,-3.893157192853093,-0.08981471095979213
1789067471799677700,2.359677734375,-1.1946531446650623,-3.7473783103480933,0.7039829663693904
1789067471809615600,2.36961572265625,-1.8925509459018706,-3.2030569136247036,1.924583329978585
1789067471819553500,2.379553466796875,-1.4552636904865504,-2.4218873933307825,3.122320119872689
1789067471829491700,2.38949169921875,-0.8389823884457349,-1.7692955915026365,3.797157655778527
1789067471839429600,2.3994296875,-0.5006617032170295,-1.4543566586442291,4.020079106935858
1789067471849366500,2.409366455078125,-0.3406201943427324,-1.4527258425720035,4.114337353301048
1789067471859304400,2.419304443359375,-0.20785963723435996,-1.4804206358358263,4.042255282908678
1789067471869242400,2.429242431640625,-0.12893340003564954,-1.6811939680710435,3.9753339562803505
1789067471879180500,2.4391806640625,0.6345603244446217,-2.0250491988122463,4.017239499595761
1789067471889118500,2.449118408203125,0.08915595479011536,-1.970736886127293,4.072105646771193
1789067471899056400,2.459056396484375,-0.5666191532492637,-1.4470195937544106,3.996380835962295
1789067471908994600,2.46899462890625,-0.02097615253329277,-0.9345634078472852,3.8977082802861927
1789067471918932500,2.478932373046875,-0.0983867244720459,-0.644538551492989,3.757524733570218
1789067471928870400,2.488870361328125,0.26200842992067336,-0.22879005092978477,3.69032459000051
1789067471938808300,2.498808349609375,0.9508300675153731,0.27345570660829543,3.6701240980148313
1789067471948746500,2.50874658203125,1.499645853048563,0.776098062248528,3.7372301335602995
1789067471958684400,2.518684326171875,1.9068588727176188,1.2036527359396219,3.6897213634103534
1789067471968622300,2.528622314453125,2.1633482469558714,1.5848714826524257,3.5738118417292832
1789067471978560500,2.538560546875,2.311353865599632,1.8460569057524203,3.524988481849432
1789067471988498400,2.54849853515625,2.307653842037916,2.080871623799205,3.4684371580660343
1789067471998436400,2.558436279296875,2.231655474984646,2.3023767784178255,3.5168244646161795
1789067472008374500,2.56837451171875,2.0090356371223925,2.4472324085980652,3.7863457543849943
1789067472018312400,2.5783125,1.7467676794826983,2.5113971299946307,3.980068583586812
1789067472028250400,2.58825048828125,1.5611691200256346,2.6043355259329077,4.019170175397396
1789067472038188500,2.5981884765625,1.3421955297112464,2.6457670219957827,3.997320747160911
1789067472048126500,2.60812646484375,1.1979483868181704,2.6363614802688358,3.9533196928709744
1789067472058064400,2.618064453125,1.2215526228327303,2.6300731937795874,3.8990193628847596
1789067472068002600,2.62800244140625,1.2833201468944548,2.6536265033245083,3.8335529112398623
1789067472077939500,2.637939453125,1.4761141708135603,2.6640648952305317,3.802328920936584
1789067472087877600,2.647877685546875,1.765165944352001,2.6943209172844886,3.7222576053559777
1789067472097815600,2.657815673828125,2.0177415061473845,2.8262831636220214,3.6130379367023706
1789067472107753500,2.66775341796875,2.144485871706158,3.0583605656594037,3.5006115809619422
1789067472117691400,2.67769140625,2.0615151814222337,3.3748505273520943,3.5090187593013047
1789067472127629600,2.687629638671875,1.8755939658820628,3.8100469479680057,3.5312294220656155
1789067472137567500,2.6975673828125,1.7347171762049196,4.277269322919845,3.546745555627346
1789067472147505400,2.70750537109375,1.5951894630491732,4.633088255438208,3.342747416126728
1789067472157443600,2.717443603515625,1.2964870869815348,4.841728083264828,2.9801176345497367
1789067472167381500,2.727381591796875,0.9164145876944064,4.8118601837456225,2.6290420971661805
1789067472177319400,2.7373193359375,0.6266367649037391,4.748027470782399,2.3400030369788407
1789067472187257600,2.747257568359375,0.3518974482256919,4.80796726796031,2.0948282529592515
1789067472197195500,2.757195556640625,0.14374445406794548,4.883599139788746,1.941236358615756
1789067472207133400,2.767133544921875,0.0015232640445232391,4.896458036839961,1.8399246866077184
1789067472217071600,2.777071533203125,-0.10180150135159492,4.836186231228709,1.8078987322717903
1789067472227009500,2.787009521484375,-0.07389993346929549,4.697275773188472,1.850852323335409
1789067472236947500,2.796947509765625,-0.02346621578335762,4.517016236671805,2.1161521960169076
1789067472246885600,2.8068857421875,0.1263982190022245,4.2667298087269065,2.399859247526526
1789067472256823600,2.816823486328125,0.18938279070351272,4.08206823785901,2.508002226859331
1789067472266761500,2.826761474609375,0.12814360136482864,3.822463946470618,2.6009400382757186
1789067472276699600,2.83669970703125,0.06428688647150993,3.3532109424740075,2.521204822781682
1789067472286637600,2.846637451171875,0.008095628172159194,2.8742437691926956,2.4377123005807397
1789067472296575500,2.856575439453125,-0.06939677683115004,2.410861118534207,2.4207196647256612
1789067472306513700,2.866513671875,-0.09719543232824653,1.914221510440111,2.463853288531303
1789067472316450600,2.876450439453125,0.025757578123547134,1.5065391196936369,2.6133552832126616
1789067472326388500,2.886388427734375,0.22083821514248847,1.1637965263694523,2.770402870967984
1789067472336326700,2.89632666015625,0.3988789065659046,0.8495271633356809,2.962109099650383
1789067472346264600,2.9062646484375,0.3443722768852487,0.3772673787385225,3.4111785627961155
1789067472356202500,2.916202392578125,0.45720483880639073,-0.10318623370826244,3.795850664833188
1789067472366140700,2.926140625,0.6245861890494823,-0.2931073325395584,3.9616117203980683
1789067472376078600,2.93607861328125,0.3401952103963122,-0.10629296755194663,4.281453915128112
1789067472386016500,2.9460166015625,0.3795172400245443,-0.3195534409165382,4.0799809101909394
1789067472395954700,2.95595458984375,0.7679705776333808,-0.42191082258522505,4.093268846309185
1789067472405892600,2.965892578125,0.8213900331318378,-0.19614391886889934,4.320777040734887
1789067472415830500,2.97583056640625,0.9512064996123313,0.12662497696280478,4.158730037257075
1789067472425768700,2.985768798828125,0.9206418500006198,0.428472080796957,4.043958579695224
1789067472435706600,2.99570654296875,0.8728442529719322,0.5164999083399773,4.17203784711957
1789067472445644500,3.00564453125,1.0576900213003158,0.5585194334238768,4.262987115067244
1789067472455582700,3.015582763671875,1.3537339918136595,0.6245955413997173,4.183274111405015
1789067472465520600,3.025520751953125,1.569189929395914,0.5836988828659058,4.020173799481988
1789067472475458600,3.03545849609375,1.6287994717061518,0.4199865765243768,3.7982097951799627
1789067472485396700,3.045396728515625,1.5885072088062762,0.14557400758266448,3.5182039362758397
1789067472495334700,3.055334716796875,1.602353363329172,-0.26220482927560806,3.1624352726399896
1789067472505272600,3.0652724609375,1.4267992280244826,-0.8040659733653068,2.7153040840804574
1789067472515210800,3.075210693359375,0.8288111230432986,-1.2882476664245128,2.3024369841724632
1789067472525148700,3.085148681640625,0.5073989025175571,-1.6913856917396186,1.9173703298598528
1789067472535086600,3.095086669921875,0.3157014416635036,-2.0605583190888166,1.5727718795359134
1789067472545024500,3.1050244140625,0.16907997085452078,-2.2843135907217857,1.185815465953946
1789067472554962700,3.114962646484375,0.10468087444650008,-2.50371475879848,0.8198001335918903
1789067472564900600,3.124900634765625,0.059061260777711865,-2.7312147699177265,0.5179518607139587
1789067472574837500,3.13483740234375,0.034839824446570127,-2.885492892959714,0.1869032123148441
1789067472584775400,3.144775390625,0.0554956772506237,-2.9748385251030323,-0.17429390611052512
1789067472594713300,3.15471337890625,-0.012651391780376433,-3.049121028149128,-0.5256739793986082
1789067472604651500,3.164651611328125,-0.0417535676240921,-3.12506941858083,-0.8159060487627983
1789067472614589400,3.17458935546875,-0.01429506733417511,-3.087856709256768,-1.109570430663228
1789067472624527400,3.18452734375,-0.024559235184453427,-2.991821808607876,-1.3983575619161128
1789067472634465500,3.194465576171875,-0.027459669333696365,-2.9136940283104775,-1.6423434284120797
1789067472644403500,3.204403564453125,0.008511844290234149,-2.9090748440772294,-1.843021483579278
1789067472654341400,3.21434130859375,0.13022913893461227,-2.978895983800292,-1.9762895518183707
1789067472664279600,3.224279541015625,0.280819513374567,-3.143290427187085,-2.0645722309052945
1789067472674217500,3.234217529296875,0.42945999585576355,-3.3568016604423523,-2.180671722200513
1789067472684155400,3.2441552734375,0.5843347696166485,-3.5301398732632396,-2.379941079613566
1789067472694093600,3.254093505859375,0.6420166317999363,-3.6549177610546346,-2.5352637432724237
1789067472704031500,3.264031494140625,0.5502502753157168,-3.726173902016878,-2.733615985840559
1789067472713969400,3.273969482421875,0.4480710997581482,-3.8455890937313435,-2.9303111088514324
1789067472723907600,3.283907470703125,0.40092115298323333,-4.029922163297235,-3.099302816900611
1789067472733845500,3.293845458984375,0.37538470679707825,-4.167098052629828,-3.2430092770457266
1789067472743783400,3.303783447265625,0.3070890961408615,-4.354481741937994,-3.3390964924037454
1789067472753721600,3.3137216796875,0.27451471414193507,-4.531100291603804,-3.4203047030597924
1789067472763659500,3.323659423828125,0.29263723080977794,-4.690044068369269,-3.5233921525686975
1789067472773597400,3.333597412109375,0.32088856197781856,-4.853540393872559,-3.5583413008749485
1789067472783535400,3.343535400390625,0.36738852041140196,-5.024789233198762,-3.5243308947235343
1789067472793474300,3.353474365234375,0.5887444758176803,-5.245453260818124,-3.6037504683971404
1789067472803412200,3.363412109375,0.7765900835491717,-5.316550996348261,-3.7618238920688625
1789067472813350100,3.37335009765625,0.7518624695278704,-5.256857282885909,-3.8400814362257716
1789067472823288300,3.383288330078125,0.6816238350450993,-5.272193383705615,-3.8818969631701705
1789067472833225200,3.39322509765625,0.6898083105444908,-5.401980624091625,-3.8807542228758334
1789067472843163100,3.4031630859375,0.722205874671787,-5.574667679527401,-3.9006998633176084
1789067472853101300,3.413101318359375,0.7041290968418121,-5.757464625567198,-3.860120015648007
1789067472863039200,3.423039306640625,0.6929226431727409,-5.925704053944349,-3.876623991203308
1789067472872977200,3.43297705078125,0.6577730038583278,-6.008008243143558,-3.8784488685429093
1789067472882915300,3.442915283203125,0.700847737083584,-6.031394379428029,-3.9136511148273945
1789067472892853200,3.452853271484375,0.8441887249171733,-5.980324701926111,-3.9112580822110172
1789067472902791200,3.462791259765625,0.9216798147462308,-5.825186162662506,-3.829254921784997
1789067472912729300,3.472729248046875,1.0700655187487602,-5.736129576593637,-3.7554514344274996
1789067472922667300,3.482667236328125,1.3081202416300772,-5.597230808991194,-3.8471371999561783
1789067472932605200,3.492605224609375,1.2954209190547465,-5.407089345407486,-3.8588673852384088
1789067472942543400,3.50254345703125,0.7575390538595617,-5.4960091533541675,-3.3263188438951965
1789067472952481300,3.512481201171875,0.1252012277700007,-6.136279233747721,-2.7043717711776494
1789067472962419200,3.522419189453125,-0.24849311478734015,-6.892906579589844,-2.201951241594553
1789067472972357400,3.532357421875,-0.36310382882952685,-7.529487157815694,-1.9290356332123277
1789067472982295300,3.54229541015625,-0.3826256909012794,-7.823454322054982,-2.0232102929472924
1789067472992233200,3.552233154296875,-0.48617856596484776,-7.783665917024016,-1.805126344949007
1789067473002171400,3.56217138671875,-0.19724457358717917,-7.666736989167332,-1.4411597618103027
1789067473012109300,3.572109375,0.34248423464894295,-7.3640727237313985,-1.0523398924440144
1789067473022047200,3.582047119140625,0.8674025003094226,-6.991820542806386,-0.5675894595861435
1789067473031985400,3.5919853515625,1.2035292556904256,-6.479211212164163,0.02886661352217197
1789067473041923300,3.60192333984375,1.4051017754793167,-5.775353333479166,0.6980787107616663
1789067473051861200,3.611861328125,1.4696891062021256,-5.077484466075897,1.3578706532269715
1789067473061799200,3.621799072265625,1.3915141257621346,-4.416909556539356,2.003960233554244
1789067473071736300,3.631736328125,1.290353114271164,-3.7480025797262786,2.4821441475033756
1789067473081674200,3.64167431640625,1.0069920997202395,-3.0143799696356055,2.8924077869147062
1789067473091612400,3.6516123046875,0.6316565658271313,-2.2555127359122036,3.378745781224966
1789067473101550300,3.66155029296875,0.2481249025294557,-1.5524448385611176,3.913320275437832
1789067473111488300,3.67148828125,-0.14216737747695296,-0.856297095862031,4.430613964504003
1789067473121426400,3.681426513671875,-0.4770739068806171,-0.1338484984755516,4.7257805676609275
1789067473131364400,3.6913642578125,-0.865405700469017,0.5918629000991582,4.872472181096673
1789067473141302300,3.70130224609375,-1.2686696902513503,1.3168448153555392,4.796099720034003
1789067473151240400,3.711240478515625,-1.52740245950222,2.0027052650570867,4.476377352291346
1789067473161178400,3.721178466796875,-1.678428887271881,2.553597272342443,4.161095012822747
1789067473171116300,3.7311162109375,-1.5504384671747684,2.9882196924626827,3.957358154606819
1789067473181054500,3.741054443359375,-1.3199825288593767,3.278111570087075,3.7344951556384562
1789067473190992400,3.750992431640625,-1.1348960105776786,3.4322686970978973,3.501000288018584
1789067473200930300,3.760930419921875,-0.9424187975227832,3.41859322296679,3.1890941469848153
1789067473210868500,3.770868408203125,-0.7122410916268825,3.3392233336538073,2.837995813247561
1789067473220806400,3.780806396484375,-0.47099838635921476,3.2999855482429266,2.4714924051076173
1789067473230744300,3.790744384765625,-0.17243395745754242,3.2875714723497627,2.1287615022212267
1789067473240682200,3.80068212890625,0.10063472259454428,3.399019922968745,1.836072102832794
1789067473250620400,3.810620361328125,0.32061018342785536,3.4431448958992954,1.6041221265673637
1789067473260558300,3.820558349609375,0.5414063129942864,3.410008349972963,1.4251011919349432
1789067473270496300,3.830496337890625,0.7928408149957656,3.2809114299386737,1.2385966235488652
1789067473280434400,3.840434326171875,1.0283518447436393,3.063320818415284,1.0534434697717427
1789067473290372400,3.850372314453125,1.1709444984279573,2.8586715215295553,0.8259288456052541
1789067473300310300,3.860310302734375,1.3398542272821068,2.641376678082347,0.5129489378601312
1789067473310248400,3.87024853515625,1.4702571153484285,2.4436773464649915,0.2536889298647642
1789067473320186400,3.880186279296875,1.5408967318475246,2.302351643976569,0.11255728864371776
1789067473330123300,3.890123291015625,1.5746727447211741,2.166983973109722,0.0006897358298301697
1789067473340061200,3.900061279296875,1.5106393946193157,2.008700706079602,-0.15543547638356683
1789067473349999000,3.9099990234375,1.3775167262002825,1.8504536794066428,-0.19373042798638343
1789067473359937300,3.919937255859375,1.26180258096084,1.723226644897461,-0.14603811796307564
1789067473369875200,3.929875244140625,1.2168109081983565,1.6673580426812171,-0.06969897464811801
1789067473379813000,3.939813232421875,1.1415304070908576,1.6869664139926432,0.053960138246417044
1789067473389751300,3.949751220703125,1.0438204859018325,1.717133588719368,0.23331892653107641
1789067473399689200,3.959689208984375,0.8715935953237116,1.7307465190082787,0.3299883256912231
1789067473409627100,3.969627197265625,0.6185271082062274,1.8115227679878472,0.3933376390516758
1789067473419565300,3.9795654296875,0.338350349714607,2.0418261460900307,0.4495885185837745
1789067473429503200,3.989503173828125,0.0940729529261589,2.3346067308932543,0.44091888991594314
1789067473439441200,3.999441162109375,-0.08000234199762343,2.644043266943097,0.5173983184844255
1789067473449379300,4.00937939453125,-0.18817980812191962,2.919672810459137,0.7433066764980554
1789067473459317200,4.019317138671875,-0.22130802461132407,3.195508690202236,1.1097370194017886
1789067473469255200,4.029255126953125,-0.18597163055315613,3.354756418350339,1.5184019914448261
1789067473479193000,4.039193115234375,-0.15902385626435278,3.393786698490381,1.9881033237308263
1789067473489131300,4.04913134765625,-0.18058796475343405,3.4036160185873507,2.452029579746723
1789067473499069200,4.059069091796875,-0.19277407710961997,3.3848119493961333,2.8691876548469066
1789067473509007000,4.069007080078125,-0.32946123307719827,3.302680778676271,3.4034950225561853
1789067473518945300,4.0789453125,-0.5384592266917229,2.9566940888643263,4.135935437124967
1789067473528883200,4.08888330078125,-0.7085973282970488,2.525510995543003,4.9240451319456096
1789067473538821000,4.098821044921875,-0.8592189015928655,2.0145015013128518,5.801107952460646
1789067473548759300,4.10875927734375,-0.8355494913876056,1.4976906273275612,6.6135477864176035
1789067473558697200,4.118697265625,-0.571007889727503,1.3931915574550628,7.042928214231133
1789067473568635100,4.12863525390625,-0.09211590057425201,1.8481266977638005,7.138380638816952
1789067473578573300,4.1385732421875,0.5296048891067504,2.5593945604443546,7.168098900732398
1789067473588510200,4.14851025390625,1.0449402837119997,3.182311354976892,7.151928687176108
1789067473598448400,4.158448486328125,1.4494015204548836,3.686042967158556,7.27387690449953
1789067473608386300,4.16838623046875,1.8231705356836319,4.071789420428872,7.293613870626688
1789067473618324200,4.17832421875,2.21896550475955,4.270927260416746,7.356658648082614
1789067473628262400,4.188262451171875,2.394781505870819,4.13143695666194,7.509826179534197
1789067473638200300,4.198200439453125,2.408668576925993,3.6472850742191074,7.5529077808916565
1789067473648138200,4.20813818359375,2.3565398918904363,2.899143817171454,7.22514531455636
1789067473658076200,4.218076171875,1.8707387809358536,2.0056956790447233,6.3908168893963095
1789067473668014300,4.228014404296875,1.0427460616033524,1.3349334297537803,5.580613436189293
1789067473677952300,4.2379521484375,0.2679705531954765,0.9163193106263875,4.916172791135311
1789067473687890200,4.24789013671875,-0.5160872358858585,0.4332458710700273,4.227905864813923
1789067473697828400,4.257828369140625,-1.023563222227618,-0.00784837541282177,3.58394394416511
1789067473707766300,4.267766357421875,-1.3337562026679515,-0.39282384431064127,3.0703882725834846
1789067473717704200,4.2777041015625,-1.4199416172146797,-0.6916928091168403,2.6111048739373683
1789067473727642400,4.287642333984375,-1.3191174364626408,-0.9318383667975664,2.1734283269435166
1789067473737580300,4.297580322265625,-0.9881354235589503,-1.0652508119434119,1.8271452845335006
1789067473747518200,4.307518310546875,-0.5098503873229027,-1.1478911012291908,1.5557506021082401
1789067473757456400,4.317456298828125,-0.043832127463817594,-1.229941607928276,1.275527885583043
1789067473767394300,4.327394287109375,0.2764718395590782,-1.2502502364635466,1.0036579868614672
1789067473777332200,4.337332275390625,0.507824434453249,-1.2322782341822982,0.7473498144090175
1789067473787269600,4.34726953125,0.628682591517642,-1.2827952462375163,0.5134580564260482
1789067473797207600,4.35720751953125,0.7526503319699317,-1.421080265855789,0.2754348977267742
1789067473807145500,4.3671455078125,0.8495183955073357,-1.5946300756007432,-0.009574468553066253
1789067473817083600,4.377083740234375,0.7545768430531025,-1.7445891663998365,-0.32798633821904655
1789067473827021600,4.387021484375,0.5511737468361855,-1.8923805577710269,-0.5339595771849155
1789067473836959500,4.39695947265625,0.28700974631682036,-2.126222339132428,-0.6191127260744571
1789067473846896600,4.406896728515625,0.012435191746428608,-2.3300164804935455,-0.7293582306444645
1789067473856834600,4.41683447265625,-0.19632913924269377,-2.514551794633269,-0.8886766859412193
1789067473866772700,4.426772705078125,-0.41800095566511153,-2.7615508714705705,-0.9972177246809005
1789067473876710700,4.436710693359375,-0.5604992090642452,-3.12982567319721,-1.1027215876817702
1789067473886648600,4.446648681640625,-0.6443581534247845,-3.473603747048974,-1.271236325868964
1789067473896586800,4.456586669921875,-0.6693243985075503,-3.8682065837308763,-1.460478794786334
1789067473906524700,4.466524658203125,-0.6101788935124873,-4.214014702105522,-1.6435405292421579
1789067473916462600,4.476462646484375,-0.45811442793197926,-4.585193700841069,-1.7644395297735929
1789067473926400800,4.48640087890625,-0.12299743411540984,-4.982391522452235,-1.9273709148705005
1789067473936338700,4.496338623046875,0.26637714652419087,-5.272320809477567,-2.2409020267575976
1789067473946276600,4.506276611328125,0.4927567022461444,-5.514330991986394,-2.608815301695466
1789067473956214800,4.51621484375,0.6724211954791098,-5.686021437600255,-2.9524750098645685
1789067473966152700,4.526152587890625,0.7885060737270861,-5.796966030350327,-3.2836937541335818
1789067473976090600,4.536090576171875,0.9042728990018367,-5.853590419369936,-3.576996901506185
1789067473986028500,4.546028564453125,1.0763842003762722,-5.897816514587402,-3.859391116851568
1789067473995966700,4.555966796875,1.2213994780976325,-5.939179037067293,-4.069380605721474
1789067474005904600,4.565904541015625,1.1889512797616422,-5.941369825109839,-4.206418840149045
1789067474015842600,4.575842529296875,1.0159281242392957,-5.944602815681695,-4.292938016694784
1789067474025780700,4.58578076171875,0.7797486937105655,-5.994847732797265,-4.408197550034523
1789067474035718700,4.59571875,0.6194225226759911,-5.9652381919533015,-4.549325099602341
1789067474045656600,4.605656494140625,0.4817583383698016,-5.858754085743427,-4.770692891576886
1789067474055594800,4.6155947265625,0.4157201512515545,-5.742659855145216,-4.9925657104641195
1789067474065532700,4.62553271484375,0.3535769988104701,-5.5767035692691795,-5.144629664587974
1789067474075470600,4.635470703125,0.1880089815996587,-5.600084444856643,-4.920294839501381
1789067474085408800,4.64540869140625,0.05966565641164779,-5.931050091147423,-4.522741044059395
1789067474095345700,4.655345703125,-0.07313070266246795,-6.345193202340602,-4.234950522628426
1789067474105283800,4.665283935546875,-0.1112451831318438,-6.773847653967142,-3.95614410264194
1789067474115221800,4.6752216796875,-0.0869629747904837,-7.048251455080509,-3.7204315589725967
1789067474125159700,4.68515966796875,-0.04732406123280525,-7.062459428653121,-3.6070810741245745
1789067474135097900,4.695097900390625,0.11060542392358183,-6.797799022918939,-3.5343998687952753
1789067474145035800,4.705035888671875,0.4169431902404874,-6.307109847661852,-3.2661499141365287
1789067474154973700,4.7149736328125,0.8045150323070586,-5.715135888403654,-2.829253119343519
1789067474164911900,4.724911865234375,1.065924619551748,-5.228534859243035,-2.30975402918756
1789067474174849800,4.734849853515625,1.2336942384600638,-4.885303021097183,-1.7731015596568585
1789067474184787700,4.74478759765625,1.1763725148260593,-4.681520862434804,-1.1529980689793824
1789067474194725600,4.7547255859375,0.9089642716884613,-4.472875773911178,-0.703569709393382
1789067474204663800,4.764663818359375,0.5676982537228614,-4.182295914022625,-0.3316594737738371
1789067474214601700,4.774601806640625,0.3122667910397053,-3.921536899641156,0.05000234053134918
1789067474224539600,4.78453955078125,0.1644387939851731,-3.5746421550735827,0.4657686690121889
1789067474234477800,4.794477783203125,0.06820091811008751,-3.0619571288466454,0.9535621228277683
1789067474244415700,4.804415771484375,-0.07297865390591322,-2.474329089838266,1.4041875832438468
1789067474254353700,4.814353759765625,-0.13287227385453879,-1.8344056309252976,1.731208291301131
1789067474264291800,4.824291748046875,-0.23142624465227127,-1.123608308365941,2.005745363405347
1789067474274229800,4.834229736328125,-0.3297462605636567,-0.329794556684792,2.261685287067294
1789067474284167700,4.844167724609375,-0.4552420143008232,0.4930518127351999,2.5522879433095453
1789067474294105900,4.85410595703125,-0.5840284070812165,1.2937222984433174,2.9233564674079418
1789067474304043800,4.864043701171875,-0.5188520244240761,1.8780010270237921,3.1168793901234864
1789067474313981700,4.873981689453125,-0.3279413300335407,2.1399065810918807,3.1606057191252708
1789067474323920000,4.883919921875,-0.05537972272075713,2.0870693093955515,3.129240859046578
1789067474333857800,4.89385791015625,0.3500854303676635,1.9125772503644227,2.99176774033308
1789067474343794700,4.903794677734375,0.7535305488705635,1.7469319301337003,2.7489883270174262
1789067474353732600,4.913732666015625,0.9379974739491939,1.6936200266629458,2.4706501090645787
1789067474363670500,4.92367041015625,1.0015677365839482,1.8030927932947873,2.300065578866005
1789067474373608700,4.933608642578125,1.0355132608056068,2.0749112540900705,2.1884026087135076
1789067474383546600,4.943546630859375,0.9949614701867103,2.3991356094270944,2.173528280186653
1789067474393484500,4.953484619140625,0.9790262344300746,2.6116847196519375,2.1452906122177837
1789067474403422700,4.963422607421875,1.0618578085042536,2.7088468707650897,2.086910319441557
1789067474413360600,4.973360595703125,1.233412498909235,2.6749200512439013,1.9643290649116039
1789067474423298600,4.983298583984375,1.3936724728398024,2.544665193346143,1.7938398117810486
1789067474433236500,4.993236572265625,1.463015035265684,2.4044728788018226,1.5299989057362078
1789067474443174700,5.003174560546875,1.4204524893462658,2.241528049701452,1.2949006945729256
1789067474453112600,5.013112548828125,1.3847593908049165,1.9764713381260632,1.1243383762061596
1789067474463050500,5.023050537109375,1.387819801288843,1.7654373086392878,1.0706336740255356
1789067474472988700,5.03298876953125,1.3532907780908048,1.626753060570359,1.0407990922540427
1789067474482926600,5.042926513671875,1.2826817028604447,1.5051654932528733,0.930966260138154
1789067474492864500,5.052864501953125,1.105748095896095,1.4289818327605723,0.825406867557764
1789067474502802700,5.062802734375,0.8264623679600656,1.3886375474125146,0.7506476869106292
1789067474512740600,5.07274072265625,0.5681389101624489,1.3780980332195758,0.7364221776813268
1789067474522678500,5.082678466796875,0.4087155331864953,1.3763006284087895,0.749848060965538
1789067474532616700,5.09261669921875,0.4751404546000063,1.4522107326567173,0.716197720298171
1789067474542554600,5.1025546875,0.5025109843455254,1.627353949072957,0.7214847207903862
1789067474552492500,5.112492431640625,0.49323593713045116,1.8747253663539885,0.8242980295330286
1789067474562430700,5.1224306640625,0.41507133195400236,2.2015397381842137,0.9542892680585384
1789067474572368600,5.13236865234375,0.3634089492559433,2.5250392863780258,1.0571054994106293
1789067474582306600,5.142306640625,0.27688918818831443,2.8612200369685885,1.1865870348483323
1789067474592243700,5.15224365234375,0.1338214643381536,3.1388112359464166,1.4837468576490878
1789067474602181600,5.162181640625,0.04536591290235519,3.315657749149203,1.8276497269243002
1789067474612119600,5.17211962890625,-0.04535422246456146,3.394372389423847,2.150423883453011
1789067474622057700,5.1820576171875,-0.0532780012011528,3.3750539409697056,2.4785247879624364
1789067474631995600,5.19199560546875,-0.02033084036707878,3.3835300928920504,2.808107455462217
1789067474641933600,5.20193359375,0.016190233431011437,3.413899512192607,3.228539437666535
1789067474651871700,5.211871826171875,-0.20930895925983786,3.260847716075182,4.028731784468889
1789067474661809700,5.2218095703125,-0.44357159638181326,2.750279535871744,4.97050176269412
1789067474671747600,5.23174755859375,-0.5089572378754615,2.1044033060342073,5.840813939905166
1789067474681685800,5.241685791015625,-0.3666832947514951,1.478219034138322,6.579072100841999
1789067474691623700,5.251623779296875,-0.05287687305435538,1.1938152325361966,7.02997111750245
1789067474701561600,5.2615615234375,0.2492658527255058,1.3295990829885005,7.282317985108494
1789067474711499800,5.271499755859375,0.5892633851252496,1.680260194352269,7.537794967433809
1789067474721437700,5.281437744140625,1.1083344591274857,2.131023601934314,7.61515468596816
1789067474731375600,5.291375732421875,1.5768112180545926,2.8578508527964352,7.4437319513797755
1789067474741313800,5.301313720703125,1.943618431446701,3.6063936763823032,7.204512276372313
1789067474751251700,5.311251708984375,2.09557644097805,4.137712383669615,7.09464963364005
1789067474761189600,5.321189697265625,2.2101978225447234,4.29563090904057,7.040203757703304
1789067474771127800,5.3311279296875,2.325276007968187,4.170910304394364,6.927334334370493
1789067474781065700,5.341065673828125,2.422914690551907,3.769854053789377,6.741431823530792
1789067474791003600,5.351003662109375,2.4117982532538473,3.1082810731261965,6.318336175075173
1789067474800941800,5.36094189453125,2.1261926746465263,2.2454285642713305,5.586854960927367
1789067474810879700,5.370879638671875,1.6791617315910756,1.5142249980211258,4.915469611302018
1789067474820816600,5.380816650390625,1.17314478495121,0.9664800565898418,4.340630911239981
1789067474830754800,5.3907548828125,0.7857597706936299,0.5122328985452652,3.7997751448005435
1789067474840692700,5.400692626953125,0.4657619470104575,0.09333119464814663,3.2945518327564
1789067474850630700,5.410630615234375,0.3919675197422504,-0.24848726956844328,2.928251838234067
1789067474860568800,5.42056884765625,0.6027122839588671,-0.4450514596760273,2.610270176678896
1789067474870506800,5.4305068359375,1.037333461970091,-0.50435354347229,2.3376877457737923
1789067474880444700,5.440444580078125,1.4624103473708032,-0.5115700507223606,2.015691003358364
1789067474890382800,5.4503828125,1.7742215035974978,-0.49873278098106383,1.775439062693715
1789067474900320800,5.46032080078125,1.9977204623818396,-0.5510317080169915,1.5733517252504825
1789067474910258700,5.4702587890625,2.0891722730241713,-0.6445318294912576,1.314066582813859
1789067474920196900,5.48019677734375,2.1784102070093154,-0.8209861285060643,1.0268769498854875
1789067474930134800,5.490134765625,2.138708311218023,-1.0492831352218985,0.6794131732583045
1789067474940072700,5.50007275390625,1.9531481840752063,-1.3727020193949342,0.3950964654177427
1789067474950011000,5.510010986328125,1.6649075807891784,-1.695434090347588,0.14251228192448614
1789067474959948800,5.51994873046875,1.3346587044656275,-1.9886191642984747,0.0018698855251073835
1789067474969886700,5.52988671875,1.0613877798397093,-2.2778449792295694,-0.14631459681689737
1789067474979825000,5.539824951171875,0.810898011342436,-2.571654907080531,-0.30952129172384735
1789067474989762800,5.5497626953125,0.5583456842921674,-2.8865020700022574,-0.4942828158348798
1789067474999700700,5.55970068359375,0.3227694803535938,-3.1920050659954544,-0.7553004811525345
1789067475009639000,5.569638916015625,0.16023732370734214,-3.4848689451679586,-1.0260597882837057
1789067475019576800,5.579576904296875,0.07241977791413665,-3.7585812568858263,-1.3016039916038513
1789067475029514800,5.5895146484375,0.09420388582944869,-4.020301809775829,-1.539961496824026
1789067475039452700,5.59945263671875,0.2245278634406626,-4.242212330324947,-1.7886644549697637
1789067475049389800,5.609389892578125,0.4777085515223443,-4.459106484016776,-1.9645219571352004
1789067475059327700,5.61932763671875,0.8125788040362298,-4.689674942795932,-2.103732859426737
1789067475069266000,5.629265869140625,1.1547288382947445,-4.883865681770444,-2.2594255254417654
1789067475079203800,5.639203857421875,1.418481627664715,-5.073865106534957,-2.480468907767534
1789067475089141800,5.649141845703125,1.6416637755848467,-5.223865113866329,-2.752631067433953
1789067475099080000,5.659079833984375,1.7096949631512164,-5.296686019927263,-2.9853982053011654
1789067475109017900,5.669017822265625,1.6780699908316135,-5.353002950432896,-3.216115424901247
1789067475118955800,5.678955810546875,1.6237151541791854,-5.4448658260941505,-3.3799498963177204
1789067475128894000,5.68889404296875,1.5537117897570132,-5.5660424745231865,-3.5395419078588484
1789067475138832000,5.698831787109375,1.4355787468075751,-5.653502731311321,-3.6584482732683417
1789067475148769800,5.708769775390625,1.2987629229590296,-5.7484121350616215,-3.645031157812476
1789067475158708000,5.7187080078125,1.179481148365885,-5.8032052170008415,-3.6234020943284033
1789067475168646000,5.72864599609375,1.0821617608644067,-5.825520509183407,-3.621473756614327
1789067475178583800,5.738583740234375,0.9653731182612478,-5.8360518400698895,-3.6593560357630253
1789067475188522000,5.74852197265625,0.7721990089833736,-5.895770687973499,-3.5078163977742194
1789067475198460000,5.7584599609375,0.4605073874831199,-6.3767597224712365,-2.9715035354614256
1789067475208397800,5.768397705078125,0.28580183183178304,-7.147289336937665,-2.5850539023578167
1789067475218335700,5.778335693359375,0.287051539631933,-7.831381023401022,-2.439025721266866
1789067475228274000,5.78827392578125,0.390939784129709,-8.267994325077533,-2.667078105571866
1789067475238211800,5.7982119140625,0.4948234985828399,-8.31214384792745,-2.8987971956908702
1789067475248149800,5.808149658203125,0.7077903958283365,-8.148606898152828,-2.8131185616225003
1789067475258088000,5.818087890625,1.209510522057116,-7.811030309289693,-2.8422832813084122
1789067475268025900,5.82802587890625,1.8780491039492189,-7.089239299029112,-2.9828853456974027
1789067475277962800,5.837962646484375,2.393408025560528,-6.022825873047113,-3.105270200872421
1789067475287900700,5.847900634765625,2.712865458756685,-4.881058807656169,-3.0710780084133145
1789067475297838600,5.857838623046875,2.8163445379316805,-3.8403628835156556,-2.889119851285219
1789067475307776800,5.86777685546875,2.7344892615437506,-2.9535423468351363,-2.5888702457755803
1789067475317714700,5.877714599609375,2.4452120086863633,-2.2329297327041626,-2.307057045188546
1789067475327652600,5.887652587890625,1.9774176790654658,-1.768904838619381,-2.2417449073225257
1789067475337590800,5.8975908203125,1.4932921001076698,-1.569551456184685,-2.174837609219551
1789067475347528700,5.90752880859375,0.9844178643405437,-1.6211235302507876,-2.045105313891172
1789067475357466600,5.917466552734375,0.5331061752259731,-1.7701842109054327,-1.7592530670464037
1789067475367404800,5.92740478515625,0.18126023799180985,-1.7727499697402118,-1.38532681542933
1789067475377342700,5.9373427734375,-0.2538811645012349,-1.6192901773437858,-0.9879898776084184
1789067475387280600,5.94728076171875,-0.8126829950630664,-1.3622595358356833,-0.6027092882841825
1789067475397218800,5.95721875,-1.4843535913705825,-0.9860282221466302,-0.20605857916176318
1789067475407156700,5.96715673828125,-2.0735481490433214,-0.6211795954763889,0.0999637645304203
1789067475417094700,5.9770947265625,-2.3904443534493445,-0.31565760252177716,0.3289496302932501
1789067475427032800,5.98703271484375,-2.4655448948800562,-0.07590864294320344,0.6695961281210183
1789067475436970800,5.996970703125,-2.3945640637278554,0.0401481782540679,1.013006245443225
1789067475446908700,6.00690869140625,-2.048921072787046,-0.0391261417299509,1.239859775352478
1789067475456846600,6.0168466796875,-1.2970213399887085,-0.2442424716055393,1.3315969788074493
1789067475466784800,6.02678466796875,-0.4958638014160096,-0.4897787824138999,1.3628069405853747
1789067475476722700,6.03672265625,0.2769057009316981,-0.5867217378184199,1.3997101455688477
1789067475486660600,6.04666064453125,0.9087092740140855,-0.48859541784822935,1.3652064029425381
1789067475496597800,6.05659765625,1.3124199846506117,-0.3329349005371332,1.2172644971847533
1789067475506535700,6.06653564453125,1.428156487852335,-0.06207213303148746,1.0579688382416963
1789067475516473900,6.076473876953125,1.3441558699987828,0.23755437214374542,0.929470468622446
1789067475526411800,6.086411865234375,1.2584943331956864,0.40976504223942756,0.7876116821706295
1789067475536349700,6.096349609375,1.18952652236633,0.5476993487238884,0.707092622822523
1789067475546287900,6.106287841796875,1.1741525006890297,0.6593681640952825,0.6569453208625317
1789067475556225800,6.116225830078125,1.1195570602137594,0.6626636985093355,0.6637064855605364
1789067475566163700,6.126163818359375,0.9646714727979153,0.705595077741146,0.7231962008833884
1789067475576102000,6.136101806640625,0.8135597048323601,0.773141842791438,0.80941259509027
1789067475586039800,6.146039794921875,0.6459176578264683,0.8822042750567197,0.8950035508751869
1789067475595977700,6.155977783203125,0.5553635997414589,0.970094155433774,0.9933008434981108
1789067475605916000,6.165916015625,0.4327730659265071,1.1129016209125517,1.1031757611900568
1789067475615853800,6.175853759765625,0.3108815472263843,1.256217620435357,1.2603536973267793
1789067475625791700,6.185791748046875,0.16994981249161065,1.4123007470726967,1.4743290409624576
1789067475635729700,6.195729736328125,0.02022087718658149,1.603690749412775,1.7006179227262734
1789067475645667800,6.205667724609375,-0.13337160167880355,1.8097803082346915,1.8245231193363665
1789067475655605800,6.215605712890625,-0.3185726131856441,2.053546979022026,1.9062994852691888
1789067475665543700,6.225543701171875,-0.4979518597364425,2.3555747001200915,1.9453660057663917
1789067475675481900,6.23548193359375,-0.6145803433418273,2.711604645040631,1.9580349332034586
1789067475685419800,6.245419677734375,-0.7421953542552888,3.0315275037914513,1.9956746357679367
1789067475695357700,6.255357666015625,-0.8768413597840815,3.336753144147992,2.0890683742582796
1789067475705296000,6.2652958984375,-1.0908289783794431,3.5358091510713097,2.280046288666129
1789067475715233800,6.27523388671875,-1.2887047625422476,3.606221826946735,2.504857499092817
1789067475725171000,6.2851708984375,-1.4187912781357765,3.622579672029614,2.791619846519828
1789067475735108900,6.29510888671875,-1.4894915387809275,3.6269022114038467,3.113463444200158
1789067475745046800,6.305046875,-1.5388170029640196,3.6335979096502062,3.43043622097373
1789067475754985000,6.31498486328125,-1.611723249220848,3.6622815678209064,3.745215287095308
1789067475764923000,6.3249228515625,-1.8495090920329094,3.581474923703074,4.343194624248147
1789067475774860800,6.33486083984375,-2.212434057164192,3.0737925280690193,5.3114720856487745
1789067475784799000,6.344799072265625,-2.318642853564024,2.2819085754066704,6.167946876165271
1789067475794737400,6.3547373046875,-2.3088638023495673,1.5979378849744796,6.926031435078382
1789067475804675300,6.36467529296875,-2.049725374907255,1.1578858410209416,7.4323653387129305
1789067475814613200,6.37461328125,-1.7975743221342562,1.2588409546762704,7.83806152407825
1789067475824551400,6.384551513671875,-1.5376187330901623,1.675877449223399,8.117953985735774
1789067475834489300,6.3944892578125,-1.0050655155718327,2.1956495111018417,8.147021090266108
1789067475844427300,6.40442724609375,-0.4742553423285484,2.8708400982290505,7.988810888472199
1789067475854365400,6.414365478515625,-0.0010953940212726592,3.6414755111575126,7.657096469640732
1789067475864303400,6.424303466796875,0.37388482362814246,4.454391730454564,7.277225630405545
1789067475874241300,6.4342412109375,0.5427168841361999,5.095114815312623,6.987261856588721
1789067475884179500,6.444179443359375,0.7035105996172875,5.426150019708276,6.753246764487027
1789067475894117400,6.454117431640625,0.7771124999880791,5.252690226334333,6.586275748610496
1789067475904055300,6.46405517578125,0.8624819219768047,4.556870108154416,6.300788827946782
1789067475913993500,6.473993408203125,0.7945756759643554,3.5226445490717886,5.629646054905653
1789067475923931400,6.483931396484375,0.45511217737607657,2.5913579709380863,4.987634099280834
1789067475933869300,6.493869384765625,0.030275822732970116,1.929872668558359,4.414872790014743
1789067475943806500,6.503806396484375,-0.3844470611095428,1.3815736003756522,3.844160814493894
1789067475953744400,6.513744384765625,-0.6704582979083061,0.8574468504190444,3.3648867672204967
1789067475963682300,6.523682373046875,-0.6884557999569922,0.32636662806272504,3.02296951880455
1789067475973620500,6.533620361328125,-0.3031635201949626,-0.12830138574242592,2.7954566482037304
1789067475983558400,6.543558349609375,0.33903329047746955,-0.5053372938126325,2.516182026183605
1789067475993496300,6.553496337890625,0.8418331017017364,-0.7295973000973462,2.2987211785197257
1789067476003434500,6.5634345703125,1.5134347244262694,-0.8303250347375869,2.20857738173604
1789067476013372400,6.573372314453125,2.128317703976482,-0.8946808947920799,1.9371943897485733
1789067476023310300,6.583310302734375,2.5841958242237566,-0.8803998559832572,1.5864251418352127
1789067476033248500,6.59324853515625,2.8955031225815415,-0.9657418054431677,1.2552899841964245
1789067476043186400,6.6031865234375,3.052070525604486,-1.1117302390456199,1.013707087188959
1789067476053124400,6.613124267578125,3.1744460284292697,-1.272551500120759,0.8384908055365086
1789067476063062500,6.6230625,3.226710468673706,-1.4818413162887096,0.6233493407309055
1789067476073000400,6.63300048828125,3.1028397588551044,-1.6770771804019808,0.3786778300583362
1789067476082938400,6.6429384765625,2.80383109331727,-1.9476888957560061,0.06289221724271774
1789067476092876500,6.65287646484375,2.3454243313752112,-2.183376889505982,-0.12461188357472419
1789067476102814500,6.662814453125,1.9671021828867494,-2.4388716997489333,-0.27623452367186546
1789067476112752400,6.67275244140625,1.634121105120331,-2.639709037131071,-0.396278368678689
1789067476122690600,6.682690673828125,1.4637095934011042,-2.8176506520941853,-0.5609551361382007
1789067476132628500,6.69262841796875,1.3488999957859515,-2.9608509162828325,-0.771685214242339
1789067476142565400,6.7025654296875,1.173567978799343,-3.102956370972097,-0.9125123195588588
1789067476152503300,6.71250341796875,1.1173498324930666,-3.3155256472021337,-1.0241384648323058
1789067476162441200,6.722441162109375,1.2342261533796786,-3.5558144127458333,-1.1192448524594307
1789067476172379100,6.732379150390625,1.477293735986948,-3.781722770759463,-1.2506611553519964
1789067476182317300,6.7423173828125,1.692765163399279,-3.9903731199800965,-1.3408522984087465
1789067476192255200,6.752255126953125,1.8864019217528403,-4.16405386262834,-1.4599001181155442
1789067476202193200,6.762193115234375,2.053010534057766,-4.337274586549401,-1.6779501638442278
1789067476212131300,6.77213134765625,2.165403572050482,-4.460018045903742,-1.8664912064939736
1789067476222069200,6.7820693359375,2.279694114227593,-4.577067385269701,-2.1267934170186518
1789067476232007200,6.792007080078125,2.35732037474364,-4.6586645952433345,-2.4202263282507657
1789067476241945300,6.8019453125,2.371074759329855,-4.737354101076722,-2.6970231619805096
1789067476251883300,6.81188330078125,2.3511808490753174,-4.866414196231961,-2.915515106257796
1789067476261821200,6.8218212890625,2.3510407099522648,-5.0774534864157435,-3.1017724218845366
1789067476271759400,6.83175927734375,2.3811516244471074,-5.320465539443493,-3.2063585855185983
1789067476281697300,6.841697265625,2.449146717786789,-5.584131088921428,-3.384795582783222
1789067476291635200,6.85163525390625,2.5081203002810475,-5.835928505951165,-3.6027024206489324
1789067476301573400,6.861573486328125,2.496109544491768,-6.080836163467168,-3.881683028158545
1789067476311511300,6.87151123046875,2.4817735606253146,-6.276960793113708,-4.134147384664416
1789067476321449200,6.88144921875,2.472565002775192,-6.344431570318341,-4.453455910909176
1789067476331387400,6.891387451171875,2.4568892947375773,-6.2796636223316185,-4.782448211300373
1789067476341324300,6.90132421875,2.3471787738271055,-6.208894388103484,-4.802272855710983
1789067476351262200,6.91126220703125,2.0405074647068977,-6.564140489169955,-4.36030884065628
1789067476361200400,6.921200439453125,1.7163000605046748,-7.159267359501123,-3.9727410171777007
1789067476371138300,6.93113818359375,1.3945992322959004,-7.659439233374595,-3.628587388011813
1789067476381076200,6.941076171875,1.0940873225882648,-7.993599876314401,-3.597468027126789
1789067476391014400,6.951014404296875,0.6972505893744528,-8.011157160314918,-3.576572538614273
1789067476400952300,6.960952392578125,0.3100840401731431,-7.863159140455722,-3.4723026013225313
1789067476410890200,6.97089013671875,0.14258227842077612,-7.493089564266801,-3.424824226310849
1789067476420828400,6.980828369140625,0.2742624198812991,-6.922005248302221,-3.387769630157947
1789067476430766300,6.990766357421875,0.6171440563499927,-6.251572084835171,-3.1080139466226098
1789067476440704300,7.000704345703125,0.8738789297819137,-5.476632837232947,-2.542427059030533
1789067476450642400,7.010642333984375,0.9758721543133259,-4.6627866436094045,-1.969317959240079
1789067476460580400,7.020580322265625,1.000153047480434,-3.87303911845386,-1.4583575648486613
1789067476470518300,7.030518310546875,0.8084417042315005,-3.1659640312880275,-1.0326695618122816
1789067476480456400,7.04045654296875,0.4307843763273209,-2.559308927987516,-0.7374106041967868
1789067476490394400,7.050394287109375,-0.04254259910993278,-2.0500249423757193,-0.4875134678304195
1789067476500332300,7.060332275390625,-0.48748066153936087,-1.713565667104721,-0.2166319956243038
1789067476510270500,7.0702705078125,-0.8332967440247535,-1.4822311923891305,0.19274784668982028
1789067476520208400,7.08020849609375,-1.1092997239630669,-1.3092381397441029,0.6484107167512178
1789067476530146300,7.090146240234375,-1.3983166453838347,-1.1121315133228897,1.1249486170589924
1789067476540084500,7.10008447265625,-1.6400351514697074,-0.8622554197445511,1.5639894381433725
1789067476550021400,7.110021484375,-1.7985118952453136,-0.5735448608592152,1.9928847127884626
1789067476559959300,7.119959228515625,-1.7633143251359462,-0.2951812162041664,2.259704926905036
1789067476569897500,7.1298974609375,-1.5944564725995063,0.060979077097773546,2.3264918134987354
1789067476579835400,7.13983544921875,-1.3257669574797153,0.3207806446239352,2.2172025867402554
1789067476589773300,7.149773193359375,-0.9130430654346943,0.4955027130186557,2.22614577165246
1789067476599711500,7.15971142578125,-0.39417803539857266,0.589144288790226,2.192082758530974
1789067476609649400,7.1696494140625,0.17158640071749687,0.6013493981078267,2.1331191129088403
1789067476619587300,7.17958740234375,0.6619359687566757,0.6398065545350313,2.0930483838051557
1789067476629525500,7.189525390625,1.0228057549238205,0.7308838327765464,1.998710057941079
1789067476639463400,7.19946337890625,1.2021277183294297,0.851192466199398,1.8759715670228003
1789067476649401300,7.2094013671875,1.1439397332549095,1.0728431667685507,1.6573925289839506
1789067476659339500,7.219339599609375,0.8688836057126521,1.292350425568223,1.3328262283414603
1789067476669277400,7.22927734375,0.5208477282859385,1.4008587310820817,0.9495113861322403
1789067476679215400,7.23921533203125,0.2037047825772315,1.3878788379997014,0.656055094024539
1789067476689153500,7.249153564453125,-0.014378142507746815,1.2909271147668362,0.40509938851594923
1789067476699091500,7.259091552734375,-0.06909304464422165,1.1539561003565788,0.19870938544273375
1789067476709029400,7.269029296875,0.008283771155402063,0.9986205772161483,0.13690496343672276
1789067476718967600,7.278967529296875,0.1444751794952899,0.8212912489324807,0.1388806474238634
1789067476728905500,7.288905517578125,0.2587817960243672,0.7000234150886535,0.0929880802989006
1789067476738842400,7.29884228515625,0.30389636451415714,0.720716659027338,0.05745850175619125
1789067476748780300,7.3087802734375,0.2797521764039993,0.6812398041635751,0.10218494771122932
1789067476758718200,7.31871826171875,0.29537410842776296,0.7217793198227882,0.10495558146834373
1789067476768656100,7.32865625,0.3344903863508254,0.8770938001751899,0.09074643885195255
1789067476778594300,7.33859423828125,0.3811187934696674,1.1253308943748475,0.13172785305976867
1789067476788531500,7.348531494140625,0.3321160584349185,1.3471218801975249,0.25485563555657864
1789067476798469600,7.3584697265625,0.2200689843356609,1.5484458320528267,0.36400749967098234
1789067476808407600,7.368407470703125,0.11550386348962784,1.7559867587268352,0.4293903646856546
1789067476818345500,7.378345458984375,0.006321019715070724,1.9098118773043156,0.440436074835062
1789067476828283600,7.38828369140625,-0.057789341145753854,2.073285698714852,0.4210615122795105
1789067476838221600,7.3982216796875,-0.13594108684062958,2.2519921605706212,0.4097410768419504
1789067476848159500,7.408159423828125,-0.26903789016604424,2.3840578672826287,0.4808908348202705
1789067476858097700,7.41809765625,-0.30125439863801,2.3787118300795553,0.6606476825118065
1789067476868035600,7.42803564453125,-0.19724924976229666,2.2551398109465834,0.9769260472804308
1789067476877973500,7.437973388671875,0.005300481028296053,2.0448639063507317,1.3586013055890798
1789067476887911700,7.44791162109375,0.18512396421525626,1.8523732492923735,1.6984020002424716
1789067476897849600,7.457849609375,0.1073918321719393,1.7154191860169172,2.0189894603818654
1789067476907787500,7.46778759765625,-0.20250757214929907,1.5807394974142313,2.3230443033933637
1789067476917725400,7.477725341796875,-0.5700737141499296,1.5418319668710232,2.515705056321621
1789067476927662300,7.487662353515625,-0.8714519948959351,1.5527771392554044,2.683493818321824
1789067476937600300,7.497600341796875,-1.0472469532191753,1.6527280443042516,2.863334252643585
1789067476947538400,7.507538330078125,-1.3306699270904063,1.697934967252612,3.1558488799870013
1789067476957476400,7.517476318359375,-1.8050035953521728,1.4535451961308716,3.8079993677884336
1789067476967414300,7.527414306640625,-2.1379858421623705,0.8075573226124048,4.4918625061929225
1789067476977352400,7.5373525390625,-2.221021852767467,0.25368659177720543,5.025849555906653
1789067476987290400,7.547290283203125,-2.1435516595959663,0.021229835033416748,5.369496404594183
1789067476997228300,7.557228271484375,-2.111606369280815,0.29166590155959127,5.411107933399081
1789067477007166500,7.56716650390625,-2.1305448785066603,1.0107669420838354,5.345673045936227
1789067477017104400,7.5771044921875,-2.0983833150923252,2.041086725899577,5.188972664183378
1789067477027042300,7.587042236328125,-2.1281150210112334,3.0860803472340104,4.842171735379099
1789067477036980500,7.59698046875,-2.0997475891828534,3.8262884731948374,4.718906005716324
1789067477046918400,7.60691845703125,-1.9351625916600226,4.256841451919079,4.876093878725171
1789067477056856300,7.616856201171875,-1.7015607565343378,4.2917374087333675,5.020631528997421
1789067477066794500,7.62679443359375,-1.4067325915515423,3.990501130273938,5.091638079112768
1789067477076732400,7.636732421875,-1.1123182680666446,3.553216212946176,4.965658998838067
1789067477086670300,7.64667041015625,-0.9191922357141971,3.188625360429287,4.609294122874736
1789067477096608500,7.6566083984375,-0.8819289652466773,2.8082302050590515,4.13251832215786
1789067477106546400,7.66654638671875,-0.9952209979057312,2.4803280379921198,3.655133449631929
1789067477116483300,7.6764833984375,-1.1823650332391262,2.1633412326931953,3.274814282107353
1789067477126421500,7.68642138671875,-1.281835461294651,1.7187679119229315,2.981269727194309
1789067477136359400,7.696359375,-1.3153157060921192,1.2315928822666407,2.742493119779229
1789067477146297300,7.70629736328125,-1.288899992853403,0.6965250515788793,2.519319155165553
1789067477156235500,7.716235595703125,-1.1949380990862846,0.09617080198824406,2.3185002302229405
1789067477166173400,7.72617333984375,-1.0479951412379742,-0.5820622215747833,2.1059201403379437
1789067477176111400,7.736111328125,-0.8734370312333106,-1.2648194445639849,1.9035083932459353
1789067477186049500,7.746049560546875,-0.6422855118691921,-1.993600167581439,1.7336252893149853
1789067477195987500,7.755987548828125,-0.3783867381572723,-2.721027430163324,1.555836526826024
1789067477205925400,7.76592529296875,-0.17236385136339813,-3.425711530539393,1.3537673095613718
1789067477215863600,7.775863525390625,-0.05201547045204788,-4.091410651221871,1.1543652656793593
1789067477225801500,7.785801513671875,0.09208908563256263,-4.707171728780866,0.991489410161972
1789067477235739400,7.795739501953125,0.3141419737944379,-5.202404977208376,0.7316600778460502
1789067477245677600,7.805677490234375,0.5744506505925208,-5.456898209193349,0.39541269176006316
1789067477255615500,7.815615478515625,0.7819067485272884,-5.554560711044073,0.0285690918803215
1789067477265553400,7.825553466796875,0.9033364949345588,-5.519581752121448,-0.29477438896894453
1789067477275491600,7.83549169921875,1.0107621928434818,-5.4531788964092724,-0.5983429097682237
1789067477285429500,7.845429443359375,1.169763983406499,-5.3342000502854585,-0.8798714481949805
1789067477295367400,7.855367431640625,1.3411013047337532,-5.212621250796317,-1.067850180786848
1789067477305304600,7.8653046875,1.4958955606043338,-5.102136676773428,-1.2246604526549576
1789067477315242500,7.875242431640625,1.6081693561315535,-4.988863933336734,-1.3178887714505194
1789067477325180400,7.885180419921875,1.5583832886993885,-4.818998657323419,-1.4499533091187475
1789067477335118600,7.89511865234375,1.3945534934580326,-4.594451358529925,-1.6169997283190487
1789067477345056500,7.905056396484375,1.2565011135518551,-4.498821239289641,-1.7670833222806452
1789067477354994400,7.914994384765625,0.9995616574585438,-4.500433058400452,-1.9225217212736605
1789067477364932600,7.9249326171875,0.6430816306829452,-4.436040081205964,-2.1552929507941005
1789067477374870500,7.93487060546875,0.22112704202122985,-4.385945970737934,-2.4247119492322207
1789067477384808400,7.944808349609375,-0.20988668608255684,-4.392411367359757,-2.6857868976950643
1789067477394746600,7.95474658203125,-0.5377146188694983,-4.456808143946528,-2.968364068391919
1789067477404684500,7.9646845703125,-0.7479694806773215,-4.52169738022536,-3.268345962876081
1789067477414622500,7.97462255859375,-0.8497054425120353,-4.623209835502505,-3.5048429349213834
1789067477424560600,7.984560546875,-0.8840894312161952,-4.791332944023609,-3.6920150273054837
1789067477434498600,7.99449853515625,-0.886474134395644,-4.99288193680644,-3.783959151509404
1789067477444436500,8.0044365234375,-0.7964495800774544,-5.21185201998949,-3.839773393189907
1789067477454374700,8.014374755859375,-0.6407845327217131,-5.35842322191596,-3.9077141259938477
1789067477464312600,8.0243125,-0.477471381765604,-5.514028794169426,-3.9370600474655624
1789067477474249500,8.03424951171875,-0.3228455412644893,-5.630395411968231,-3.924403394988179
1789067477484187400,8.0441875,-0.19495909299850464,-5.755940192478895,-3.898992474877834
1789067477494125300,8.054125244140625,-0.0860286165498197,-5.885674241372943,-3.9312995842427014
1789067477504063500,8.0640634765625,-0.016337313751503824,-5.978797346228361,-3.9818963835358616
1789067477514001400,8.07400146484375,0.022184797670692206,-6.0671671190768475,-4.010636155807972
1789067477523939300,8.083939208984376,0.09962810283526778,-6.157661044472456,-4.081633938094973
1789067477533877200,8.093877197265625,0.12285846403613686,-6.1719087655335665,-4.151565552455186
1789067477543815400,8.1038154296875,0.14002112269587813,-6.165931444689631,-4.17425727673471
1789067477553753300,8.11375341796875,0.2524621645487845,-6.1961103098541495,-4.1805291966110465
1789067477563691300,8.123691162109376,0.4147453148700297,-6.219768248817324,-4.2263177188396455
1789067477573629400,8.13362939453125,0.4980709560714662,-6.179192492800951,-4.231542760011553
1789067477583567400,8.1435673828125,0.4313303928375244,-6.253301685106754,-4.162309064787626
1789067477593505300,8.15350537109375,0.3297406345404684,-6.560372661069035,-4.027362249681353
1789067477603443500,8.163443359375,0.2772211966216564,-7.055816337376832,-3.9327515366166828
1789067477613381400,8.17338134765625,0.33553076224923134,-7.52789141305685,-3.9309301664084195
1789067477623319300,8.1833193359375,0.46907888953872023,-7.836051353299617,-3.950889835375547
1789067477633257500,8.193257568359375,0.7199765812497586,-7.940387926086783,-3.964165496534109
1789067477643195400,8.2031953125,1.1249556313216686,-7.9042878541797394,-3.893539470168948
1789067477653132500,8.213132568359375,1.5936895798802375,-7.711491492173075,-3.8256186111092565
1789067477663070500,8.223070556640625,1.940113492065668,-7.440015561205148,-3.6918268112570045
1789067477673008400,8.23300830078125,2.1954186249554155,-7.251648706078529,-3.4658190845221277
1789067477682946600,8.242946533203124,2.444057870215177,-7.2243322446078055,-3.1260119601279497
1789067477692884500,8.252884521484376,2.6487024909257886,-7.306071201139688,-2.7245903833419085
1789067477702822400,8.262822509765625,2.7777649241685864,-7.397983761161566,-2.2367641963005065
1789067477712760600,8.272760498046875,2.8827158294618127,-7.50564100280404,-1.795612666672468
1789067477722698500,8.282698486328124,2.9595360342919825,-7.537320335659384,-1.3742828588455915
1789067477732636400,8.292636474609376,3.0498996113061905,-7.541210328835248,-0.908653306043148
1789067477742574300,8.30257421875,3.1728046909630296,-7.504931393229961,-0.32792671698629855
1789067477752512500,8.312512451171875,3.3695629423379896,-7.4617229506224385,0.3638479251950979
1789067477762450400,8.322450439453124,3.688584468334913,-7.300151747962832,1.153770806917548
1789067477772388400,8.332388427734376,4.0677100421607495,-6.9692626740396015,1.9834008451282976
1789067477782326500,8.342326416015625,4.467498464787006,-6.535178014057874,2.8245436264783144
1789067477792265200,8.35226513671875,4.868466452586651,-5.856151794290542,3.649815469479561
1789067477802203100,8.362203125,5.237465769195556,-4.981333537831902,4.379786863586307
1789067477812141000,8.37214111328125,5.563744718974829,-4.023808941113948,4.935274381968378
1789067477822078200,8.382078125,5.7948845479011535,-3.021782939368486,5.374649549573659
1789067477832016100,8.39201611328125,5.960442189848423,-2.104599120867252,5.690647928357124
1789067477841954300,8.401954345703125,6.0523547498703,-1.2696131085813045,5.844067388743162
1789067477851892200,8.411892333984374,6.0751908510565755,-0.4444827198773622,5.83058714492321
1789067477861830100,8.421830078125,5.952032088899612,0.3306085034161806,5.680306567084789
1789067477871768300,8.431768310546875,5.68886513659358,0.9889899945616721,5.560239925724268
1789067477881706200,8.441706298828125,5.384598112136125,1.4965046324133873,5.478092972913384
1789067477891644200,8.45164404296875,5.0968286334931845,1.919510849019885,5.388025748497247
1789067477901582300,8.461582275390626,4.796093290293216,2.217948436671495,5.227899483948946
1789067477911520300,8.471520263671875,4.42178856075257,2.3158950161606073,4.932196874219179
1789067477921458200,8.481458251953125,3.914818989562988,2.349538927087188,4.4686645859569305
1789067477931396400,8.491396240234375,3.537013558425009,2.309326743686199,3.9651849027097223
1789067477941334300,8.501334228515624,3.1468145096600053,2.2675170619606972,3.529835921880603
1789067477951272200,8.511272216796876,2.799828871938586,2.2546400447309014,3.0977228542327877
1789067477961210400,8.52121044921875,2.5589775040760636,2.1679776603221894,2.6057991687446833
1789067477971148300,8.531148193359375,2.38456844715327,2.017878868791461,2.091072115296125
1789067477981086200,8.541086181640624,2.1974390248671174,1.8545622837692497,1.582338164782524
1789067477991024000,8.551024169921876,2.0514570210054517,1.6214461863338947,1.0607540850460528
1789067478000961000,8.5609609375,1.9721593201458454,1.3921785810202358,0.565460630863905
1789067478010899000,8.57089892578125,1.9883542297519743,1.1356231558084486,0.1499006386101246
1789067478020837000,8.580837158203124,2.0952476474151016,0.8482248485654592,-0.26461773563623425
1789067478030775000,8.590775146484376,2.255217260096967,0.6280272694140673,-0.6979968776971102
1789067478040713000,8.600712890625,2.4118000068195165,0.44084699372351166,-1.0135738161981105
1789067478050651100,8.610651123046875,2.576714820818603,0.31065643323361875,-1.2809510796755552
1789067478060589000,8.620589111328124,2.7329426166236397,0.2680149768590927,-1.5013865592360496
1789067478070527000,8.63052685546875,2.8472715911149975,0.21623335169553756,-1.633569754847884
1789067478080465200,8.640465087890625,2.901525743871927,0.17164017673134802,-1.7239286556869744
1789067478090403000,8.650403076171875,2.861872071136534,0.12907529272437096,-1.749321455618739
1789067478100341000,8.660341064453124,2.73124516505599,0.14005144476890563,-1.766742546018958
1789067478110279200,8.670279052734376,2.4762252788484096,0.16869301736354828,-1.7325474309504032
1789067478120217000,8.680217041015625,2.2854817577183244,0.23214579109847544,-1.4758885453641413
1789067478130155000,8.690155029296875,2.1145921070933342,0.3803875565856695,-1.0317354958325624
1789067478140093200,8.70009326171875,1.7571170779310166,0.6475725123614072,-0.6226870774298906
1789067478150031000,8.710031005859374,1.0996142693161963,1.032478423154354,-0.3962175784021616
1789067478159968300,8.71996826171875,0.23692060428485273,1.4000234493017196,-0.22578268580734728
1789067478169906200,8.72990625,-0.6143534027181565,1.590076065558195,-0.1808569178879261
1789067478179844000,8.739843994140625,-1.2191757376335561,1.6990747849375007,-0.14541735571622846
1789067478189782000,8.749781982421876,-1.4974318302609027,1.677893465220928,-0.17983926527798175
1789067478199720200,8.75972021484375,-1.5337095968224108,1.511128785571456,-0.20275427691936493
1789067478209658000,8.769658203125,-1.3148784837186336,1.291671795654297,-0.17904723811745643
1789067478219596000,8.779595947265625,-0.9508628007411957,1.1100322029560803,-0.1320662912338972
1789067478229534200,8.7895341796875,-0.5875356845498084,1.0682686984598635,-0.03690612759292126
1789067478239472000,8.79947216796875,-0.2510546358384192,1.1436275985658169,0.10957330439686774
1789067478249410000,8.80941015625,-0.033801877967268225,1.2483142999649046,0.28119185381829737
1789067478259348200,8.81934814453125,0.21558789339885115,1.3907839117914438,0.45956572271883483
1789067478269286100,8.8292861328125,0.4249894993782043,1.562606459352374,0.6389911464989185
1789067478279224000,8.83922412109375,0.5344727874040603,1.7583657628178595,0.805704972743988
1789067478289162200,8.849162353515625,0.5834145860318094,1.960012955278158,1.004853918647766
1789067478299100200,8.85910009765625,0.547547446097806,2.140233913350105,1.2614011605530977
1789067478309038000,8.8690380859375,0.4856149407327175,2.262362163415551,1.53404204364717
1789067478318975200,8.878975341796876,0.3715289812169969,2.2110984246462584,1.9113117604732512
1789067478328913200,8.8889130859375,0.19737068418487905,1.9449913272351025,2.496898064520955
1789067478338851300,8.898851318359375,0.11680500921607016,1.54797353836596,3.155187201207876
1789067478348789200,8.908789306640625,0.18530293751135468,1.2345400416344403,3.7327187936156987
1789067478358727200,8.91872705078125,0.22474289443083106,1.1861246780335903,4.102850329124927
1789067478368665300,8.928665283203125,0.29598668736815453,1.8228554783850908,4.2743525586903095
1789067478378603300,8.938603271484375,-0.03011106062531471,2.963379265716672,4.546570832458138
1789067478388541200,8.948541259765625,-0.5669815568208694,3.962307301446795,5.000263279229403
1789067478398479000,8.95847900390625,-1.072014241663739,4.466197319060564,5.528025170817971
1789067478408417300,8.968417236328126,-1.5641864220201969,4.4900364598095415,6.079542616525292
1789067478418355200,8.978355224609375,-1.883639325171709,4.1662031496167184,6.490391362348198
1789067478428293000,8.988293212890625,-2.143456967049837,3.6470793225139375,6.667461747434735
1789067478438231300,8.998231201171874,-2.375488630249351,3.086633304941654,6.741673231071234
1789067478448169200,9.008169189453126,-2.4725907217383383,2.5939742909163237,6.744317608100175
1789067478458107100,9.018107177734375,-2.2110639378547665,2.2797224635392426,6.561434737342596
1789067478468045300,9.02804541015625,-1.763871959018707,2.1795985400110482,6.285981719437241
1789067478477982000,9.03798193359375,-1.2777870626866816,2.0140935050338507,5.999080255800485
1789067478487920000,9.047920166015626,-0.6789758047543466,1.724970273694396,5.756358125630021
1789067478497858000,9.057858154296875,0.03606733868122101,1.454061328959465,5.479369568720459
1789067478507796000,9.0677958984375,0.6532173133153468,1.2968348775058984,5.134927185741066
1789067478517734100,9.077734130859374,1.1451801617700605,1.2804437146753072,4.737074699613451
1789067478527672000,9.087672119140626,1.45992642160058,1.3357710496217012,4.245046969228983
1789067478537610000,9.09760986328125,1.639485700893402,1.4204133263796568,3.686369130373001
1789067478547548200,9.107548095703125,1.7594529735326765,1.4863754525870083,3.1919571352005005
1789067478557486000,9.117486083984375,1.8234896846354007,1.4602666133403777,2.7463457035541534
1789067478567424000,9.127424072265624,1.7923266307391226,1.3117647356122732,2.3180817125499247
1789067478577362200,9.137362060546875,1.6621312479436396,1.1064420695096253,1.858074091282487
1789067478587300000,9.147300048828125,1.4511926416553556,0.8450719374924898,1.3447387844532728
1789067478597238000,9.157238037109375,1.1713910731516777,0.5839554879754781,0.9038514587193727
1789067478607176200,9.16717626953125,0.9241675399087369,0.32851328470259905,0.48683191530704495
1789067478617114000,9.177114013671876,0.6804924198623746,0.059175827068090436,0.1040548332363367
1789067478627052000,9.187052001953125,0.5256790939651429,-0.25743337709009645,-0.26373276949524876
1789067478636989200,9.1969892578125,0.5374466886483132,-0.5915209547936916,-0.6286117913037538
1789067478646927000,9.206927001953124,0.5612066266812383,-0.8658744870245456,-0.9839531694382428
1789067478656865000,9.216864990234376,0.5476959146577864,-1.1418673108950257,-1.2785031020015478
1789067478666803200,9.22680322265625,0.5783715503633022,-1.4609098796799778,-1.5159452459424734
1789067478676741000,9.2367412109375,0.6937819634158164,-1.7985469665586948,-1.7388041532576084
1789067478686679000,9.246678955078124,0.8699041809320449,-2.104767463171482,-1.8959417573839425
1789067478696617200,9.2566171875,1.0460321706019342,-2.4988360468462107,-2.1008073273688552
1789067478706555100,9.26655517578125,1.15675128403306,-2.7950907375007867,-2.3197271416693925
1789067478716493000,9.2764931640625,1.1778745899520813,-2.9329148616090417,-2.5924410899996757
1789067478726431200,9.28643115234375,1.1731962228775024,-2.9563121038094162,-2.9190333435118196
1789067478736369200,9.296369140625,1.171420591507107,-2.9606361044883727,-3.2190432950466867
1789067478746307000,9.30630712890625,1.2215057880163191,-2.9611943228930233,-3.493182307744026
1789067478756245200,9.316245361328125,1.2921886591352523,-2.9671397872939704,-3.7168081077784296
1789067478766183200,9.32618310546875,1.2340566420316696,-2.9550249866083265,-3.880023570513725
1789067478776121000,9.33612109375,1.066536321709305,-2.860530008877814,-3.909316885015368
1789067478786058200,9.346058349609375,0.7837807257056236,-2.6601421688288447,-3.8612516500264404
1789067478795995600,9.35599560546875,0.4170024461470544,-2.4114513395123183,-3.812400233095884
1789067478805933800,9.365933837890625,0.13720263120904563,-2.2051960687346757,-3.8651737919062374
1789067478815871700,9.375871826171876,-0.1134007537305355,-2.0908767388544978,-3.909520883154869
1789067478825809700,9.3858095703125,-0.2360476208426058,-2.0449461778067053,-3.9679526138573884
1789067478835747800,9.395747802734375,-0.2702595409154892,-2.0325996141918004,-4.041941979175806
1789067478845685800,9.405685791015625,-0.17352131430283188,-2.0771375518374144,-4.087418366715312
1789067478855623700,9.415623779296874,0.05629325736910105,-2.1927176954336463,-4.082473896050453
1789067478865561600,9.4255615234375,0.31757892597317694,-2.393575198820978,-3.985882822823524
1789067478875499800,9.435499755859375,0.671601622724533,-2.5828938017144796,-3.827177530989051
1789067478885437700,9.445437744140625,1.0216824499823152,-2.802465065661073,-3.674674016404152
1789067478895375600,9.455375732421874,1.3367688284873962,-3.0479131136640905,-3.509924183708429
1789067478905313800,9.465313720703126,1.5774984696663916,-3.2241412027075884,-3.233144301113486
1789067478915251700,9.475251708984375,1.8204700445532798,-3.4338962982997296,-2.9085780004709956
1789067478925189600,9.485189697265625,2.2059588698007166,-3.638204818923771,-2.526198977807164
1789067478935126500,9.49512646484375,2.5160429099738595,-3.710690209420025,-2.1699287943899632
1789067478945064400,9.505064453125,2.5512989322721955,-3.5674686101824045,-1.7135855408489704
1789067478955002600,9.515002685546875,2.3344927491247653,-3.234444570057094,-1.2487293105065822
1789067478964940500,9.5249404296875,2.019604815801233,-2.936273232126236,-0.7903840694934129
1789067478974878500,9.53487841796875,1.7239315782964229,-2.7635613345101473,-0.4358744660079479
1789067478984816600,9.544816650390626,1.2936710066474972,-2.5998364609479903,-0.1435077227026224
1789067478994754600,9.554754638671875,0.6441406382165848,-2.7074466485783457,0.4965291334569454
1789067479004692500,9.5646923828125,0.08423544952273368,-3.284441649891436,1.310923608613014
1789067479014630700,9.574630615234375,-0.06191971894875169,-3.744928579108417,1.709794331872463
1789067479024568600,9.584568603515624,-0.010876637192815541,-3.949750602212548,2.040945271602273
1789067479034506500,9.594506591796875,0.37672216594591734,-4.066306312842667,2.297546289521456
1789067479044444700,9.604444580078125,0.841656576091051,-4.120457297486067,2.549045015865564
1789067479054382600,9.614382568359375,1.294099899584055,-4.19447238176763,2.9191204372733828
1789067479064320500,9.624320556640624,1.8425790005087852,-4.1967061321690675,3.1812370037436484
1789067479074258700,9.6342587890625,2.2673313301302493,-4.111083904463053,3.3496114566773176
1789067479084195600,9.644195556640625,2.553618315130472,-3.941486047214269,3.4537966382950542
1789067479094133500,9.654133544921875,2.799143227761984,-3.495999118730426,3.3827246217280624
1789067479104071700,9.66407177734375,3.0482746404528616,-2.7720231656461953,3.1684137625277042
1789067479114009600,9.674009521484376,3.2207506834864614,-1.9089152207255362,2.752228331851959
1789067479123947500,9.683947509765625,3.1849078012108802,-1.008011505895853,2.230031088653207
1789067479133885700,9.6938857421875,2.9959821431577205,-0.1929027449905872,1.793721738359332
1789067479143823600,9.70382373046875,2.6660826647937297,0.5491372725725173,1.4606155729085206
1789067479153761500,9.713761474609376,2.269034480786323,1.2989473396152258,1.2638555679678916
1789067479163699700,9.72369970703125,1.768906884445995,2.0068062706351277,1.2180793206989764
1789067479173637600,9.7336376953125,1.1830852372724563,2.532847914302349,1.308182200950384
1789067479183575600,9.743575439453124,0.5874293015658855,2.9396120211601255,1.5256822115808724
1789067479193513700,9.753513671875,0.02139240518398583,3.28776319552958,1.7173370023369787
1789067479203451600,9.76345166015625,-0.5775683807542548,3.674650635528564,1.7851310201466082
1789067479213389600,9.7733896484375,-1.1575777979850768,3.9155104789584874,1.7625883489489553
1789067479223327700,9.78332763671875,-1.6565198378026484,4.0092572686702015,1.7590701116949319
1789067479233265700,9.793265625,-2.0354981121122835,4.031871836060286,1.793423047673702
1789067479243202600,9.80320263671875,-2.1551228549242016,4.061809878206253,1.8406126688718796
1789067479253140700,9.813140625,-2.087907513785362,4.070864122277498,1.9641461095601318
1789067479263078700,9.82307861328125,-1.8859762436866758,3.914686303094029,2.198911143246293
1789067479273016600,9.8330166015625,-1.4460826051652431,3.6781168503344057,2.371661327046156
1789067479282954800,9.842954833984376,-0.8543209004182368,3.351511152818799,2.533082307580113
1789067479292892700,9.852892578125,-0.28039639259167015,3.017104426163435,2.572487850773334
1789067479302830600,9.86283056640625,0.2781599753091112,2.812324196374416,2.5219682083696124
1789067479312768800,9.872768798828124,0.8054489521563053,2.6637925080299376,2.4634002840667963
1789067479322706700,9.882706787109376,1.2445523170828818,2.47551625379622,2.361923192363977
1789067479332644600,9.89264453125,1.5607435880899427,2.3460294576615093,2.2543735027492047
1789067479342582800,9.902582763671875,1.8065338736593721,2.3035066592305897,2.070607419416308
1789067479352520700,9.912520751953124,1.9931834034740923,2.272172194290161,1.9453741890728473
1789067479362458600,9.922458740234376,2.12549110224843,2.2325106305092572,1.802315379181504
1789067479372396800,9.932396728515625,2.0541548817873,2.2243828536331653,1.7348837649434803
1789067479382333700,9.942333740234375,1.8054279582440853,2.2934937992602586,1.7301444614619015
1789067479392272000,9.95227197265625,1.4294588026225565,2.422560908678174,1.7126029595524073
1789067479402209800,9.962209716796876,0.9322329190731048,2.5195494567900893,1.661554324838519
1789067479412147700,9.972147705078125,0.34293080937266346,2.591734987556934,1.6187451106816528
1789067479422086000,9.9820859375,-0.2322919215708971,2.7152514771103857,1.5311094973266124
1789067479432023800,9.99202392578125,-0.7749819177001714,2.8510347430408,1.489712488055229
1789067479441961700,10.001961669921876,-1.2538023759871721,2.926881134402752,1.4449217446923255
1789067479451899600,10.011899658203125,-1.6713579259723423,3.005919599804282,1.3241945935964583
1789067479461837800,10.021837890625,-2.045451350849867,3.0985423539221286,1.2142775903284548
1789067479471775700,10.031775634765625,-2.388032031610608,3.1537001775205136,1.1171323903501034
1789067479481713700,10.041713623046874,-2.67583599704504,3.1359470786869523,1.080504495176673
1789067479491651800,10.05165185546875,-2.9030075068622825,3.094211046719551,1.0285568657964468
1789067479501589800,10.06158984375,-3.003340104705095,3.0287182915896174,0.8715273982197046
1789067479511527700,10.071527587890625,-3.0831612449169157,2.9015280819594857,0.8434820379525423
1789067479521465900,10.0814658203125,-2.9801158809840675,2.759416197529435,0.9518588260412215
1789067479531402500,10.091402587890625,-2.866117161360383,2.551577749213576,1.1804682597070932
1789067479541340700,10.101340576171875,-2.859997801697254,2.3528555042892694,1.4754501539468765
1789067479551278600,10.111278564453125,-2.828855644458532,2.234042077860236,1.8500924448788165
1789067479561216500,10.121216552734374,-2.765900883373618,2.1171704331487415,2.27198690085113
1789067479571154700,10.13115478515625,-2.6873586770564315,2.0148732572346923,2.6807477344840764
1789067479581092600,10.141092529296875,-2.643211492294073,1.9776228462487457,3.0994916174709797
1789067479591030500,10.151030517578125,-2.618240717166662,2.0050205562621355,3.6123014391213655
1789067479600968700,10.16096875,-2.763786083176732,1.7580127115964888,4.378126236897707
1789067479610906600,10.17090673828125,-2.7718209210723637,1.0805448271870612,5.183838808426261
1789067479620844500,10.180844482421875,-2.5474387497127053,0.413749727961421,5.6211079436630005
1789067479630782700,10.19078271484375,-2.265495200744271,0.07998422181904316,5.90281768387556
1789067479640720600,10.200720703125,-1.9218729019761085,0.019099837267398834,6.044867608985305
1789067479650658600,10.210658447265626,-1.551145738661289,0.20918343318402766,6.197852185085416
1789067479660596700,10.2205966796875,-1.0994242997020482,0.5206026674836873,6.5104182513326405
1789067479670533600,10.23053369140625,-0.4559007339378819,1.0015852722406386,6.821573866260051
1789067479680471600,10.240471435546874,0.3117547498643398,1.662511187171936,6.890213687244057
1789067479690409700,10.25040966796875,0.8380056523680687,2.428180502125621,6.808215787515044
1789067479700347600,10.26034765625,1.166477143755555,3.130309949582815,6.667025109583139
1789067479710285600,10.27028564453125,1.300399876511097,3.6569238401800392,6.472716589447856
1789067479720223700,10.2802236328125,1.3025415647149086,3.8084471115559335,6.301487916126847
1789067479730161700,10.29016162109375,1.2395605001449583,3.5756928331702946,6.193123402997851
1789067479740099600,10.300099609375,1.1510662241339682,2.9130934320688247,5.988524959516525
1789067479750037800,10.310037841796875,0.9671113402307033,1.8931448201417922,5.49607988050282
1789067479759975700,10.3199755859375,0.6384592315793037,0.8656360020935535,4.924086632999778
1789067479769913600,10.32991357421875,0.30475568475723264,0.04743921204507351,4.4783635576725
1789067479779851800,10.339851806640626,0.1115360923698172,-0.6913198841512203,3.9555741937994955
1789067479789789700,10.349789794921875,0.10442019595000893,-1.3396914379358291,3.5103918012201785
1789067479799728400,10.359728271484375,0.28031331741809845,-1.8608511547803879,3.1576667430639267
1789067479809665500,10.36966552734375,0.46105102937314657,-2.2428443929970263,2.7777485575556753
1789067479819603500,10.379603515625,0.7621686133563518,-2.559839966124296,2.4315473482102155
1789067479829541400,10.389541259765625,1.2666215255498885,-2.8291367994874714,2.0665613588958975
1789067479839479600,10.3994794921875,1.7386122839473186,-2.9863229189306497,1.6531278572767971
1789067479849417500,10.40941748046875,2.2467653658330438,-3.1048546058088538,1.2468354595839977
1789067479859355400,10.41935546875,2.6799907786369324,-3.2260999355599282,0.7404314133226871
1789067479869293600,10.42929345703125,2.9679996189936992,-3.2404169224649664,0.23987784665524958
1789067479879231500,10.4392314453125,3.2139398344278334,-3.2362419748678803,-0.1899848117172718
1789067479889169400,10.44916943359375,3.40868966858983,-3.368622154356539,-0.5509440297335386
1789067479899107600,10.459107666015624,3.450080540381372,-3.4289877757310867,-0.8845265805244446
1789067479909045500,10.46904541015625,3.3281483974099157,-3.455207381875813,-1.2086346160054207
1789067479918983400,10.4789833984375,3.135366063928604,-3.54856517226994,-1.4725778133809566
1789067479928921300,10.48892138671875,2.868481552404165,-3.6590778033435343,-1.6786831542938947
1789067479938859500,10.498859619140624,2.5087515839219092,-3.7565731319338083,-1.8574977526992558
1789067479948796400,10.50879638671875,2.1811181507937607,-3.904157310295105,-1.9730816956877708
1789067479958734600,10.518734619140625,1.9127381400145589,-4.169373011824488,-2.0445418347895146
1789067479968672500,10.528672607421875,1.7959284546233714,-4.46101056407243,-2.1803911516934633
1789067479978610400,10.5386103515625,1.7364124358154833,-4.731560904628038,-2.2991209914922712
1789067479988548600,10.548548583984376,1.7760301604546604,-4.993699098408222,-2.5040508588850496
1789067479998486500,10.558486572265625,1.8467068940937519,-5.192985991477966,-2.7116303640037773
1789067480008424400,10.568424560546875,1.9738634937152266,-5.34417550085485,-2.9358780953288077
1789067480018362600,10.578362548828125,2.1441852813243867,-5.496667325001955,-3.1191824063688514
1789067480028300500,10.588300537109374,2.3662710123099386,-5.630707546657323,-3.260560131305456
1789067480038238500,10.598238525390625,2.574963008715212,-5.77527091589272,-3.3504227730602025
1789067480048176600,10.6081767578125,2.7538404432237145,-5.943314529436826,-3.4597383033037183
1789067480058114600,10.618114501953125,2.9429125240102407,-6.036697162011265,-3.5661253788799043
1789067480068052500,10.628052490234374,3.116589175005257,-6.093826577943563,-3.6875580478966232
1789067480077990400,10.637990478515626,3.282365135878324,-6.157993637427687,-3.81790935190618
1789067480087927300,10.64792724609375,3.443254201492667,-6.233984990218281,-3.9461657294631003
1789067480097865200,10.657865234375,3.6782524594128128,-6.2635711501866576,-4.082928069558739
1789067480107803400,10.667803466796874,4.009346700519323,-6.330659650075435,-4.206698241612315
1789067480117741300,10.6777412109375,4.405916745620965,-6.4555006662309165,-4.255013651970029
1789067480127679200,10.68767919921875,4.785630056206882,-6.62828709038794,-4.2593835376173255
1789067480137617400,10.697617431640625,5.116166955691575,-6.774461986473202,-4.297892424231767
1789067480147555300,10.707555419921874,5.279464836013317,-6.7375833314090965,-4.365035869178175
1789067480157493200,10.7174931640625,5.206083957982063,-6.597773294180631,-4.28604416552782
1789067480167431400,10.727431396484375,4.702232811073959,-6.782022777116298,-3.6697505885273216
1789067480177369300,10.737369384765625,4.08444694968909,-7.412884393173456,-3.1273750651746988
1789067480187307300,10.747307373046874,3.7380008256718513,-7.827133887350559,-2.92427358225286
1789067480197245400,10.757245361328126,3.295020034790039,-8.034694687768816,-2.774198171597719
1789067480207183400,10.767183349609375,2.8813752285078165,-8.021067728954554,-2.7302427100151774
1789067480217120500,10.77712060546875,2.525091308826208,-7.802225656065344,-2.5330033971250057
1789067480227058400,10.787058349609374,2.3598297272160647,-7.418289467087388,-2.2778987552434207
1789067480236996400,10.796996337890626,2.33828863427639,-6.871567438963055,-2.0839649136394263
1789067480246934500,10.8069345703125,2.3036782164052125,-6.334388315209746,-1.8911743968516588
1789067480256872400,10.81687255859375,2.125532311041653,-5.809091936951876,-1.5351801077663898
1789067480266810400,10.826810302734375,1.7787898344263433,-5.154986223429441,-1.1071961027473212
1789067480276748500,10.83674853515625,1.2812065157413481,-4.433988117112219,-0.5857949783623219
1789067480286686500,10.8466865234375,0.7496326646491884,-3.766971191829443,-0.10237433280348777
1789067480296624400,10.856624267578125,0.2367806112922728,-3.211402424904704,0.3358276993691921
1789067480306562300,10.866562255859375,-0.2747860784292221,-2.747895855605602,0.7435223650753497
1789067480316500500,10.87650048828125,-0.6689630909144878,-2.409516425926983,1.1344932749956846
1789067480326438400,10.8864384765625,-1.0751323006190359,-2.200662663088739,1.519916487661004
1789067480336376300,10.896376220703125,-1.3421136966466902,-1.9925249395653604,1.876069182178378
1789067480346313500,10.9063134765625,-1.5052560941457747,-1.6376424111142753,2.1043302407979962
1789067480356251400,10.91625146484375,-1.5405951185524462,-1.017476376594603,2.2928175074338912
1789067480366189600,10.926189453125,-1.5832067643105983,-0.3142670249462127,2.4554285745352504
1789067480376127500,10.93612744140625,-1.5340671780884265,0.1714765106022358,2.5066098957180976
1789067480386065400,10.9460654296875,-1.1708395036835222,0.5653513252705336,2.6334751111775634
1789067480396003600,10.956003662109374,-0.5900549738943577,0.8757575831353663,2.769321505472064
1789067480405941500,10.96594140625,0.10690554649233817,1.0398182645231484,2.8534932421088217
1789067480415879400,10.97587939453125,0.7383716312486678,1.227164544430375,2.885837760874629
1789067480425817600,10.985817626953125,1.2389175260663032,1.3942659086883067,2.86688756121099
1789067480435755500,10.995755615234375,1.5348071828007697,1.611245694836974,2.8644711477190254
1789067480445693400,11.005693359375,1.6621593049943446,1.8161814074486493,2.7616256902724503
1789067480455631600,11.015631591796875,1.5651345165252684,2.0513304720163346,2.5693507217913862
1789067480465568300,11.025568359375,1.2371288890838623,2.287324755236506,2.4034862058520314
1789067480475506400,11.03550634765625,0.888130742496252,2.34356628241837,2.2025638205349445
1789067480485444400,11.0454443359375,0.5770751538772135,2.2736112871825696,1.9977467658668755
1789067480495382300,11.05538232421875,0.36522454731054604,2.0852268963992593,1.7595961813956498
1789067480505320200,11.0653203125,0.17559147164039313,1.8343781583964824,1.606954135122895
1789067480515258400,11.07525830078125,0.04978489838838577,1.5799311036407946,1.4562088623821734
1789067480525196300,11.0851962890625,0.006829407628625631,1.3165315116226672,1.3121896830260753
1789067480535134200,11.09513427734375,-0.0014016834914684295,1.0899059452503919,1.1990227380514145
1789067480545072400,11.105072265625,0.08655592835955321,0.9169961869746446,1.1425228521943092
1789067480555010300,11.11501025390625,0.26539522281475364,0.8214905708968638,1.173922199064493
1789067480564948200,11.1249482421875,0.5030863730806857,0.8517512691259383,1.3141864098012446
1789067480574886400,11.134886474609376,0.7947709062755107,0.916174933719635,1.4846832617163657
1789067480584824300,11.14482421875,0.9163642457466572,1.0916489895254373,1.7252432454168796
1789067480594761500,11.154761474609375,1.0093442888695745,1.3052554998487234,1.8473147968590258
1789067480604699400,11.164699462890624,0.9553145925182849,1.4988041415274143,1.8924463164836167
1789067480614637300,11.17463720703125,0.7593476376514882,1.6996090379446744,1.8829595262140035
1789067480624575500,11.184575439453125,0.5563806678295136,1.979066030794382,1.9650345828324556
1789067480634513400,11.194513427734375,0.32265023788809777,2.3064532340765,2.1707482940793037
1789067480644451300,11.204451416015624,0.10133516248147934,2.6321862404108045,2.4250796135008335
1789067480654389500,11.214389404296876,-0.20617022284269332,2.990564794284105,2.8456723392248153
1789067480664327400,11.224327392578125,-0.45957916672229765,3.2492548934370276,3.362816390687227
1789067480674265300,11.234265380859375,-0.6698842974126339,3.4436972690850496,3.8722120199799535
1789067480684203300,11.244203369140624,-0.9338613970577716,3.6591871089369055,4.398215669724345
1789067480694141400,11.254141357421876,-1.164545298910141,3.9068338360279795,5.000059281089902
1789067480704079400,11.264079345703125,-1.2728338241934776,4.143398028090596,5.568636582669615
1789067480714017300,11.274017333984375,-1.2909434813797473,4.518542423325777,5.90917903560102
1789067480723954400,11.283954345703124,-1.2874725903987885,4.973212775218487,6.112187579542398
1789067480733892400,11.293892333984376,-1.3736393002450464,5.38789013941884,6.3422816988080735
1789067480743830500,11.30383056640625,-1.8515958351790904,5.223352488169073,7.088976264178752
1789067480753768400,11.3137685546875,-1.9337281749427317,4.352647512248158,8.040493729436397
1789067480763706400,11.323706298828125,-1.5562836860716343,3.7111072657883164,8.565964295217395
1789067480773644500,11.33364453125,-1.14550508287549,3.434468252968788,8.803153925701976
1789067480783582500,11.34358251953125,-0.7584417017877102,3.539356029897928,8.668424552738665
1789067480793519900,11.353519775390625,-0.6495593022644519,4.044013524752855,8.37557616339624
1789067480803458000,11.3634580078125,-0.7271054832816124,4.412613028389215,8.131336614400148
1789067480813396000,11.37339599609375,-0.6046271411368623,4.588699078613519,7.825305502879619
1789067480823334000,11.383333984375,-0.23510873255729675,4.596942590823769,7.490187997606396
1789067480833272000,11.39327197265625,0.18269936741683632,4.39949401909709,7.185105565112829
1789067480843209000,11.403208984375,0.46472884110305457,3.9466707563757892,6.939131739670038
1789067480853147100,11.413147216796874,0.5467769731819629,3.2430788351505995,6.621546383956074
1789067480863084800,11.423084716796875,0.518216064608097,2.403108604711294,6.226926303878426
1789067480873022700,11.433022705078125,0.4335995068132877,1.6801245852738618,5.825405358371138
1789067480882961000,11.4429609375,0.3144599171698093,1.0328536862075328,5.411299072057008
1789067480892898800,11.45289892578125,0.2400561623642221,0.47665305112004275,4.917616560202837
1789067480902836700,11.462836669921876,0.13778587445709853,-0.011316928306221961,4.455694045224786
1789067480912775000,11.47277490234375,0.08512151164226234,-0.48944589719772336,4.108724189594388
1789067480922712800,11.482712890625,0.09806523743271828,-1.022649687579274,3.8299808979719874
1789067480932650800,11.492650634765624,0.3449767090518027,-1.5464467671900988,3.5954525956511496
1789067480942589000,11.5025888671875,0.7424865922868251,-1.9257161334007977,3.3802959332764146
1789067480952526800,11.51252685546875,1.2137960173565894,-2.2227672351300716,3.2042005307018755
1789067480962464800,11.52246484375,1.71860789905563,-2.398149520999193,2.886968226209283
1789067480972402000,11.53240185546875,2.0896271771848203,-2.4286773457318542,2.5282839673876762
1789067480982339800,11.54233984375,2.3213820692695677,-2.429360651820898,2.0944272709429264
1789067480992277800,11.55227783203125,2.5053192713856696,-2.4734423701316115,1.6907517777502536
1789067481002216000,11.5622158203125,2.5931869399309155,-2.5340871007084846,1.2799433639377356
1789067481012153900,11.57215380859375,2.5988755069613454,-2.6140882736623285,0.9398556690365075
1789067481022091800,11.582091796875,2.561117730975151,-2.75825007635951,0.7201829905420541
1789067481032030000,11.592030029296875,2.564806064099073,-3.0136583773627876,0.3933604354053736
1789067481041967900,11.6019677734375,2.4659131436705586,-3.2517671685189007,0.012440963900089263
1789067481051905800,11.61190576171875,2.2733495675064623,-3.5301147388219833,-0.3619610885351896
1789067481061844000,11.621843994140624,2.0905263179816305,-3.7095012918964025,-0.742628631106019
1789067481071782000,11.631781982421876,1.8423672574542462,-3.8558290404558178,-1.073102109965682
1789067481081719800,11.6417197265625,1.6221360682941972,-3.9752904093995687,-1.3566875809222458
1789067481091657000,11.651656982421875,1.4584920048832892,-4.158548835471272,-1.5554191781967877
1789067481101595000,11.661594970703124,1.3684614592157303,-4.382402599042654,-1.7939730827718972
1789067481111532800,11.67153271484375,1.290725016323477,-4.59108451244533,-2.088198605686426
1789067481121471000,11.681470947265625,1.2480104947127402,-4.82378150768578,-2.3499667971104383
1789067481131409000,11.691408935546875,1.2909507879033684,-5.07132418988049,-2.646818576875329
1789067481141346800,11.701346923828124,1.4233892734505236,-5.296452211171388,-2.9359383010834454
1789067481151285000,11.711284912109376,1.5737586986161767,-5.468724840587377,-3.1831425451040265
1789067481161223000,11.721222900390625,1.749945286605507,-5.635837895283102,-3.39347164119184
1789067481171160800,11.731160888671875,1.9873430068828164,-5.84261543636918,-3.612136019426584
1789067481181099000,11.74109912109375,2.171926544078439,-5.958790330988168,-3.87971552747786
1789067481191037000,11.751036865234376,2.212256216379255,-5.998800269815326,-4.061559702837467
1789067481200974800,11.760974853515625,2.2179498979762196,-6.022553485846519,-4.232310821774601
1789067481210912000,11.770912109375,2.2014944377377628,-6.057493281802535,-4.32539593270719
1789067481220850000,11.780849853515624,2.2030469278767706,-6.123217507600784,-4.40488331092
1789067481230788000,11.7907880859375,2.2072209986910223,-6.237116273981332,-4.434434984096884
1789067481240726000,11.80072607421875,2.188357600528002,-6.388003585541248,-4.436592454391717
1789067481250664000,11.810663818359375,2.222557976293564,-6.540889961963892,-4.482044292011857
1789067481260602000,11.82060205078125,2.20981744492501,-6.660182111820578,-4.560750164458155
1789067481270540000,11.8305400390625,2.2107339752480386,-6.782101103049516,-4.655980470725893
1789067481280478000,11.84047802734375,2.2352678202629086,-6.863956379437446,-4.776843815422057
1789067481290416000,11.850416015625,2.266267354160547,-6.868999634301662,-4.888324999266863
1789067481300354000,11.86035400390625,2.179696155166626,-6.853164351788163,-4.848489247962832
1789067481310292000,11.8702919921875,1.8204478327214717,-7.1117983368396755,-4.243455900645256
1789067481320230000,11.88022998046875,1.4899332911990582,-7.758743657213449,-3.571926174113154
1789067481330166800,11.890166748046875,1.354545454327017,-8.311744034954906,-3.328696094420552
1789067481340104700,11.900104736328124,1.3781262364007532,-8.668644917491077,-3.2901246639639137
1789067481350043000,11.91004296875,1.6165011311471462,-8.735358154326677,-3.392813469544053
1789067481359980800,11.919980712890625,1.811397241912037,-8.548039346948265,-3.2404134153336286
1789067481369918700,11.929918701171875,1.995623197841644,-8.224505896484851,-2.814958052009344
1789067481379857000,11.93985693359375,2.0540857620738446,-7.691562218344211,-2.189157226473093
1789067481389794800,11.949794921875,1.989307877214998,-7.072593284654617,-1.5813795488834381
1789067481399732700,11.959732666015626,1.9221184011697767,-6.372969098016619,-1.0529220762461424
1789067481409671000,11.9696708984375,1.6822050448097288,-5.707874957489967,-0.4618079486876726
1789067481419608800,11.97960888671875,1.3305848791554569,-4.9591152762830255,0.041592824104428286
1789067481429546800,11.989546630859374,0.9421956562913953,-4.112259085722267,0.5090753112971782
1789067481439485000,11.99948486328125,0.5707331644393503,-3.3941365348413584,0.6963660616248846
1789067481449421800,12.009421875,0.23529577956199646,-2.8204472970753907,0.8399228841662406
1789067481459360000,12.019360107421875,-0.06471709458231925,-2.4324735231444237,1.0417752438098191
1789067481469298000,12.0292978515625,-0.29191622305884957,-2.1311022201284766,1.3007704633891581
1789067481479235800,12.03923583984375,-0.46995662222132084,-1.7882646419972181,1.6852485041588543
1789067481489174000,12.049174072265625,-0.5577063634753227,-1.2996923127636313,2.096281958898902
1789067481499112000,12.05911181640625,-0.43338549873642623,-0.6958806161954999,2.500528529977798
1789067481509049900,12.0690498046875,-0.2568248167376965,-0.12489245408177375,2.688205064752698
1789067481518987800,12.07898779296875,-0.016843582773208618,0.43805765526592727,2.9108313323557375
1789067481528926000,12.088926025390625,0.29113522874899206,0.9688111298859119,3.2403672381043434
1789067481538863900,12.09886376953125,0.6808055774647742,1.3897498925685883,3.478887240409851
1789067481548801800,12.1088017578125,1.0577614060360938,1.788098637780547,3.7570220447450873
1789067481558740000,12.118739990234374,1.4251520453393458,2.175159680780768,3.984389953917265
1789067481568676900,12.1286767578125,1.8046587274372576,2.4830121625095605,4.080333376890421
1789067481578615000,12.138614990234375,2.0372375031255183,2.649164263218641,4.047374525618553
1789067481588553000,12.148552978515625,2.08843358348608,2.793491485610604,3.8057273312032223
1789067481598491000,12.158490966796874,1.7616868700645862,2.9088603245437143,3.3748125334292647
1789067481608429000,12.168428955078125,1.1143840414900332,2.867903460255265,2.791538597977161
1789067481618367000,12.178366943359375,0.5321615147870034,2.773969039016962,2.2955600841403005
1789067481628305000,12.188304931640625,0.09495448500104248,2.5920845316469667,1.894618399825692
1789067481638243000,12.1982431640625,-0.1830172377269715,2.383465746608376,1.6023878501206636
1789067481648181000,12.208180908203126,-0.37984088248834014,2.1274802302390334,1.284418463525176
1789067481658119000,12.218118896484375,-0.5762929174583404,1.8736773186057805,1.0177262597024441
1789067481668057000,12.22805712890625,-0.7227390317004173,1.5500333935052155,0.8734691799372434
1789067481677995000,12.2379951171875,-0.7517256183404475,1.2671201227217912,0.6242167712152004
1789067481687933000,12.247932861328126,-0.7561211498856544,1.0248100804835558,0.41616672597527504
1789067481697870000,12.2578701171875,-0.7340086867988109,0.8732458925753831,0.2675777544856071
1789067481707808000,12.26780810546875,-0.7160065816402434,0.8367074292510748,0.11391688655912875
1789067481717746000,12.277745849609374,-0.6620107875585556,0.8923656035870313,0.07746727056205273
1789067481727684000,12.28768408203125,-0.546269608181715,0.9352180723637342,0.10709259349703788
1789067481737622000,12.2976220703125,-0.4058499146223068,0.974790204295516,0.18656652770638465
1789067481747560000,12.307559814453125,-0.2881400655210018,1.0136188243836164,0.2804226230114698
1789067481757498000,12.317498046875,-0.1821977380376309,1.1216361315101384,0.4689700954020023
1789067481767436000,12.32743603515625,-0.16698277937956155,1.3101672372877597,0.7443973943442106
1789067481777374000,12.3373740234375,-0.23987375500202177,1.5748796654701231,1.0894815823584794
1789067481787312000,12.34731201171875,-0.3547918910255655,1.8094500533670186,1.416653097063303
1789067481797249300,12.357249267578124,-0.5387526566803456,2.0138918449819085,1.87696057806015
1789067481807186400,12.3671865234375,-0.699520726263523,2.1297855845719575,2.329901329681277
1789067481817124400,12.377124267578125,-0.7890390115600079,2.2063421700298784,2.8564538454800843
1789067481827062300,12.387062255859375,-0.866188959801197,2.3426222795665264,3.4658547403573987
1789067481837000400,12.39700048828125,-0.8987982669830322,2.5640917783498764,4.0698154900074
1789067481846938400,12.4069384765625,-0.8802187272626906,2.7881325889259574,4.556984089922905
1789067481856876300,12.416876220703125,-0.7410626969635487,3.067850278538465,5.039056828004122
1789067481866814500,12.426814453125,-0.7862403938174247,3.3525855040520427,5.640871797797083
1789067481876752400,12.43675244140625,-0.9844646991569548,3.3214643896013496,6.508824260139465
1789067481886690300,12.446690185546874,-0.9507914890706538,3.0063942315787076,7.325123107612133
1789067481896628500,12.45662841796875,-0.7998901489853858,2.790877503719926,7.838481210795044
1789067481906566400,12.46656640625,-0.5146902285695075,2.670524446633458,8.201865025609731
1789067481916504300,12.47650439453125,-0.040464185400679704,2.773681454247236,8.227876834222673
1789067481926441500,12.48644140625,0.3838169465124607,3.1212077747166154,8.14561706868708
1789067481936379400,12.49637939453125,0.674261197322607,3.5046202320814133,7.958343854016065
1789067481946317300,12.5063173828125,0.7665981202363967,3.8694256041318176,7.52084091002345
1789067481956255500,12.51625537109375,0.855696864946559,4.047675554391741,7.076239532202481
1789067481966193400,12.526193359375,1.025501569879055,4.214541940850019,6.500717526051401
1789067481976131300,12.53613134765625,1.2279168241024017,4.329477064540982,5.895830893728137
1789067481986069500,12.546069580078125,1.3788485593259334,4.260823799553513,5.3824628536731005
1789067481996007400,12.55600732421875,1.484389831727743,4.0004771653652185,4.906920394143462
1789067482005945300,12.5659453125,1.4558955586493014,3.543071251028776,4.411376180070638
1789067482015883500,12.575883544921876,1.3921230514407157,2.914468812075257,3.9994489913612603
1789067482025821400,12.585821533203125,1.3855401659190654,2.2175953854501245,3.7504736460149286
1789067482035759000,12.595759033203125,1.5210323399484156,1.6347843913346527,3.575093113711476
1789067482045696300,12.6056962890625,1.6941735688924788,1.116892151853442,3.394061423778534
1789067482055634200,12.61563427734375,1.8402865056574345,0.7222323242872953,3.1375416544020176
1789067482065572400,12.625572265625,1.9119196632385254,0.3885819689571857,2.9258985531061885
1789067482075510300,12.63551025390625,1.9788088411629199,0.07378478265702725,2.779457115039229
1789067482085448200,12.6454482421875,2.1680838971756398,-0.2008423058182001,2.696679463109374
1789067482095386400,12.655386474609376,2.5009669213950634,-0.44128947679400443,2.6233991228431464
1789067482105324300,12.66532421875,2.8713959785461425,-0.6394248617410659,2.449851651185751
1789067482115262200,12.67526220703125,3.095473614001274,-0.7577081268161535,2.1951257794886825
1789067482125200400,12.685200439453125,3.1784242844104766,-0.8050468010962009,1.9490940863788127
1789067482135138300,12.69513818359375,3.2675276322305202,-0.9337988532155752,1.7150152813911437
1789067482145076200,12.705076171875,3.3310102165818214,-1.0885434247255326,1.4882973605602978
1789067482155013400,12.715013427734375,3.258551714092493,-1.2591332156211137,1.277221245497465
1789067482164951300,12.724951416015625,3.105270200872421,-1.4873399137049912,1.0497492914289235
1789067482174889200,12.73488916015625,2.88980841807127,-1.7334192453488706,0.7970119632005691
1789067482184827400,12.744827392578125,2.6795664157450196,-2.0083134603276847,0.5229758263558149
1789067482194765300,12.754765380859375,2.4391652758680284,-2.2619988830611106,0.2645031693458557
1789067482204703200,12.764703125,2.2140298019230364,-2.532372113484144,0.09828384861946106
1789067482214641400,12.774641357421874,2.0239972055412827,-2.8579174882918594,-0.035709611284732816
1789067482224579300,12.784579345703126,1.8632358579598367,-3.2475539347380398,-0.15871932035982608
1789067482234517200,12.794517333984375,1.7448409492038188,-3.607100655607879,-0.3077630498796701
1789067482244455400,12.804455322265625,1.6130280482091008,-3.975635277314484,-0.4165940114766359
1789067482254393300,12.814393310546874,1.613936102964729,-4.366023126649856,-0.5697299787461757
1789067482264331300,12.824331298828126,1.7317057194292544,-4.713611406439543,-0.779613669154048
1789067482274268400,12.834268310546875,1.7833667869530616,-4.924393506991863,-1.0391560012221335
1789067482284206300,12.844206298828125,1.8121569742381571,-5.043493349146843,-1.3598749787867068
1789067482294144500,12.85414453125,1.8114822898469864,-5.044133985137939,-1.7150012528657912
1789067482304082400,12.86408251953125,1.8452515807189047,-5.0102586035430425,-2.114776816010475
1789067482314020400,12.874020263671875,1.9329858321428297,-5.0030637236028905,-2.4743811122864483
1789067482323958300,12.883958251953125,2.0605250013411043,-5.041617033880948,-2.750680517888069
1789067482333896400,12.893896484375,2.1680549633421005,-5.136958399307727,-3.0205215411305426
1789067482343834400,12.90383447265625,2.1620285426594315,-5.249464250025153,-3.2035756768018007
1789067482353772300,12.913772216796875,2.0955610972784458,-5.447890142351389,-3.3097412185817956
1789067482363710500,12.92371044921875,2.013195094889402,-5.748049731490016,-3.3774808758556842
1789067482373648400,12.9336484375,1.9524201620616017,-6.095188513946533,-3.4593951889544723
1789067482383586300,12.94358642578125,1.8791187790073454,-6.359600497877597,-3.592887713599205
1789067482393523200,12.953523193359375,1.735244414949417,-6.5583017000138755,-3.7364340147465467
1789067482403461000,12.963461181640625,1.609624815636873,-6.75984484757781,-3.899446063864231
1789067482413399300,12.9733994140625,1.6015480382956564,-6.911383901044726,-4.110848926663398
1789067482423337200,12.983337158203126,1.6228279960811136,-6.97174689207077,-4.305355015197396
1789067482433275100,12.993275146484375,1.7200712496064603,-6.981256478694081,-4.4443467217803
1789067482443213300,13.00321337890625,1.6055585891112685,-7.1104270484864704,-4.218663989216089
1789067482453151200,13.013151123046875,1.3363735455594956,-7.6577195699751375,-3.655125850847363
1789067482463089200,13.023089111328124,1.2364182565964759,-8.120578489020467,-3.638578620672226
1789067482473027300,13.03302734375,1.0830183776937425,-8.315553948631882,-3.643934594747424
1789067482482965200,13.04296533203125,1.1127872007526456,-8.44780494878292,-3.753125037306547
1789067482492903200,13.052903076171875,1.25414680551067,-8.354501226663588,-3.7597412405759094
1789067482502840300,13.06284033203125,1.5204970640279352,-8.101752792519331,-3.556176231795549
1789067482512778200,13.0727783203125,1.9597475823402404,-7.58203333761096,-3.4102877514362335
1789067482522716200,13.082716064453125,2.304328058616072,-6.856070010101795,-3.2350837447434664
1789067482532654300,13.092654296875,2.430440994403511,-6.263480549293756,-2.9637627120763064
1789067482542592300,13.10259228515625,2.3350458529628813,-5.748648281905055,-2.567583712118864
1789067482552530200,13.1125302734375,2.1666776836395263,-5.261238274449109,-2.222382035204768
1789067482562468400,13.12246826171875,1.9022014023005962,-4.8827384313061835,-1.9221195702135563
1789067482572406300,13.13240625,1.536822614276409,-4.561643898427486,-1.6511802303403615
1789067482582344200,13.14234423828125,1.2362113358475266,-4.21961208372116,-1.4060194748461246
1789067482592282400,13.152282470703126,0.9386848716914653,-3.8785830163165924,-1.1691571766197681
1789067482602220300,13.16222021484375,0.6005809710185974,-3.43967721978873,-0.8065192117363214
1789067482612157400,13.172157470703125,0.28824294137358664,-2.906734710691869,-0.3436614617347717
1789067482622095400,13.182095458984374,-0.06333404272608459,-2.3809251222148538,0.08889408898353576
1789067482632033300,13.192033203125,-0.42108847335167227,-1.9437357742160557,0.43547173042595383
1789067482641971500,13.201971435546875,-0.7815361616492271,-1.5170131674349308,0.7314800451040268
1789067482651909400,13.211909423828125,-1.031885717958212,-1.1000041454166174,0.9446043248683214
1789067482661847300,13.221847412109375,-1.1381144611675291,-0.7895739221543073,1.1045412043243645
1789067482671785500,13.231785400390624,-1.0983457837503403,-0.6232371125280857,1.2763146520465611
1789067482681723400,13.241723388671875,-0.8677425459187478,-0.5546367467716335,1.3813403761416674
1789067482691661300,13.251661376953125,-0.4010930024188012,-0.5509168494656682,1.488832198089361
1789067482701599200,13.26159912109375,0.1826736849863082,-0.6550213670626283,1.4856810405820606
1789067482711537400,13.271537353515624,0.7578373061537742,-0.6780728645652532,1.4573410812824963
1789067482721474300,13.281474365234375,1.1892740819752217,-0.6090282621726393,1.40229782397449
1789067482731412500,13.29141259765625,1.2721417502760886,-0.4356383191645145,1.2998574401974676
1789067482741350400,13.301350341796875,1.036318805034831,-0.1804687953531742,1.2056599841088056
1789067482751288300,13.311288330078124,0.6406442474681884,0.14314473460912705,1.1626888573884964
1789067482761226500,13.3212265625,0.2285913134872913,0.44426527773439883,1.1297791059553624
1789067482771164400,13.331164306640625,-0.07770867810249328,0.7085702941596508,1.0518974093735218
1789067482781102300,13.341102294921875,-0.33716391640901566,0.8920382713288069,1.0535650503247975
1789067482791040500,13.35104052734375,-0.5333587617475539,1.0961439628571272,1.1074971315205095
1789067482800978400,13.360978515625,-0.640555400140956,1.2694465198427438,1.1003495978534221
1789067482810916400,13.370916259765625,-0.6839899796545506,1.3523387380629777,1.1713351051807404
1789067482820854500,13.3808544921875,-0.6617360622704028,1.3965169024854898,1.3021481814831495
1789067482830791400,13.39079150390625,-0.6344669470727443,1.4537252288728952,1.4352408931553362
1789067482840729600,13.4007294921875,-0.6421615201633423,1.5130506935447454,1.619097577381134
1789067482850667500,13.41066748046875,-0.6553367166221141,1.5521376723080873,1.8406436485320328
1789067482860605400,13.42060546875,-0.7012907316107303,1.6455594678491352,2.108344152614474
1789067482870543400,13.43054345703125,-0.7535130862791091,1.8021470368772745,2.3685277051955462
1789067482880481500,13.4404814453125,-0.8749673095405102,2.0025486131906507,2.604202839463949
1789067482890419500,13.45041943359375,-0.9239081583201885,2.182480817449093,2.8488141443818806
1789067482900357400,13.460357421875,-0.96086981549263,2.350215803435445,3.088248923444748
1789067482910295600,13.470295654296875,-0.9989268666863441,2.5057109010517595,3.297521203956008
1789067482920233500,13.4802333984375,-1.04541038544178,2.6708348277568814,3.457517120122909
1789067482930171400,13.49017138671875,-1.099844570940733,2.8592344161093233,3.6471933042824265
1789067482940109600,13.500109619140625,-1.1773358069002628,3.065779317483306,3.835616273510456
1789067482950046500,13.51004638671875,-1.2319207990467547,3.3032331518620253,3.9997108571678397
1789067482959984600,13.519984619140626,-1.2898153541326522,3.555380697503686,4.232590807759761
1789067482969922600,13.529922607421875,-1.3370833012640475,3.731080963280797,4.4585178704738615
1789067482979860500,13.539860595703125,-1.4381050504148005,3.907927476483583,4.688255431386828
1789067482989798700,13.549798583984375,-1.5647674367785454,4.015216469335556,4.974871063819528
1789067482999736600,13.559736572265624,-1.7101169879555702,4.1743671668499704,5.261523521131277
1789067483009674500,13.569674560546876,-1.792695902442932,4.390031194224953,5.4857607310622925
1789067483019612700,13.57961279296875,-1.8544214139938353,4.556289677917957,5.5684787617594
1789067483029550600,13.589550537109375,-1.9502315659761427,4.55525799678266,5.74757626875937
1789067483039488500,13.599488525390624,-2.1360849769771098,4.198986059799791,6.239556068348884
1789067483049426400,13.609426513671876,-2.0532535490334034,3.554540739548206,6.73893708410561
1789067483059363600,13.619363525390625,-1.9051976615071295,2.880451391661167,6.966905881780385
1789067483069301500,13.629301513671875,-1.7005659002780913,2.352925646916032,7.091421903765201
1789067483079239700,13.63923974609375,-1.3214882572472095,2.1046680944502354,6.9521122172743075
1789067483089177600,13.649177490234376,-0.9668623339056968,2.2276485774308443,6.632733548402786
1789067483099115500,13.659115478515625,-0.7518903804481029,2.4345465300261973,6.3708075360685585
1789067483109053700,13.6690537109375,-0.6294727920472621,2.4786183114647864,6.152673903709649
1789067483118991600,13.67899169921875,-0.4505927637228742,2.3352871143728495,5.933221005445718
1789067483128929500,13.688929443359376,-0.17844167343974113,2.1633985158383844,5.740494201543926
1789067483138867700,13.69886767578125,0.21894315864350644,1.9998177269220352,5.496114367294311
1789067483148805600,13.7088056640625,0.6699217068135738,1.9299504099696874,5.159194196513295
1789067483158743600,13.71874365234375,1.02390699416399,1.9829460870981215,4.645425758963823
1789067483168680400,13.728680419921876,1.1001309136014432,2.061881676647067,4.100303567251562
1789067483178618400,13.738618408203125,0.9781015208005904,2.0089988122433424,3.6517590047627686
1789067483188556500,13.748556640625,0.8681132058620452,1.8384265570044516,3.2770687830358742
1789067483198494500,13.758494384765624,0.791422764891386,1.562171575066447,2.8611083932876586
1789067483208432400,13.768432373046876,0.7817863370180129,1.166912028041482,2.499315062534809
1789067483218370600,13.77837060546875,0.8196855673015118,0.7141822888225317,2.230333870992064
1789067483228308500,13.78830859375,0.8617292039133608,0.20508476569354533,1.9757272417604923
1789067483238246400,13.798246337890625,0.9569301379561423,-0.2701642638474703,1.7895728019863366
1789067483248184300,13.808184326171874,1.129421378558874,-0.7346978381067514,1.6973685655415056
1789067483258122500,13.81812255859375,1.3826653411351144,-1.136006602168083,1.6505559609621763
1789067483268060400,13.828060302734375,1.6868706985332071,-1.4841636217564345,1.66931093031466
1789067483277997600,13.83799755859375,2.0126267934821547,-1.7964672376751898,1.650932977581024
1789067483287935500,13.847935546875,2.2131014350317417,-2.074604964619875,1.5321253963708876
1789067483297873400,13.857873291015625,2.300142881885916,-2.271571305787563,1.4140017057716845
1789067483307811600,13.8678115234375,2.3859878124319014,-2.4347063967630267,1.2059534140974282
1789067483317749500,13.87774951171875,2.4676783997774123,-2.539320909708738,0.9355734616726636
1789067483327687400,13.8876875,2.5596412286818024,-2.5203046590715643,0.8674246390759944
1789067483337625600,13.89762548828125,2.7380034071445465,-2.4953341762050987,0.7467284676402807
1789067483347563500,13.9075634765625,2.881656675797701,-2.4644436556398865,0.6046054772943258
1789067483357501400,13.91750146484375,3.0192554667174814,-2.533394734530151,0.44603637906014915
1789067483367439600,13.927439697265624,3.1502514983713623,-2.694247267526388,0.22864216689169406
1789067483377377500,13.93737744140625,3.2525545195043084,-2.9611364552259443,0.02872515922486782
1789067483387315500,13.9473154296875,3.337394364660978,-3.347236251978576,-0.23750410326123236
1789067483397252600,13.957252685546875,3.309506825304031,-3.7225437288209795,-0.6649421648353337
1789067483407190500,13.9671904296875,3.1538898548737166,-3.9685578862741586,-1.051169679620862
1789067483417128400,13.97712841796875,2.865098339706659,-4.188986936093866,-1.2884627704799174
1789067483427066600,13.987066650390625,2.616991009366512,-4.348500037179887,-1.4596709855347871
1789067483437004500,13.997004638671875,2.4446703030250965,-4.407062993046641,-1.6842869656503199
1789067483446942500,14.0069423828125,2.305088959985971,-4.409693341550231,-1.9229343937277792
1789067483456880600,14.016880615234374,2.2097579698227343,-4.403537157008052,-2.140122854191065
1789067483466818600,14.026818603515625,2.2113316488802433,-4.4300504854023455,-2.398097498551011
1789067483476756500,14.036756591796875,2.2926284146025777,-4.479201177540421,-2.6512726336747408
1789067483486694700,14.046694580078125,2.457712301558256,-4.572337141877412,-2.8042461038589477
1789067483496632600,14.056632568359374,2.6061715091884134,-4.717261161118746,-2.9672470470607277
1789067483506569700,14.06656982421875,2.709277663397789,-4.813918285319208,-3.1485593075007197
1789067483516507600,14.076507568359375,2.77380537288785,-4.809439386339485,-3.3579783030062913
1789067483526445600,14.086445556640625,2.713701325058937,-4.766764612217247,-3.5729724682956934
1789067483536383700,14.0963837890625,2.6672458633542058,-4.784034019187093,-3.7415117564022538
1789067483546321700,14.10632177734375,2.6728046665251255,-4.8515784461498255,-3.912090441381931
1789067483556259600,14.116259521484375,2.6941712796807287,-4.92303858525157,-4.065249205005169
1789067483566197800,14.12619775390625,2.653631179499626,-4.996345229002833,-4.1375066319644445
1789067483576135700,14.1361357421875,2.595290049690008,-5.1582192140012975,-4.172567423951626
1789067483586073600,14.146073486328126,2.516861240619421,-5.300730911403894,-4.207245354101062
1789067483596011500,14.156011474609375,2.4177726514883338,-5.4670501853734255,-4.308620154473186
1789067483605949700,14.16594970703125,2.2645044361412525,-5.643592162671685,-4.383817142015696
1789067483615887600,14.1758876953125,2.1561668110191823,-5.8361383493095635,-4.460445039144158
1789067483625824500,14.185824462890626,2.0101533891059455,-5.940457970961928,-4.556334101581573
1789067483635762400,14.195762451171875,1.840977410531044,-6.048033964061736,-4.608649979752302
1789067483645700400,14.205700439453125,1.7346378273583947,-6.14776801148951,-4.618748764440417
1789067483655638500,14.215638427734374,1.6389572931051253,-6.186123753368854,-4.5729555660367005
1789067483665576400,14.225576416015626,1.4841199287451803,-6.196345872175693,-4.4118163250535725
1789067483675514400,14.235514404296875,1.3276292442202566,-6.138714936462044,-4.150360268318653
1789067483685452500,14.24545263671875,1.2332640303492546,-5.992530688026547,-3.8404619599759577
1789067483695390500,14.255390380859374,1.1420200172387063,-5.7973003768712275,-3.5326556554764506
1789067483705328400,14.265328369140626,1.0762765022180973,-5.538440766370297,-3.2316496786415576
1789067483715266600,14.2752666015625,1.0385950063385068,-5.331172226896881,-2.902842671689391
1789067483725204500,14.28520458984375,0.8362031329907477,-5.200529246464371,-2.4475059648424384
1789067483735141600,14.2951416015625,0.4933678929470479,-5.416532296535372,-1.754806609031558
1789067483745079600,14.30507958984375,0.22746683950200675,-5.740535118076205,-1.2845108179837466
1789067483755017500,14.315017578125,0.017654899156093598,-6.065273268154263,-0.8214590067148209
1789067483764955600,14.32495556640625,0.16707535303384063,-6.449624467673897,-0.692838472020626
1789067483774893600,14.3348935546875,0.4039619089186191,-6.4377463983535765,-0.6142810681343078
1789067483784831500,14.34483154296875,0.5892797517381608,-6.226358733123541,-0.23233692975640297
1789067483794769400,14.354769287109375,0.9108310884736478,-5.888611463868617,0.12676643126010895
1789067483804707600,14.36470751953125,1.154358251416683,-5.264505751812457,0.3426742042630911
1789067483814645500,14.3746455078125,1.1774154480077326,-4.568474036708474,0.6467693792849779
1789067483824583400,14.38458349609375,1.1181387909136713,-4.010527142475545,0.9421569317162036
1789067483834521300,14.394521240234376,0.9753519298315048,-3.402604503457248,1.2263368614345789
1789067483844459300,14.404459228515625,0.8327975623309611,-2.6899823035582897,1.5840478913098572
1789067483854396400,14.414396484375,0.7871849811911582,-1.925740098798275,1.8673340870589017
1789067483864334300,14.424334228515624,0.6310264512300491,-1.2559867342889308,2.2247511024236677
1789067483874272300,14.434272216796876,0.3218647135335952,-0.7351449973523616,2.5920342627644537
1789067483884210400,14.44421044921875,-0.12978132210187612,-0.30705051769614217,3.0325901645869013
1789067483894148400,14.4541484375,-0.7856558719277381,0.06636895344257354,3.505178450486064
1789067483904086300,14.464086181640624,-1.5993711326479911,0.4714537289112806,4.005781116992235
1789067483914024400,14.4740244140625,-2.505561263448,1.0224415977865458,4.555926105302572
1789067483923962400,14.48396240234375,-3.3665468093872066,1.6342092217952011,5.174686364677548
1789067483933900300,14.493900390625,-3.8864720160007473,2.148026174661517,5.654162072002888
1789067483943838500,14.50383837890625,-4.213285218787193,2.578346513673663,5.8886009424746035
1789067483953776400,14.5137763671875,-3.8941795216381547,3.0601047789782285,6.080743809008598
1789067483963713300,14.52371337890625,-3.0956828728377817,3.345753027683496,6.257372880068421
1789067483973651500,14.5336513671875,-2.2389316034674644,3.4874650991410014,6.45303164576888
1789067483983589400,14.54358935546875,-1.668635807532072,3.5545477538108825,6.611616526094078
1789067483993527300,14.55352734375,-1.0408020148634909,3.6047687055289743,6.6892696746170515
1789067484003465500,14.563465576171875,-0.7354325821220874,3.624894378712773,6.47338002179265
1789067484013403400,14.5734033203125,-0.9902969855070114,3.755952369686961,6.136069974911212
1789067484023341300,14.58334130859375,-1.5759142692148684,3.9566479605108498,5.782215620464086
1789067484033279500,14.593279541015624,-2.061555513432622,4.13091497861445,5.162745166993141
1789067484043217400,14.603217529296876,-2.857834486183524,3.9659009420245885,4.558490402832627
1789067484053155300,14.6131552734375,-3.4297172590494154,3.538533607599139,3.998465241020918
1789067484063093500,14.623093505859375,-3.6541572980761527,3.089610274925828,3.3213673589676618
1789067484073031400,14.633031494140624,-3.6982121283799407,2.8101147036314007,2.756253349584341
1789067484082968600,14.642968505859375,-3.6989065403848884,2.5471611018151044,2.3181495170891284
1789067484092906500,14.652906494140625,-3.4502667106032368,2.214528399094939,1.950520319789648
1789067484102844400,14.662844482421875,-2.966120088857412,1.9189841947972774,1.6368097596824167
1789067484112782600,14.672782470703124,-2.2456360695421695,1.6690525716394184,1.5190648392677306
1789067484122720500,14.682720458984376,-1.605492245876789,1.4994664048284292,1.5506325284421443
1789067484132658400,14.692658447265625,-1.1282996810525656,1.3999749339848755,1.388931561923027
1789067484142596600,14.7025966796875,-0.881771144336462,1.4420757076114414,1.0335329006433487
1789067484152534500,14.712534423828124,-0.9271183525383472,1.4344102875500917,0.7092670442521571
1789067484162472400,14.722472412109376,-0.8764379666149615,1.3419886089622974,0.4909831897675991
1789067484172410400,14.732410400390625,-0.6050888768970966,1.3164473404705523,0.4464660026490688
1789067484182348500,14.7423486328125,-0.15740705045117065,1.4697633404821158,0.654451165959239
1789067484192286500,14.752286376953125,0.2742670229911804,1.7835235849499702,1.16904144128561
1789067484202223400,14.762223388671876,0.48859253177139905,2.1831138546556232,1.8707342508912086
1789067484212161300,14.772161376953125,0.6725310125291347,2.5790853493422268,2.390523848426342
1789067484222099200,14.78209912109375,0.6128489895045757,2.8229513888508078,2.7141601747423407
1789067484232037400,14.792037353515624,0.41939094871878624,3.162332396787405,2.9338696781158444
1789067484241975300,14.801975341796876,0.17226568821854887,3.654973290634155,3.4989445245325563
1789067484251913200,14.811913330078125,-0.07321249919440596,4.3239638540774585,4.629164359992743
1789067484261851400,14.821851318359375,-0.041332565733045334,5.113391645759344,6.158786833631992
1789067484271789300,14.831789306640625,0.11999883682131766,5.985352174699306,7.8274734945684665
1789067484281727200,14.841727294921874,0.5392167670607566,6.706200935673714,8.879662580364942
1789067484291665400,14.85166552734375,0.7775929769814014,7.052710772576928,9.506353632739186
1789067484301603300,14.861603271484375,0.38952779843993485,6.3773962668091055,9.575430091574788
1789067484311540500,14.87154052734375,0.06602993074655532,4.83222112699002,9.128929602134226
1789067484321478400,14.881478515625,0.6196248403150588,3.0684269093826413,8.336085280007124
1789067484331416300,14.891416259765625,2.002174373050779,1.5392492569014429,7.058966325840354
1789067484341354500,14.9013544921875,3.099581633841991,0.26961685909777877,5.686368059080839
1789067484351292400,14.91129248046875,3.5785789100006222,-0.7211062428668141,4.095653695619106
1789067484361230300,14.921230224609374,3.9626317110955713,-1.3177221827119587,2.6815648960858582
1789067484371168300,14.931168212890626,4.081109621959924,-1.5023139032140373,1.4739280589461325
1789067484381106400,14.9411064453125,3.8002480230093,-1.3572288481920958,0.5803741223573684
1789067484391044400,14.95104443359375,3.2931074791669843,-0.9284571999266743,0.2840764693439007
1789067484400982300,14.960982177734374,2.994082447016239,-0.3065281012572348,0.48051089559197424
1789067484410920400,14.97092041015625,2.7352538161754607,0.2228307041339576,0.5276701216518879
1789067484420857300,14.980857421875,2.412438743114471,0.30239165903963144,0.17104279536008835
1789067484430795500,14.99079541015625,2.5310399880975485,0.07871164459995925,-0.4247673810601234
1789067484440733400,15.0007333984375,2.4589275225669143,-0.40872766201570626,-0.8829027787148952
1789067484450671400,15.01067138671875,2.114185864380002,-0.9974266912564634,-1.1923106731921433
1789067484460609500,15.020609619140625,1.8872054932206868,-1.4318876372046767,-1.5906968278050422
1789067484470547500,15.03054736328125,2.1877046895772216,-1.647960391511023,-2.014967365258932
1789067484480485400,15.0404853515625,2.131528628847003,-2.1499290856733917,-2.2801392276465893
1789067484490423600,15.050423583984376,2.4883126070052386,-2.7198060716748236,-1.984045572772622
1789067484500361500,15.060361572265625,2.6925965777099132,-3.211030961243808,-1.4179314464360475
1789067484510299400,15.07029931640625,2.3523370333731175,-3.7259354170858856,-0.8267232108533382
1789067484520237600,15.080237548828125,2.2735158639840782,-4.16583519308716,-0.041895021921396255
1789067484530175500,15.090175537109374,4.488004077199101,-4.700882857769727,1.0326660546809434
1789067484540113400,15.100113525390626,3.415939493587613,-4.511263664494455,1.402381995126605
1789067484550050600,15.110050537109375,3.459745317566395,-3.9140149797037243,2.8146085079193113
1789067484559988500,15.119988525390625,3.907082842352986,-3.7178532329171894,4.121985822227597
1789067484569926400,15.129926513671874,4.165462560382485,-3.5250527792572974,4.4147833581656215
1789067484579864600,15.139864501953125,4.564531436562538,-3.6095074244886636,4.392824039813876
1789067484589802500,15.149802490234375,4.713853398501873,-4.145481848627329,3.969025211524963
1789067484599740400,15.159740478515625,4.558924118074774,-4.796122516387701,2.936985764309764
1789067484609678600,15.1696787109375,4.2520039487600325,-5.2377089303016655,1.7184435022741555
1789067484619616500,15.179616455078126,3.746487498988211,-5.609875186508893,0.756655402892828
1789067484629554400,15.189554443359375,3.2472283560454844,-6.084849490761757,0.07859656685292721
1789067484639492600,15.19949267578125,2.725506913664937,-6.325318873569369,-0.3461713987290859
1789067484649430500,15.209430419921874,2.1642016489148137,-6.315657895776629,-0.6098907242208719
1789067484659368400,15.219368408203126,1.5471473166748881,-6.205029529368877,-0.7182967384040355
1789067484669305300,15.229305419921875,0.6855839708477258,-5.899705689334869,-0.4149485823571682
1789067484679243300,15.2392431640625,-0.18964549676030873,-5.681154123824834,-0.38292730419635773
1789067484689181400,15.249181396484374,-1.0221990212023258,-5.450492433804273,-0.5799971057385206
1789067484699119400,15.259119384765626,-1.6853148473933337,-5.248782112979889,-0.8385422434628009
1789067484709057300,15.269057373046875,-1.9643892706662416,-5.077265854889154,-0.8774714013159275
1789067484718995500,15.278995361328125,-1.796334551206231,-4.9802796448647975,-0.8998761253476142
1789067484728933400,15.288933349609374,-1.5295675285816193,-4.856463880103826,-0.8594640354603529
1789067484738871300,15.298871337890626,-0.890271846178174,-4.70687391487807,-0.6069347970247269
1789067484748809200,15.308809326171875,-0.13883914636969566,-4.586691538183391,-0.40845746677219863
1789067484758747400,15.318747314453125,0.4140437424719333,-4.574580536890029,-0.2419073066562414
1789067484768685300,15.328685302734375,0.9938625690340995,-4.433895178131759,-0.22424773132503031
1789067484778622500,15.33862255859375,1.0686381162941456,-4.331536042897403,-0.07813362551629544
1789067484788560400,15.348560302734375,0.03802782509922981,-4.372436793084442,0.8217471760064363
1789067484798498800,15.358498779296875,-0.1343926883548498,-4.3206899469733235,0.7909259212851524
1789067484808437000,15.36843701171875,-1.3238041329741477,-3.824457166114449,0.7884878804832697
1789067484818375000,15.378375,-2.870491723182797,-2.9816131338044998,1.770640722501278
1789067484828312800,15.388312744140626,-4.009453668025135,-3.056377575148642,1.6678551785483955
1789067484838250800,15.398250732421875,-4.61417429613173,-3.43378407009691,0.7275801150560378
1789067484848189000,15.40818896484375,-3.9728976690441367,-3.4623005550071597,0.009892448461055754
1789067484858126800,15.418126953125,-3.1544945427685973,-3.516192011931538,-0.050937575554847715
1789067484868064800,15.428064697265626,-2.647256383770704,-3.612647183819115,0.5929378358542918
1789067484878003000,15.4380029296875,-2.8784283614009616,-3.4766762863621112,0.9660334088008851
1789067484887940900,15.44794091796875,-3.27994813786447,-3.174426446945965,0.7963562027055769
1789067484897877800,15.457877685546874,-2.56059750649333,-2.603093709178269,0.7156614214643836
1789067484907815700,15.467815673828126,-1.019738768568635,-2.1711992527171966,0.7907157126005738
1789067484917753600,15.477753662109375,-0.17423603844344615,-2.099251914620399,0.9059628979153931
1789067484927691800,15.48769189453125,-0.28398528392910954,-2.3597391263231633,0.7523705651804804
1789067484937629700,15.497629638671874,-3.71242536264956,-2.3131197062283753,0.8455456924840807
1789067484947567600,15.507567626953126,-10.902356155961751,-3.869611189831793,0.7419093769207596
1789067484957505800,15.517505859375,-10.403867705130576,-4.70154015263468,0.7043119060628116
1789067484967443700,15.527443603515625,-4.359346717625856,-3.6290690340489147,0.08666632993146776
1789067484977381600,15.537381591796875,-1.8437287550657986,-3.3881513229519125,-0.7601976055443287
1789067484987319800,15.54731982421875,-2.0640900003463027,-3.4979183963552116,-0.9830746330380439
1789067484997257700,15.5572578125,-3.428615435287356,-3.1737074850216507,-1.0070786089599133
1789067485007195600,15.567195556640625,-3.9155402895748614,-2.8433365897536276,-1.1561464500077068
1789067485017132800,15.5771328125,-2.538733465209603,-2.7761069278284904,-1.471327521058917
1789067485027070700,15.58707080078125,-0.8420710021108389,-2.650981249512732,-1.5049981738619505
1789067485037008600,15.597008544921875,0.891045753160119,-2.200102106596529,-1.5572569150179623
1789067485046946800,15.60694677734375,2.594956287690997,-1.3223282152026892,-1.2007698739796877
1789067485056884700,15.616884765625,2.4927602340638635,-0.863620862878859,-0.6898626710802316
1789067485066822700,15.62682275390625,1.3148977729409932,-0.9783025963306426,-0.33774781724419445
1789067485076760800,15.6367607421875,0.3706225338965654,-0.8539335816010832,0.025529450189787892
1789067485086698800,15.64669873046875,-0.37519232603013514,-0.7877028675854205,0.12909540393063798
1789067485096636700,15.65663671875,-0.9539987606793642,-1.1069438815519212,-0.12743183636628092
1789067485106574800,15.666574951171874,-1.2300088279455899,-1.260333531321585,-0.2511501321021467
1789067485116512800,15.6765126953125,-1.5786083306044338,-1.1970420856282113,-0.27917313440702857
1789067485126450700,15.68645068359375,-2.1628110713392497,-1.138701832601428,-0.21265949353044852
1789067485136387800,15.696387939453125,-2.277202589672804,-1.0979033737450838,0.03791618141829967
1789067485146325800,15.70632568359375,-1.5628636489838361,-0.8303101294294,0.17057554317452012
1789067485156264000,15.716263916015626,0.1688099217414856,-0.23054449338167904,-0.06510682455226778
1789067485166201900,15.726201904296875,1.7830238187342882,0.2895069699600339,-0.140491370556131
1789067485176139800,15.736139892578125,1.708684909325838,0.03170125242620706,0.5991062953561545
1789067485186078000,15.746077880859374,0.8497709089636802,-0.19264321727156639,1.6008346293292939
1789067485196015900,15.756015869140626,1.474048470455408,-0.21903496511280535,1.544239904795587
1789067485205953800,15.765953857421875,1.35694067890048,-0.3796381995230913,1.6168308014929293
1789067485215891700,15.7758916015625,1.410735397452116,-0.44139556751698256,1.670321860922873
1789067485225830000,15.785829833984375,1.3566080859452485,-0.5283003823794424,1.4994249037742613
1789067485235767800,15.795767822265624,1.8097855689316986,-0.5310333144746721,1.3343003925472496
1789067485245705700,15.805705810546876,2.274320896756649,-0.546730211430788,1.3988362853437661
1789067485255644000,15.815643798828125,2.5863515409529207,-0.6213571440003812,1.6164078999057412
1789067485265580800,15.825580810546874,2.840034625598788,-0.7445745044767856,1.6606887940503656
1789067485275519000,15.83551904296875,2.891021885514259,-1.0521668739646672,1.6030236638061701
1789067485285457000,15.845456787109375,5.649274299961328,-2.0018989171102644,1.3163177227415144
1789067485295394800,15.855394775390625,5.662029736638069,-2.3513559133812785,1.7663301658257842
1789067485305333000,15.8653330078125,5.418763416588306,-3.3285546401232478,3.107579646858573
1789067485315271000,15.87527099609375,5.046066414505243,-3.994939697243273,3.636961540864408
1789067485325208800,15.885208740234376,5.0784097642272705,-4.482864083962142,2.983198064908385
1789067485335147000,15.89514697265625,5.747466963165998,-3.919772520317137,2.662637785036862
1789067485345085000,15.9050849609375,4.182877221041918,-3.7517753762632604,2.935238043859601
1789067485355022600,15.915022705078124,3.0359020656138656,-3.3552824880510568,1.7400626288861036
1789067485364960800,15.924960693359376,1.8496388558924197,-2.7851819224268195,0.7534462315879762
1789067485374897700,15.934897705078125,1.3612334076583386,-2.696101078699529,0.38765973954573274
1789067485384835800,15.9448359375,0.8366554068028926,-2.2168685324802992,0.5047101018249989
1789067485394773800,15.954773681640624,0.8296797225713729,-1.8375892293974756,0.19107801378145814
1789067485404711700,15.964711669921876,0.41380993371605873,-1.534677711202204,0.009985533571988343
1789067485414649600,15.974649658203125,-0.27724574654102324,-0.5928256076514721,0.16972323719412089
1789067485424587800,15.984587890625,-0.5030068050384521,-0.30893443174660207,0.4265431585609913
1789067485434525700,15.994525634765624,-0.41965164548158645,-0.20714578987658022,0.8970229278735816
1789067485444463600,16.004463623046874,-0.1099281091839075,-0.11431290013939141,1.4026397692799568
1789067485454401800,16.01440185546875,0.8483587040781975,-0.054147477512061594,1.3910871325217187
1789067485464339700,16.024339599609377,1.922356886100769,0.06452186427116394,1.3818806204982101
1789067485474277600,16.034277587890625,2.0856430759847164,-0.01338438223004341,1.3341267895460127
1789067485484215800,16.0442158203125,1.7871406064033508,-0.07009001979231834,1.0607771736606955
1789067485494153700,16.05415380859375,1.00029581695199,0.22300562230944632,0.6645407444275915
1789067485504091000,16.0640908203125,1.1080366452246904,-0.21410335392951965,0.229695036945492
1789067485514028800,16.07402880859375,0.8074433408439159,-0.5867986024469137,-0.08301058390289545
1789067485523966700,16.083966796875,0.2568962014734745,-0.41841830429434773,-0.20964389030262826
1789067485533905000,16.09390478515625,0.08835340623557567,0.011009469792246818,-0.091882311014086
1789067485543842800,16.1038427734375,-0.31646307368576526,0.37150574647188184,0.24681144531071184
1789067485553780700,16.11378076171875,-0.9524059385299682,0.6453238566517829,0.4855656947635114
1789067485563719000,16.123718994140624,-1.4847539888650179,0.9286743498086929,0.5034010650530457
1789067485573656800,16.13365673828125,-1.5716127726286648,0.9904249958008527,0.36648163469955325
1789067485583594800,16.1435947265625,-1.3455652984052895,0.9366489819496869,0.16286299603581428
1789067485593533000,16.153532958984375,-0.8342933538466691,0.7699684734523295,-0.11487754828482866
1789067485603470800,16.163470947265626,-0.22450609000027177,0.517921465575695,-0.30803178381845353
1789067485613407700,16.17340771484375,0.26591245162189003,0.29303485182523725,-0.38519437234550713
1789067485623346000,16.183345947265625,0.8011912947118282,0.08801321449577808,-0.47146556547954677
1789067485633283800,16.193283935546877,1.4003484434723854,-0.10010375752300023,-0.6645736237838864
1789067485643221800,16.2032216796875,1.6064409249037503,-0.36241438526064157,-0.871422184279561
1789067485653160000,16.213159912109376,1.728884816789627,-0.46802989194244143,-1.0858873572587966
1789067485663097900,16.223097900390623,2.015028155535459,-0.21734160519838333,-1.1683332930162549
1789067485673035800,16.233035888671875,2.33750537494421,0.19877543641626833,-1.0253710753671825
1789067485682974000,16.242973876953126,2.5976579478651285,0.5837064816504717,-0.6147296886846423
1789067485692911900,16.252911865234374,2.6421593528926373,0.8915294450238347,-0.06252762171402573
1789067485702849800,16.262849853515625,2.4779841052144764,1.0872896252721547,0.4319143302053213
1789067485712788000,16.2727880859375,2.1046546504467725,1.0329340579673647,0.5857786117494106
1789067485722726000,16.282725830078125,1.3437374984562396,0.7465528188124299,0.4277259386047721
1789067485732662800,16.292662841796876,0.6339385392844676,0.2330561839416623,-0.00017097265273332594
1789067485742600700,16.3026005859375,-0.003496609944105148,-0.22503595909327267,-0.46112771133854985
1789067485752538600,16.31253857421875,-0.4467705385535955,-0.3112058838099241,-0.7112417053259908
1789067485762476800,16.322476806640626,-0.6161147133022546,-0.13621844247728584,-0.7586326943151652
1789067485772414700,16.332414794921874,-0.5359229862123728,0.24390052630007267,-0.5057987738445401
1789067485782352600,16.3423525390625,-0.2903063036441803,0.6269768835783004,-0.046397886298596855
1789067485792290600,16.35229052734375,-0.049694297495484346,0.880411546421051,0.42897973805814976
1789067485802228700,16.362228759765625,0.0822521667510271,1.0272194797128438,0.8004602039583026
1789067485812166700,16.372166748046876,0.19820260496437547,1.1058856046706438,0.9391114265404641
1789067485822104600,16.3821044921875,0.23915070142447947,1.0238479574531316,0.9607182781927287
1789067485832042800,16.392042724609375,0.12471066777408123,0.8732301104843616,0.8748597575128078
1789067485841980700,16.401980712890627,-0.09294541020095348,0.6414823787927627,0.6170300745815038
1789067485851917800,16.411917724609374,-0.17867957384884356,0.3591618132054806,0.27025530313178897
1789067485861855700,16.421855712890626,-0.29621114377379415,0.1323889473170042,0.027486265079677105
1789067485871793700,16.431793701171873,-0.4120587061345577,-0.030356559818983078,-0.1804324088655412
1789067485881731800,16.44173193359375,-0.4111059354543686,-0.1961672997444868,-0.4369808198146522
1789067485891669800,16.451669677734376,-0.4011445134103298,-0.3664747665673494,-0.5162994173318147
1789067485901607700,16.461607666015624,-0.3856342250674963,-0.34830899527966974,-0.4416457428857684
1789067485911545900,16.4715458984375,-0.16671908694207668,-0.20329671323299406,-0.18685615830272434
1789067485921483800,16.48148388671875,0.20408464874029159,-0.0046510406762361525,0.28795009590685366
1789067485931421700,16.491421630859374,0.22016659949123857,0.08178747184872627,0.693660163667053
1789067485941359900,16.50135986328125,-0.07087678625583649,0.10339783063232898,0.8606492997221649
1789067485951297800,16.5112978515625,-0.4161766628473997,0.49352059929072856,0.8387671382598578
1789067485961235700,16.521235595703125,-2.617157013583183,1.1554863786637783,0.39273368180915713
1789067485971172600,16.531172607421876,-3.2106045525252815,0.8603039934158325,-0.17942805412858723
1789067485981110500,16.541110595703124,-2.23358673530817,-0.07770107931792736,-0.609370207478106
1789067485991048400,16.55104833984375,-0.7246539984762668,-0.8210399045199155,-0.6422459105111659
1789067486000986600,16.560986572265627,0.13433365164399147,-1.1016688637584446,-0.5503088005699217
1789067486010924500,16.570924560546874,0.5923772793620824,-1.3589075950592755,-0.3236749047607183
1789067486020862500,16.580862548828126,0.568131311377883,-1.2043284432440995,-0.16380846019238232
