time,seconds_elapsed,z,y,x
1789755352590034700,0.04603466796875,-0.6206634626477956,-1.0285893067613243,-2.9045038828998804
1789755352600049700,0.056049560546875,-1.078325982093811,-0.8869374410584568,-2.716149887254834
1789755352610065700,0.066065673828125,-1.4690531463861465,-0.7984455031350255,-2.4385027203060683
1789755352620080600,0.07608056640625,-1.9864374363452195,-0.7868222853586078,-2.142670346716791
1789755352630096600,0.0860966796875,-2.4533885931402444,-0.872740573401749,-1.936103671902418
1789755352640111600,0.096111572265625,-2.943510782164335,-0.8633212954103946,-1.7681684871688483
1789755352650127600,0.106127685546875,-3.4113784692823885,-0.867986949133873,-1.5379964803613722
1789755352660142600,0.116142578125,-3.6530309243947263,-0.882166573394835,-1.2781516582153736
1789755352670158600,0.12615869140625,-3.580211187377572,-0.8735635802224277,-1.040029861447215
1789755352680173600,0.136173583984375,-3.3089339938521385,-0.879100463822484,-0.8131714361671358
1789755352690189600,0.146189453125,-2.971168604418635,-0.8317179504007101,-0.6416270479604601
1789755352700204500,0.15620458984375,-2.507455698892474,-0.7939227650135755,-0.5950048879193142
1789755352710219500,0.166219482421875,-2.0100217255502937,-0.696928371682763,-0.5943660785591229
1789755352720235500,0.176235595703125,-1.7800456797063349,-0.5351537554055452,-0.5184395346330478
1789755352730250500,0.18625048828125,-1.651750139182806,-0.34571605617702006,-0.35037623000778256
1789755352740266500,0.1962666015625,-1.5351333460152148,-0.4263482205107808,-0.24518504968527702
1789755352750281500,0.206281494140625,-1.2766665342241525,-0.6723425042197108,-0.33921427306756374
1789755352760297500,0.21629736328125,-0.9482733687698841,-0.6779644357547163,-0.29878603576309976
1789755352770312400,0.2263125,-1.0939017368882893,-0.3926175080835819,-0.30751882932763547
1789755352780328700,0.23632861328125,-1.4414467620581388,-0.11535860980004072,-0.4288601667990908
1789755352790343700,0.24634375,-1.6100480094850063,-0.09927636678814887,-0.5017142810098827
1789755352800359700,0.256359619140625,-1.8740479054838417,-0.31464491834789515,-0.4394136364521459
1789755352810374700,0.266374755859375,-1.9180133039385079,-0.03968319109082222,-0.14290763791762293
1789755352820390700,0.276390625,-1.571946534627676,0.06445785912424326,0.1969336079418659
1789755352830405600,0.286405517578125,-1.2770429663211107,0.12088672557175159,0.46078766572922464
1789755352840421600,0.296421630859375,-1.207317103666067,0.17102058352828026,0.5276728981308638
1789755352850436600,0.3064365234375,-1.333973644810915,0.42199031756222244,0.44110469481162723
1789755352860452600,0.31645263671875,-1.5532324818074703,0.732537152941525,0.54393130142726
1789755352870467600,0.326467529296875,-1.9363988554567098,0.8539990480527281,0.7136763851270079
1789755352880483600,0.336483642578125,-2.3330916501551866,0.6870236482620239,0.3005980536211282
1789755352890498600,0.34649853515625,-2.2795810092419386,-0.2418310265496373,-0.8195593105733394
1789755352900514600,0.3565146484375,-2.081284880775213,-0.8387672843903302,-1.335040397259593
1789755352910529500,0.366529541015625,-1.6484113501489162,-0.9864610606059432,-0.8659608501337468
1789755352920545500,0.376545654296875,-0.9830810627788305,-1.3137725683033465,-0.32827976820766924
1789755352930560500,0.386560546875,-0.13540624931156633,-1.0096981438085437,0.260415461640805
1789755352940576500,0.396576416015625,0.5430962388426065,-0.7124056345388293,0.5198055257566273
1789755352950591500,0.406591552734375,0.3700298287004232,-0.7879775928735733,0.4258391019448638
1789755352960607500,0.416607421875,0.4552706558734178,-0.5605646755158901,0.6769146344408392
1789755352970622500,0.42662255859375,-0.03136778268814087,-0.6451140132933855,0.721372711783275
1789755352980638700,0.436638671875,-0.4911795891225338,-0.3955687591046095,1.1892190638523548
1789755352990653700,0.44665380859375,-1.3314029175400732,0.2400529109612107,1.3579181456305085
1789755353000669700,0.456669677734375,-2.3200942214161158,0.2136225846752524,1.3267907475695013
1789755353010684700,0.4666845703125,-3.226389566156268,0.3661412968292832,1.3761305325388908
1789755353020700700,0.47670068359375,-4.488544759947061,0.3359291139170527,1.443808084362
1789755353030715600,0.486715576171875,-5.599073221987486,0.2721425781831145,1.5951061686798929
1789755353040731600,0.496731689453125,-5.863910153332352,0.1807125409811735,1.1949302080407738
1789755353050746600,0.50674658203125,-5.271585480940342,-0.1971501733019948,1.0123776652161032
1789755353060762600,0.5167626953125,-0.5054758255004882,0.17873831829875705,4.712242748434841
1789755353070777600,0.526777587890625,5.47118217061162,1.1521978585124015,8.070148862987756
1789755353080793600,0.536793701171875,5.104485285726189,1.061761216261983,4.935229958304762
1789755353090808600,0.54680859375,4.0314556564748285,1.2274131123639642,1.9835851156540214
1789755353100824600,0.556824462890625,3.9410909104168415,1.0653558797530829,0.9493116257764399
1789755353110839600,0.566839599609375,2.920267269220948,0.0030570494830608366,-0.6799851279273629
1789755353120855600,0.57685546875,1.7351742723226546,-1.4914118393190203,-2.328570081077516
1789755353130870500,0.58687060546875,1.5193021551549433,-2.0677112595833838,-3.3543338090240953
1789755353140886500,0.596886474609375,1.0966057351499796,-1.718513644900918,-2.438974575601518
1789755353150901500,0.606901611328125,-0.21588146951794623,-1.3042010223597287,-1.3333736330911516
1789755353160917800,0.616917724609375,-1.3813199178755282,-1.011030123064667,-0.9677670276604592
1789755353170932500,0.626932373046875,-1.6075789890229701,-1.0124999033562838,-0.06762333741784095
1789755353180948700,0.63694873046875,-0.984562825769186,-1.2788596603542566,0.5926601879566907
1789755353190963700,0.646963623046875,0.18972177686691283,-1.7972005203858017,-0.015450667110085487
1789755353200979700,0.656979736328125,0.9041302756607532,-2.159236719983816,-1.0740887829154728
1789755353210994700,0.66699462890625,0.009301496830582618,-2.048632026712596,-1.2591335078820585
1789755353221010700,0.6770107421875,-1.0618465564578772,-1.960536979152262,-0.9571522562742233
1789755353231025700,0.687025634765625,-1.3572107280135155,-2.0426190500333905,-0.620713147008419
1789755353241041700,0.697041748046875,-1.5906033043026924,-2.1459309559479354,-0.29842940434515475
1789755353251056600,0.707056640625,-2.154434288138151,-2.287623445922136,-0.1131672372356057
1789755353261072600,0.71707275390625,-2.6180478249430656,-2.388837210513651,0.07797755817174912
1789755353271087600,0.727087646484375,-2.7097090405523776,-2.4317098452955483,0.34798546241372824
1789755353281103600,0.737103515625,-2.6996435736119744,-2.401258008408546,0.6001315467506647
1789755353291118600,0.74711865234375,-2.765292980608344,-2.4313719916433096,0.9977437943816184
1789755353301134600,0.757134521484375,-2.9731811132848263,-2.670588451780379,1.5692814070716499
1789755353311149600,0.767149658203125,-3.2661201035201546,-2.9736674354970454,2.14354464533329
1789755353321165600,0.77716552734375,-3.522060027182102,-3.320572409197688,2.6062428208589554
1789755353331180500,0.7871806640625,-3.6620869220316408,-3.6760774534612892,3.0350054090350866
1789755353341196500,0.797196533203125,-3.6248154682576654,-3.866741187353432,3.458946276143193
1789755353351211500,0.80721142578125,-3.445702179166674,-3.9013048434734343,3.648336044576764
1789755353361227800,0.817227783203125,-3.2819682455152273,-3.9195127003371715,3.5649504898816344
1789755353371242800,0.82724267578125,-3.1886160080790518,-3.9661072782516475,3.2506554078847167
1789755353381258800,0.8372587890625,-3.0095652628302574,-4.171507978026568,2.7332442299187183
1789755353391273700,0.847273681640625,-2.718801278546452,-4.457716783224046,2.1418857722103595
1789755353401289700,0.857289794921875,-1.4941928483396767,-4.707802135638892,1.3276017716914414
1789755353411304700,0.8673046875,-0.18633154990673065,-4.894477968938649,0.7696504935443401
1789755353421320700,0.87732080078125,-1.1672037044644354,-5.127772053289413,0.1159849250048399
1789755353431335700,0.887335693359375,-0.9614183892861008,-5.492807142442465,-0.19196166474819182
1789755353441351700,0.8973515625,-0.9306953342422842,-5.78241494242847,-0.2151683528125286
1789755353451366700,0.90736669921875,-0.7963786337330937,-5.771296751564741,-0.8247539566069841
1789755353461382700,0.917382568359375,-0.4391317142382264,-5.459510437518358,-1.3086001341015099
1789755353471397600,0.927397705078125,-0.3617255262136459,-4.997113875287771,-1.7160522232234476
1789755353481413600,0.93741357421875,-0.8191497068591416,-4.717041965410113,-2.332902849584818
1789755353491429400,0.947429443359375,-1.2698662065595387,-4.888006434836983,-3.183958537662029
1789755353501445400,0.9574453125,-1.1439691054798662,-5.560855427274108,-4.212749212214351
1789755353511460400,0.96746044921875,-0.5945575460106134,-6.30698417545557,-5.171238270050287
1789755353521476400,0.977476318359375,0.05375964723825454,-6.735653824651241,-6.117433078980445
1789755353531491300,0.9874912109375,0.6473708523094653,-6.848353152114153,-7.149861233252286
1789755353541507300,0.99750732421875,1.2396072618961334,-6.793084853878617,-8.370653904563188
1789755353551522300,1.007522216796875,1.8034680563479661,-6.654462565129995,-9.756903095534444
1789755353561538600,1.01753857421875,2.3594664468616244,-6.412776792269945,-10.874529406881331
1789755353571553500,1.027553466796875,2.8593197563052177,-5.978174245893955,-11.611578776550292
1789755353581569500,1.037569580078125,3.1925171071708203,-5.203447179737687,-12.023884150922298
1789755353591584500,1.04758447265625,3.406170379245281,-4.221481969246268,-12.38683015884161
1789755353601600500,1.0576005859375,3.4689047755777835,-3.3777900879353284,-12.655714904272555
1789755353611615500,1.067615478515625,3.3009050011754035,-2.576330789937079,-12.552805149418115
1789755353621631500,1.077631591796875,2.9557167682647703,-1.7398428486555815,-12.295198169326781
1789755353631646500,1.087646484375,2.5361340963661667,-0.7812047377377748,-12.027879942560196
1789755353641662500,1.097662353515625,2.0457126321345567,0.4336532828271389,-11.67091008644104
1789755353651677400,1.107677490234375,1.5395061542719601,1.94221718634665,-11.118324134719371
1789755353661693400,1.117693359375,0.9123100749850273,3.307294994473457,-10.507430955457687
1789755353671708400,1.12770849609375,0.1738712602516636,4.4552094765782355,-9.842842426365614
1789755353681724400,1.137724365234375,-0.6341098041981458,5.462526570469141,-9.281959186419844
1789755353691739400,1.147739501953125,-1.5085498749941586,6.190915663820505,-8.873819699555636
1789755353701755400,1.15775537109375,-2.3482874657213686,6.602261837771534,-8.261362339717149
1789755353711770400,1.167770263671875,-3.177595432370901,6.737120390072464,-7.609899249657988
1789755353721786400,1.177786376953125,-4.1457454679995775,6.586727584031224,-7.132894316360354
1789755353731801300,1.18780126953125,-5.200487745410204,6.372755747526884,-6.55088937793076
1789755353741817600,1.197817626953125,-6.198025788086652,6.17031594338417,-5.83099689476788
1789755353751832300,1.207832275390625,-6.86411653843522,6.074012454926967,-4.930992759126425
1789755353761848600,1.2178486328125,-7.138519170504808,6.065304247814416,-3.985279596233368
1789755353771863600,1.227863525390625,-7.148322187116742,6.067544135695695,-3.11866276640892
1789755353781879600,1.237879638671875,-6.87057082914114,5.962730593046546,-2.331188446882367
1789755353791894500,1.24789453125,-6.402004638364911,5.752189315512776,-1.8090899878829716
1789755353801910500,1.25791064453125,-5.873334984281659,5.3841591361969705,-1.4561638541966675
1789755353811925500,1.267925537109375,-5.308913633337617,4.970300687164068,-1.123608308365941
1789755353821941200,1.277941162109375,-4.773507364475726,4.611151148918271,-0.8604939630299806
1789755353831956500,1.28795654296875,-4.199537848463654,4.295011900359392,-0.6164437991261482
1789755353841972200,1.29797216796875,-3.6526883945673703,4.018811278957128,-0.40382980697154996
1789755353851987500,1.307987548828125,-3.171267398393154,3.737068805518746,-0.1868254709035158
1789755353862003200,1.318003173828125,-2.729256621587276,3.454714337661862,0.16243804862201214
1789755353872018400,1.328018310546875,-2.215480439122766,3.2627503348261118,0.5671271027714013
1789755353882034200,1.3380341796875,-1.6458387231819331,3.123029144924879,0.9091998340100049
1789755353892049400,1.34804931640625,-1.180576396256685,2.998004588896036,1.10854108761549
1789755353902065200,1.358065185546875,-0.6788169609308242,2.8765105450809,1.1476643067359924
1789755353912080400,1.368080322265625,-0.21738778242766857,2.741967634600401,1.0584159974873066
1789755353922096000,1.37809619140625,0.17852343343906105,2.5895693339556454,0.9526689733803272
1789755353932111400,1.388111328125,0.5176491514403373,2.449770402643084,0.9785971953630447
1789755353942127400,1.39812744140625,0.8358915097583085,2.327445460961759,0.9291659327179193
1789755353952142300,1.408142333984375,1.0772843640863894,2.2762451428174972,0.8902695080906152
1789755353962158300,1.418158447265625,1.35654963375628,2.2618241110160944,1.027467316994071
1789755353972173600,1.428173583984375,1.5899030470788478,2.173639631606638,0.8968862958818673
1789755353982189300,1.438189208984375,1.7674240985423326,1.9131985971331595,0.46547056284844873
1789755353992204500,1.44820458984375,1.9031278694957494,1.539870311409235,0.08348784602582454
1789755354002220300,1.45822021484375,1.9558704486459493,1.2222805717810987,-0.2072165170252323
1789755354012235500,1.468235595703125,1.994855136078596,0.9891212197259068,-0.529445314630866
1789755354022251300,1.478251220703125,1.908331867879629,0.8251005780875682,-0.8345569732189178
1789755354032266500,1.4882666015625,1.7265724481940268,0.6312967926040292,-1.0619944404959678
1789755354042282200,1.4982822265625,1.551267319214344,0.4501137115016579,-1.303924543505907
1789755354052298200,1.50829833984375,1.446329273402691,0.3683095807790756,-1.7643436681836842
1789755354062313200,1.518313232421875,1.264537120491266,0.45565380997210736,-2.2206091803133488
1789755354072329200,1.5283291015625,0.9813187292814254,0.4612430082812905,-2.523766782224178
1789755354082344200,1.53834423828125,0.6996282782912254,0.24442104304283857,-2.8719623802572487
1789755354092360200,1.548360107421875,0.4221627880522981,-0.07773410480469464,-3.2805273990571497
1789755354102375200,1.558375244140625,0.09464110820293425,-0.41340982848256824,-3.843860954764485
1789755354112391400,1.568391357421875,-0.17646715849637984,-0.8324836740761995,-4.6049961334198715
1789755354122406100,1.57840625,-0.4471358647346496,-1.3483464535564182,-5.347485648316145
1789755354132422400,1.58842236328125,-0.7575041286766528,-1.8422075368478894,-5.781424177825451
1789755354142437400,1.598437255859375,-0.9738484664659947,-2.1008707479938864,-5.862815928354859
1789755354152453400,1.608453369140625,-1.0288754302263259,-1.8008099430546163,-5.572179369843006
1789755354162468400,1.61846826171875,-0.939225042982772,-0.9253837838307023,-4.99821686809361
1789755354172484400,1.628484375,-0.6064519819438458,0.21638795773535965,-4.216033640712499
1789755354182499300,1.638499267578125,-0.182990386252664,1.2688874246552586,-3.5279023234695193
1789755354192515300,1.648515380859375,0.12366375253703445,1.9179519291400908,-3.0835587198019025
1789755354202530300,1.6585302734375,0.3063163582026958,1.922833417571336,-2.8927018014252184
1789755354212546300,1.66854638671875,0.3684801881056279,1.460113906996697,-2.8779788640677926
1789755354222561300,1.678561279296875,0.3371696885626763,0.8494220955260098,-3.007814035248756
1789755354232577300,1.688577392578125,0.25613398492932316,0.13497823315784335,-3.112935620933771
1789755354242592300,1.69859228515625,0.21992753003835677,-0.6466374234683812,-2.920362546288967
1789755354252608300,1.708608154296875,0.2366086157262325,-1.4660532339178025,-2.5022604683369396
1789755354262623200,1.718623291015625,0.26114107250161467,-2.2898468210600313,-1.8720920952409505
1789755354272639200,1.72863916015625,0.35709384782500564,-2.9179440869703885,-1.108160563865304
1789755354282654200,1.738654296875,0.49845695971436793,-3.293971110258996,-0.10440379280447959
1789755354292670200,1.748670166015625,0.7025719305276871,-3.378674177293479,1.071304120633006
1789755354302685200,1.758685302734375,0.9965409213978796,-3.2591043795391914,2.2284634009450675
1789755354312701400,1.768701416015625,1.317220078408718,-3.002844722403586,3.2283564823150632
1789755354322716400,1.77871630859375,1.609624815636873,-2.684161634580791,3.9009529612958427
1789755354332732400,1.788732421875,1.8462182337939739,-2.404024258251488,4.179101209634542
1789755354342747400,1.798747314453125,1.972512371367216,-2.1941201095774767,4.063557014134526
1789755354352763400,1.808763427734375,1.9897627813756464,-2.1335572120651602,3.766223003810644
1789755354362778400,1.8187783203125,1.8334195424973965,-2.201013522353023,3.4382518631607293
1789755354372794400,1.82879443359375,1.645556545239687,-2.2642475387707353,3.176680071091652
1789755354382809300,1.838809326171875,1.5106301883995532,-2.353239681301266,2.9570184985131025
1789755354392825300,1.848825439453125,1.410190623050928,-2.448762833035737,2.8024726644456384
1789755354402840300,1.85884033203125,1.2804431301534176,-2.5751585312873124,2.8179870444416997
1789755354412856300,1.868856201171875,1.0650888993799685,-2.7161402426436543,2.9361376230478284
1789755354422871300,1.878871337890625,0.8330605971813202,-2.850304675200581,3.1211329559147356
1789755354432887300,1.88888720703125,0.6610872429728507,-2.988174099755287,3.330205329939723
1789755354442902300,1.89890234375,0.5399333543648943,-3.098661011865735,3.4587867016673086
1789755354452918300,1.908918212890625,0.4342366722056642,-3.194462396019697,3.5305478695422408
1789755354462933200,1.918933349609375,0.40827918759584425,-3.3070103323131796,3.597189794707298
1789755354472949200,1.92894921875,0.43745384415388106,-3.3901568175554275,3.672168755584955
1789755354482964200,1.938964111328125,0.5340040008485317,-3.4163001435935496,3.727130764350295
1789755354492980000,1.94897998046875,0.7153717908680438,-3.4061244942769404,3.7260476452887055
1789755354502995000,1.958994873046875,0.937587139582634,-3.425022086970508,3.641830900466442
1789755354513011200,1.96901123046875,1.1115022755086421,-3.4696094167158007,3.3527152679115533
1789755354523026000,1.97902587890625,1.2113001088876276,-3.570110064601898,2.8859055654138324
1789755354533042200,1.989042236328125,1.2745745303809641,-3.764331783236563,2.423187516143918
1789755354543057200,1.99905712890625,1.2966308793663979,-3.924246450860798,1.9360270995348692
1789755354553073200,2.0090732421875,1.3745898789681494,-4.082693676280975,1.536878728377819
1789755354563088100,2.019088134765625,1.4869570518672466,-4.167891541095078,1.2589958529770373
1789755354573104000,2.029104248046875,1.578005688536167,-4.1725823292598125,1.062303652575612
1789755354583119000,2.039119140625,1.7129330682896076,-4.106125989794731,0.8083616247326135
1789755354593135000,2.049135009765625,1.8281915787160397,-4.064139197936654,0.3834171335399151
1789755354603150000,2.059150146484375,1.8993327149964867,-4.106077182216942,-0.15346622213721275
1789755354613166000,2.069166015625,1.8625041826844215,-4.185309416624904,-0.6989724447309971
1789755354623181000,2.07918115234375,1.7763234443128109,-4.234843262861669,-1.1753051778554915
1789755354633197000,2.089197021484375,1.7479931296244262,-4.213771833260357,-1.5558657529205082
1789755354643213000,2.099213134765625,1.7626292654812334,-4.139724015752971,-1.864489219021797
1789755354653228000,2.10922802734375,1.7261058535955844,-3.9508033261358735,-2.0677251419782636
1789755354663244000,2.119244140625,1.7101039823435247,-3.673634736484289,-2.0431161859005686
1789755354673259000,2.129259033203125,1.7833774544775485,-3.314288798883557,-2.050522078242898
1789755354683275300,2.139275146484375,1.876813278543949,-2.891997452548146,-2.2454180428773163
1789755354693290000,2.1492900390625,1.885186116222292,-2.51877408850342,-2.4239468100786206
1789755354703306200,2.15930615234375,1.8705403357543051,-2.232145596589148,-2.524170102328062
1789755354713321200,2.1693212890625,1.882549776369333,-2.0168053943410515,-2.6967992900967594
1789755354723337200,2.179337158203125,1.835284021195024,-1.8390794679552316,-3.00444952725172
1789755354733352200,2.189352294921875,1.6161938187636433,-1.6771493688553571,-3.3940988331794735
1789755354743368200,2.1993681640625,1.3099066866554319,-1.5068673287346959,-3.7941649037033316
1789755354753383200,2.209383056640625,1.0055625053085386,-1.2081719669297337,-4.055651355576515
1789755354763399200,2.219399169921875,0.6475308651767671,-0.7295356330379843,-4.091401883393526
1789755354773414100,2.2294140625,0.14110709130167962,-0.0850733616515994,-3.9359669915318487
1789755354783430100,2.23943017578125,-0.40144378861784935,0.7268819036588072,-3.6334558708310123
1789755354793445000,2.249445068359375,-0.9416833959203212,1.4838719453334808,-3.323509631693363
1789755354803461000,2.259461181640625,-1.4576573076248167,2.306230531236529,-2.8497715912371873
1789755354813476000,2.26947607421875,-1.9561387441933153,3.0478938244417306,-2.1776789701253176
1789755354823492000,2.2794921875,-2.4068425305426118,3.4908246387019752,-1.5616057578772307
1789755354833507000,2.289507080078125,-2.757142991900444,3.653503510342538,-0.9956348394036293
1789755354843523000,2.299523193359375,-3.0678666451513767,3.7474542981937526,-0.36327626278698444
1789755354853538000,2.3095380859375,-3.542455749478936,3.7912671364352106,0.3053711863070726
1789755354863554000,2.319553955078125,-3.854435540270805,3.790261466524005,0.9474743273466825
1789755354873569000,2.329569091796875,-3.924873350587487,3.7907133019447325,1.4138450539052485
1789755354883585300,2.339585205078125,-3.9178824687868357,3.7369600844472646,1.723034337195754
1789755354893600000,2.34960009765625,-3.769165487003326,3.559608252070844,1.8896599006354808
1789755354903616300,2.3596162109375,-3.5784546990990638,3.3496450666859743,1.9446072963535785
1789755354913631200,2.36963134765625,-3.360098948422074,3.0611972503900526,2.0124919150561094
1789755354923647200,2.379647216796875,-2.9661586673021314,2.8120889263138173,2.08919813811779
1789755354933662200,2.389662109375,-2.500346159148216,2.585295309898257,2.0643898600757122
1789755354943678200,2.39967822265625,-2.07256264513731,2.3514713564544913,2.093205620193481
1789755354953693200,2.409693115234375,-1.6408710177719592,2.054618992167711,2.144723041462898
1789755354963709200,2.419709228515625,-1.1777695221424103,1.8002526014328002,2.1436790853679177
1789755354973724200,2.42972412109375,-0.7475292626291513,1.62290924462378,2.161594681286812
1789755354983740200,2.439740234375,-0.376039298248291,1.490781286330521,2.206872915905714
1789755354993755100,2.449755126953125,-0.07632979096472263,1.4179913599297402,2.2420085266947747
1789755355003771100,2.459771240234375,0.19270225398242471,1.4486457336515188,2.2184265755772588
1789755355013786000,2.4697861328125,0.4394739518046379,1.510399302253127,2.1269079833090303
1789755355023802000,2.479802001953125,0.6757055509120226,1.6123025104135273,1.988870216450095
1789755355033817000,2.489817138671875,0.9305062414109706,1.7090663098588585,1.7651695976138113
1789755355043833000,2.4998330078125,1.1025590905964373,1.7877327270776033,1.4581085585236548
1789755355053848000,2.50984814453125,1.1987117724061012,1.879689126241207,0.9825637609064578
1789755355063864000,2.519864013671875,1.225120471382141,1.951210055619478,0.48960254906415934
1789755355073879000,2.529879150390625,1.2101473586559295,1.9344322315588591,0.06702654056847095
1789755355083895300,2.539895263671875,1.0917723236441612,1.887363314130902,-0.3328682650417089
1789755355093910300,2.54991015625,0.9189081580758094,1.8646029085293412,-0.5770119524478912
1789755355103926300,2.55992626953125,0.7868073800504207,1.9321064189597963,-0.7418763514339923
1789755355113942300,2.5699423828125,0.690022245556116,2.12778535066545,-1.0638052893102168
1789755355123957200,2.579957275390625,0.6080313600897789,2.2524670846059918,-1.675267792892456
1789755355133973200,2.58997314453125,0.4353133249938488,2.2912144561514256,-2.4326164387464524
1789755355143988200,2.59998828125,0.25337737969756124,2.3310528378039597,-3.085716190096736
1789755355154004200,2.610004150390625,0.060509687754046165,2.3187959982991218,-3.716132400473952
1789755355164019200,2.620019287109375,-0.05024551990376785,2.3543945504248143,-4.441935568985342
1789755355174035200,2.63003515625,-0.1347264686201699,2.403967851889133,-5.226583725175261
1789755355184050200,2.64005029296875,-0.38242812250256536,2.317832706224918,-6.152391579636931
1789755355194066000,2.65006591796875,-0.7697346646964549,2.1130422473028303,-7.175060556438565
1789755355204081200,2.6600810546875,-1.3011059789538382,1.8082193425282835,-8.165936803138255
1789755355214097000,2.670096923828125,-1.8582967941224573,1.617704077196121,-8.87800721437335
1789755355224112000,2.680112060546875,-2.3401322163164613,1.587476112192869,-9.09093684834838
1789755355234128000,2.6901279296875,-2.735592838871479,1.748821397142112,-8.712879196015
1789755355244143000,2.70014306640625,-2.8941549228429793,2.113128756542504,-7.86885179913938
1789755355254159000,2.7101591796875,-2.687984700000286,2.5393206174477934,-6.734154526004195
1789755355264174300,2.72017431640625,-2.165042191392183,2.789446886394918,-5.622288677880167
1789755355274190000,2.730190185546875,-1.611931923535466,2.72439135363847,-4.691476731520891
1789755355284205300,2.740205322265625,-1.122205455830693,2.450621758775413,-3.8984751730054614
1789755355294221000,2.750220947265625,-0.6375017847239971,2.0118869349002835,-3.381580127868056
1789755355304236300,2.760236328125,-0.17924365573870016,1.360842947036028,-3.1838924866884946
1789755355314252000,2.770251953125,0.13471706147100776,0.5550362674832344,-3.214875069451332
1789755355324267300,2.780267333984375,0.3696306002497673,-0.26953385698944327,-3.1682951045840975
1789755355334283000,2.790282958984375,0.5675847834110259,-0.961632324297726,-2.857653868919611
1789755355344298200,2.80029833984375,0.7801566899895668,-1.4389035073161125,-2.2666449553012846
1789755355354314000,2.81031396484375,0.9645124828439205,-1.673771709115803,-1.4225906704187392
1789755355364329200,2.8203291015625,1.1297931344807148,-1.701539275354892,-0.47345980803668497
1789755355374345000,2.830344970703125,1.330224521410465,-1.5862205591738223,0.4306295510917902
1789755355384360200,2.840360107421875,1.4725485872864723,-1.4703361719340085,1.2075099958896636
1789755355394376000,2.8503759765625,1.5221312411010264,-1.3599074197515844,1.859002312043309
1789755355404391200,2.86039111328125,1.5152771374225615,-1.2897950419969857,2.3368699996501205
1789755355414407000,2.870406982421875,1.4815899718761443,-1.2811075854115188,2.553487966749072
1789755355424422100,2.880422119140625,1.34664607937932,-1.3076765895158051,2.4404414332836866
1789755355434438000,2.89043798828125,1.1338754353582858,-1.3668950866818428,2.3334844488650557
1789755355444453000,2.900453125,0.9726607910513877,-1.4865113539263606,2.423250644508004
1789755355454469000,2.91046923828125,0.8595814512949437,-1.633699664837867,2.4922844332456586
1789755355464484000,2.920484130859375,0.7730698735337704,-1.8276650706239044,2.565655374404788
1789755355474500000,2.9305,0.6703437316179275,-2.089925575609505,2.6250486436158416
1789755355484516000,2.94051611328125,0.6214391231954097,-2.3460136755704877,2.7680805655002594
1789755355494531000,2.950531005859375,0.736427438378334,-2.4809692585051057,3.0161165841698643
1789755355504547000,2.960547119140625,0.8631517840623855,-2.485843586543202,3.280921951332688
1789755355514562000,2.97056201171875,0.9646855013232678,-2.459670742149651,3.5176480559587477
1789755355524578000,2.980578125,1.055166055780649,-2.516088502681255,3.6659231391936538
1789755355534593000,2.990593017578125,1.1409585985522717,-2.6344205753341314,3.743348908701539
1789755355544609000,3.000609130859375,1.2288625805199145,-2.731191096781194,3.7392631006926296
1789755355554624000,3.0106240234375,1.3298551035761832,-2.817908133986592,3.6452187893390655
1789755355564640000,3.020639892578125,1.427965933716297,-2.9345024230614305,3.508000522169471
1789755355574655000,3.030655029296875,1.4946096124470234,-3.0820798794209954,3.279159617835283
1789755355584671200,3.040671142578125,1.5284183585464954,-3.310135770857334,3.0085955410152674
1789755355594686000,3.05068603515625,1.5823872646212578,-3.577116728493571,2.6674931161135436
1789755355604702200,3.0607021484375,1.5752748022675513,-3.9052027276948094,2.2953134159028528
1789755355614717200,3.07071728515625,1.4670936828814447,-4.289526746946573,1.9416455239385366
1789755355624733200,3.080733154296875,1.3127658754788338,-4.593505017590522,1.7585931418329477
1789755355634748200,3.090748046875,1.2853718187272547,-4.714408694297075,1.6403402718961237
1789755355644764200,3.10076416015625,1.4054783537067472,-4.746292025291919,1.3531167366981505
1789755355654779100,3.110779052734375,1.5010672641538083,-4.853320905902981,0.8028419845283031
1789755355664795100,3.120795166015625,1.4395733694016932,-5.13283167476654,0.16940905667841433
1789755355674810000,3.13081005859375,1.2635948712050915,-5.44329930742979,-0.404808881136775
1789755355684826000,3.140826171875,1.1442298022426665,-5.736439373195171,-0.9227741858541965
1789755355694841000,3.150841064453125,1.1555017223633826,-6.111559803032875,-1.4508826989233492
1789755355704857000,3.160857177734375,1.2371639603972435,-6.418524980533123,-1.9192787938296794
1789755355714872000,3.1708720703125,1.4161607835017145,-6.5437617180079215,-2.063476252362132
1789755355724888000,3.18088818359375,1.7319545796237885,-6.349641413921117,-1.797770721489191
1789755355734903000,3.190903076171875,2.1460029982708395,-5.761721698489785,-1.3145002980560063
1789755355744919000,3.2009189453125,2.5882126586496828,-5.016849087849259,-0.7039011333048343
1789755355754934000,3.21093408203125,2.9830630403518676,-4.355106888099015,-0.4952332484275102
1789755355764950000,3.220949951171875,3.283191942091286,-3.6744229642525315,-0.6386123763144016
1789755355774965000,3.230965087890625,3.427127827078104,-2.9996985333323476,-0.9916226811528205
1789755355784981200,3.240981201171875,3.29110140004158,-2.481722707220912,-1.6385954740554094
1789755355794996200,3.250996337890625,2.834355995440483,-2.0679346930757165,-2.342212529721856
1789755355805012200,3.26101220703125,2.127858415901661,-1.6609326858088374,-2.8767034373044966
1789755355815028200,3.2710283203125,1.3384848386250436,-1.2069852413631974,-3.286106660494208
1789755355825043200,3.281043212890625,0.5528418992441148,-0.712005237044394,-3.3497102408766746
1789755355835059200,3.29105908203125,-0.19655593373589217,-0.12910276525318623,-3.0941099244326353
1789755355845074200,3.30107421875,-0.9234357915680855,0.40223815386593337,-2.6673107452839613
1789755355855090200,3.311090087890625,-1.4219500344276428,0.842281429991126,-2.1058283704012632
1789755355865105200,3.321105224609375,-1.7601415403187275,1.2025704936608672,-1.5454197622299193
1789755355875121200,3.33112109375,-2.0055939722359177,1.5269862799167633,-1.019881976431608
1789755355885136100,3.34113623046875,-2.2470716553032397,1.7616674347117542,-0.554887798923254
1789755355895152000,3.351152099609375,-2.5260931793451307,1.9224898648306725,-0.042186113822460174
1789755355905167000,3.3611669921875,-2.7315900329709053,2.07594731913954,0.4544523252278566
1789755355915183000,3.37118310546875,-2.847220737710595,2.200168157570064,0.8791793742775916
1789755355925198000,3.381197998046875,-2.8702023848474023,2.293431547679007,1.2160282333880663
1789755355935214000,3.391214111328125,-2.8039614416986702,2.35089560239315,1.595660003170371
1789755355945229000,3.40122900390625,-2.633224351286888,2.370174595619738,1.8589198944568632
1789755355955245300,3.411245361328125,-2.3764064757466317,2.338784893360734,1.9768080227345226
1789755355965260000,3.421260009765625,-2.059664585119486,2.263309965659678,1.9851614250600338
1789755355975276300,3.4312763671875,-1.7076526436686514,2.1860911169007418,1.9450000950634478
1789755355985291300,3.441291259765625,-1.403636963623762,2.1043837245509027,1.9277274732232093
1789755355995307300,3.451307373046875,-1.143172256013751,2.065887697418034,1.9242139121443032
1789755356005322200,3.461322265625,-0.8864438123226165,2.037347831632197,1.9355951378583907
1789755356015338200,3.471338134765625,-0.6845563813656568,2.069871798618138,1.9499118325024842
1789755356025353200,3.481353271484375,-0.536036383458972,2.1162959884017707,1.9320804077357052
1789755356035369200,3.491369140625,-0.4762678146621212,2.226391563107073,1.832851387220621
1789755356045384200,3.50138427734375,-0.5633230708459391,2.3219611843317747,1.727956011506915
1789755356055400200,3.511400146484375,-0.7129653142482042,2.354046175378561,1.595522056004405
1789755356065415200,3.521415283203125,-0.8349655540198088,2.4358742714986206,1.3684955076158045
1789755356075431200,3.53143115234375,-0.8915911120831966,2.519147305729985,1.0626198789179324
1789755356085446100,3.541446044921875,-0.8751209657322615,2.592560040204227,0.7655874818891286
1789755356095462100,3.551462158203125,-0.802206024712324,2.6037322993427514,0.4122399079203605
1789755356105478100,3.56147802734375,-0.6879957812298089,2.577282976095378,0.08750175784230231
1789755356115493000,3.5714931640625,-0.5532464979896321,2.5491487685009835,-0.21887831324636936
1789755356125509400,3.58150927734375,-0.44440267691109325,2.513582072818279,-0.5516700059205293
1789755356135524000,3.591524169921875,-0.3704676355957985,2.483240126046538,-1.02368312228024
1789755356145540400,3.601540283203125,-0.336717305152677,2.4571821402043104,-1.5492723460048436
1789755356155555300,3.611555419921875,-0.4227028132131323,2.4088369192302226,-2.0132021091520786
1789755356165571300,3.6215712890625,-0.6050520885506645,2.302216911680996,-2.6870214079260824
1789755356175586300,3.63158642578125,-0.67293141002357,2.249284655177593,-3.5344431234151124
1789755356185602300,3.641602294921875,-0.7615420058906078,2.23999280295819,-4.2237721260100605
1789755356195617300,3.6516171875,-0.8647685716092586,2.204996892900765,-4.675967027699947
1789755356205633300,3.66163330078125,-0.882584214285016,2.2364780728355047,-5.149962842309475
1789755356215648300,3.671648193359375,-0.8543138130903244,2.2432880451112984,-5.743973860353231
1789755356225664300,3.681664306640625,-0.8316548220366239,2.2076272414043543,-6.472426666590571
1789755356235679200,3.69167919921875,-0.8572551272392273,2.1846277663499114,-7.209898645585775
1789755356245695200,3.7016953125,-0.9075187490552663,2.311430730228126,-7.68951288459897
1789755356255710200,3.711710205078125,-0.9810533563435077,2.687264861293137,-7.7449606310546395
1789755356265726200,3.721726318359375,-1.0629466266542673,3.259338480556011,-7.220395489680767
1789755356275741200,3.7317412109375,-1.054556399449706,3.840616273754835,-6.392109851816296
1789755356285757200,3.741757080078125,-0.9081588005244732,4.17317415767312,-5.824139283958077
1789755356295772200,3.751772216796875,-0.6469084954947233,4.1516427093446255,-5.49798249925375
1789755356305788200,3.7617880859375,-0.5187216760426759,3.8228921087548136,-5.248865699610114
1789755356315803100,3.77180322265625,-0.5130658057054505,3.26377909335196,-5.118026904344559
1789755356325819100,3.781819091796875,-0.5100801044255495,2.528605162166059,-4.966670806229114
1789755356335834400,3.79183447265625,-0.4774269581019878,1.7814380108475685,-4.814391163527965
1789755356345850000,3.80185009765625,-0.32460604813098903,0.9712737206071614,-4.606262792354822
1789755356355866000,3.8118662109375,-0.06799159534149803,0.20210341179519892,-4.392065914922952
1789755356365881000,3.821881103515625,0.18223171337246893,-0.4625444462686777,-4.130444438493251
1789755356375897000,3.83189697265625,0.4257482087910175,-0.9403314698547124,-3.5958576693207025
1789755356385912000,3.841912109375,0.6535434034645557,-1.2013240007311106,-2.773588515266776
1789755356395928000,3.851927978515625,0.8748129957616329,-1.315667442139238,-1.8634528617113828
1789755356405943000,3.861943115234375,1.1189818176090716,-1.2994699021846055,-0.959325508660078
1789755356415959000,3.871958984375,1.413523566865921,-1.2549066839672625,-0.11989128479361534
1789755356425974000,3.88197412109375,1.6547814697027206,-1.2216039876937865,0.5248918891102076
1789755356435990000,3.891989990234375,1.7813339659512042,-1.250100306598842,0.9206342512160539
1789755356446005000,3.9020048828125,1.8238626096010206,-1.3502730377048253,1.1269009201705456
1789755356456021000,3.91202099609375,1.8250491890370846,-1.453245482531935,1.3016127594321965
1789755356466036000,3.922035888671875,1.7203215711057185,-1.6706702359691261,1.3763298545032738
1789755356476052000,3.932052001953125,1.547680692899227,-2.044221809054911,1.3651830220669507
1789755356486067000,3.94206689453125,1.297734456694126,-2.416081775791943,1.3683727580189704
1789755356496083000,3.9520830078125,1.0748445697188376,-2.8328382843539117,1.4873726469308137
1789755356506098000,3.962097900390625,0.9427356083869933,-3.221486596545577,1.708392063859105
1789755356516114000,3.972114013671875,0.8732944078922271,-3.5564629397824405,1.990131030166149
1789755356526129000,3.98212890625,0.9036509677112102,-3.8385397597417232,2.418479776844382
1789755356536145000,3.992144775390625,0.9965116222381591,-3.9880326943337914,2.940532643136382
1789755356546159900,4.002159912109375,1.093525889313221,-4.078317945414781,3.4863346338063477
1789755356556176000,4.01217578125,1.2067068628132342,-4.132991200366616,3.9883407373696564
1789755356566190800,4.02219091796875,1.3310498663187027,-4.155232258269191,4.423434866654873
1789755356576206800,4.032206787109375,1.4155939433991909,-4.190872019188106,4.704335044050216
1789755356586221800,4.042221923828125,1.442294903320074,-4.249603901880979,4.824835400652885
1789755356596237800,4.05223779296875,1.39256261190176,-4.357174049761891,4.803928221702575
1789755356606253800,4.06225390625,1.3554723599135874,-4.4619624579697845,4.69470563043952
1789755356616268800,4.072268798828125,1.3142951308727264,-4.571198493236303,4.530511093538999
1789755356626285000,4.08228515625,1.275792673999071,-4.674893845510483,4.2995168105632064
1789755356636300000,4.092300048828125,1.26053899076581,-4.7919145433038475,4.036231200313568
1789755356646316000,4.10231591796875,1.2460779192149638,-4.915714525973796,3.7050218083947897
1789755356656331000,4.1123310546875,1.2458639842033385,-5.0239709025532004,3.447797105619311
1789755356666347000,4.122346923828125,1.2482722143888472,-5.037727040705085,3.2587147956997153
1789755356676362000,4.132362060546875,1.2813421248197554,-4.947924604704975,2.942726353788376
1789755356686378000,4.1423779296875,1.2924632382929324,-4.8121270179882645,2.4658055916428565
1789755356696393000,4.15239306640625,1.3123907585561274,-4.7664697209239,1.8207909470707178
1789755356706409000,4.162408935546875,1.250091246509552,-4.893037999263406,1.1089297946721315
1789755356716424000,4.172423828125,1.1206840184170752,-5.0898056029886005,0.39202129575610156
1789755356726440000,4.18243994140625,0.9856301627397537,-5.349157380920648,-0.4196276800841093
1789755356736455000,4.192454833984375,0.9182769475001841,-5.632406751790643,-1.3548586119294166
1789755356746471000,4.202470947265625,0.988884926752001,-5.929697507494688,-2.1535516600847244
1789755356756486000,4.21248583984375,1.1582173379976302,-6.156632285946607,-2.7196844911217686
1789755356766502000,4.222501953125,1.4314800793170928,-6.21714666814208,-2.994804331550002
1789755356776516900,4.232516845703125,1.7230803682945668,-6.009900340500474,-2.970437952056527
1789755356786532900,4.242532958984375,2.119526787016541,-5.490548549860716,-2.9197599042207
1789755356796547800,4.2525478515625,2.547349902385473,-4.678609358902276,-2.8846313076943155
1789755356806564000,4.262564208984375,2.915784570848942,-3.7393507789760827,-3.0021260527402163
1789755356816580000,4.272580078125,3.0938591645419597,-2.836414973796904,-3.246033593302965
1789755356826595000,4.282594970703125,2.98012990950942,-2.0550668820656837,-3.677302611342072
1789755356836611000,4.292611083984375,2.5689818884789943,-1.4177828317455947,-4.375847770571708
1789755356846626000,4.3026259765625,1.9802035103917122,-0.9077160251930355,-5.069242122909427
1789755356856642000,4.31264208984375,1.2636707129202782,-0.4459595144316554,-5.55674799195528
1789755356866657000,4.322656982421875,0.3986182828683406,-0.040382571531832216,-5.594996766328811
1789755356876673000,4.332673095703125,-0.4130395338654518,0.31052316224277016,-5.110438056650757
1789755356886688000,4.34268798828125,-0.9790144709270447,0.6663549542427063,-4.340382489436864
1789755356896704000,4.3527041015625,-1.3090753503978252,1.0198229397207499,-3.4620185231953857
1789755356906719000,4.362718994140625,-1.4972048896372316,1.3561600499168038,-2.631806885704398
1789755356916735000,4.37273486328125,-1.7071277430117129,1.6782856794089078,-1.8650462683826683
1789755356926750000,4.38275,-1.9985820476472376,1.9356883690997957,-1.1782727954894303
1789755356936766000,4.392765869140625,-2.316044653764367,2.1796756969004867,-0.6073685122668743
1789755356946781000,4.402781005859375,-2.554180040666461,2.428538229522109,-0.11252338637411594
1789755356956797000,4.412796875,-2.7644395786494016,2.6222777175977825,0.3311567849487066
1789755356966812000,4.42281201171875,-2.9422680886268613,2.7899045670345424,0.6798685158103704
1789755356976828200,4.432828125,-3.012633418229222,2.949814850744605,0.9953244582802057
1789755356986843000,4.4428427734375,-3.011128274363279,3.0746961989104746,1.2776590523928404
1789755356996859100,4.452859130859375,-2.86602889855504,3.1690377396449443,1.534344241464138
1789755357006874000,4.4628740234375,-2.6315163783252236,3.193123840892315,1.72085991576612
1789755357016890000,4.47289013671875,-2.3707260920226574,3.164702048528194,1.868373951500654
1789755357026905000,4.482905029296875,-2.1390800671398638,3.05093509183377,1.9874574270427225
1789755357036921000,4.492921142578125,-1.896861794838309,2.8916160520151255,2.1080062989622355
1789755357046937000,4.50293701171875,-1.7225521066367626,2.7196254544109104,2.2531045057266947
1789755357056952000,4.5129521484375,-1.5721809279054402,2.5745234482541677,2.365101237878203
1789755357066968000,4.522968017578125,-1.394794900998473,2.440962826809287,2.4821447320252656
1789755357076983000,4.532983154296875,-1.1960464256543666,2.334342526999116,2.6357594227224586
1789755357086999000,4.5429990234375,-0.9309166488427668,2.3329706541240216,2.776402403643727
1789755357097014000,4.553013916015625,-0.6831324860423803,2.4091858787983655,2.7799469443827864
1789755357107030000,4.563030029296875,-0.4697148493546992,2.539835873493552,2.6696973481595516
1789755357117045000,4.573044921875,-0.30401399954445657,2.665884219612181,2.4927380222320554
1789755357127061000,4.58306103515625,-0.22071787669844925,2.77233120868206,2.0709674849003554
1789755357137076000,4.593075927734375,-0.23319624999947844,2.83926597931385,1.5430132856100798
1789755357147092000,4.603092041015625,-0.2868331476408988,2.7816180924654006,1.1134504869669675
1789755357157107000,4.61310693359375,-0.30409342145621776,2.6295757656514644,0.6475806956678628
1789755357167123200,4.623123291015625,-0.3163163586914539,2.37305190462172,0.08808043451309204
1789755357177138200,4.63313818359375,-0.31340492822416127,2.1223793999686835,-0.5114560689538717
1789755357187154200,4.643154296875,-0.3320101138424128,1.9037503853082656,-1.1111609147250652
1789755357197169200,4.653169189453125,-0.3555103780258447,1.7662100465774535,-1.711084956204891
1789755357207185200,4.66318505859375,-0.3413694783400744,1.7199650127530097,-2.232371514299512
1789755357217200000,4.6732001953125,-0.28375556682646275,1.7495748458579181,-2.7843127383768556
1789755357227216100,4.683216064453125,-0.13900390847735106,1.8828622033193707,-3.3602117611467834
1789755357237231000,4.693231201171875,0.01310205815732479,2.0592899065881967,-4.102748622316122
1789755357247247000,4.7032470703125,0.12909633551239966,2.193216730996966,-4.815100188580155
1789755357257262800,4.713262939453125,0.18503741844296454,2.275262561520934,-5.400863018238544
1789755357267278000,4.723278076171875,0.18195757260620593,2.382243511337042,-5.977128536233305
1789755357277293800,4.7332939453125,0.13562953667342662,2.4755758750289676,-6.674125881499052
1789755357287309000,4.74330908203125,0.023047113588452336,2.494158410423994,-7.500750308153033
1789755357297324800,4.75332470703125,-0.16863748778402804,2.420043372899294,-8.242341412904858
1789755357307340000,4.763340087890625,-0.43323648218717425,2.3743612336546183,-8.841236695858836
1789755357317355800,4.773355712890625,-0.812896345552802,2.4705612617373465,-9.11530907306075
1789755357327371000,4.78337109375,-1.2876742504507301,2.710323373058438,-8.88477656237781
1789755357337387000,4.793386962890625,-1.6987381003290414,3.005764701503515,-8.21108176676631
1789755357347402000,4.803402099609375,-1.701653695514798,3.2567028713554143,-7.410987619641423
1789755357357418000,4.81341796875,-1.2514303861588238,3.2861949232995507,-6.739611037844419
1789755357367433000,4.823432861328125,-0.8024871797412634,3.0248858738198874,-6.147295717802644
1789755357377449000,4.833448974609375,-0.4372329314121976,2.505885380835831,-5.645758400794864
1789755357387464000,4.8434638671875,-0.1687269561657682,1.8662080056384205,-5.263721907958388
1789755357397480000,4.85347998046875,-0.012117175305821001,1.1472937198579312,-4.932241882404685
1789755357407495000,4.863494873046875,0.007370236507058143,0.3443202179044485,-4.5657326290458435
1789755357417511000,4.873510986328125,-0.005261281529068946,-0.41314504006654024,-4.075570108011365
1789755357427526000,4.88352587890625,0.09753799868822097,-1.0982605166196822,-3.4982898600161074
1789755357437542000,4.8935419921875,0.3272130157589912,-1.6252596071422099,-2.849107574370503
1789755357447558000,4.903557861328125,0.6223907248318195,-1.9322922969207166,-2.0276023904263973
1789755357457572900,4.91357275390625,0.9067641312956809,-2.0633339212819934,-1.0925590901076794
1789755357467588900,4.9235888671875,1.1814485029160975,-2.0272233279809355,-0.12032733812332153
1789755357477603800,4.933603759765625,1.504871478742361,-1.8900915700510144,0.8045265766143799
1789755357487619800,4.943619873046875,1.7859142794787883,-1.7541300249442457,1.5553075345158576
1789755357497634000,4.953634033203125,2.019807206505537,-1.6548147874504326,2.12099671343863
1789755357507650300,4.963650390625,2.149080067628622,-1.6119295854479074,2.4877491279035806
1789755357517665300,4.973665283203125,2.155113502573967,-1.6124302284464238,2.624713712573051
1789755357527681300,4.983681396484375,2.0405413669764996,-1.683443062172085,2.6270120526432987
1789755357537696300,4.9936962890625,1.811422814744711,-1.8570383184939623,2.675578222891688
1789755357547712300,5.003712158203125,1.5550900923728943,-2.0384879415780306,2.7350743679553267
1789755357557727200,5.013727294921875,1.3668576772809027,-2.2599827209331096,2.7398323761373757
1789755357567743200,5.0237431640625,1.2429577413678168,-2.5479253641858697,2.806830275133252
1789755357577758200,5.03375830078125,1.1509539959311486,-2.8050091971859334,2.9692940427184102
1789755357587774200,5.043774169921875,1.0815350072681904,-3.0066371004238723,3.145528561502695
1789755357597789200,5.0537890625,1.0555366426587105,-3.1810695382222534,3.3457997894346714
1789755357607805200,5.06380517578125,1.0891127490460872,-3.35028804076463,3.5324697775155305
1789755357617820200,5.073820068359375,1.1801941189408303,-3.50091494782269,3.731163965389132
1789755357627836200,5.083836181640625,1.3221078504502772,-3.634090953864157,3.945259720534086
1789755357637852200,5.09385205078125,1.4919570521116257,-3.7220752345263954,4.166504762911797
1789755357647867100,5.1038671875,1.673106230944395,-3.755397073891759,4.338799019637704
1789755357657883100,5.113883056640625,1.8512790243148802,-3.7559605529934164,4.414874543580413
1789755357667898000,5.123898193359375,2.0279040037214755,-3.736136493104696,4.4719028372257945
1789755357677914400,5.133914306640625,2.192506536900997,-3.730185768006742,4.420976952108741
1789755357687929000,5.14392919921875,2.3252830222308636,-3.752254099690914,4.155574203574657
1789755357697945300,5.1539453125,2.3483494250416754,-3.92740433036983,3.8027164589494467
1789755357707960300,5.163960205078125,2.285516829031706,-4.158499151110649,3.3673277306318283
1789755357717976300,5.173976318359375,2.156666138843447,-4.402255300503969,2.8582290384590623
1789755357727991300,5.1839912109375,2.0584088859699667,-4.661325631146132,2.409016367450356
1789755357738007300,5.19400732421875,2.0381237844407556,-4.857600190657377,2.0749042398273945
1789755357748022300,5.204022216796875,2.08805583621487,-4.937295658662915,1.8495932631850243
1789755357758038300,5.214038330078125,2.1820658069074153,-4.92356114782095,1.5718202778995036
1789755357768053200,5.22405322265625,2.204899570006132,-4.879165833516419,1.109857430911064
1789755357778069200,5.2340693359375,2.103358765417337,-4.952437698215246,0.5888204636633396
1789755357788084200,5.244084228515625,1.8646188367508352,-5.089948226329684,0.13971066850721836
1789755357798100200,5.254100341796875,1.613930257745832,-5.2179199417263264,-0.46240533005893225
1789755357808115200,5.264115234375,1.4061574220120907,-5.337493831133842,-1.1241536672890187
1789755357818131200,5.274131103515625,1.254403995142132,-5.478278850874305,-1.8209446763277053
1789755357828147200,5.284147216796875,1.1572915283896028,-5.640093214640021,-2.4852386063873766
1789755357838162200,5.294162109375,1.0936813721358776,-5.74194206226468,-2.9718863972991705
1789755357848178400,5.304178466796875,1.150765633752197,-5.711642201068997,-3.1393226925998925
1789755357858193200,5.314193115234375,1.3859693511165678,-5.413231501424312,-3.021964725676179
1789755357868209400,5.32420947265625,1.7998750002920627,-4.762067978833615,-2.9786732809603214
1789755357878224400,5.334224365234375,2.2037238042250276,-3.7960558320164677,-2.935371899372339
1789755357888240400,5.344240478515625,2.54245043990612,-2.7817466872811316,-2.87091550155282
1789755357898255400,5.35425537109375,2.676870600789785,-1.8399657492704689,-3.005442629942298
1789755357908271400,5.364271240234375,2.5239374626159665,-1.0444736891135573,-3.4584804121971127
1789755357918286300,5.374286376953125,2.079909939160198,-0.4297650432169437,-4.035846584910154
1789755357928302300,5.38430224609375,1.4654993994273244,0.036758828076720235,-4.548061947798729
1789755357938317300,5.3943173828125,0.7146363892655819,0.3588949789628386,-4.729963406303525
1789755357948333300,5.404333251953125,-0.1251904871802777,0.5789625019937753,-4.4714813969433305
1789755357958348300,5.414348388671875,-0.9109411247193813,0.7517799058109521,-3.9089825384944676
1789755357968364300,5.4243642578125,-1.4884300470292566,0.9408782900825142,-3.1711767975002525
1789755357978379300,5.434379150390625,-1.9123767593562602,1.1916373039752244,-2.3720400972306726
1789755357988395300,5.444395263671875,-2.2585154248595236,1.4751716292664407,-1.5852227803081274
1789755357998411300,5.454411376953125,-2.5835095955252645,1.7331252308383582,-0.813472684136033
1789755358008426200,5.46442626953125,-2.8416496595799923,1.9443895619496703,-0.07411737561225891
1789755358018442200,5.474442138671875,-3.0069203012794254,2.1140818194836375,0.5341518848866224
1789755358028457200,5.484457275390625,-3.021661943337321,2.230066159966588,1.0860159520745276
1789755358038473500,5.494473388671875,-3.082231855112314,2.3020357098951933,1.6237813512831925
1789755358048488400,5.504488525390625,-2.8946880068063736,2.404231471261382,2.056706319835782
1789755358058504400,5.51450439453125,-2.6445307581990956,2.4602593556925654,2.3857933127731084
1789755358068519400,5.52451953125,-2.3727730876803395,2.485294135966897,2.641771814879775
1789755358078535400,5.534535400390625,-2.056441531419754,2.4624752781763672,2.805280123081803
1789755358088550400,5.54455029296875,-1.7436153529316185,2.3675904243454338,2.837884754088521
1789755358098566400,5.55456640625,-1.4571283153146504,2.2641794419705867,2.7907138375908134
1789755358108581400,5.564581298828125,-1.2090870359480381,2.159576327201724,2.7400907348126173
1789755358118597400,5.574597412109375,-0.9999130281794816,2.062441064095497,2.7390140454918144
1789755358128612400,5.5846123046875,-0.7990607124239206,1.9896575674355028,2.7453742281734943
1789755358138628400,5.59462841796875,-0.6073136037418618,1.9167089433416724,2.7036072165459393
1789755358148644000,5.60464404296875,-0.4551011810580268,1.9098393498331308,2.6432588385671374
1789755358158659300,5.614659423828125,-0.35648528747260566,1.957418847131729,2.578204474854469
1789755358168675000,5.624675048828125,-0.30582711338102814,1.952450703330338,2.3875404487013814
1789755358178690300,5.634690185546875,-0.23740882619321346,1.8958070250883696,2.1252707374960185
1789755358188706000,5.6447060546875,-0.2053114871215075,1.9341689044475554,1.844134413257241
1789755358198721300,5.65472119140625,-0.219259421518445,2.044386059705913,1.484790813744068
1789755358208737300,5.6647373046875,-0.20595153859071433,2.1509666120275854,1.0954039581447839
1789755358218752500,5.67475244140625,-0.17465682113878428,2.154411784045398,0.5941524723410606
1789755358228768300,5.684768310546875,-0.15247436155565083,2.1116019853666423,-0.017177344772219657
1789755358238783200,5.694783203125,-0.12853862856440246,1.9532967987656593,-0.6345780062317847
1789755358248799200,5.70479931640625,-0.14661800021026283,1.8330869495421647,-1.240282969200611
1789755358258814200,5.714814208984375,-0.18220077024493364,1.8020774787724017,-1.6680150452852247
1789755358268830200,5.724830322265625,-0.1816542057454586,1.8782281137779353,-2.0519909817516804
1789755358278845200,5.73484521484375,-0.1715367163568735,2.052894068071246,-2.4821499927222725
1789755358288861200,5.744861083984375,-0.16180037177298218,2.3602277866229415,-2.8821926823705435
1789755358298877200,5.754877197265625,-0.16000705861542372,2.7148043178647754,-3.3692759420901535
1789755358308892200,5.76489208984375,-0.15409746924545614,3.0504569529280063,-3.941775970071554
1789755358318908200,5.774908203125,-0.18092472242712973,3.3219238238066433,-4.593144952106476
1789755358328923100,5.784923095703125,-0.2690812178511172,3.4353400673672554,-5.185832612591981
1789755358338939100,5.794939208984375,-0.4298446112591773,3.480712702271342,-5.563767515328526
1789755358348954000,5.8049541015625,-0.575939939302206,3.518251282548904,-5.83485824637115
1789755358358970000,5.81497021484375,-0.6817127554375678,3.5848066984742877,-6.093188864561915
1789755358368985000,5.824985107421875,-0.7855419632244854,3.6251392933845517,-6.3219870987981555
1789755358379001300,5.83500146484375,-0.9046277037888765,3.593653145013749,-6.582185848948359
1789755358389016300,5.845016357421875,-1.0244020111393184,3.4577439146161075,-6.854917332935333
1789755358399032300,5.8550322265625,-1.1506097125381232,3.2883591155961156,-7.126588494214415
1789755358409047300,5.86504736328125,-1.2966963458180427,3.1201950905427336,-7.199543840309977
1789755358419063300,5.875063232421875,-1.4355612111508846,2.9843408052027223,-7.009434525430202
1789755358429078300,5.885078369140625,-1.4340712648540734,2.826158952720463,-6.614757746729254
1789755358439094300,5.89509423828125,-1.208541165568307,2.5864231448844075,-6.191127845266461
1789755358449110300,5.9051103515625,-0.819341868430376,2.214556748406589,-5.837645246741175
1789755358459125200,5.915125244140625,-0.47849195698499675,1.7164400534972548,-5.457042586100101
1789755358469141200,5.925141357421875,-0.22713410041630266,1.230239714092016,-5.066731016871333
1789755358479156200,5.93515625,0.015069558838009834,0.748497815400362,-4.6545641741871835
1789755358489172200,5.945172119140625,0.23862404720187186,0.2351712763994932,-4.165224659973383
1789755358499188200,5.955188232421875,0.4532867520472035,-0.21700287476330996,-3.576872398343682
1789755358509204200,5.965204345703125,0.6395107864588498,-0.5432844548910856,-2.913435377374291
1789755358519219200,5.97521923828125,0.8518360247999429,-0.7236100423812866,-2.1397002448648212
1789755358529235200,5.985235107421875,1.0706003562778235,-0.7503034035176038,-1.3199854514688252
1789755358539250200,5.995250244140625,1.2752981684803961,-0.6830474381074308,-0.4942401457369327
1789755358549266200,6.00526611328125,1.422007317572832,-0.5705841113574802,0.24335575189888475
1789755358559281200,6.01528125,1.5031523998647927,-0.47648412429392334,0.9103940122306347
1789755358569297200,6.025297119140625,1.5118138452261685,-0.4065783750273287,1.4168775534689426
1789755358579312000,6.03531201171875,1.4766449166893958,-0.4139730153232813,1.7891285653501747
1789755358589328100,6.045328125,1.3983008632928131,-0.5037121768288314,2.020122848325968
1789755358599344000,6.05534423828125,1.2902344563275574,-0.713325671993196,2.0802187128484246
1789755358609359400,6.065359375,1.14317400957942,-1.0639548538487404,2.001429253771901
1789755358619375000,6.075375,0.9553981060832738,-1.5179948719486593,2.01204358676672
1789755358629390300,6.085390380859375,0.7283084293305874,-1.963620039859414,2.1630957334995267
1789755358639406000,6.095406005859375,0.568651535859704,-2.3395970865264535,2.340513324588537
1789755358649421300,6.10542138671875,0.4791577274173498,-2.6697517086952924,2.541066876593232
1789755358659437000,6.11543701171875,0.3998375224649906,-2.9864965219318864,2.765110025256872
1789755358669452300,6.125452392578125,0.329759193110466,-3.2954303691565987,3.0265812795609235
1789755358679468000,6.135468017578125,0.2581710437148809,-3.578139057278633,3.287199716427922
1789755358689483300,6.145483154296875,0.21692601013481616,-3.8455446700677274,3.515284249436855
1789755358699499000,6.1554990234375,0.20525895321667192,-4.0616485501646995,3.758278182286024
1789755358709514200,6.16551416015625,0.20994506520628928,-4.2164971665710205,4.018385747021436
1789755358719530000,6.175530029296875,0.26549101133942604,-4.310146341127157,4.212701865941286
1789755358729546000,6.1855458984375,0.3821089735507965,-4.368652013848722,4.2935126017123455
1789755358739561000,6.19556103515625,0.5622387462079524,-4.4015626420646905,4.347436499601602
1789755358749577000,6.205576904296875,0.7740238863229751,-4.391285578200221,4.277756229653955
1789755358759592000,6.215592041015625,1.0300058955609799,-4.387124074606597,4.036434029409289
1789755358769608200,6.225608154296875,1.2662240506649016,-4.424797387179732,3.6969928157180547
1789755358779623000,6.235622802734375,1.4681775325953959,-4.570031203022599,3.2267133912831545
1789755358789639200,6.24563916015625,1.6144354307889937,-4.757613337512314,2.713864991188049
1789755358799654100,6.255654052734375,1.6962170574188231,-4.935940152400732,2.2028934908807276
1789755358809670100,6.265670166015625,1.822024872779846,-5.1122956672161814,1.7506226013451813
1789755358819685000,6.27568505859375,1.9951251851916312,-5.233181223744154,1.4223235439151525
1789755358829701000,6.285701171875,2.1535177578151226,-5.254526794111729,1.1805313880711794
1789755358839716000,6.295716064453125,2.347126605248451,-5.170471377331018,0.9121803111255168
1789755358849732000,6.305732177734375,2.4563445203363896,-4.989107094442844,0.5676502498626709
1789755358859748000,6.315748046875,2.4248610023140906,-4.855632982237637,0.11406184798777103
1789755358869763000,6.32576318359375,2.2689573238968848,-4.752164132195711,-0.32846272355914113
1789755358879779000,6.335779052734375,2.021599350619316,-4.689270161387324,-0.8648463130205869
1789755358889794000,6.3457939453125,1.7907178803682327,-4.680668921780586,-1.4183359355837106
1789755358899810000,6.35581005859375,1.6202923401236533,-4.69611228236705,-1.8379589394927023
1789755358909825000,6.365824951171875,1.5039759912073611,-4.684514783553779,-2.152434638753533
1789755358919841000,6.375841064453125,1.4799686542846262,-4.58271182089746,-2.5006471879214045
1789755358929856000,6.38585595703125,1.6008908895611762,-4.466626358127594,-2.927764931499958
1789755358939872300,6.395872314453125,1.735927136516571,-4.340910312703252,-3.3395740467876194
1789755358949887000,6.405886962890625,1.8435878852903842,-4.061970913986862,-3.682233053481579
1789755358959903200,6.4159033203125,1.92725985571146,-3.572666763347387,-3.988945717525482
1789755358969918200,6.425918212890625,1.968144823807478,-2.9248785624086855,-4.417019738915562
1789755358979934200,6.435934326171875,1.9136054243683813,-2.1983825893275437,-4.741410682991146
1789755358989950200,6.4459501953125,1.7382535336375236,-1.4018810598671436,-4.793007599237561
1789755358999965200,6.455965087890625,1.46315298243165,-0.5783106139563023,-4.5887738974153995
1789755359009981200,6.465981201171875,1.045322707158327,0.24818755596950648,-4.2125200796335935
1789755359019996200,6.47599609375,0.45804655032753944,1.0568179146409034,-3.7123049511402844
1789755359030012200,6.48601220703125,-0.19657010839171707,1.8042188747152685,-3.2253175530105826
1789755359040027100,6.496027099609375,-0.8140659738540649,2.365157644240558,-2.613995919203758
1789755359050043100,6.506043212890625,-1.401803902977705,2.6383617141753435,-1.8881775531232357
1789755359060058000,6.51605810546875,-1.9267863929808138,2.6066931949749588,-1.2732540954321623
1789755359070074000,6.52607421875,-2.410505144703388,2.4092849552586673,-0.6124556062728166
1789755359080089000,6.536089111328125,-2.819850500226021,2.138572409878671,0.05027297416627407
1789755359090105000,6.54610498046875,-3.022804683631658,1.914247521664202,0.6918026992321014
1789755359100120000,6.5561201171875,-3.0463965716212984,1.784333440028131,1.3564128556340933
1789755359110136000,6.566135986328125,-3.061394234266877,1.7713778046041726,1.9731886631935833
1789755359120152300,6.57615234375,-2.8795401220351455,1.8455515865787864,2.455444356626272
1789755359130167300,6.586167236328125,-2.5515882706075907,1.9919778270766137,2.7534172493755817
1789755359140183300,6.596183349609375,-2.355588728645444,2.0785370433717967,2.8968489842325447
1789755359150198300,6.6061982421875,-2.259704926905036,2.112471753938496,2.9180490086495876
1789755359160214300,6.61621435546875,-2.1856372356534,2.0676216816037893,2.885647206738591
1789755359170229200,6.626229248046875,-2.130896176162362,1.939220050357282,2.860655973345041
1789755359180245200,6.636245361328125,-1.991350927349925,1.8089587627187371,2.8225831400603054
1789755359190260200,6.64626025390625,-1.8267969094872474,1.636592902061343,2.7605513390392065
1789755359200276200,6.656276123046875,-1.6374615015894174,1.5348460535064339,2.7780916719049213
1789755359210291200,6.666291259765625,-1.4067594795584677,1.5596853112086653,2.876595885276794
1789755359220307200,6.67630712890625,-1.1086703400183469,1.6728642388820647,2.9226018496483563
1789755359230322200,6.686322265625,-0.8099374957472085,1.821014234432578,2.8309347888201475
1789755359240338200,6.696338134765625,-0.5658090059101581,1.9115917464584111,2.510014735725522
1789755359250354200,6.706354248046875,-0.49210547179579733,1.9120009117811918,2.248188092112541
1789755359260369200,6.716369140625,-0.48142574541456995,1.9078201189652084,2.144315045183897
1789755359270385200,6.72638525390625,-0.37012802837789055,1.9429215352237224,1.97175892265141
1789755359280400100,6.736400146484375,-0.22591763729862868,2.0259628065258264,1.6708336098372936
1789755359290416000,6.746416015625,-0.21545717969126998,2.0866081216245886,1.2256757671773433
1789755359300431400,6.756431396484375,-0.43656014671716836,2.0238103046670557,0.6773053873240947
1789755359310447000,6.766447021484375,-0.7387479902803897,1.9146625322058797,0.09714110832512378
1789755359320462300,6.77646240234375,-0.967789458687976,1.8168954009369014,-0.684188717097044
1789755359330478000,6.78647802734375,-1.2007798108518124,1.666123532450199,-1.4664929405093192
1789755359340493300,6.796493408203125,-1.510684548935294,1.5907576180815697,-1.851145168802142
1789755359350509000,6.806509033203125,-1.7323153757601975,1.6942364049956202,-2.089281724748015
1789755359360524300,6.816524169921875,-1.706364941945672,1.8643524408996104,-2.586805714461207
1789755359370540000,6.8265400390625,-1.5814362475067376,1.8371593135476112,-3.398485085439682
1789755359380556000,6.83655615234375,-1.6260919663131237,1.555437590636313,-4.247576195445657
1789755359390571000,6.846571044921875,-1.6967776139110327,1.1600868581965564,-5.131624637064338
1789755359400587000,6.8565869140625,-1.6456038915127515,0.8011509627014398,-5.954429797691106
1789755359410602000,6.86660205078125,-1.5077303753048181,0.48650312174409627,-6.762859811484813
1789755359420618000,6.876617919921875,-1.3507114291220903,0.1970800306752324,-7.398418060925603
1789755359430633000,6.886633056640625,-1.2089473352164029,0.23086451911628245,-7.724680644091963
1789755359440649000,6.89664892578125,-1.0732710367918015,0.7072296932056545,-7.562519074323773
1789755359450664000,6.906663818359375,-0.8636778537631035,1.4675988559246063,-7.004893959391117
1789755359460680200,6.91668017578125,-0.5030874690592289,2.2718466155976054,-6.4819572960019105
1789755359470695200,6.926695068359375,-0.08906769198477267,2.8006542168468234,-6.255197289595007
1789755359480711200,6.936711181640625,0.2387052957445383,2.843369030718505,-6.1009916472673416
1789755359490726400,6.946726318359375,0.5287888965487479,2.4463223080158234,-6.053764616668224
1789755359500742400,6.956742431640625,0.7360510062813759,1.6947233117297291,-6.184834298080205
1789755359510758400,6.96675830078125,0.7427998960196971,0.6596867285251617,-6.2169906007975335
1789755359520773400,6.9767734375,0.6121697750687599,-0.4869526190772652,-6.048358958232402
1789755359530789400,6.986789306640625,0.45835872154925017,-1.607972664515674,-5.703303411790729
1789755359540804400,6.996804443359375,0.3853986992785707,-2.628326934634149,-5.101363938835263
1789755359550820600,7.006820556640625,0.43063481178879737,-3.3214635128185153,-4.319729577508569
1789755359560835600,7.016835693359375,0.6077426062762737,-3.6370711387187242,-3.4078649082034826
1789755359570851600,7.0268515625,0.7901859165728091,-3.687995270270109,-2.459958034658432
1789755359580866600,7.036866455078125,0.8843219978630542,-3.591320610412955,-1.544637087419629
1789755359590882600,7.046882568359375,0.9440414302885531,-3.3627935943335294,-0.7266606621235608
1789755359600897500,7.0568974609375,1.0352373664736747,-3.1384330502837896,-0.2022141786932945
1789755359610913500,7.06691357421875,1.1174597226083278,-3.0197154854446646,0.09448796346783638
1789755359620928500,7.076928466796875,1.138296758931875,-3.0276041928678747,0.14413199208080768
1789755359630944500,7.086944580078125,1.0167314034461974,-3.1251576813861726,0.05565116007328033
1789755359640960500,7.09696044921875,0.8477741821885109,-3.286371741171181,0.04387655112743377
1789755359650975500,7.1069755859375,0.631170243614912,-3.49257791211009,0.1592629257172346
1789755359660991500,7.116991455078125,0.4135585527708754,-3.7143437634915113,0.3934627267360687
1789755359671006500,7.12700634765625,0.248429986423254,-3.9283281672164794,0.757556151124835
1789755359681022500,7.1370224609375,0.17106968336701392,-4.126538955487311,1.2785159614831207
1789755359691037400,7.147037353515625,0.12517185554504393,-4.258438365721703,1.8552584493398665
1789755359701053400,7.157053466796875,0.07994505885243415,-4.342454035013914,2.3554829301834106
1789755359711068400,7.167068359375,0.010367025436554104,-4.411916570557653,2.8469758230388162
1789755359721084700,7.177084716796875,-0.04085340391397476,-4.433798439759016,3.3406869764655824
1789755359731099400,7.187099365234375,-0.025356577840913087,-4.4722193558290595,3.7545652992427345
1789755359741115600,7.19711572265625,-0.07597264809012412,-4.492619754301011,4.201984657093882
1789755359751130600,7.207130615234375,-0.04546411257982254,-4.532538507713377,4.551364496475458
1789755359761146600,7.217146728515625,0.03168928799377754,-4.568818320101499,4.880707510000467
1789755359771162600,7.22716259765625,0.05328970990525558,-4.620753674522042,5.142607218849658
1789755359781177600,7.237177490234375,0.0637549898182042,-4.7026627269238235,5.305024809205531
1789755359791193600,7.247193603515625,-0.02199554044259712,-4.890458504164219,5.260888730359077
1789755359801208600,7.25720849609375,-0.18410099610937758,-5.161177479285001,5.161010306024551
1789755359811224600,7.267224609375,-0.37266777598857875,-5.420817426508664,5.105195479822158
1789755359821239600,7.277239501953125,-0.5466904639422894,-5.653667566484213,5.120713951471448
1789755359831255600,7.287255615234375,-0.683280370080471,-5.842161847382783,5.1410991523742675
1789755359841270500,7.2972705078125,-0.7046902378559112,-5.981733984202146,5.082791340312362
1789755359851286500,7.30728662109375,-0.7072130343317985,-6.082693774032593,5.043978502315283
1789755359861301500,7.317301513671875,-0.6887129165232181,-6.176718796163797,4.974900874435901
1789755359871317500,7.3273173828125,-0.573164592837356,-6.1823050718635315,4.870879943469166
1789755359881332500,7.33733251953125,-0.2750280339589342,-6.095632166060805,4.490041135984659
1789755359891348500,7.347348388671875,0.007314670394919813,-6.119568337443471,3.667899992224574
1789755359901364500,7.357364501953125,0.1591535835912451,-6.42082332060337,2.774451854097843
1789755359911379500,7.36737939453125,0.17111059989929198,-6.848086610132455,1.9476018019944428
1789755359921395500,7.3773955078125,0.10231120443940162,-7.344629187592863,1.1432231094181537
1789755359931410400,7.387410400390625,0.18232282572202382,-7.9132094117820255,0.268033097037673
1789755359941426400,7.397426513671875,0.37601131426282225,-8.540042502975464,-0.7411392693310975
1789755359951441400,7.40744140625,0.6045055240511894,-9.224595377209782,-1.8134037594288586
1789755359961457400,7.41745751953125,1.0295756143849342,-9.753248664680124,-2.6884634234279394
1789755359971472400,7.427472412109375,1.6890566642701625,-9.738916772466897,-3.276968245270848
1789755359981488400,7.43748828125,2.520128717982769,-8.958702214810252,-3.7071202419787643
1789755359991503400,7.44750341796875,3.3921816013813015,-7.963156807255745,-4.1032156553059815
1789755360001519400,7.457519287109375,4.150790476429462,-6.912676278942823,-4.663170674490928
1789755360011534300,7.467534423828125,4.709898523396253,-5.59028025920093,-5.343778610491753
1789755360021550300,7.47755029296875,5.046281518560647,-4.20200686892569,-5.97301700926125
1789755360031565300,7.4875654296875,5.006967745304108,-2.8886826289117336,-6.571500788804888
1789755360041581300,7.497581298828125,4.505643194264173,-1.6426941415458918,-7.005547454863787
1789755360051597600,7.50759765625,3.7007904544353485,-0.5275638847984373,-7.354618666687608
1789755360061612300,7.5176123046875,2.654476398152113,0.34043577768653627,-7.391033211371302
1789755360071628500,7.527628662109375,1.3823067369557915,0.8431435997784137,-6.897955095151066
1789755360081643500,7.5376435546875,0.07420739198327064,1.0176777443856,-5.9618777756094925
1789755360091659500,7.547659423828125,-0.8274256600342691,1.0514943815305828,-4.909271341183781
1789755360101674500,7.557674560546875,-1.338466280055046,1.1259110323503614,-3.9340830774813886
1789755360111690500,7.5676904296875,-1.82791100820899,1.317721890451014,-2.9245255111873147
1789755360121705500,7.57770556640625,-2.338273436707258,1.6134791529774666,-2.0080343511253593
1789755360131721500,7.587721435546875,-2.7185844209253784,1.917328828805685,-1.157760168814659
1789755360141736400,7.597736328125,-2.8098902472257614,2.266062479238212,-0.3340115898579359
1789755360151752400,7.60775244140625,-2.7412778987705706,2.659282044868171,0.4274567662745714
1789755360161768400,7.6177685546875,-2.592727505725622,3.066043229116499,0.8884002070873975
1789755360171783400,7.627783447265625,-2.3870459431827067,3.3831083603486416,1.060272439008951
1789755360181799400,7.63779931640625,-1.8679495886087416,3.4697201836138962,0.8922937073945999
1789755360191814400,7.647814453125,-1.0576304000675678,3.3136803115963933,0.3856470845490694
1789755360201830400,7.657830322265625,-0.2960053920686245,3.075558368697762,-0.2791045261502266
1789755360211845400,7.667845458984375,0.3634533729195595,2.8948782686814662,-0.7300964817911386
1789755360221861400,7.677861328125,1.028677934892848,2.8155913814768194,-0.9190104494065046
1789755360231876400,7.68787646484375,1.6905964410580694,2.8313445386648177,-1.0694307279765605
1789755360241892600,7.697892578125,2.3214507505916058,2.873036146968603,-1.2645137396156787
1789755360251907600,7.707907470703125,2.899090625679493,2.891021885514259,-1.4553653972953557
1789755360261923600,7.717923583984375,3.370500515449047,2.990360211622715,-1.6446037745594977
1789755360271938600,7.7279384765625,3.7003146536171436,3.1852316263377665,-1.8374685256272554
1789755360281954600,7.73795458984375,3.9688673906147476,3.500592291739583,-2.099638868111372
1789755360291970600,7.747970458984375,4.126034805357456,3.9384062013775107,-2.543518945920467
1789755360301985500,7.757985595703125,4.154553628355265,4.533817733868957,-2.91780175589025
1789755360312001500,7.76800146484375,4.058685024183989,5.1486862465023995,-3.1447604997396468
1789755360322016500,7.7780166015625,3.8999896692216396,5.716386180725693,-3.287106777447462
1789755360332032500,7.788032470703125,3.7581484184265133,6.235314777517319,-3.3341192885130644
1789755360342047500,7.798047607421875,3.5894963175952435,6.698646574771404,-3.3796699103325603
1789755360352063500,7.8080634765625,3.4448458545982836,7.113638411748409,-3.448481580752134
1789755360362078500,7.818078369140625,3.2286452361285685,7.389775904786586,-3.5494589062392707
1789755360372094500,7.828094482421875,2.8986124867737293,7.519176776203513,-3.6250054378718137
1789755360382109400,7.838109375,2.520727268397808,7.489995689904689,-3.644465340623259
1789755360392125400,7.84812548828125,2.1004279726624486,7.34403998952806,-3.6429374004036186
1789755360402140400,7.858140380859375,1.666208726515621,7.119476031860708,-3.662066463765502
1789755360412156700,7.86815673828125,1.2130734021704643,6.853532016056776,-3.638526013702154
1789755360422172700,7.878172607421875,0.8353087414342909,6.573430880084634,-3.55160468609631
1789755360432187600,7.888187744140625,0.5196435401279479,6.3592334181308745,-3.4695033259928225
1789755360442203600,7.89820361328125,0.27110717072077095,6.202492119845748,-3.4122786329925057
1789755360452218600,7.908218505859375,0.09333645534515381,6.045927347171307,-3.214310421305895
1789755360462234600,7.918234619140625,0.053729288632608944,5.971356382572651,-2.975346766886115
1789755360472249600,7.92824951171875,0.1367547778436914,5.947481001466512,-2.7472552196145057
1789755360482265600,7.938265625,0.24500351910591123,5.907407349753379,-2.574430217012763
1789755360492279800,7.94827978515625,0.3549731293439865,5.814791025376319,-2.497720486819744
1789755360502296000,7.958296142578125,0.4437082283735275,5.670273833370208,-2.596944246637821
1789755360512310800,7.968310791015625,0.5798106432557105,5.351710572534799,-2.9539713859021663
1789755360522327000,7.9783271484375,0.7383224583446979,4.778018704420328,-3.553815347883105
1789755360532342000,7.988342041015625,0.8270715858995914,4.051246398615837,-4.296609983205795
1789755360542358000,7.99835791015625,0.8376806581974029,3.3232343218833207,-5.200409419476985
1789755360552373800,8.008373779296875,0.806193633043766,2.6058769101560113,-6.3215323407679795
1789755360562389000,8.018388916015626,0.7925707658827305,1.9869594143927096,-7.473357858836651
1789755360572404700,8.02840478515625,0.854967308562994,1.5593886663496492,-8.66007933371961
1789755360582420000,8.038419921875,0.9361164825081825,1.4308675003767013,-9.623481298038364
1789755360592435700,8.048435791015624,0.8805635221123694,1.2731979813307523,-10.276786801093817
1789755360602451000,8.058450927734375,0.8460404902637004,1.2184955002844333,-10.43821421136856
1789755360612466700,8.068466796875,0.8659586581766605,1.290873338752985,-10.161492196440696
1789755360622482000,8.07848193359375,1.114447096788883,1.4049340176969767,-9.724896430420875
1789755360632497700,8.08849755859375,1.514871479231119,1.4441454996228218,-9.084460930332542
1789755360642513000,8.098512939453125,1.8454688767313956,1.3381184895306826,-8.389152853327989
1789755360652528600,8.108528564453126,1.9922364780128001,1.046534713296592,-7.802257220247387
1789755360662544000,8.1185439453125,2.083871974658966,0.5308037435024976,-7.3885875717848535
1789755360672559600,8.1285595703125,2.1834546309173106,-0.12161562436819076,-7.13333036969006
1789755360682576000,8.138575927734376,2.234547689294815,-0.9128446202531456,-6.806601922577619
1789755360692590800,8.1485908203125,2.14533562040329,-1.746165914197266,-6.225402455312013
1789755360702606800,8.15860693359375,1.9882804338634013,-2.502202016147971,-5.4360015516370535
1789755360712621800,8.168621826171876,1.8376316072344778,-3.151065445102751,-4.46693030951023
1789755360722637800,8.178637939453125,1.8145231188476085,-3.724092419567704,-3.4288924986630676
1789755360732652800,8.18865283203125,1.847939066237211,-4.232180181132256,-2.401432195931673
1789755360742668800,8.198668701171876,1.9037188211262226,-4.697255314922333,-1.4871429298281669
1789755360752683800,8.208683837890625,2.028700122535229,-5.064085470798611,-0.6138175422757863
1789755360762699800,8.21869970703125,2.171137585657835,-5.385765986871719,0.24056173726618288
1789755360772714800,8.22871484375,2.29170589293018,-5.632060714831948,0.9288549670726061
1789755360782730800,8.238730712890625,2.351765517095476,-5.82202740637064,1.530429698368907
1789755360792746800,8.248746826171875,2.407314970359951,-5.9648091528862714,2.2117548427283764
1789755360802761700,8.25876171875,2.408340367884934,-5.992575696212053,2.942535799652338
1789755360812777700,8.26877783203125,2.367754528865963,-5.935917989444732,3.5484172882318497
1789755360822792700,8.278792724609374,2.3650423472978175,-5.85585777978003,4.0372459303140635
1789755360832809000,8.28880908203125,2.3209096294522285,-5.7935424856424325,4.389097712767124
1789755360842823700,8.29882373046875,2.253128471124172,-5.779332758504152,4.574771675547957
1789755360852840000,8.30883984375,2.2173149610735474,-5.798818380218744,4.557783131346106
1789755360862855000,8.31885498046875,2.2222657153487204,-5.90775981645286,4.375549664407968
1789755360872871000,8.328870849609375,2.2573440429925915,-6.009609833121299,4.185515752851963
1789755360882886000,8.338885986328124,2.3293549478448927,-6.084684071066976,4.001456824052333
1789755360892902000,8.34890185546875,2.4706863494217393,-6.162263569831848,3.793547064065933
1789755360902918000,8.35891796875,2.6652292628347873,-6.240290227842331,3.585108896291256
1789755360912932900,8.368932861328124,2.9605203691542146,-6.340169821220636,3.3743951848000284
1789755360922948900,8.378948974609376,3.2973534461736675,-6.4115890437901015,3.1608576480597255
1789755360932963800,8.3889638671875,3.657498425197601,-6.479153929018974,2.8858763393193483
1789755360942979800,8.398979736328124,3.966032459449768,-6.6077896612823,2.5286937172323465
1789755360952994800,8.408994873046876,4.165132305514812,-6.744879918158054,2.2198598232507702
1789755360963010800,8.4190107421875,4.319156161534786,-6.8761600274503225,1.9623101263046263
1789755360973025800,8.42902587890625,4.501454510402679,-6.997698494929075,1.7391279783844946
1789755360983041800,8.439041748046876,4.69229856929779,-7.0743024266600605,1.5559814882546663
1789755360993056800,8.449056884765625,4.862505498355627,-7.104914422544836,1.4285761745691299
1789755361003072800,8.45907275390625,5.0393818221747875,-7.016459309500456,1.3996750742554664
1789755361013087700,8.469087646484375,5.169393518966436,-6.7819888748466965,1.393757959166169
1789755361023104000,8.47910400390625,5.138694429320097,-6.472531296008825,1.2494745759159325
1789755361033120000,8.4891201171875,4.81840010690838,-6.242188754940033,0.9511205748945474
1789755361043135000,8.499135009765626,4.2955028987467285,-6.144439159327745,0.5558259565562009
1789755361053151000,8.50915087890625,3.76707903611809,-6.051229545232653,0.05534720869064331
1789755361063166000,8.519166015625,3.280678205704689,-5.882618945455551,-0.44328211191594596
1789755361073182000,8.529181884765626,2.830067942857742,-5.6394999249219895,-0.9768056357711553
1789755361083197000,8.539197021484375,2.35621606676355,-5.457037909924984,-1.5537690729022025
1789755361093213000,8.549212890625,1.8269687589228152,-5.288460627895593,-2.110612097546458
1789755361103228000,8.559227783203125,1.274457626003027,-5.107904154258966,-2.4020880294919014
1789755361113244000,8.569243896484375,0.8111188144862651,-4.741260460865497,-2.3483564393043515
1789755361123259000,8.5792587890625,0.5311703848578035,-4.567584978914261,-2.32342482714355
1789755361133275000,8.58927490234375,0.40063247223496434,-4.319630501048267,-2.42109434325695
1789755361143291000,8.599290771484375,0.34992066826000806,-3.8717043627187606,-2.518985393166542
1789755361153305900,8.609305908203124,0.2844246982596814,-3.40182738160491,-2.6455390584588048
1789755361163321900,8.61932177734375,0.2118624431349337,-2.8938287596285344,-2.8882506672352553
1789755361173336800,8.6293369140625,0.13234744626283645,-2.315038253200799,-3.178990686121583
1789755361183352800,8.639352783203124,-0.029263357754796743,-1.846567631753534,-3.569992575702071
1789755361193368000,8.6493681640625,-0.336224151340872,-1.5004779199585319,-4.034702091050148
1789755361203383800,8.6593837890625,-0.7614297046225518,-1.207092501129955,-4.308902478545904
1789755361213399000,8.66939892578125,-1.2383633993148804,-0.8758477456368505,-4.302437666445971
1789755361223414800,8.679414794921875,-1.718518905597925,-0.49136722064912314,-4.103527789995074
1789755361233430000,8.689429931640625,-2.1176924111962316,-0.07615618796348571,-3.7140509180247783
1789755361243445800,8.69944580078125,-2.403810030978918,0.3500903257384896,-3.1205513566344973
1789755361253461000,8.7094609375,-2.63225053781867,0.8049275586307049,-2.419097616481781
1789755361263476700,8.719476806640625,-2.796740842795372,1.2458271593242882,-1.8344751890301703
1789755361273492700,8.72949267578125,-2.96000715893507,1.605784799082577,-1.4056202463954686
1789755361283507700,8.7395078125,-3.1565982370495793,1.9003753559172152,-0.9055740447282791
1789755361293523700,8.749523681640625,-3.2962703271120786,2.128208544513583,-0.40830958273410795
1789755361303538700,8.75953857421875,-3.352612976580858,2.361050501182675,0.0019376900643110274
1789755361313554700,8.7695546875,-3.429996075990796,2.539922090472281,0.3025491146236658
1789755361323569700,8.779569580078125,-3.362775474154949,2.671685891628265,0.5687509045809507
1789755361333585700,8.789585693359374,-3.3717700969934463,2.7803794905811547,0.7760171059668064
1789755361343600600,8.7996005859375,-3.379433763489127,2.881543863072991,0.9212450765907764
1789755361353617000,8.809616943359375,-3.270763545411825,2.8721356909975406,1.115726615205407
1789755361363631900,8.8196318359375,-3.0806881328016518,2.7900743706434965,1.2530787378877402
1789755361373648000,8.82964794921875,-2.893842203631997,2.7195301773428917,1.2895283538848161
1789755361383663900,8.839663818359375,-2.6570599849045275,2.6416835520744324,1.2394734063833952
1789755361393678800,8.849678955078126,-2.401462006548047,2.5092335222199558,1.1636895588636398
1789755361403694800,8.85969482421875,-2.1237211699664593,2.3254262300938366,0.8646160113960504
1789755361413709800,8.869709716796875,-1.8813421541452406,2.0882851149260997,0.701600455147028
1789755361423725800,8.879725830078126,-1.6546008524388074,1.9659452679365872,0.75211951302886
1789755361433740800,8.88974072265625,-1.348945588493347,2.077349587152898,0.8538304134875535
1789755361443756800,8.8997568359375,-0.9941104063153267,2.3583123083904383,0.8946604365259408
1789755361453771800,8.909771728515626,-0.7247083590120077,2.651920283928513,0.8506225573569536
1789755361463787800,8.919787841796875,-0.5266472814101726,2.908651650229096,0.6629547904103994
1789755361473802800,8.929802734375,-0.3950065221119672,3.0793998465567824,0.3315875775814056
1789755361483818800,8.93981884765625,-0.292568987879157,3.163269969898462,-0.08881517852842807
1789755361493834800,8.949834716796875,-0.25324359725005924,3.2233149810165167,-0.4215998569399118
1789755361503849700,8.959849609375,-0.27529811960458755,3.3237270738363263,-0.6600415333122015
1789755361513865700,8.96986572265625,-0.2966577184975147,3.3588597620159386,-0.9024556204468012
1789755361523880700,8.979880615234375,-0.35125849273502824,3.3175743964254854,-1.0812842473775148
1789755361533896700,8.989896728515625,-0.48833062943220135,3.203666277694702,-1.2783113788217306
1789755361543911700,8.99991162109375,-0.6417220327675343,3.0886838077306744,-1.5441063415437937
1789755361553927700,9.009927734375,-0.7157190699357538,3.0075632753580805,-1.8946733448833226
1789755361563942700,9.019942626953124,-0.7370669783908873,3.037041298776865,-2.372332358175516
1789755361573958700,9.029958740234376,-0.8007032189339399,3.1428549583792686,-2.8198060765624047
1789755361583973600,9.0399736328125,-0.9182212717901915,3.311993381422758,-3.2783231670111417
1789755361593989600,9.04998974609375,-1.0231798489332198,3.48202261582613,-3.686793493264913
1789755361604005600,9.060005615234376,-1.1199673215150832,3.6452597058713434,-3.9421687687814235
1789755361614020600,9.0700205078125,-1.1963755114782602,3.847380361062288,-4.061299006074667
1789755361624036600,9.08003662109375,-1.1587760678589343,4.06006098871231,-4.155903289398551
1789755361634051600,9.090051513671876,-1.1013191735379397,4.189486410048604,-4.38341674452126
1789755361644067800,9.10006787109375,-1.0848736501716076,4.137804738128185,-4.880839611947536
1789755361654082600,9.11008251953125,-1.1142969477284699,3.8465363114535807,-5.636870745462179
1789755361664098800,9.120098876953126,-1.101768378610164,3.28237331918478,-6.575796440172195
1789755361674113800,9.13011376953125,-1.1247505372036248,2.540775784692168,-7.658940051680803
1789755361684129800,9.1401298828125,-1.1128910995185375,1.7886387360066174,-8.72089591373205
1789755361694144800,9.150144775390626,-1.0648416466206312,1.2641133421212434,-9.417077850961684
1789755361704160800,9.160160888671875,-0.9979431163460015,1.1314496695160865,-9.517421554720402
1789755361714176800,9.1701767578125,-0.7583230438441038,1.312674836194515,-8.950431230071187
1789755361724191700,9.180191650390626,-0.29261395953204483,1.5964140364080666,-8.03789669868052
1789755361734207700,9.190207763671875,0.342166802730225,1.7311586069405078,-7.1553113153517245
1789755361744222700,9.20022265625,0.9073574210137129,1.6506526993349193,-6.55465662150979
1789755361754238700,9.21023876953125,1.2763871327608822,1.3851952980041502,-6.063370064881443
1789755361764253700,9.220253662109375,1.4980086072355507,0.9332181307181715,-5.616756178194284
1789755361774269700,9.230269775390624,1.6451473799169063,0.35178923861086364,-5.262532405912876
1789755361784284700,9.24028466796875,1.7652677972912787,-0.24070465286821124,-4.935956519013643
1789755361794300700,9.25030078125,1.9015701186597347,-0.7872405107706785,-4.487324278241395
1789755361804315600,9.260315673828124,2.0348457856833932,-1.2146090142399073,-3.950504050928354
1789755361814331600,9.27033154296875,2.147019043445587,-1.5903253641441464,-3.3219267464160915
1789755361824347600,9.28034765625,2.1318016005694864,-1.9108897356688974,-2.634135620912909
1789755361834362600,9.290362548828124,2.049105781704187,-2.207721933950484,-1.935305215001106
1789755361844378600,9.300378662109376,1.955984430414438,-2.4356074372559786,-1.2945914824932814
1789755361854393600,9.3103935546875,1.8857915347695349,-2.6523101600289345,-0.7125234156996011
1789755361864409600,9.32040966796875,1.837951925230026,-2.9133476990908385,-0.22580139050781725
1789755361874424600,9.330424560546875,1.8270880013883113,-3.1114760697752235,0.23016250832676885
1789755361884440600,9.340440673828125,1.8232570449233054,-3.3208988646730777,0.5665151083528995
1789755361894455600,9.35045556640625,1.8245687120437621,-3.5197374294534325,0.9067389968544244
1789755361904471600,9.360471435546875,1.859780310678482,-3.7155271280571815,1.1795447151213885
1789755361914486500,9.370486572265625,1.9109658696450291,-3.978221786676347,1.3452297828406095
1789755361924502500,9.38050244140625,1.9406066824100912,-4.249562985348701,1.606208285191655
1789755361934518500,9.3905185546875,1.9270786539256572,-4.478838773968816,1.890524993032217
1789755361944533500,9.400533447265625,1.9145814297936856,-4.65970709003359,2.24365863198936
1789755361954549500,9.410549560546874,1.9316892164610324,-4.78173597137779,2.614072491571307
1789755361964564500,9.420564453125,1.965963241984695,-4.886198508632183,3.011971739450097
1789755361974580700,9.430580810546875,1.9407738556705414,-4.979740131160616,3.3931869790315625
1789755361984595500,9.440595458984374,1.9843056850135325,-5.0513680280447,3.712290922614932
1789755361994611700,9.45061181640625,2.0568635562241075,-5.138309813916683,3.9797541108101604
1789755362004626700,9.460626708984375,2.1547193886898457,-5.220501774913072,4.191229454323649
1789755362014642700,9.470642578125,2.2236967710651454,-5.287572739145159,4.356483729410171
1789755362024657700,9.48065771484375,2.2875649937331675,-5.374419247949123,4.4155601877570145
1789755362034673700,9.490673583984375,2.3309436783410606,-5.495601157075166,4.387216721326112
1789755362044688600,9.500688720703126,2.344137360304594,-5.651161136621236,4.352060652270913
1789755362054704600,9.51070458984375,2.321543251180649,-5.81408258484602,4.269513886487483
1789755362064720600,9.520720703125,2.2885271167635914,-6.0017690564930435,4.158632422101498
1789755362074735600,9.530735595703124,2.2294902597747743,-6.226532920646667,4.0216006174147125
1789755362084751600,9.540751708984375,2.1666880589030684,-6.474835481297969,3.833642343088984
1789755362094766600,9.5507666015625,2.1106537447310982,-6.7622881490767,3.6461563624501228
1789755362104782600,9.560782470703124,2.06924256080389,-6.978003614377975,3.4839737498939036
1789755362114797600,9.570797607421875,2.058917420013994,-7.056241869312524,3.404398693397641
1789755362124813600,9.5808134765625,2.0923661006294187,-6.987551194924116,3.330395884075761
1789755362134828500,9.59082861328125,2.1219326791144906,-6.862658740842342,3.1317899590075013
1789755362144844500,9.600844482421875,2.1403182306326927,-6.7729960055738685,2.668553438821435
1789755362154859500,9.610859619140625,2.0392497197307646,-6.81820059043467,1.9902958653390406
1789755362164875800,9.620875732421876,1.8209515444599091,-6.883378872787952,1.3116665359348059
1789755362174891800,9.630891845703125,1.5552956979475914,-6.903726664289832,0.6903092458039521
1789755362184906800,9.64090673828125,1.3980653009712696,-7.015974740853905,-0.08106441827118396
1789755362194922800,9.6509228515625,1.2548667903482913,-7.273136899787187,-0.8548819683670997
1789755362204937700,9.660937744140625,1.1093138255536557,-7.630731609806418,-1.5392647467315197
1789755362214953700,9.67095361328125,1.042382415922731,-7.9200769594639535,-1.9699065727829932
1789755362224968700,9.68096875,1.190381166434288,-7.9413418658107515,-2.200560079497099
1789755362234984700,9.690984619140625,1.5736872408151625,-7.58611622301042,-2.400935936847329
1789755362244999700,9.700999755859375,2.0723066245496273,-6.9359472644150255,-2.695180164462328
1789755362255015700,9.711015625,2.5142986966550347,-6.1085699735671275,-3.149574037501216
1789755362265030700,9.72103076171875,2.820480614823103,-5.24350212675035,-3.6945723105728625
1789755362275046700,9.731046630859375,2.942977698200941,-4.41302307049483,-4.384043351987004
1789755362285062700,9.741062744140624,2.8438509690165517,-3.5965114570543166,-5.137068873944878
1789755362295077600,9.75107763671875,2.499725396901369,-2.8217399672344325,-5.943798513561487
1789755362305094000,9.761093994140625,1.9325522630311547,-2.046212252219766,-6.623244420045614
1789755362315108600,9.771108642578126,1.1854816308896987,-1.2728618812441825,-7.018189494293928
1789755362325124900,9.781124755859375,0.27493447392396625,-0.40227176387459035,-6.8836617813825605
1789755362335139800,9.791139892578125,-0.6449439904887229,0.460121310774982,-6.237625392547249
1789755362345155800,9.80115576171875,-1.318044254273176,1.1534922822371125,-5.277303274065256
1789755362355170800,9.8111708984375,-1.6421277398347853,1.7457058954700826,-4.262970748454332
1789755362365186800,9.821186767578125,-1.8211293852448462,2.222911027514934,-3.417404889965057
1789755362375201800,9.831201904296876,-2.1045447603315113,2.6153143083259462,-2.733846871986985
1789755362385217800,9.8412177734375,-2.485449034267664,2.8914322198808193,-2.0976906566530467
1789755362395233500,9.851233642578125,-2.799200510907173,3.2007524360746142,-1.4651456175535917
1789755362405248800,9.861248779296876,-3.1827170131683347,3.3979750900909305,-0.8336386893302202
1789755362415264500,9.871264404296875,-3.3394933827668427,3.5258787086874244,-0.31743980976343156
1789755362425279700,9.88127978515625,-3.39649303483963,3.5762343927010893,-0.003661445116996765
1789755362435295500,9.89129541015625,-3.2774948994934556,3.562644258765876,0.03879354877471924
1789755362445310700,9.901310791015625,-2.9296979453891514,3.4448400093793867,0.04185176730155945
1789755362455326500,9.911326416015624,-2.4235464125841855,3.278907981161773,0.07635843253731728
1789755362465341400,9.921341552734376,-1.8989269106745719,3.132749451689422,0.006882745251059532
1789755362475357400,9.931357421875,-1.4621242239058017,3.018254180720448,-0.015364742392301558
1789755362485372400,9.941372314453124,-1.0943547413527965,2.8977859728217124,0.03828033855557442
1789755362495389000,9.951388916015626,-0.7439876444995402,2.8041791761025783,0.07526011590659618
1789755362505405000,9.961405029296875,-0.4280156057337299,2.7749381763100622,0.06239946528971195
1789755362515420000,9.971419921875,-0.11667115370333193,2.787590737134218,-0.05566694216430187
1789755362525436000,9.981435791015626,0.16015724420845506,2.849577529969811,-0.28242694857120515
1789755362535451000,9.991450927734375,0.37764497987926005,2.927040708878636,-0.5899602813482284
1789755362545467000,10.001466796875,0.5340022472828626,3.028029140281677,-0.9807201788663864
1789755362555481900,10.01148193359375,0.6951637000977993,3.179856947562098,-1.2266145093321799
1789755362565497900,10.021497802734375,0.8629933786302805,3.4169945555984973,-1.3317659056335687
1789755362575512800,10.031512939453124,1.073271621313691,3.711143506145477,-1.443154735019803
1789755362585529000,10.041529052734376,1.2297148134350775,4.044539594453573,-1.6784861704170704
1789755362595544000,10.0515439453125,1.277577803850174,4.442527689659595,-1.9256454062521458
1789755362605560000,10.06156005859375,1.2133680742681026,4.774356090259552,-2.0564146434128285
1789755362615576000,10.071576171875,1.132088551941514,4.996785373985767,-2.1726602651804683
1789755362625591000,10.081591064453125,1.0813304246068,5.12822505775392,-2.5389105753421783
1789755362635607000,10.09160693359375,0.9709534026116132,5.043506208628416,-3.1623686371445654
1789755362645622000,10.1016220703125,0.6424328113853931,4.75626864490509,-3.7608103311121464
1789755362655638000,10.111637939453125,0.1662380254268646,4.469633723250031,-4.138313272172212
1789755362665653000,10.121653076171874,-0.26313421908020973,4.312705377960205,-4.418191120782494
1789755362675669000,10.1316689453125,-0.47779228428304193,4.233287557852268,-4.750756603485345
1789755362685684000,10.14168408203125,-0.5617267415652051,4.1174551930606365,-5.2064615591228005
1789755362695700000,10.151699951171874,-0.6534791060566901,3.8963545275896787,-5.7728352131783955
1789755362705715000,10.16171484375,-0.8089964155048132,3.6443402529388664,-6.283453662264347
1789755362715731000,10.17173095703125,-0.9464596704114228,3.437825746703148,-6.619618630763888
1789755362725746000,10.181745849609374,-1.06094580822587,3.301929668048024,-6.9375430091738695
1789755362735762000,10.191761962890626,-1.1104834538549184,3.1745249388843773,-7.298135731965303
1789755362745778200,10.201778076171875,-1.1430074208408594,3.106840811190009,-7.451157132944465
1789755362755793200,10.211793212890624,-1.238071138370037,3.196200179597735,-7.357363581481575
1789755362765809200,10.22180908203125,-1.4686813904643057,3.464968020650744,-6.955839713364839
1789755362775824100,10.23182421875,-1.663523579084873,3.8383904143989085,-6.42240912849009
1789755362785840000,10.241840087890624,-1.7842852169722319,4.168225595355033,-5.922659863942862
1789755362795855000,10.251855224609375,-1.841546150329709,4.429340875828266,-5.449943567749858
1789755362805871000,10.26187109375,-1.9060259290248154,4.49373122267425,-4.952014504367113
1789755362815886000,10.271885986328124,-1.908466307914257,4.351238814494014,-4.474090702658891
1789755362825902000,10.281902099609376,-1.8164239840328693,4.043081796860695,-4.183036210995913
1789755362835917000,10.2919169921875,-1.6221546268641949,3.4552976905077695,-4.148336653536558
1789755362845933000,10.30193310546875,-1.3678589632779359,2.5859233786687255,-4.207232494619489
1789755362855948800,10.31194873046875,-1.0834785425513982,1.622670759692788,-4.258024524223805
1789755362865964000,10.321964111328125,-0.8142255483299493,0.6178267779171467,-4.306479635313153
1789755362875979800,10.331979736328124,-0.5366641599684954,-0.35886604512929915,-4.216728637239337
1789755362885995000,10.3419951171875,-0.25413842719793317,-1.2889303879916667,-3.969014690130949
1789755362896010800,10.3520107421875,0.059421344528067854,-2.066525410799682,-3.485105384272337
1789755362906026000,10.36202587890625,0.3889923033237457,-2.6597566766425964,-2.8181869509279727
1789755362916042000,10.3720419921875,0.7297463531792163,-3.2038118236452338,-2.0629794087558984
1789755362926057000,10.382056884765625,1.079431897509098,-3.5350437196567652,-1.2923878349691629
1789755362936073000,10.392072998046874,1.3698457531809807,-3.611697628009319,-0.47701487016975874
1789755362946088200,10.402088134765625,1.6301847885847092,-3.534503621430695,0.35327509325444695
1789755362956104000,10.41210400390625,1.8849147519350051,-3.3739255214616652,1.0694283898890018
1789755362966120000,10.422119873046874,2.08821511842981,-3.2494317113086577,1.585074311748147
1789755362976135000,10.432135009765625,2.164405062532425,-3.1763448477879166,1.9121616553008556
1789755362986151000,10.44215087890625,2.1361212173342703,-3.156527802161872,2.066318197789788
1789755362996166000,10.452165771484376,2.0328139875948428,-3.2805311984494328,2.0739415322750805
1789755363006182000,10.462181884765625,1.856544397497177,-3.4502804468676445,2.116087898609042
1789755363016196900,10.47219677734375,1.6574562418699263,-3.574306347247958,2.2192618573576213
1789755363026212900,10.482212890625,1.5400804470285772,-3.6950276531249284,2.323859711429477
1789755363036227800,10.492227783203125,1.5286277635134755,-3.8657983535453675,2.335617369240522
1789755363046243800,10.502243896484375,1.4957577595688403,-4.069653285183012,2.440912557926774
1789755363056258800,10.5122587890625,1.4259762212038039,-4.269908438763022,2.5719004062741995
1789755363066274800,10.52227490234375,1.4093265535674988,-4.4493198340177535,2.6046739641070364
1789755363076291000,10.532291015625,1.3887059364736078,-4.626660268217325,2.603372233858704
1789755363086306000,10.54230615234375,1.318971305990219,-4.796362754884362,2.733638197672367
1789755363096322000,10.552322021484375,1.3305625211931764,-4.867622110716998,2.891619266885519
1789755363106337000,10.5623369140625,1.491048851225525,-4.839380058833957,2.9945027182549238
1789755363116353000,10.57235302734375,1.7847408517852426,-4.744399927935004,3.0811341230034826
1789755363126368000,10.582367919921875,2.086007963774353,-4.57960713288039,3.145421593996882
1789755363136384000,10.592384033203125,2.3452198948442935,-4.408903652477264,3.2106758641958235
1789755363146399000,10.60239892578125,2.579432263083756,-4.329698598337173,3.154010558643937
1789755363156415000,10.6124150390625,2.718676775383949,-4.3533278957277535,2.7237340587735175
1789755363166430000,10.622429931640625,2.651259189671278,-4.659240933826566,2.109683292263746
1789755363176446000,10.632446044921876,2.402139613548666,-5.163412690991163,1.7120248674035072
1789755363186462000,10.6424619140625,2.1343198670007286,-5.622898918733,1.5540630874127148
1789755363196477000,10.652476806640625,2.0935366057135165,-5.8526177749454975,1.5818746389240026
1789755363206493000,10.662492919921876,2.256802921853214,-5.855307160159946,1.6773679800420997
1789755363216508000,10.6725078125,2.5014497364759443,-5.757581529945135,1.620632531863451
1789755363226524000,10.68252392578125,2.7052456314027307,-5.7415878419995305,1.1939046643853186
1789755363236539000,10.692538818359376,2.795453725594282,-5.937049039301276,0.3777677294760942
1789755363246555100,10.70255517578125,2.700287716734409,-6.352170640137791,-0.47358255763351914
1789755363256569900,10.71256982421875,2.488543493151665,-6.751922822406888,-1.166555469688773
1789755363266586000,10.722586181640626,2.3233622833013534,-6.985114907687902,-1.768252950581908
1789755363276601000,10.73260107421875,2.3432233141995966,-7.049540910369157,-2.1106436617285014
1789755363286617000,10.7426171875,2.475359017407894,-6.908699192005395,-2.0553642575770614
1789755363296633000,10.752633056640626,2.6991981679320336,-6.422807187896966,-1.682106699001789
1789755363306648000,10.76264794921875,3.0313632531404493,-5.613288209822773,-1.3596914389133452
1789755363316664000,10.7726640625,3.266753725248575,-4.620945982223749,-1.1946113513499497
1789755363326679000,10.782678955078126,3.361688263440132,-3.6059085232138632,-1.2615852849483489
1789755363336695000,10.792695068359375,3.206799315023422,-2.79076732134372,-1.7853005314946173
1789755363346710000,10.8027099609375,2.8092554564535615,-2.270511421471089,-2.690634337726235
1789755363356726000,10.81272607421875,2.2207003657281397,-1.9578464248940348,-3.565184883159399
1789755363366741000,10.822740966796875,1.5002340282000601,-1.6404446090534328,-4.411383194333315
1789755363376757000,10.832757080078125,0.6253381033953279,-1.1673850523807108,-4.857971946579218
1789755363386772000,10.84277197265625,-0.3666365330003202,-0.682964289868623,-4.811685996222495
1789755363396788000,10.8527880859375,-1.2686591688573359,-0.28357962573766704,-4.451664935839176
1789755363406804000,10.862803955078125,-1.8253155848883091,0.20557985573410986,-3.7442017261385914
1789755363416819200,10.872819091796876,-2.097875950092077,0.8004395995616912,-2.859255458897352
1789755363426835000,10.8828349609375,-2.2734464520096775,1.3416139304310082,-1.9906208595097064
1789755363436850200,10.89285009765625,-2.335662961947918,1.7155141708239912,-1.2849123845219612
1789755363446866000,10.902865966796876,-2.6376456748604773,1.8817565801650284,-0.6137853935718536
1789755363456881200,10.912881103515625,-2.7015198888778684,2.0525275728464125,0.08654314194321631
1789755363466897000,10.92289697265625,-2.743706002700329,2.207943467746675,0.7845452803373336
1789755363476912000,10.932912109375,-2.9030525150477886,2.279028051534295,1.3850743019729852
1789755363486928000,10.942927978515625,-2.9704759459793566,2.2375956786885856,1.7977625381827353
1789755363496943400,10.952943359375,-2.9033751711308953,2.1831018719568847,2.0238398230224846
1789755363506959000,10.962958984375,-2.674931157159805,2.136850408391654,2.1339871279150247
1789755363516975000,10.97297509765625,-2.420150924926996,2.108976605299115,2.2238345721006394
1789755363526990000,10.982989990234374,-2.216177335345745,2.025693341934681,2.3672341582536696
1789755363537006000,10.993006103515626,-1.9750725772440432,1.9091992983639239,2.5040958670705558
1789755363547021000,11.00302099609375,-1.6894669986367226,1.864276745314896,2.487908702379465
1789755363557037000,11.013037109375,-1.414795486497879,1.8195348095297812,2.4082716865628955
1789755363567052000,11.023052001953126,-1.1341571749091148,1.795038373915851,2.315169624495506
1789755363577068300,11.033068359375,-0.9202245013713836,1.76964820433259,2.181668916544318
1789755363587083300,11.043083251953124,-0.715130967849493,1.7571353442400692,2.017514711654186
1789755363597099300,11.053099365234376,-0.5357213261604309,1.7998054421871899,1.8747493317514656
1789755363607115300,11.063115234375,-0.38682957233190535,1.9027578671395777,1.7383575785338878
1789755363617130200,11.073130126953124,-0.22524666096819562,2.0133841877207157,1.5947773751169443
1789755363627146200,11.083146240234376,-0.11189970151782035,2.120388518412411,1.3683973079383371
1789755363637161200,11.0931611328125,0.0524807133436203,2.21335234105289,1.092820955914259
1789755363647177200,11.10317724609375,0.19319266784787176,2.2721555354163048,0.7904115420222282
1789755363657192200,11.113192138671875,0.33014848468899727,2.3225468752652407,0.36387130607068535
1789755363667208200,11.123208251953125,0.4423170662760734,2.3245015164643523,-0.13695172518789767
1789755363677223200,11.13322314453125,0.448186798559688,2.2902377200737596,-0.6388619671612977
1789755363687239200,11.1432392578125,0.3076888155996799,2.2234479108706116,-1.2059458153128624
1789755363697254100,11.153254150390625,0.09143321553971617,2.1328052246540783,-1.8151269299596546
1789755363707270100,11.163270263671874,-0.09884730945480986,2.067068139374256,-2.309422020754218
1789755363717286400,11.173286376953126,-0.2249614142860286,2.0938936024576424,-2.689677475392818
1789755363727301000,11.183301025390625,-0.38886020137667654,2.235854680240154,-3.038198652118444
1789755363737317400,11.1933173828125,-0.5735854851305484,2.483271690228581,-3.385626188388467
1789755363747332400,11.203332275390625,-0.7773053922116756,2.757871890696883,-3.686861882326007
1789755363757348400,11.213348388671875,-0.9146002317488193,3.077776629269123,-3.8908863253116603
1789755363767363300,11.22336328125,-0.9838625685453415,3.372435867425799,-4.165668896609544
1789755363777379300,11.23337939453125,-1.0237982730925081,3.634506841188669,-4.447230168262124
1789755363787394300,11.243394287109375,-1.0211632484138011,3.8467888249099254,-4.5321512619614595
1789755363797410300,11.253410400390624,-1.0733195521086454,4.035485934904218,-4.497951470717788
1789755363807425300,11.26342529296875,-1.1262322271287442,4.17281993740797,-4.431498930644989
1789755363817441300,11.273441162109375,-1.2129051329314708,4.153817130774259,-4.6890421978503465
1789755363827457300,11.283457275390624,-1.3269552904814481,3.8828070637524124,-5.144034036782384
1789755363837472300,11.29347216796875,-1.3462667246729134,3.329505657237768,-5.784798622694611
1789755363847488300,11.30348828125,-1.3501736689835786,2.6631284911632536,-6.611320173496008
1789755363857503200,11.313503173828124,-1.3372171567767859,2.1524439911037683,-7.274104868036508
1789755363867519200,11.323519287109375,-1.3015934702098368,2.1308026526600123,-7.6927587346524
1789755363877534200,11.3335341796875,-1.2790747644096612,2.741758375763893,-7.761017447364329
1789755363887550200,11.34355029296875,-1.466165023729205,3.7863048378527164,-7.4810992667436595
1789755363897565200,11.353565185546875,-1.771753652179241,4.871465049880743,-7.080135370597243
1789755363907581400,11.36358154296875,-1.879205726638436,5.703474092182517,-6.988466556203365
1789755363917596400,11.373596435546874,-1.7180349214732646,6.177120362702012,-6.944137000611424
1789755363927612400,11.3836123046875,-1.7310919714450834,6.103274205246567,-7.088823119443655
1789755363937628200,11.393628173828125,-1.7281559179931878,5.449475365716219,-7.186696049174666
1789755363947643400,11.403643310546874,-2.0615175195097923,4.513819194196165,-7.42306033475101
1789755363957659100,11.4136591796875,-2.706768895447254,3.5761873386889693,-7.719910360950231
1789755363967674400,11.42367431640625,-3.1586744588017464,2.7281542133033274,-7.866419019034504
1789755363977690000,11.433690185546874,-3.331405937901139,2.069876474793255,-7.898019441434741
1789755363987705300,11.443705322265625,-3.1116064181566236,1.6483587431788445,-7.76782420476973
1789755363997721000,11.45372119140625,-2.518312023949623,1.598961382803321,-7.541461088725924
1789755364007736300,11.463736328125,-1.4835072036743162,1.7284125231027603,-6.595954846581816
1789755364017752000,11.473751953125,-1.2336311100959778,2.057113147071004,-7.175979424849152
1789755364027767300,11.483767333984375,-1.3202408875346183,2.229243445406854,-7.441558698993921
1789755364037783000,11.493782958984376,-1.4261784657776355,1.6874902917362749,-7.27186322658956
1789755364047799300,11.50379931640625,-1.8645523473858832,0.9836392811834812,-7.198359598961472
1789755364057814000,11.51381396484375,-2.2989783681511877,0.5015237268738448,-7.482315072274208
1789755364067830300,11.523830322265624,-2.5641210044443605,-0.4178413081239909,-7.60415223043859
1789755364077845200,11.53384521484375,-2.900306431210041,-1.9614812742650507,-7.146477436032891
1789755364087861200,11.543861328125,-3.083274642163515,-3.0049069156304,-6.581957300889492
1789755364097876200,11.553876220703126,-2.9154923099040984,-3.681818627461791,-5.920080953365564
1789755364107892200,11.563892333984375,-2.356832006704807,-4.064820458199083,-5.090258022931218
1789755364117907200,11.5739072265625,-1.537508842974901,-4.2852351872324945,-4.41950454146862
1789755364127923200,11.583923095703126,-0.5737561289897188,-4.544439665648341,-4.137888324758411
1789755364137938200,11.593938232421875,0.5420552784223109,-4.7053164563030005,-4.055742540991306
1789755364147954200,11.6039541015625,1.7348106997072696,-4.974868141210079,-3.868877907121181
1789755364157970200,11.61397021484375,2.7627801210045813,-5.327199231612682,-3.7222564363121986
1789755364167985200,11.623985107421875,3.4393829130172726,-5.655142899733781,-3.5261142710089683
1789755364178001200,11.634001220703125,4.023107514846325,-6.0359554037332535,-3.3197546630740162
1789755364188016000,11.64401611328125,4.585941304337978,-6.4275628579914565,-3.08378726786077
1789755364198032100,11.6540322265625,5.073576937243342,-6.827903653803467,-2.7053110978543757
1789755364208047000,11.664047119140625,5.428485184657573,-7.122974979892373,-2.082512376743555
1789755364218063000,11.67406298828125,5.689356134980916,-7.358855865865945,-1.4410650692641733
1789755364228078000,11.684078125,5.929719719326496,-7.626113302356004,-0.9338631506234407
1789755364238094300,11.69409423828125,6.193074887681007,-7.857170713695884,-0.5724994434595108
1789755364248109300,11.704109375,6.839926684552431,-7.961163587611913,-0.4024000664293766
1789755364258125300,11.714125244140625,7.275530516925453,-8.059982858282327,-0.438440517103672
1789755364268141300,11.724141357421875,7.643330979138613,-8.268390630918741,-0.5036363351136446
1789755364278156300,11.73415625,7.783391776257753,-8.405640462270378,-0.5181693028569221
1789755364288172300,11.74417236328125,7.827589814424514,-8.428491761025786,-0.304727043184638
1789755364298187300,11.754187255859375,7.770387333256005,-8.551561675855517,0.06523965715169906
1789755364308203300,11.764203369140626,7.764496521651744,-8.493733171743154,0.4520639687865972
1789755364318218200,11.77421826171875,7.6685589438974855,-8.450479136428237,0.7797077771782874
1789755364328234200,11.784234130859375,7.592788540381193,-8.503173200261593,1.2165706697016954
1789755364338249200,11.794249267578126,7.584955947059393,-8.543907946231961,1.7792969071656464
1789755364348265200,11.80426513671875,7.483409297251701,-8.514129478561877,2.26587104831934
1789755364358281200,11.81428125,7.2865797342061995,-8.358830780300497,2.7698966750115153
1789755364368296200,11.824296142578126,7.168498129183053,-8.142722516289354,3.2748557831615206
1789755364378312400,11.8343125,7.029474273896217,-7.879750794294476,3.496518174168467
1789755364388327200,11.8443271484375,6.742459997534752,-7.700921582841873,3.2806267677783962
1789755364398343400,11.854343505859376,6.234367852056026,-7.784466712012887,2.747663215893507
1789755364408358400,11.8643583984375,5.57375640990138,-7.876326080542802,2.105589885470271
1789755364418374400,11.87437451171875,4.877860888397693,-7.794953619235754,1.6857845107316969
1789755364428389400,11.884389404296876,4.215961159998178,-7.671827590304613,1.341114748737216
1789755364438405400,11.8944052734375,3.500254145826399,-7.598024687469005,0.9797066179096698
1789755364448420400,11.90442041015625,2.725965471087396,-7.567156670996546,0.5874708026200532
1789755364458436400,11.914436279296876,1.8602219169661403,-7.507169527545571,0.04774491699337959
1789755364468452000,11.9244521484375,0.8949778319120406,-7.337676299715041,-0.47891924248635764
1789755364478467300,11.93446728515625,-0.14972586656510828,-7.048854097148776,-0.8780290351986885
1789755364488483000,11.944483154296876,-1.4713082318365573,-6.610100860834121,-1.2263953136235475
1789755364498498300,11.954498291015625,-2.8353005828142166,-6.144855923435092,-1.8026386197865008
1789755364508514000,11.96451416015625,-3.866049113436043,-5.528108757448196,-2.844578114247322
1789755364518529300,11.974529296875,-4.943229140365124,-4.833113399654627,-3.8123914652675386
1789755364528545300,11.984545166015625,-6.295186185634136,-4.102570343139767,-4.292440004044771
1789755364538560500,11.994560546875,-8.241521328693628,-3.5476083099365234,-4.30439639929831
1789755364548576300,12.004576171875,-9.50296749743223,-3.0209172624498604,-4.227396161726117
1789755364558592300,12.01459228515625,-10.715246022897958,-2.48847744217813,-3.8091660734802484
1789755364568607200,12.024607177734374,-12.045619012868404,-2.001994486439228,-2.8586422954350708
1789755364578623200,12.034623291015626,-13.196100715112685,-1.6416370337083934,-1.7012591432392596
1789755364588638200,12.04463818359375,-13.875817839753626,-1.358636376902461,-0.6771621794611216
1789755364598654200,12.054654296875,-13.966514594244956,-1.1368936141356825,0.1369505561441183
1789755364608669200,12.064669189453125,-13.656664216697216,-1.0966767545595764,0.7318085464060307
1789755364618685200,12.074685302734375,-12.855477598160505,-1.2595567017301916,1.0586229182362557
1789755364628700200,12.0847001953125,-11.548225956058502,-1.4336743744909763,1.2424082907915115
1789755364638716200,12.094716064453126,-9.927642524033784,-1.5006293111279605,1.2271855872184037
1789755364648731100,12.104731201171875,-8.273664187407492,-1.6696709957987068,1.0610077675461769
1789755364658747100,12.1147470703125,-6.662039137864112,-1.9644272645890712,0.9089788847357034
1789755364668763100,12.12476318359375,-5.142655734166502,-2.3200363537490367,0.7340051796674728
1789755364678778000,12.134778076171875,-3.7846123547211286,-2.7585686407893895,0.49199967333376404
1789755364688794400,12.14479443359375,-2.434547699069977,-3.19973536798656,0.4184399316042661
1789755364698809300,12.154809326171875,-1.0574258174061775,-3.5780952181369066,0.46132980978190896
1789755364708825300,12.164825439453125,0.26658085240274665,-3.9274329719424244,0.40406712285876273
1789755364718840300,12.17484033203125,1.5757739839613436,-4.246941989195347,0.23488544519543647
1789755364728856300,12.184856201171876,3.025068829171359,-4.586728070801496,-0.163646839889884
1789755364738871300,12.194871337890625,4.662984796530008,-4.8679240162730215,-0.7496189283847808
1789755364748887300,12.20488720703125,6.372534798252582,-5.058765152558684,-0.9856167187362909
1789755364758903300,12.2149033203125,7.861160075592994,-5.106686595162749,-0.8712088337898254
1789755364768918300,12.224918212890625,8.838989209192992,-4.940034728237986,-0.44814474951624866
1789755364778934300,12.234934326171874,9.389331765902043,-4.454634891560674,0.44534430514276024
1789755364788949200,12.24494921875,9.809640413987635,-4.052423625701666,1.5339976199835539
1789755364798965200,12.25496533203125,10.189029022663831,-3.8570232186764475,2.5501930168569085
1789755364808980200,12.264980224609374,10.289016168069839,-3.8419671038419008,3.284059080314636
1789755364818996200,12.274996337890625,10.020559292662144,-4.028670994192361,3.6897944286465645
1789755364829011200,12.28501123046875,9.51380687135458,-4.276134181410074,3.7669022182464595
1789755364839027200,12.295027099609374,8.85726837772727,-4.665023608881235,3.6310821274369953
1789755364849043500,12.30504345703125,8.180769630610943,-4.828893736132979,3.39979441447258
1789755364859058400,12.315058349609375,7.341382168495655,-4.591854912295937,3.380849475505948
1789755364869074400,12.325074462890624,6.47280076059997,-4.262062985959649,3.1637358338445423
1789755364879089400,12.33508935546875,5.775645594424009,-3.8020547801703213,2.836659011685848
1789755364889105400,12.34510546875,5.065067467573285,-3.401683296959102,2.4336972197204827
1789755364899120400,12.355120361328124,4.338309482555091,-3.054707011587918,1.7595500041663645
1789755364909136400,12.365136474609375,3.692948508763313,-2.7217475611314175,0.872899271094799
1789755364919151400,12.3751513671875,3.070006287528574,-2.4251070860296484,0.19688275453746318
1789755364929167400,12.38516748046875,2.4144246562346816,-2.1038298900604246,-0.19235855511128902
1789755364939183400,12.395183349609376,1.7877463172115384,-1.7889195987746118,-0.6054530340343713
1789755364949198300,12.4051982421875,1.3157608195111155,-1.4973583266332744,-1.343686645051837
1789755364959214300,12.41521435546875,1.114311195449531,-1.2132619835451244,-2.3643261618524787
1789755364969229300,12.425229248046875,1.1476562695600092,-0.9071481621772051,-3.793997145920992
1789755364979245300,12.435245361328125,1.222706249847263,-0.4728565814465284,-5.410081512960791
1789755364989260300,12.44526025390625,1.2042590312696992,0.21839885916635393,-6.739607530713081
1789755364999276300,12.4552763671875,1.0955705468833445,1.0770200140617787,-7.774561988592147
1789755365009291300,12.465291259765625,0.9846014042139053,1.9205746788591145,-8.608357329788804
1789755365019307300,12.475307373046874,0.824858586025238,2.6361235798597336,-9.29269100831449
1789755365029323300,12.4853232421875,0.5339068240843713,3.119192927762866,-9.726762808814645
1789755365039338200,12.495338134765625,0.28658611407727,3.4206516168013215,-9.876430223190784
1789755365049354200,12.505354248046874,0.17174086062684654,3.6566453154996035,-9.902787484240532
1789755365059369200,12.515369140625,0.15519772210493682,3.877344998954236,-9.79620517835319
1789755365069385200,12.52538525390625,0.2184115725174546,4.1175913866609335,-9.315805341920257
1789755365079400200,12.535400146484376,0.3286264627534896,4.343823569801449,-8.689094415801764
1789755365089416200,12.545416259765625,0.41923320087380705,4.445936621320247,-8.137523194080591
1789755365099431200,12.55543115234375,0.3793533912323415,4.422398801605403,-7.647547720050811
1789755365109447200,12.565447265625,0.11638166923746467,4.399047736634314,-7.1183934973210095
1789755365119463200,12.575463134765625,-0.39676410636901854,4.395806270495057,-6.529910302788019
1789755365129478100,12.58547802734375,-1.0410614695172757,4.3049861818850035,-5.7174348129957915
1789755365139494100,12.595494140625,-1.6925871764838694,4.142130784633755,-4.727466328790784
1789755365149509000,12.605509033203125,-2.257315985941887,3.867428877356648,-3.645986266580224
1789755365159525000,12.615525146484375,-2.824900769352913,3.550247426268458,-2.4660090052604673
1789755365169540000,12.6255400390625,-3.4444039560496806,3.1433623233795163,-1.1859896534770726
1789755365179556400,12.635556396484375,-3.764418000215292,2.7932144222348927,0.020109306570887563
1789755365189571300,12.6455712890625,-4.2990111991286275,2.3443287912234663,1.1636264304995536
1789755365199587300,12.65558740234375,-4.265750734561681,1.9702673689194024,2.1008523355543613
1789755365209603300,12.665603271484375,-4.290757165524363,1.7043381122931838,2.885337994658947
1789755365219618300,12.675618408203125,-4.321868927624822,1.4574367967419326,3.53461497285068
1789755365229634300,12.68563427734375,-4.140529194656014,1.1534699242748319,4.004003585925698
1789755365239649300,12.695649169921875,-3.8591380188733337,0.8263250053159892,4.230409372067451
1789755365249665300,12.705665283203125,-3.552461010664701,0.4821713761501014,4.287532358258963
1789755365259680300,12.71568017578125,-3.33880773859024,0.22414682823382318,4.353897804570198
1789755365269696300,12.7256962890625,-3.2828315843462943,0.06843859932348131,4.297997638171911
1789755365279711200,12.735711181640625,-3.258912948620319,-0.0775134295250289,4.203716595453024
1789755365289727200,12.745727294921876,-3.358803063392639,-0.2957092221336439,4.0036096181720495
1789755365299743200,12.7557431640625,-3.4916520294368265,-0.5475746263656764,3.720640817809105
1789755365309758200,12.76575830078125,-3.624393443453312,-0.7246427464298903,3.399357192099094
1789755365319774500,12.7757744140625,-3.634752340382337,-0.8147859586916864,3.1232927642971275
1789755365329789200,12.7857890625,-3.526621636009216,-0.8224838197179138,2.8533950424313543
1789755365339805400,12.795805419921875,-3.3168016584873197,-0.829065974587202,2.6186709252774714
1789755365349820400,12.8058203125,-3.035293578326702,-0.8940820521160959,2.4796710353881117
1789755365359836400,12.81583642578125,-2.6680840677440165,-1.08034199809134,2.3072464302808045
1789755365369851400,12.825851318359375,-2.2436685688614846,-1.393903505116701,2.1160025584131477
1789755365379867400,12.835867431640626,-1.881384239721298,-1.7132767671607434,1.8824141672909258
1789755365389883400,12.84588330078125,-1.5680115332663058,-2.0980090749524534,1.630434963953495
1789755365399898400,12.8558984375,-1.1982009733397514,-2.5567037139251827,1.4074205738157033
1789755365409914400,12.865914306640626,-0.8422270694553852,-3.101350397080183,1.1106599794656038
1789755365419929300,12.875929443359375,-0.46551323294639585,-3.710956751401722,0.707238168773055
1789755365429945300,12.8859453125,-0.041179494063183664,-4.3612499208986755,0.16822364628612993
1789755365439960300,12.895960205078126,0.4408979201931506,-5.004757668039202,-0.4030255048513412
1789755365449976300,12.905976318359375,1.0128210250694305,-5.628294640296697,-1.006424528965354
1789755365459992000,12.915991943359375,1.5928209803521631,-6.1465562976121895,-1.761725594639778
1789755365470007300,12.92600732421875,2.1278021556697784,-6.586590221387148,-2.4919489176809786
1789755365480023300,12.936023193359375,2.6430688689529895,-6.977344273686408,-3.2141765657931565
1789755365490038300,12.946038330078125,3.1637527849793434,-7.37857880346775,-3.967202087751031
1789755365500054000,12.956053955078126,3.5757822650194164,-7.708383004763722,-4.608277054786682
1789755365510069200,12.9660693359375,3.9239737713992593,-7.761797784087062,-4.877856212222576
1789755365520085000,12.9760849609375,4.285284287071228,-7.2101628494799135,-4.62806896597147
1789755365530100200,12.986100341796876,4.64778138217926,-5.949235736179351,-3.9918654043644666
1789755365540116000,12.996115966796875,4.897414314651489,-4.551144131723046,-3.348682066872716
1789755365550132000,13.006132080078125,4.945917941057682,-3.353344213464856,-3.0553099459171293
1789755365560147000,13.01614697265625,4.821249943381548,-2.4191242122277616,-3.336068084493279
1789755365570163000,13.026162841796875,4.524567674964666,-1.797384352520108,-3.8819887331068514
1789755365580178000,13.036177978515624,3.975735522818565,-1.4015499282166362,-4.403713682618737
1789755365590194000,13.04619384765625,3.1905449303150175,-0.9901169527649879,-4.5787394101351495
1789755365600209000,13.056208984375,2.1307681658685205,-0.8938438594460487,-4.454219296497106
1789755365610225200,13.06622509765625,1.2064824064075945,-0.9365522435769438,-4.104781004926562
1789755365620241200,13.0762412109375,0.5105705182909965,-0.7737488687738776,-3.5196827766567464
1789755365630256000,13.086256103515625,-0.07876205961294472,-0.32620237741172314,-2.538045482945442
1789755365640272100,13.096272216796875,-0.697788203382492,0.30096710612922906,-1.202082125622034
1789755365650287000,13.106287109375,-1.157083292466402,0.8931573384866118,0.137421096265316
1789755365660303000,13.11630322265625,-1.41378660171628,1.3771686434149741,1.1666793883293867
1789755365670318000,13.126318115234374,-1.58491941344738,1.6500255073472856,1.8334382471978663
1789755365680334000,13.136333984375,-1.612206064301729,1.8045286713168025,2.1981582790523766
1789755365690349000,13.14634912109375,-1.6324223383784293,1.858047495536506,2.4340187067598102
1789755365700365000,13.156364990234374,-1.623774921542406,1.877505060200393,2.6691864760279653
1789755365710381000,13.166381103515626,-1.5692214935779571,1.9546371074587106,2.9377251845002172
1789755365720396000,13.17639599609375,-1.587062270694971,2.094664879091084,3.167812874025106
1789755365730412000,13.186412109375,-1.5819675779044626,2.25244224242568,3.3168694630265234
1789755365740427000,13.196427001953126,-1.4571499426245689,2.358503154787421,3.4407296514511105
1789755365750443300,13.206443359375,-1.206010112720728,2.39412625683248,3.503499119096994
1789755365760458000,13.2164580078125,-0.8799708169162272,2.4029288642302156,3.472034890297055
1789755365770474200,13.22647412109375,-0.5350584418049081,2.3851927165314555,3.4064117867857218
1789755365780490200,13.236490234375,-0.18061488929297773,2.3434856183975934,3.3638241064250467
1789755365790505200,13.246505126953124,0.17636534208972007,2.3234867864638566,3.3098768276602026
1789755365800521200,13.256521240234376,0.5083950008828193,2.3168173917025325,3.222407803043723
1789755365810536200,13.2665361328125,0.7194961773216724,2.2563497712582348,3.042848523750901
1789755365820552200,13.27655224609375,0.8526128543913364,2.114126243147254,2.6904607347249985
1789755365830567200,13.286567138671876,0.9227613994378596,1.9075307806298136,2.1898568991750476
1789755365840583200,13.296583251953125,0.9999275681614875,1.6494988531246781,1.7179168480515479
1789755365850598100,13.30659814453125,1.0875872199792413,1.431380710595846,1.418739840209484
1789755365860614100,13.3166142578125,1.1883376048427075,1.3315578158408403,1.2151245625466107
1789755365870630100,13.326630126953125,1.345790339332819,1.327147598183155,0.9854700037419796
1789755365880645000,13.33664501953125,1.544124461722374,1.4267360996603964,0.6576473316520453
1789755365890661000,13.3466611328125,1.7829799795925616,1.5394459485173224,0.36749651083052154
1789755365900676000,13.356676025390625,2.0350435002125797,1.7360715134233236,0.12114800685644149
1789755365910692000,13.366692138671874,2.293355267572403,1.9775836832821367,-0.3152729871183634
1789755365920707000,13.37670703125,2.4317501773059367,2.187288509991765,-0.9532318679600954
1789755365930723000,13.38672314453125,2.379700841116905,2.359536589488387,-1.7350713964700697
1789755365940739000,13.396739013671874,2.2235504944622515,2.493012747520208,-2.473777301174402
1789755365950754000,13.406754150390626,1.9593091909229754,2.5999498581945897,-3.23280118676424
1789755365960770000,13.41677001953125,1.583513053780794,2.682918648782372,-3.998873237299919
1789755365970785000,13.426784912109374,1.1930161180477588,2.7577906421542164,-4.6751007662594315
1789755365980801000,13.436801025390626,0.7999812613349407,2.7707044842630624,-5.268967991918325
1789755365990816000,13.44681591796875,0.40222704795002934,2.865697474643588,-5.704499928098917
1789755366000832000,13.45683203125,0.027969445486739276,3.030806203779578,-5.996437632337212
1789755366010847000,13.466846923828125,-0.2733200975298881,3.250228122383356,-6.135158120763301
1789755366020863000,13.476863037109375,-0.4353787549128756,3.532466854906082,-6.090807522383332
1789755366030879000,13.48687890625,-0.5024818678488955,3.9138352392226454,-5.8655304480105634
1789755366040894000,13.49689404296875,-0.5384732552170753,4.371123080137372,-5.557530666765571
1789755366050910000,13.506909912109375,-0.5556839177370071,4.774905540835857,-5.334679358235001
1789755366060925000,13.516925048828124,-0.5879354975223541,5.007400291502475,-5.3924809743404385
1789755366070941200,13.526941162109376,-0.6435474946290254,4.927134330132604,-5.701991160148382
1789755366080956200,13.5369560546875,-0.7665244704782962,4.50156381599605,-6.325230610764026
1789755366090972200,13.54697216796875,-1.004309728768468,3.7542683621227737,-7.150296117538213
1789755366100988200,13.55698828125,-1.3510305780738592,2.856042342069745,-8.005380915001034
1789755366111003100,13.567003173828125,-1.7242641712516544,2.0426789635270834,-8.716452378326654
1789755366121019100,13.57701904296875,-2.0768623881578443,1.3958943866729736,-8.963121200296282
1789755366131034000,13.5870341796875,-2.307645074209571,1.1114227805316448,-8.72591520319879
1789755366141050000,13.597050048828125,-2.3108716350406406,1.1795195806801317,-8.140133084318041
1789755366151065000,13.607065185546874,-2.1739409526407716,1.4257640397578477,-7.4195152094900605
1789755366161081000,13.6170810546875,-1.920999041751027,1.641184906026721,-6.899540903037786
1789755366171096000,13.627095947265625,-1.58133863235116,1.678259375923872,-6.56974546957016
1789755366181112000,13.637112060546874,-1.3087667228400706,1.4757254637569188,-6.3242176343292
1789755366191128000,13.647128173828126,-0.982563833971694,1.163243568661809,-6.173235045701265
1789755366201143000,13.65714306640625,-0.6155798757731914,0.8995897096216678,-5.950776535880565
1789755366211159000,13.667158935546874,-0.3165899149358272,0.7498457228779792,-5.561881263190507
1789755366221174000,13.677174072265625,-0.15351473745405672,0.6902998934537172,-4.982909993368387
1789755366231190300,13.687190185546875,-0.1565185954451561,0.7198030513137579,-4.284129271817207
1789755366241205200,13.697205322265624,-0.2126362039864063,0.7553776380419731,-3.6284482718020676
1789755366251221200,13.70722119140625,-0.2733025618731975,0.6785100869387388,-3.124396341624856
1789755366261237200,13.7172373046875,-0.3358101637125015,0.4768421439513564,-2.7482658579617736
1789755366271252200,13.727252197265624,-0.3519721939623356,0.14118103332072496,-2.4202152223348614
1789755366281268200,13.737268310546876,-0.27734628430604935,-0.27886545669734475,-2.080632554346323
1789755366291283200,13.747283203125,-0.07499415844678878,-0.7253504563078284,-1.6749340308934448
1789755366301299200,13.75729931640625,0.1840109980046749,-1.1743123674258589,-1.2699205670952796
1789755366311314200,13.767314208984375,0.4925158061623573,-1.6321066965579987,-0.8337386425733566
1789755366321330200,13.777330078125,0.8128034065723418,-2.169219769337773,-0.39650107151865954
1789755366331346000,13.787345947265624,1.0730711303055285,-2.7382158808514476,0.028587796580791473
1789755366341361200,13.797361083984375,1.2915852864146231,-3.2960686670601365,0.4535907399624586
1789755366351377000,13.807376953125,1.4643570975244045,-3.8279724807590245,0.859243670707941
1789755366361392000,13.81739208984375,1.6518448317289351,-4.289689244031906,1.2891285409122704
1789755366371408100,13.827408203125,1.8037949502147732,-4.660114209529757,1.6518611983418463
1789755366381423000,13.837423095703125,1.9113408404372632,-5.022880769228935,1.9116566283881664
1789755366391439000,13.847439208984374,1.9627111083209514,-5.407814152550697,2.1297949369221922
1789755366401454300,13.857454345703125,1.945708535593748,-5.744195394149422,2.396025368452072
1789755366411470000,13.867469970703125,1.9666775277338922,-6.035323535570502,2.673829333397746
1789755366421486000,13.877486083984374,1.9842505938254296,-6.280055836519598,2.949561168244481
1789755366431501000,13.8875009765625,2.075465526971966,-6.426670877587795,3.2304671908587217
1789755366441517000,13.89751708984375,2.2567104212641715,-6.530945491054654,3.457738069397211
1789755366451532000,13.907531982421874,2.4969383965313434,-6.674090225663781,3.501930846866965
1789755366461548000,13.917548095703125,2.7720658357441423,-6.921641091164946,3.3307150330275297
1789755366471563000,13.92756298828125,3.0279017145097256,-7.267657007071375,3.1054385431766507
1789755366481579000,13.9375791015625,3.2666789064466952,-7.588145683011412,2.959844661849737
1789755366491595000,13.947594970703125,3.4289936209499836,-7.845392013096809,2.8786960724264383
1789755366501610000,13.95760986328125,3.543487430614233,-8.11628342217505,2.8617724101543427
1789755366511626000,13.9676259765625,3.6440076599836346,-8.324046467167138,2.9248300470918416
1789755366521641000,13.977640869140625,3.701857791405916,-8.40412888866365,3.0963264314383268
1789755366531657000,13.987656982421875,3.723404437303543,-8.348734918221831,3.301052885213494
1789755366541672000,13.997671875,3.695723818695545,-8.234572532469034,3.2541824129670855
1789755366551688000,14.00768798828125,3.540672373193502,-8.351018645244837,2.955303511288762
1789755366561703000,14.017702880859375,3.2960394409656524,-8.620923381373286,2.634718389236927
1789755366571719000,14.027718994140624,3.022860797733068,-8.849238216006755,2.2781319794774055
1789755366581735200,14.037735107421875,2.7429320957183836,-8.925355825525521,1.8199147487580776
1789755366591750000,14.04775,2.4929636476814747,-8.863092553836108,1.5659329734265803
1789755366601766100,14.05776611328125,2.2794142743729053,-8.49842045277655,1.627189698421955
1789755366611781000,14.067781005859375,2.203907051837444,-7.640718750813603,1.9639590625554322
1789755366621797000,14.077797119140625,2.2064356935322285,-6.5620747888118025,2.1097429134964942
1789755366631812000,14.08781201171875,2.2280865304566917,-5.632157160943747,1.726433916506171
1789755366641828000,14.097828125,2.1430551082506772,-5.117043738526106,0.9490139580041169
1789755366651843000,14.107843017578125,1.8305296662747859,-4.991705878764391,-0.08246493271887302
1789755366661859000,14.117859130859374,1.3105975915290415,-5.10707647126317,-1.2643681936651467
1789755366671875000,14.127875,0.6715526690162718,-5.3227036737591025,-2.333454638248682
1789755366681890000,14.13789013671875,-0.0017724165000021456,-5.453469988310337,-3.2240351119846102
1789755366691906000,14.147906005859374,-0.6224992997728288,-5.458389324533939,-3.810652512645721
1789755366701921000,14.157921142578125,-1.1592027688384055,-5.225781761142612,-3.990863533845544
1789755366711937000,14.16793701171875,-1.6006418832361697,-4.528914471997321,-3.7137551499485966
1789755366721952000,14.177951904296876,-1.7969138123989103,-3.437394369548559,-3.087562110224366
1789755366731968000,14.187968017578125,-1.7642425458967685,-2.233282491664588,-2.355243276208639
1789755366741984300,14.197984375,-1.6350316440939903,-1.1286071395665407,-1.769601442581415
1789755366751999200,14.207999267578124,-1.505197641956806,-0.2426154549255967,-1.379440680000186
1789755366762015200,14.21801513671875,-1.4626070389866828,0.4707122628942132,-1.2635592153698205
1789755366772030200,14.2280302734375,-1.5652970136106013,1.0112763529106974,-1.3883178139388561
1789755366782046000,14.2380458984375,-1.7259855882167816,1.3850973905876278,-1.6086615235626696
1789755366792061200,14.248061279296875,-1.9447884981393813,1.6161948416769503,-1.760349045589566
1789755366802077000,14.258076904296875,-2.2177765872359276,1.7756015597790478,-1.7211644516706466
1789755366812092200,14.268092041015626,-2.4622809246480464,1.8825567906320093,-1.3696429240852594
1789755366822108000,14.27810791015625,-2.6248084051191807,2.035105021141469,-0.7509358562022447
1789755366832124000,14.2881240234375,-2.6491724465250965,2.2364260503873226,-0.10423428145647048
1789755366842139000,14.298138916015626,-2.6352140637993813,2.3497198366120458,0.4421177443116903
1789755366852155000,14.30815478515625,-2.360057398492098,2.3822964105680584,0.7929401837170124
1789755366862169900,14.318169921875,-2.053341227316856,2.3876126371547577,0.9137795630156993
1789755366872185900,14.328185791015626,-1.812649726191163,2.41355138053149,0.8934884701371193
1789755366882200800,14.338200927734375,-1.5712959617644549,2.4846774653732777,0.803785987380147
1789755366892216800,14.348216796875,-1.2686901485174893,2.5825889735490084,0.7071405536174774
1789755366902233000,14.358233154296874,-1.0133511133581399,2.678653977075219,0.5445195496439933
1789755366912248000,14.368248046875,-0.8297288224101066,2.723967867529392,0.2648176421225071
1789755366922264000,14.37826416015625,-0.6901485022842884,2.776085592779517,0.12534487402439118
1789755366932279000,14.388279052734376,-0.6047621291607618,2.8994921922177075,0.1667138262450695
1789755366942295000,14.398294921875,-0.5878296990603208,3.119658791708946,0.15426584808230398
1789755366952310000,14.40831005859375,-0.6651514236718415,3.2951533057808873,-0.0927700536340475
1789755366962326000,14.418325927734376,-0.760637166005373,3.363739935272932,-0.4506219532847404
1789755366972341000,14.428341064453125,-0.8426607846975326,3.3546506198883055,-0.8197831824570894
1789755366982357000,14.43835693359375,-0.9614140053719281,3.3382688094079493,-1.3398983586847781
1789755366992373000,14.448373046875,-1.1161638375788927,3.2921219752609727,-1.9835896456986664
1789755367002388000,14.458387939453125,-1.282668989509344,3.170471279579401,-2.703676774650812
1789755367012404000,14.468404052734375,-1.4467723409950732,2.9791181021183726,-3.4764895316183564
1789755367022419000,14.4784189453125,-1.6753355974316595,2.721386618864536,-4.3548675263851875
1789755367032435000,14.48843505859375,-1.8872668680191038,2.470362524294853,-4.937746909561753
1789755367042450000,14.498449951171875,-1.9187316813409327,2.5589310345858336,-5.16934851078093
1789755367052466000,14.5084658203125,-1.8613854077875613,2.999597411045432,-5.440612260302901
1789755367062482200,14.518482177734375,-1.7898679855406283,3.430365493825078,-5.8715995387911795
1789755367072497200,14.5284970703125,-1.7674720293372868,3.5882600537985563,-6.564941868680715
1789755367082513200,14.53851318359375,-1.8862153131395578,3.5307518676817415,-7.51966660554707
1789755367092528000,14.548528076171875,-2.1046979050666095,3.330278979697823,-8.352549508073926
1789755367102544100,14.558544189453125,-2.268119119507074,3.2126772671461103,-8.771231431740523
1789755367112559000,14.56855908203125,-2.3061235637307167,3.333284006732702,-8.877643057236074
1789755367122575000,14.5785751953125,-2.303857372364402,3.504357781752944,-8.844192623054981
1789755367132590000,14.588590087890625,-2.3690169500172136,3.4988118380635975,-8.783808004719019
1789755367142606000,14.598606201171876,-2.471795187446475,3.3499183306694027,-8.736166548100114
1789755367152622000,14.6086220703125,-2.5984225024968386,3.1440894686102867,-8.592187116232514
1789755367162637000,14.618636962890625,-2.7049294050604105,3.00473009775877,-8.335057690525055
1789755367172653000,14.628653076171876,-2.742801162815094,2.9518057323008775,-7.8461507225096225
1789755367182668000,14.63866796875,-2.615833656024933,2.9159622655034063,-7.138576453649997
1789755367192684000,14.64868408203125,-2.285097142314911,2.8600924942433834,-6.336137204703689
1789755367202699000,14.658698974609376,-1.8873451939523218,2.660886265194416,-5.612275233387947
1789755367212715000,14.668715087890625,-1.5393956796348094,2.198724680763483,-5.080371419689059
1789755367222730000,14.67872998046875,-1.2149556357204914,1.5083587363362312,-4.776179798555374
1789755367232746200,14.688746337890626,-0.8665852656424045,0.6751204445004463,-4.619723162430525
1789755367242762000,14.698761962890625,-0.4975017778813839,-0.17791911087036133,-4.312874889308214
1789755367252777200,14.708777099609375,-0.13406535609662532,-0.8723188408583402,-3.8593636443227526
1789755367262793000,14.71879296875,0.22303952457904813,-1.4173866720348596,-3.2400311380177733
1789755367272808200,14.72880810546875,0.5538812522292137,-1.8469579462453722,-2.549837627547979
1789755367282824000,14.738823974609375,0.8226303885817527,-2.132346959492564,-1.8737889622867105
1789755367292839200,14.748839111328126,1.0193804566502571,-2.287892033730447,-1.210398118546605
1789755367302855000,14.75885498046875,1.1725789677619933,-2.2950611947074533,-0.5022282218813896
1789755367312870100,14.7688701171875,1.3580372419655322,-2.2044278608411547,0.17818331476449967
1789755367322886000,14.778885986328126,1.5215443811237812,-2.045847948952019,0.8189256888449191
1789755367332902000,14.78890185546875,1.672019020229578,-1.8307003466665743,1.3206681730359793
1789755367342916900,14.798916748046874,1.8022154259383678,-1.6829872812286018,1.6256763712495566
1789755367352932900,14.808932861328126,1.9540496629595756,-1.6467092224061488,1.806420476412773
1789755367362947800,14.81894775390625,2.109019275397062,-1.6979596633024512,1.9926760384738444
1789755367372963800,14.8289638671875,2.225895596283674,-1.7838754671275614,2.1819921571493146
1789755367382978800,14.838978759765626,2.300037667945772,-1.843936114206165,2.279303945866227
1789755367392995000,14.8489951171875,2.3208219511687753,-1.980051973091811,2.269232633706927
1789755367403011000,14.859010986328125,2.289904250335693,-2.280153402302414,2.1930857980936764
1789755367413026000,14.869026123046876,2.23226337774992,-2.69371155321449,2.165246189531684
1789755367423042000,14.8790419921875,2.1480803890667857,-3.121667208921909,2.2874171096950766
1789755367433057000,14.88905712890625,2.06308389204368,-3.5000533625572916,2.5692034222751854
1789755367443073000,14.899072998046876,1.9617875637352467,-3.837083715714514,2.875598690932989
1789755367453088000,14.909087890625,1.8722890791177749,-4.109833027619123,3.211077430734038
1789755367463104000,14.91910400390625,1.8459318180680273,-4.318484545883536,3.5402281365573405
1789755367473119000,14.929118896484376,1.8441852666616438,-4.4771474598810075,3.812468037635088
1789755367483135000,14.939135009765625,1.8878898222230374,-4.609168742929398,3.9891777727156876
1789755367493151000,14.94915087890625,1.9442225348196922,-4.739444935876131,4.147052458944916
1789755367503166200,14.959166259765626,2.00730179906711,-4.811715514577925,4.267382719677687
1789755367513182200,14.96918212890625,2.1166706669330595,-4.842443538057804,4.361121910604834
1789755367523197200,14.979197265625,2.2640414948046206,-4.890342184308171,4.321440473079681
1789755367533213200,14.989213134765626,2.4122505270659924,-5.05248738746345,4.068701391285658
1789755367543228200,14.999228271484375,2.5003625257611275,-5.3789826103419065,3.625080841195583
1789755367553244200,15.009244140625,2.515699211102724,-5.82657674023807,3.094352501016855
1789755367563260200,15.01926025390625,2.4977695866584777,-6.2731970566660165,2.6262591884493824
1789755367573275100,15.029275146484375,2.502789460647106,-6.644090808719397,2.252259871596098
1789755367583291100,15.039291015625,2.5466741950809952,-6.858600989884137,2.0922019961088894
1789755367593306000,15.04930615234375,2.640771697926521,-6.852481630221009,2.0416677406579256
1789755367603322000,15.059322021484375,2.722047128599882,-6.7210454535841935,1.8093050919383764
1789755367613337000,15.069337158203124,2.632086871689558,-6.632959173852205,1.291158585435152
1789755367623353000,15.07935302734375,2.435155601835251,-6.650884122121334,0.6593862842738628
1789755367633369000,15.089369140625,2.2527741047285494,-6.632740562665462,0.0878682530671358
1789755367643384300,15.09938427734375,2.0989327656686303,-6.450680114206671,-0.4311258101761341
1789755367653400000,15.109400146484376,1.9541782577753066,-6.19299480818212,-0.9394032490938902
1789755367663415300,15.119415283203125,1.802328823184967,-5.921614738804101,-1.3515133931547403
1789755367673431000,15.12943115234375,1.6881563544295728,-5.575571934890747,-1.4683371070712803
1789755367683446300,15.1394462890625,1.6915607560455799,-5.07604186605215,-1.3922580759972334
1789755367693462000,15.1494619140625,1.8062160398818552,-4.415884012883901,-1.3592016095697879
1789755367703477200,15.159477294921874,1.8806455501832067,-3.745072079232335,-1.515589856633544
1789755367713493000,15.169492919921876,1.7708697089515626,-3.2722306953549385,-1.8865829774081706
1789755367723509000,15.179509033203125,1.4733214713551104,-2.957424156704545,-2.4448352843284606
1789755367733524000,15.18952392578125,1.0439642782866954,-2.5815704441562293,-3.1288088973701
1789755367743540000,15.1995400390625,0.5732825566612184,-2.1604519409924743,-3.7344185832709074
1789755367753555000,15.209554931640625,0.03666121292114258,-1.7016826293483376,-4.243106356555224
1789755367763571000,15.219571044921874,-0.5256288981478661,-1.211942133118212,-4.470851282346248
1789755367773586000,15.2295859375,-1.0360122963689267,-0.6369397669270634,-4.292176969194412
1789755367783602000,15.239601806640625,-1.5103332512795924,0.07739274402111768,-3.812832779294252
1789755367793618200,15.2496181640625,-1.8179039934575556,0.8147615549027919,-3.0992291671425103
1789755367803633200,15.259633056640626,-2.0408616849720476,1.471903567381203,-2.3332617460250855
1789755367813649200,15.269649169921875,-2.3404677318811413,1.9775401364013552,-1.6163883184224366
1789755367823664000,15.2796640625,-2.625304079681635,2.2700357667833564,-0.9619500119447708
1789755367833680100,15.28968017578125,-2.83184372035861,2.351402967393398,-0.42754210647046564
1789755367843695000,15.299695068359375,-3.0079999132096766,2.2761992578491568,0.032876433685421945
1789755367853711000,15.309711181640624,-3.119040367549658,2.135966611294448,0.48583238287568087
1789755367863727000,15.31972705078125,-3.0773721401214598,2.0898183158427477,0.9506786763459444
1789755367873742000,15.3297421875,-2.869511479973793,2.133667394441366,1.412147017815709
1789755367883758000,15.339758056640624,-2.575968094104528,2.2091806083261964,1.843060646545887
1789755367893773000,15.34977294921875,-2.2396154940783974,2.256023315782845,2.1713690563261507
1789755367903789000,15.3597890625,-1.917429366570711,2.3109856168091296,2.3862276125371453
1789755367913804000,15.369803955078124,-1.6103963845312594,2.3665388694658875,2.504635380774736
1789755367923820000,15.379820068359376,-1.3368892399966716,2.381951834914088,2.5020108774900436
1789755367933836300,15.389836181640625,-1.1110545317411422,2.3739783718168734,2.4276602776437994
1789755367943851000,15.39985107421875,-0.8945710046768188,2.397685118357837,2.3223756103515623
1789755367953867300,15.4098671875,-0.7391080557644367,2.3989798343434927,2.180671722200513
1789755367963882200,15.41988232421875,-0.6407903048753738,2.3882652558445927,1.9618138672202825
1789755367973898200,15.429898193359374,-0.5610545048594474,2.389071019269526,1.824313275977969
1789755367983914200,15.439914306640626,-0.47871056817173957,2.4041934773385525,1.7163111664205788
1789755367993929200,15.44992919921875,-0.4139490499258041,2.425117022901773,1.4870406384974717
1789755368003945200,15.4599453125,-0.3626455636680126,2.388207388177514,1.180442540743947
1789755368013960200,15.469960205078126,-0.34612463697791096,2.3241098867982624,0.9955857395648956
1789755368023976200,15.47997607421875,-0.26799395233737305,2.380049800685048,0.9145663294792175
1789755368033991200,15.4899912109375,-0.07001405021296814,2.6024469357073308,0.7795043635606765
1789755368044007200,15.500007080078126,0.10347555377734824,2.762455711355805,0.44777650072574615
1789755368054023000,15.51002294921875,0.2063818015004508,2.7417075223594902,-0.15780454360246657
1789755368064038100,15.5200380859375,0.19746902999281882,2.446749593517184,-0.9417524425685405
1789755368074054000,15.530053955078126,0.15183304971111938,2.0714391940653325,-1.5699626673340796
1789755368084069000,15.540069091796875,0.06116552131427452,1.8541478577494621,-2.0604116040945053
1789755368094085000,15.550085205078124,-0.06223638368248939,1.8863865780532358,-2.513780225738883
1789755368104100000,15.56010009765625,-0.19575521181225775,2.0194272672772406,-2.8782763857096434
1789755368114116000,15.5701162109375,-0.2830067942857742,2.1238041720747947,-3.3300106841504573
1789755368124132000,15.580132080078124,-0.40506899337768554,2.135718481752276,-4.001878264334797
1789755368134147000,15.59014697265625,-0.5988081891924143,2.0141256537377834,-4.727768526607751
1789755368144163000,15.6001630859375,-0.8191320250719786,1.8741624717742205,-5.505126525789499
1789755368154178000,15.610177978515624,-1.0573433998197317,1.7678315102994442,-6.193875682669877
1789755368164194000,15.620194091796876,-1.2767302471101283,1.7566373315900563,-6.701458709582686
1789755368174210000,15.6302099609375,-1.4062579597771168,1.837275048881769,-7.103868128362298
1789755368184225000,15.64022509765625,-1.4263520687788724,1.9127198737055062,-7.571211499345302
1789755368194241000,15.650240966796876,-1.439309165507555,1.7795862455010414,-8.133021791008114
1789755368204256000,15.660256103515625,-1.5443658692628144,1.5256225903481244,-8.670369257065653
1789755368214272000,15.67027197265625,-1.6363947491407393,1.396811501517892,-8.97601224605143
1789755368224288000,15.6802880859375,-1.7621026112586258,1.6515332815617323,-8.837121077233553
1789755368234303000,15.690302978515625,-1.8546078764766454,2.323146594724059,-8.013876356145738
1789755368244319200,15.7003193359375,-1.7065771233916283,3.1265450440913436,-6.777379335224628
1789755368254334200,15.710334228515626,-1.3878864367842674,3.727350544580817,-5.6890527681201695
1789755368264350200,15.72035009765625,-1.1462117698401213,3.8850960514724253,-4.828204000303149
1789755368274365200,15.730365234375,-1.013977720823884,3.5582641439855096,-4.264929481306672
1789755368284381200,15.740381103515626,-0.8732470616191625,2.849520246824622,-3.995702206048369
1789755368294397200,15.750397216796875,-0.6197679751127958,1.9016022673636674,-3.9753842251628635
1789755368304412200,15.760412109375,-0.3725795131832361,0.970302829748392,-3.9712458101838823
1789755368314428200,15.77042822265625,-0.1509060162603855,0.14353519523143768,-3.805093709474802
1789755368324443100,15.780443115234375,0.005400977694126777,-0.5772501451179385,-3.316002617064118
1789755368334459100,15.790459228515624,0.15824527310729025,-1.0566723686903714,-2.5533582028895614
1789755368344475100,15.80047509765625,0.30181205078708007,-1.2353659710645675,-1.611870548737049
1789755368354490000,15.810489990234375,0.39816228272914883,-1.198143032607436,-0.6672387513399124
1789755368364506000,15.820506103515624,0.5184744232833385,-1.104424592207372,0.1896627401560545
1789755368374521000,15.83052099609375,0.6802654061734676,-0.9948004344061017,0.8527882109582424
1789755368384537300,15.840537353515625,0.8319208525616675,-0.8849325309768319,1.3453870192289352
1789755368394553000,15.850552978515625,0.95480138229914,-0.7962485776126385,1.712733892455697
1789755368404568300,15.860568359375,1.0806640696525573,-0.7399196644082665,1.905931821000576
1789755368414584000,15.870583984375,1.2057856563150882,-0.757932875482738,1.9465064079731702
1789755368424599300,15.880599365234374,1.3012287285506725,-0.8946715424418449,1.8950994613409042
1789755368434615000,15.890614990234376,1.3818448185324668,-1.1527084383830428,1.8455729216277599
1789755368444631000,15.900631103515625,1.4179893141031263,-1.5054372959315776,1.8132704884380102
1789755368454646000,15.91064599609375,1.4037164586007593,-1.8869794293798505,1.9186071781784295
1789755368464662000,15.920662109375,1.3620505692601204,-2.2071635694153606,2.2259844436109066
1789755368474677000,15.930677001953125,1.3255425010740756,-2.4845672829970717,2.551154555365443
1789755368484693000,15.94069287109375,1.3228478551626204,-2.7653321435749527,2.811295437848568
1789755368494708000,15.9507080078125,1.341513977187872,-3.0651024411350485,3.0179654269069434
1789755368504723500,15.960723388671875,1.3443231893897056,-3.303524243763089,3.208759216919541
1789755368514739500,15.970739501953124,1.3806500557899475,-3.478400333675742,3.413189902618527
1789755368524754400,15.98075439453125,1.4422553019620477,-3.567739243817329,3.602634031587839
1789755368534770400,15.9907705078125,1.5467968958020208,-3.6309774980187415,3.7283413091838358
1789755368544785400,16.000785400390626,1.6713292843997478,-3.663103113336861,3.791046479421854
1789755368554801400,16.010801513671876,1.8089596395015715,-3.6610321522817015,3.8441526311874386
1789755368564817400,16.0208173828125,1.9549638551950455,-3.618888708557188,3.7960640153229233
1789755368574832400,16.030832275390626,2.128279271662235,-3.5948476154953237,3.6545419134795663
1789755368584848400,16.040848388671876,2.2868458856783804,-3.656668988636136,3.4404327143311497
1789755368594863400,16.05086328125,2.399550035446882,-3.8215135138779877,3.08596928807497
1789755368604879400,16.06087939453125,2.41372337609753,-4.128976704028249,2.607891757109761
1789755368614895600,16.0708955078125,2.3580149328790605,-4.503856310847401,2.1883330506086347
1789755368624910600,16.08091064453125,2.2369991741001605,-4.920070383095741,1.856937780728936
1789755368634926600,16.090926513671874,2.1315327205002306,-5.174441450005769,1.7725749054342508
1789755368644941600,16.100941650390624,2.105440832388401,-5.140036491578817,1.9772709640711545
1789755368654957600,16.11095751953125,2.231832000595331,-4.873191143020987,2.266780564379692
1789755368664973600,16.1209736328125,2.3580606717169283,-4.517933936038613,2.2268694097518917
1789755368674988500,16.130988525390624,2.32223064892292,-4.397411659865081,1.783651010721922
1789755368685004500,16.141004638671873,2.1029588063143194,-4.491426160602272,1.20570791490376
1789755368695019500,16.15101953125,1.8392494176946579,-4.567063000866771,0.6914689372330903
1789755368705035500,16.161035400390624,1.660816073691845,-4.506230346502363,0.17150807478427885
1789755368715050500,16.171050537109377,1.5303390974760054,-4.416827138952911,-0.30761867297291756
1789755368725066500,16.18106640625,1.346816613640636,-4.409604786483944,-0.6651005702674389
1789755368735082500,16.19108251953125,1.1568703803680835,-4.393665751335025,-0.9299486075282096
1789755368745097500,16.201097412109377,1.1199357573330402,-4.429460118293762,-1.4341647883564232
1789755368755113500,16.211113525390626,1.2414902991637586,-4.72345387827903,-2.000489927095175
1789755368765128400,16.22112841796875,1.3784358868718147,-5.079005392032862,-2.4348206707924605
1789755368775144700,16.231144775390625,1.575540175205469,-5.174097166612744,-2.7279297568976877
1789755368785160400,16.241160400390626,1.9215664663754402,-4.831586043956875,-2.8041701160132884
1789755368795175700,16.25117578125,2.300474598058313,-4.15794765470773,-2.6584534850895403
1789755368805191400,16.26119140625,2.5327871240258215,-3.259274767670035,-2.489900168457627
1789755368815206400,16.271206298828126,2.5780712038636207,-2.273065051476657,-2.4693156455904246
1789755368825222400,16.281222412109376,2.445058425559848,-1.3038605383589863,-2.531463181945681
1789755368835237400,16.2912373046875,2.133238355374336,-0.4364718473792076,-2.5928221982717514
1789755368845253400,16.30125341796875,1.5450819085776806,0.3622235388636589,-2.702382643187046
1789755368855269400,16.311269287109376,0.8045662510376423,1.057036818088591,-2.684108735349774
1789755368865284400,16.321284423828125,-0.0662052873134613,1.7132324896275997,-2.4310095880717038
1789755368875300400,16.33130029296875,-0.865778625434637,2.2219360450029373,-2.0827748270720243
1789755368885315300,16.3413154296875,-1.4704337870895863,2.3787317038238047,-1.5643945118129252
1789755368895331300,16.351331298828125,-2.127251682180166,2.3662565453931688,-0.8759721026688814
1789755368905347600,16.36134765625,-2.6803946832627057,2.3963582536682484,-0.0278764334410429
1789755368915362600,16.371362548828124,-3.1626299184292552,2.4588395520225164,0.929341873806715
1789755368925378600,16.381378662109373,-3.4799569154679775,2.5058812891826032,1.7858318618923426
1789755368935393500,16.3913935546875,-3.5828994035482404,2.5081919042125342,2.416109540581703
1789755368945409500,16.401409423828124,-3.4492572412997484,2.3881802079096435,2.7807904094696045
1789755368955424500,16.411424560546877,-3.1529414681077004,2.2538255134776235,2.991044686755538
1789755368965440500,16.4214404296875,-2.7249311596035954,2.2436446034640074,3.089847006291151
1789755368975456500,16.43145654296875,-2.2403742034912106,2.2402719121605155,3.0850784767150876
1789755368985471500,16.441471435546877,-1.8061662093907593,2.2046730677738786,3.0032600252062083
1789755368995487500,16.451487548828126,-1.452282044327259,2.125365137781203,2.8015029426306484
1789755369005502500,16.46150244140625,-1.201142214423418,2.061622148928046,2.4851304698377845
1789755369015518500,16.4715185546875,-1.06969259378314,1.9973232797577976,2.1316350118309257
1789755369025533400,16.481533447265626,-0.9807289466947317,1.9394220026701687,1.768059473836422
1789755369035549400,16.491549560546876,-0.9045645754247903,1.9976567494958637,1.4632798236817122
1789755369045565400,16.5015654296875,-0.8662912511318922,2.1420713579103348,1.2244716520845889
1789755369055580400,16.511580322265626,-0.859441239106655,2.287310142189264,1.0131032760769128
1789755369065596700,16.5215966796875,-0.8290946161597966,2.364188214686513,0.9030851505219936
1789755369075611600,16.531611572265625,-0.8168208255201578,2.464290510904789,0.7111813534408807
1789755369085627600,16.541627685546874,-0.7910241209626198,2.557904029625654,0.35771395248472687
1789755369095642600,16.551642578125,-0.7715045969784259,2.5027438679397105,-0.12461363714039325
1789755369105658600,16.56165869140625,-0.7138911969214677,2.354258941346407,-0.6976654537856578
1789755369115674400,16.57167431640625,-0.6515495992988347,2.1507973929405213,-1.3254612525314091
1789755369125689600,16.581689697265624,-0.6310282047957182,1.9413579391688107,-1.9745961919039487
1789755369135705300,16.591705322265625,-0.6990034243911505,1.7149141591042278,-2.5448797128796574
1789755369145720600,16.601720458984374,-0.7542004109561443,1.5585077918618917,-3.0169653099536893
1789755369155736300,16.611736328125,-0.7732692685633897,1.5745225225955246,-3.401059904363751
1789755369165752300,16.62175244140625,-0.8274538632154465,1.6519301719248294,-3.7258237734049557
1789755369175767300,16.631767333984374,-0.9034961424756794,1.7671207316815851,-4.24346642203927
1789755369185783300,16.641783203125,-1.0186925474513322,1.7981413083672522,-4.966109665215015
1789755369195798300,16.65179833984375,-1.1732722107231617,1.739675675395131,-5.4994929038167
1789755369205814300,16.661814208984374,-1.2806710936903953,1.8136206170499323,-5.735495370343327
1789755369215829200,16.671829345703124,-1.3022300145477055,2.077310716447234,-5.851668511396646
1789755369225845500,16.681845458984377,-1.3483236572027206,2.2888106098800898,-5.921629351851344
1789755369235861500,16.691861572265626,-1.4079571649104357,2.3404005118638276,-6.02784983868897
1789755369245876500,16.70187646484375,-1.5531448035240172,2.2349650379240513,-6.238121651631594
1789755369255892500,16.711892578125,-1.6895476626574992,2.042770733463764,-6.4556596561849116
1789755369265907500,16.721907470703126,-1.8179390647709368,1.9240899935036897,-6.5800377310037605
1789755369275923500,16.73192333984375,-1.8608125763356684,1.89809104437232,-6.662229107478261
1789755369285938400,16.7419384765625,-1.8601789546072482,1.8879092575758694,-6.655465604692697
1789755369295954400,16.751954345703126,-1.7552835788935421,1.7606424755781889,-6.516568590655923
1789755369305970400,16.761970458984376,-1.4646464358597993,1.4606097276896237,-6.222078863847256
1789755369315985400,16.7719853515625,-1.069072489123419,1.1017062731593847,-5.849055698549747
1789755369326001400,16.78200146484375,-0.7061030272632837,0.7668032874196767,-5.4128965703815215
1789755369336016400,16.792016357421875,-0.35094043976180256,0.47233168078958987,-4.897098088309169
1789755369346032400,16.802032470703125,0.06257073020339012,0.2830126395046711,-4.315260323140025
1789755369356047400,16.81204736328125,0.47995676884055133,0.14486673609614373,-3.7395302271962163
1789755369366063600,16.822063720703124,0.7635586064100265,0.012269698986411094,-3.19604235868752
1789755369376079600,16.83207958984375,0.8826701390027999,-0.1306768827021122,-2.6650135742574927
1789755369386094600,16.842094482421874,0.924332521212101,-0.2963943913862109,-2.1367998472481964
1789755369396110600,16.852110595703124,0.992781788060069,-0.4583426106646657,-1.621861196875572
1789755369406125600,16.86212548828125,1.0521271264761685,-0.6164744865253567,-1.1169377445608377
1789755369416141600,16.8721416015625,1.0851678108125924,-0.7246782561346888,-0.6285679521620273
1789755369426156500,16.882156494140624,1.1376263123244046,-0.8000535228535532,-0.17573825969994067
1789755369436172500,16.892172607421877,1.2467314146876334,-0.9161489224955439,0.24420506220459937
1789755369446188500,16.9021884765625,1.3287111942380665,-1.0877432142585515,0.6597814210712909
1789755369456203500,16.91220361328125,1.3361755387693643,-1.3172139409288763,0.9743056356489658
1789755369466219500,16.922219482421873,1.338529992941022,-1.5037480276703834,1.3259768008381128
1789755369476234500,16.932234375,1.424131470119953,-1.6505550841793417,1.7855536294728516
1789755369486250500,16.94225048828125,1.4661451499849556,-1.825480127800256,2.193907051348686
1789755369496265500,16.952265380859377,1.4019161311805248,-2.0220209370322526,2.482162852203846
1789755369506282000,16.962281982421874,1.2919319078952074,-2.2830270580425855,2.674330853179097
1789755369516298000,16.972298095703124,1.082507067170739,-2.568310857349634,2.8436557387053965
1789755369526313000,16.98231298828125,0.838780728393793,-2.8039351382136344,2.9943811377018688
1789755369536329000,16.992328857421874,0.6463543687433004,-3.045490854953229,3.273393309393525
1789755369546344000,17.002343994140624,0.5233920059412718,-3.2145480294540523,3.652151803472638
1789755369556360000,17.01235986328125,0.41361587244868275,-3.3144726310178636,4.024772233188152
1789755369566375000,17.022375,0.3326438086360693,-3.3894147670164703,4.3429456179231405
1789755369576391000,17.032390869140624,0.29180092611610886,-3.434588079956174,4.572479765218496
1789755369586407000,17.042406982421873,0.30940906352102754,-3.489310434746742,4.716847319620848
1789755369596422000,17.052421875,0.44476855108141894,-3.5835970304235816,4.773681551998854
1789755369606438000,17.06243798828125,0.8775029654979706,-3.8133936280474066,4.654774017545581
1789755369616452900,17.072452880859377,1.0411012900710106,-4.099815491473675,4.396600635743141
1789755369626468900,17.08246875,0.7008978598356247,-4.341863375644386,4.05470910629034
1789755369636483800,17.09248388671875,0.6818342629253864,-4.645751629917323,3.7727661418437957
1789755369646499800,17.102499755859377,0.7289806295037269,-4.980626850867271,3.5273055266201494
1789755369656516000,17.11251611328125,0.6590262187898158,-5.251815197065472,3.2365549863398075
1789755369666531000,17.122531005859376,0.6569944207012653,-5.445653761601448,3.0737732388466594
1789755369676547000,17.132547119140625,0.7703098342359066,-5.466609455868602,2.9517110397547484
1789755369686562000,17.14256201171875,1.0276683925241232,-5.300410593408346,2.721903336215019
1789755369696578000,17.152578125,1.3780652999937533,-5.114804435166716,2.2891782741487026
1789755369706593000,17.162593017578125,1.651380721348524,-5.175781758698821,1.6152262889057396
1789755369716609000,17.172609130859374,1.7320938419640064,-5.350598227378725,1.0320265877336263
1789755369726625000,17.182625,1.7242191630661488,-5.397592033743858,0.6107470487892628
1789755369736640000,17.192639892578125,1.8060042968273162,-5.319527966332435,0.20960311990082262
1789755369746656000,17.202656005859374,1.859843439042568,-5.228990786316991,-0.20050094503462312
1789755369756671000,17.2126708984375,1.8704291304647922,-5.071819279921055,-0.4868488664418459
1789755369766687000,17.22268701171875,1.9995722277283667,-4.744112927687167,-0.6120294898152351
1789755369776702000,17.232701904296874,2.166692881208658,-4.246066375404596,-0.7380301973998546
1789755369786718000,17.242718017578124,2.259726554214954,-3.76028133880198,-1.0624719948798418
1789755369796734200,17.252734130859373,2.2955600841403005,-3.5207571278899907,-1.693334195458889
1789755369806749000,17.2627490234375,2.319185289877653,-3.5258062279731033,-2.590161454629898
1789755369816765200,17.27276513671875,2.2026737106502057,-3.631807519102096,-3.4029391422390938
1789755369826780200,17.2827802734375,2.0610767900049685,-3.6382477812826632,-3.9732168179959055
1789755369836796200,17.292796142578126,1.9420599499583244,-3.474471177533269,-4.221856647777557
1789755369846811100,17.30281103515625,1.7521932116627692,-3.0709008982807395,-4.084192390406131
1789755369856827100,17.3128271484375,1.4365630816698074,-2.3587758342489598,-3.6139006910115477
1789755369866843000,17.3228427734375,1.0692553714096547,-1.4420833063960075,-2.984890255779028
1789755369876858000,17.332858154296876,0.6755915691435337,-0.5408873306214809,-2.407230653077364
1789755369886873900,17.342873779296873,0.21405717670023441,0.31886721221804615,-1.9132523731470108
1789755369896889000,17.35288916015625,-0.44940552669968453,1.092552368105948,-1.7303496286451816
1789755369906904800,17.36290478515625,-1.2010387540489436,1.689570459011197,-1.5315829600572586
1789755369916920000,17.372920166015625,-2.0152888522982595,2.0808257388308644,-1.2454887211501597
1789755369926935800,17.382935791015626,-2.759959218364954,2.2619486141785976,-0.9819769009292125
1789755369936951000,17.392950927734375,-3.3287603918284177,2.379289337706566,-0.5869271972626448
1789755369946966800,17.402966796875,-3.5117326944351195,2.477453359338641,-0.0843961930423975
1789755369956983000,17.412983154296874,-3.3564725746184587,2.5481132879734036,0.472374350887537
1789755369966997800,17.422997802734375,-3.0496523585468527,2.6244173599749803,1.0287567722827196
1789755369977014000,17.433013916015625,-2.6792332382678983,2.649216285666823,1.508301453191042
1789755369987029000,17.443029052734374,-2.349904253268242,2.6239187628030773,1.8928432068467138
1789755369997045000,17.453044921875,-2.052077490991354,2.5028090421304103,2.1311276468306777
1789755370007060000,17.46306005859375,-1.8373966294348238,2.391516951116919,2.1609581369489432
1789755370017076000,17.473075927734374,-1.6607307334959507,2.287199959813058,2.1842361366838214
1789755370027092000,17.483092041015624,-1.5488029749274252,2.2272528561115266,2.260209953817725
1789755370037107000,17.49310693359375,-1.2994231404334307,2.150323930209875,2.282756132146716
1789755370047123000,17.503123046875,-1.041152727997303,1.988482678437233,2.345653610086441
1789755370057138000,17.513137939453124,-0.748151266985014,1.822522885429859,2.34666249486804
1789755370067154000,17.52315380859375,-0.3618126199752092,1.6935530989065766,2.2031740613877773
1789755370077169000,17.5331689453125,0.019345263395830987,1.6504147989258169,2.012284409785271
1789755370087185000,17.543184814453124,0.3218546305309981,1.7403876230567692,1.8740443983525037
1789755370097201000,17.553200927734373,0.4679628911208361,1.9559870607629417,1.8457225592315196
1789755370107216000,17.5632158203125,0.5337415505200624,2.1823507613286375,1.771992721632123
1789755370117232000,17.573232177734376,0.6214438724357635,2.2903049400910733,1.5096125357896089
1789755370127247000,17.5832470703125,0.7044890892606228,2.285363976557553,1.1032266145944594
1789755370137263000,17.59326318359375,0.739724726358056,2.1770324889153243,0.445258964946866
1789755370147278000,17.603278076171875,0.7337708594549447,1.9606646971851587,-0.3745926065713167
1789755370157294000,17.613294189453125,0.6975630893897264,1.6850523970648645,-1.182026010543108
1789755370167310000,17.62331005859375,0.6559346825152635,1.3691317596927284,-1.8340327059596775
1789755370177325000,17.633324951171875,0.6931693114101887,1.20429950941056,-2.340556579208374
1789755370187341000,17.643341064453125,0.8041799551337957,1.277543901580572,-2.7069845840245486
1789755370197356000,17.65335595703125,0.9912497561872005,1.579499434225261,-2.9972984864532948
1789755370207372000,17.6633720703125,1.146919041326642,2.0292522034600378,-3.3511931729108095
1789755370217387000,17.673386962890625,1.1782711149889975,2.533686703214049,-3.731009651610255
1789755370227403000,17.683403076171874,1.167161618888378,3.0128268949747086,-4.251173927676677
1789755370237419000,17.6934189453125,1.088704752767086,3.3049703509181736,-4.907419575837254
1789755370247434000,17.70343408203125,0.8236714220672845,3.4901007083415982,-5.380349222519993
1789755370257450000,17.713449951171874,0.7072627186924219,3.6807787630200384,-5.494515115404129
1789755370267465000,17.72346484375,0.8288333348751068,3.8798587353408336,-5.472642306292057
1789755370277481000,17.73348095703125,0.7740425910234451,3.799764623406529,-5.620891086041927
1789755370287497000,17.7434970703125,0.6460755518019199,3.425931895291805,-5.812474565127491
1789755370297512000,17.753511962890624,0.45136130040995776,3.0177035611003635,-5.929360238364339
1789755370307528000,17.76352783203125,0.290239668148756,2.7399633090406654,-6.063817808648944
1789755370317543000,17.77354296875,0.1550625514179468,2.5462428179264065,-6.12594780934751
1789755370327559000,17.783558837890624,0.07444178526103497,2.3887433947503567,-6.07644932668507
1789755370337574000,17.793573974609377,0.029599019449949263,2.248859707763791,-5.935993392768502
1789755370347590000,17.80358984375,-0.05656885944008827,2.0120771967753766,-5.741682534545659
1789755370357606000,17.81360595703125,0.05892747833020985,1.591536493499577,-5.520962392824888
1789755370367620900,17.823620849609377,0.37001981876306234,1.090478192180395,-5.228955715003609
1789755370377636900,17.833636962890626,0.7234246028117836,0.6082035017862916,-4.763473461717367
1789755370387651800,17.84365185546875,1.1266641888052225,0.3311310659855604,-4.06619846855402
1789755370397667800,17.853667724609377,1.3335755854040383,0.18784458481818436,-3.3138200123280286
1789755370407682800,17.863682861328126,1.5345961703985929,-0.003204348999261856,-2.5450515623152254
1789755370417699000,17.873698974609376,1.6657209429986775,-0.11849924591332674,-1.9492232657164335
1789755370427715000,17.883715087890625,1.7105384282380343,-0.18254121771305798,-1.4992197365909814
1789755370437730000,17.89372998046875,1.574631828188896,-0.267701088604331,-1.1490794342309236
1789755370447746000,17.90374609375,1.360723120048642,-0.261748025418818,-0.791501090824604
1789755370457761000,17.913760986328125,1.282102003276348,-0.12714841631501914,-0.35261458351910113
1789755370467777000,17.923777099609374,1.1894956157714127,0.02390051554739475,-0.045349546289443966
1789755370477792000,17.9337919921875,1.2025358607389032,0.09780629423558712,0.3499643612712621
1789755370487808000,17.94380810546875,1.1454926617853343,0.07056055991351604,0.7239514031648635
1789755370497824000,17.953823974609374,1.0341970636405051,-0.052706923314929,0.9141098178833722
1789755370507839500,17.963839599609376,0.796925307830423,-0.4066773053571582,0.8925830457299947
1789755370517855500,17.97385546875,0.6796756235867738,-0.9171706667587161,1.1073445713073014
1789755370527870500,17.983870361328126,0.544218959262222,-1.2667656101956963,1.3147931435227393
1789755370537886500,17.993886474609376,0.6353527899965643,-1.4326388939633965,1.6702075868934392
1789755370547901400,18.0039013671875,0.6818196498781443,-1.6651624323330818,1.2555991962760686
1789755370557917700,18.013917724609374,0.4132371022641659,-2.1729063488960265,-0.05969546702802181
1789755370567933400,18.023933349609376,0.4783399812936783,-2.7421120115071536,-0.918241218599677
1789755370577948700,18.03394873046875,0.5349500495269894,-3.0989515192449093,-1.0888795248121022
1789755370587964400,18.04396435546875,0.6297898951724171,-2.971107229620218,-0.7557961557149887
1789755370597979600,18.053979736328124,0.5253448935747146,-2.5572166318833824,-0.5525637398898601
1789755370607995400,18.063995361328125,0.45427492283433674,-2.325843724853545,-0.5672451761931181
1789755370618010600,18.0740107421875,0.3117348761200905,-2.2694361934550105,-0.6652542995244264
1789755370628026400,18.0840263671875,0.034765023910999296,-2.3014459273084995,-0.7753729628443717
1789755370638042400,18.09404248046875,-0.31887393421977756,-2.384763092942536,-0.9019353959649801
1789755370648057300,18.104057373046874,-0.612799889665842,-2.438162236305326,-0.9794318926215171
1789755370658073300,18.1140732421875,-0.8836129728108644,-2.5378461609810588,-1.0869991178929805
1789755370668088300,18.12408837890625,-0.9157359577804803,-2.579668994449079,-1.290738898718357
1789755370678104300,18.134104248046874,-0.6821545809209346,-2.4268416547372937,-1.569691449177265
1789755370688119300,18.144119384765624,-0.4832961423963308,-2.348011717519909,-1.821648440682888
1789755370698135300,18.15413525390625,-0.2879407435566187,-2.5000913076043125,-2.014695562580228
1789755370708151600,18.164151611328126,-0.05656593683063984,-2.5125112287163733,-2.2667758882045743
1789755370718166500,18.17416650390625,0.13877426443994045,-2.345504703135043,-2.2936042738974094
1789755370728182500,18.1841826171875,0.3067991732835769,-2.1857235987626016,-2.1073779379308224
1789755370738197500,18.194197509765626,0.3937234234988689,-1.8718273068249225,-1.7652087605804203
1789755370748213500,18.204213623046876,0.43034781154096124,-1.455257699137181,-1.3077730356276034
1789755370758228500,18.214228515625,0.4676479068875313,-0.9062521631855517,-1.4281751925528048
1789755370768244500,18.224244384765626,-0.7423650117337703,-0.11939707153588533,-1.3222721011012792
1789755370778260500,18.234260498046876,-1.6334867527395487,0.1294066070379689,-1.230187983904779
1789755370788275500,18.244275390625,-1.2402695251971483,-0.1859558119295165,-1.7499974551841615
1789755370798291500,18.25429150390625,-0.9982441451191901,-0.32544458131436255,-2.228443527200818
1789755370808306400,18.264306396484375,-0.3571995732218027,-0.6680026483844965,-2.518877548877895
1789755370818322400,18.274322509765625,0.3517453994691372,-0.8509091922786086,-2.481741411921382
1789755370828337400,18.28433740234375,1.1035843419909477,-0.9548041587781161,-2.096438610765338
1789755370838353400,18.294353515625,1.9073294128388165,-0.8498140174530446,-1.768454902894795
1789755370848369700,18.30436962890625,2.600409292399883,-0.4830772754812613,-1.8441095710769295
1789755370858384400,18.31438427734375,2.7784377088636156,-0.08182192210759967,-1.8809373727366328
1789755370868400600,18.324400634765624,2.210127533787489,0.09434446334391831,-1.7591586667612193
1789755370878415600,18.33441552734375,1.384011641177535,0.057168578898906704,-1.6488399508245288
1789755370888431600,18.344431640625,0.5541705905646085,0.16951456287950276,-1.5326985200837253
1789755370898446600,18.354446533203124,-0.1579904215633869,0.3096343601768836,-1.4103810310564935
1789755370908462600,18.364462646484377,-0.6181149472087621,0.4054242000235244,-1.1637179081752895
1789755370918478600,18.374478515625,-0.7507032164901495,0.3630476416628808,-0.798413135235384
1789755370928493600,18.38449365234375,-0.5217693731755018,0.40999939898457377,-0.5078190276257694
1789755370938509600,18.394509521484373,0.184659817302227,0.5513261974515393,-0.4767391219682991
1789755370948524500,18.404524658203126,0.7399065126657486,0.5954762682907283,-0.4528529272072017
1789755370958540500,18.41454052734375,0.7358937698930501,0.5754084627740085,-0.38984121177066117
1789755370968556300,18.424556396484373,0.24290917717516422,0.33111652600355446,-0.7012976728081702
1789755370978571500,18.434571533203126,-0.5549532653748989,0.12836319893226028,-1.1672015855725855
1789755370988587300,18.444587158203124,-1.5704758775532244,0.08866232605427503,-1.6050617455050349
1789755370998602500,18.4546025390625,-2.491691143527627,0.15020060793738813,-2.0010973914690315
1789755371008618500,18.464618408203126,-3.1707734773963687,0.2518819900406524,-2.317740059505403
1789755371018633500,18.474633544921875,-3.4631805527120827,0.18691888480801133,-2.4288790057837963
1789755371028649500,18.4846494140625,-2.9889830780506133,-0.12341291958112269,-2.416763182184845
1789755371038665500,18.49466552734375,-2.111936039626598,-1.228298809157312,-2.349270047017932
1789755371048680400,18.504680419921876,-2.161572469455004,-2.6597569689035416,-2.2825774145789444
1789755371058696400,18.514696533203125,-3.4963562616050243,-3.61202174539715,-1.68886099556759
1789755371068711400,18.52471142578125,-4.5714580209553235,-4.268492726746201,-0.7111964048795402
1789755371078727400,18.5347275390625,-5.431731619232893,-4.689330951663852,-0.0642124329958111
1789755371088743400,18.544743408203125,-5.631322463685274,-3.4789062373712656,-0.3644711716599762
1789755371098758400,18.55475830078125,-5.0669998969405885,-2.0410743048094213,-0.3410552978243679
1789755371108774400,18.5647744140625,-4.172742780518532,-1.166648700930178,0.3325432708710432
1789755371118789400,18.574789306640625,-3.4225223791092634,-1.0499150033846496,0.9813030933208763
1789755371128805400,18.584805419921874,-2.594989605438709,-1.392966662658006,1.1897450604878366
1789755371138820400,18.5948203125,-2.199330829963088,-1.8244627674512564,1.0995166541606187
1789755371148836400,18.60483642578125,-2.2984815245449544,-2.007849057686329,1.18252577675879
1789755371158852600,18.6148525390625,-2.5370488731235263,-1.725156736177206,0.897055661099404
1789755371168867600,18.62486767578125,-2.8740140520900486,-1.3109692013204097,0.3654911623574793
1789755371178883600,18.634883544921873,-3.277942058739066,-0.8709791166871785,0.4863920625850558
1789755371188898600,18.644898681640626,-3.3164234728246926,-0.6285036547541618,0.8701547216270118
1789755371198914600,18.65491455078125,-2.8834792150497437,-0.12729922296255827,1.2605191170215606
1789755371208929500,18.664929443359377,-2.361608135065436,0.24782734435498713,1.3799915918812156
1789755371218945500,18.674945556640626,-1.9405150586038826,0.16121201395839452,1.109012139193341
1789755371228961500,18.68496142578125,-1.6568056690067052,0.18593495180457828,0.9374817795120179
1789755371238976500,18.6949765625,-1.4112538683682678,0.4297606593027711,0.9353170757587999
1789755371248992500,18.704992431640626,-0.9246423178136348,0.7515314840078353,0.7870397275015711
1789755371259007500,18.715007568359376,-0.1025999582529068,0.9886588629111647,0.6593512129604816
1789755371269023500,18.7250234375,0.7103373038321733,1.1814841587513685,0.6240349849075079
1789755371279039500,18.73503955078125,1.1036106454759835,1.3676061575606464,0.4505265300862491
1789755371289054500,18.745054443359376,1.4599860428333282,1.3562930286467074,0.1420426551187411
1789755371299070700,18.75507080078125,1.758379791343212,1.1168053503528237,-0.1806848127240315
1789755371309085400,18.76508544921875,1.6844821959614753,0.9558861818611621,-0.03159355426803231
1789755371319101700,18.775101806640624,1.3390402805507182,1.1586726074844598,0.09214751955522224
1789755371329116700,18.78511669921875,0.823051244342327,1.3738821690902112,-0.05389521978404373
1789755371339132700,18.795132568359374,0.5368552986264229,1.2533388501286507,-0.40847967860400675
1789755371349148400,18.8051484375,0.7950240042537451,0.9242471810162067,-0.7244071841083467
1789755371359163600,18.81516357421875,1.5212468594819306,0.4811056466147303,-0.9900416955716907
1789755371369179400,18.825179443359374,2.6520319276094435,-0.042833764076232905,-1.0018398315235972
1789755371379194600,18.835194580078124,3.8869828881323336,-0.5767085855871439,-0.6615390053283423
1789755371389210400,18.84521044921875,4.532079950290918,-0.9847937119156122,-0.4694760356301442
1789755371399226400,18.855226318359374,4.358327895972132,-1.3259715401411056,-0.3212067245488986
1789755371409241300,18.865241455078124,3.705774672588706,-1.4213707732349634,-0.08925495818518102
1789755371419257300,18.87525732421875,2.8365146347790953,-1.146402616237104,0.24481468200292436
1789755371429272300,18.885272216796874,1.9057389287769793,-0.78108315718472,0.2800829061957076
1789755371439288300,18.895288330078124,1.0988871240854263,-0.542479860509932,0.04811159488130361
1789755371449304600,18.9053046875,0.4235346243947744,-0.3691784725680947,-0.313213533837907
1789755371459319600,18.915319580078126,-0.202981655934453,-0.22725158931612968,-0.6319885742604732
1789755371469335600,18.92533544921875,-0.8809557363003492,-0.11111673444658517,-0.81838325253129
1789755371479350500,18.9353505859375,-1.4323147765755653,-0.008192366544902324,-0.8111941447447985
1789755371489366500,18.945366455078126,-1.682233540251851,0.055444531585276124,-0.6924985725417733
1789755371499381500,18.955381591796876,-1.7131044793337582,-0.03410100704431534,-0.6561200490195304
1789755371509397200,18.965397216796877,-1.8075813368856906,-0.22655279339700937,-0.6326674964353441
1789755371519413500,18.97541357421875,-1.875830697247386,-0.37933658622801303,-0.6050400327866896
1789755371529428200,18.98542822265625,-1.8515391365557907,-0.4546002092659473,-0.37032917697317896
1789755371539444500,18.995444580078125,-1.7939859422534703,-0.3397396121159196,0.05745711351670325
1789755371549459500,19.00545947265625,-1.6453858648478983,-0.2064616070047021,0.27036650842130183
1789755371559475500,19.015475341796876,-1.5924246745109558,-0.227085000577569,0.3332623789258301
1789755371569491500,19.025491455078125,-1.543389717707038,-0.23608722220063208,0.3003998276352882
1789755371579506400,19.03550634765625,-1.528413097849488,-0.19396686709076166,0.14256971120014786
1789755371589522400,19.0455224609375,-1.6251935561686752,-0.11231266623288393,0.07856796181295067
1789755371599537400,19.055537353515625,-1.652066950047016,-0.027427812890708444,0.14596859639082102
1789755371609553400,19.065553466796874,-1.6741870119184254,-0.03847030816972256,0.21879932972602545
1789755371619568400,19.075568359375,-1.650968633416295,-0.06215981131494045,0.2504883437251672
1789755371629584400,19.08558447265625,-1.6142945610135793,-0.07098579958826302,0.2726767215924337
1789755371639600400,19.095600341796874,-1.6187211452841759,-0.0021077859342098237,0.29886629792507735
1789755371649615400,19.105615478515624,-1.6280167968958614,0.08417875089943408,0.28296806971058247
1789755371659631400,19.11563134765625,-1.6566665527969597,0.14394173020571469,0.23945856179725378
1789755371669646300,19.125646240234374,-1.5944295845925807,0.15960399423986674,0.24694022278953343
1789755371679662600,19.13566259765625,-1.3941934279739856,0.15745792212188242,0.22886311616599558
1789755371689678300,19.14567822265625,-1.150033373954892,0.12868775471150876,0.20094806774761526
1789755371699693600,19.155693603515626,-0.9683809217751026,0.09901683906912803,0.23458171300850808
1789755371709709300,19.165709228515624,-0.9120920483201742,0.16299714380949734,0.315506101754494
1789755371719724500,19.175724609375,-0.7289554950624704,0.33113691120445726,0.3954076867913827
1789755371729740300,19.185740234375,-0.37132279112040995,0.39319764605909585,0.33745873463712633
1789755371739756300,19.19575634765625,-0.12802607593238352,0.3420049266993999,0.2565598821911961
1789755371749771300,19.205771240234377,0.04418868581652641,0.2927697711482644,0.18274298736285416
1789755371759787300,19.215787353515626,0.30559330462515355,0.2870437947168946,0.13575659711919724
1789755371769802200,19.22580224609375,0.6468126339048147,0.3038534752205014,0.04109276562780142
1789755371779818200,19.235818359375,1.098441718405485,0.31585458639860153,-0.03555975448526442
1789755371789833200,19.245833251953126,1.5296324105113743,0.34319384422302246,-0.1053031162643805
1789755371799849200,19.25584912109375,1.9071406122684478,0.5994082009121775,-0.22739063246063887
1789755371809865500,19.265865478515625,2.0655898835152384,0.7576920524641871,-0.5290015894513577
1789755371819880200,19.275880126953126,2.037475549665093,0.6290747326403856,-0.9261217427164316
1789755371829896400,19.285896484375,1.9607617278188465,0.5419388855010271,-1.0696721355170011
1789755371839911400,19.295911376953125,1.981115949061513,0.5363482258871197,-0.8687509192436933
1789755371849927400,19.305927490234374,2.1782944716751573,0.32377281217724085,-0.6820137111455201
1789755371859943400,19.315943359375,2.422761984208226,-0.05618716664612293,-0.7802832389786839
1789755371869958400,19.32595849609375,2.7575223466068506,-0.4754284777611494,-0.9959404712866992
1789755371879974400,19.335974365234375,3.2009938436150547,-0.8804626920863986,-1.0487164412498473
1789755371889989400,19.3459892578125,3.597049509453773,-1.2010755789279937,-0.961142933345586
1789755371900005400,19.35600537109375,3.8733933387190103,-1.4549989020705223,-0.8111806276760994
1789755371910021400,19.366021484375,3.956127151507139,-1.5292393195405602,-0.6835412129737436
1789755371920036400,19.376036376953124,3.6861587024927136,-1.4641817409574984,-0.6838584622293711
1789755371930052400,19.38605224609375,3.117342915982008,-1.3212106093496083,-0.9025374535113573
1789755371940067300,19.3960673828125,2.3514187494844196,-1.201604863499105,-1.1834082586817443
1789755371950083300,19.406083251953124,1.5742676710516212,-1.080662900608778,-1.4566396550148724
1789755371960098300,19.416098388671877,0.8514479022651911,-0.9319786520510911,-1.6941817521989344
1789755371970114600,19.426114501953126,0.1773188068896532,-0.786251207472384,-1.9070383209377526
1789755371980130600,19.436130615234376,-0.31201836923658843,-0.6305199630126357,-2.0614643280178306
1789755371990145500,19.4461455078125,-0.6985293771386146,-0.45411827096790075,-2.1343457320943475
1789755372000161500,19.45616162109375,-1.0694476791113614,-0.2769464713335037,-2.173972516822815
1789755372010176500,19.466176513671876,-1.4941080926656722,-0.16111556784659622,-2.2410692000180483
1789755372020192500,19.476192626953125,-1.954464673501253,-0.10412614490687847,-2.1853142873093483
1789755372030208300,19.486208251953126,-2.4042478378742933,-0.0501867571875453,-2.0451889005213975
1789755372040223500,19.496223388671876,-2.739352483665943,-0.037219723586738106,-1.8450246400952337
1789755372050239200,19.5062392578125,-2.868112719091773,-0.007625088050961494,-1.5559879179954528
1789755372060254200,19.516254150390626,-2.8676918633311987,0.026256138762831685,-1.2609924336217344
1789755372070270200,19.526270263671876,-2.8610043483912944,-0.02713730551153421,-1.0075671231292187
1789755372080286200,19.5362861328125,-2.7545681729763745,-0.05102934549152851,-0.8405497108276933
1789755372090301200,19.54630126953125,-2.5440935309380293,-0.0948898222669959,-0.6609490035459399
1789755372100317200,19.556317138671876,-2.35488730237782,-0.13977525817602873,-0.4100583260975778
1789755372110332200,19.566332275390625,-2.1909218980580567,-0.12420096468627452,-0.1552845966707915
1789755372120348400,19.576348388671875,-2.028852682748437,-0.026505437348783016,0.04256293864506296
1789755372130363400,19.58636328125,-1.9753122312188147,0.05923398699611425,0.20443729810286312
1789755372140379400,19.59637939453125,-2.0199059907048937,0.17238573440164326,0.2906852199591696
1789755372150395400,19.6063955078125,-2.122701763790846,0.3469774544149637,0.3316386136488989
1789755372160410400,19.616410400390624,-2.1691946348965168,0.48111382992118595,0.3543026462038979
1789755372170426400,19.62642626953125,-2.08466633990705,0.5810460302695631,0.35552130127865816
1789755372180441300,19.63644140625,-1.8787112211197614,0.6781722332864999,0.4472719852697104
1789755372190457300,19.646457275390624,-1.5705068572133778,0.7902057903170585,0.6402777522433549
1789755372200473300,19.656473388671873,-1.1755109295606612,0.8692956936448812,0.8988860183317213
1789755372210488300,19.66648828125,-0.852462632265687,0.8995219050824642,1.0980823835738003
1789755372220504300,19.67650439453125,-0.5622632961273193,0.8882838872313499,1.2581463965408504
1789755372230519300,19.686519287109373,-0.2791132939785719,0.9348571300968527,1.4371578326925634
1789755372240535300,19.696535400390626,-0.053577860930562014,1.0388093797415494,1.6221457129053771
1789755372250551600,19.706551513671876,0.1737543924063444,1.1746160265475512,1.8263911051653325
1789755372260566500,19.71656640625,0.42195583077073096,1.3184414368972182,1.9121938040047883
1789755372270582500,19.72658251953125,0.6012976679205894,1.4641533916458487,1.8321387089066206
1789755372280597500,19.736597412109376,0.7319687054038048,1.5606374973669648,1.619891942629218
1789755372290613500,19.746613525390625,0.906482391744852,1.6598583345755933,1.3872133598282932
1789755372300629500,19.75662939453125,1.1059873114794492,1.5993039126306772,1.1977014263197778
1789755372310644500,19.76664453125,1.446567758333683,1.4397607086673379,1.1338680557694285
1789755372320660500,19.776660400390625,1.7907354160249231,1.2667173871397972,1.243811727848649
1789755372330675500,19.786675537109375,2.0745587873905897,1.1009338274821638,1.3999658738955854
1789755372340691500,19.79669140625,2.3643039500206706,0.9984612950012087,1.3789327304780483
1789755372350706400,19.80670654296875,2.559224464574456,0.9897560104981065,1.3230141516402363
1789755372360722200,19.81672216796875,2.553717099329829,1.0853273852884768,1.3442939632952213
1789755372370738200,19.82673828125,2.411249241068959,1.2218141233131288,1.307453302153945
1789755372380753200,19.836753173828125,2.2691654136896133,1.254358256304264,1.198942512422055
1789755372390769200,19.84676904296875,2.274493915235996,1.1153040058791637,0.9955506682515144
1789755372400784100,19.8567841796875,2.4165052619010208,0.7172697334438562,0.7750023759663105
1789755372410800400,19.86680029296875,2.7486054651796814,0.14069646467417476,0.679332216976583
1789755372420816400,19.87681640625,3.124773358243704,-0.42379239854812617,0.6590558832757175
1789755372430831400,19.886831298828124,3.310723215356469,-0.8985843319714069,0.6611613311223685
1789755372440847400,19.896847412109373,3.274478182020783,-1.267829147773981,0.7026253412153571
1789755372450862300,19.9068623046875,2.92440334611237,-1.4247835042878985,0.6701530313514172
1789755372460878300,19.91687841796875,2.357919801941514,-1.4985364305019377,0.5642759511239827
1789755372470894300,19.926894287109373,1.638452850714326,-1.4557801155760883,0.34537027494665234
1789755372480909300,19.936909423828126,0.9899836817741393,-1.2443173392832279,0.15193652835190297
1789755372490925300,19.94692529296875,0.3313175284683704,-1.0453858355224133,-0.06488251427710055
1789755372500940300,19.956940185546873,-0.34895372292399407,-0.899330181902647,-0.3249776579223573
1789755372510955300,19.966955322265626,-0.9843436300605535,-0.8089280264437199,-0.5145279506798833
1789755372520971300,19.97697119140625,-1.5274001214146613,-0.73775897924304,-0.6040064154226332
1789755372530986200,19.986986328125,-1.8806278683960436,-0.7089139930307865,-0.5844752010006458
1789755372541002500,19.99700244140625,-2.0534896958768365,-0.7554600556284189,-0.5185031379211694
1789755372551017200,20.007017333984376,-2.104765125083923,-0.8711170638531446,-0.4856077072743326
1789755372561033500,20.017033447265625,-1.9396505507290362,-1.0238599401518702,-0.4247301908548921
1789755372571049500,20.027049560546875,-1.665819581067562,-1.1708137116551398,-0.37033458380065853
1789755372581064400,20.037064453125,-1.4170458957731722,-1.2623922174170612,-0.3276198429942131
1789755372591080400,20.04708056640625,-1.2563304331600664,-1.2665750560596585,-0.32203780507817864
1789755372601095400,20.057095458984374,-1.2692542121410368,-1.1813541026309131,-0.41836102114915846
1789755372611111400,20.067111328125,-1.36833593313992,-1.0722069146916269,-0.48005803725793955
1789755372621127400,20.07712744140625,-1.6106073969334362,-0.9258908565700054,-0.5101201807076111
1789755372631142400,20.087142333984374,-1.9280361007809639,-0.8096876126393675,-0.46591023290734734
1789755372641158400,20.097158447265624,-2.2002438531547783,-0.6505366228640079,-0.3649827744439244
1789755372651173400,20.10717333984375,-2.4137305364906787,-0.4742994737312197,-0.2805014238687232
1789755372661189400,20.117189453125,-2.5628303801119325,-0.3446604096442461,-0.24826372647825626
1789755372671204400,20.127204345703124,-2.554464702826738,-0.202972303584218,-0.25277429923787714
1789755372681220400,20.137220458984373,-2.355790973219275,-0.04740735560208559,-0.25432861600778994
1789755372691236600,20.147236572265626,-2.0382120472460983,0.07757189998030663,-0.28041443970501423
1789755372701251600,20.15725146484375,-1.6536884137690067,0.09671762221604585,-0.33262879373002796
1789755372711267600,20.167267578125,-1.299049630945921,0.12960107016414404,-0.4233508653257042
1789755372721282600,20.177282470703126,-0.979458196106553,0.16802520110458136,-0.5333210600856692
1789755372731298600,20.187298583984376,-0.6625245822995901,0.2523229022085666,-0.631328649047017
1789755372741314300,20.197314208984373,-0.30134383048713204,0.32312837679386136,-0.6285087693206965
1789755372751329500,20.20732958984375,0.0827834971487522,0.31215806996822354,-0.5986677212757989
1789755372761345300,20.21734521484375,0.355076589718461,0.2718205066218972,-0.5538662007905543
1789755372771360500,20.227360595703125,0.4992226103246212,0.22754238895624876,-0.5040992033850401
1789755372781376300,20.237376220703126,0.6081237145483493,0.309613353921473,-0.4705713565861806
1789755372791392300,20.247392333984376,0.763934453985095,0.4620841352805495,-0.4404838594995439
1789755372801407200,20.2574072265625,0.9346148457735777,0.5387696078151464,-0.45045543761141593
1789755372811423200,20.26742333984375,1.1053805777579546,0.49589638851135964,-0.5339346984719857
1789755372821438200,20.277438232421876,1.2786568312585354,0.445909830071032,-0.6179604142341762
1789755372831454500,20.287454345703125,1.455872177773714,0.45107700357586145,-0.6905205504670738
1789755372841470500,20.297470458984375,1.658667371225357,0.4881558573871851,-0.7342072050455957
1789755372851485400,20.3074853515625,1.800706190419197,0.5793167222589254,-0.7347029526732861
1789755372861501400,20.31750146484375,1.8069822019487618,0.6534612781390547,-0.8807429703325033
1789755372871516400,20.327516357421874,1.671737280678749,0.620715192835033,-1.192170899395272
1789755372881532400,20.337532470703124,1.4713339507997034,0.5893859885916114,-1.3940877756424248
1789755372891548400,20.34754833984375,1.2274082900583743,0.7018252038136125,-1.3425275381445885
1789755372901563400,20.3575634765625,0.9701859253704548,0.7963178434565663,-1.300337186538428
1789755372911579400,20.367579345703124,0.7109405304223299,0.6356728157311677,-1.3240155837677419
1789755372921594400,20.377594482421873,0.5519722037374973,0.31809564332365986,-1.3061740759983658
1789755372931610400,20.3876103515625,0.5092869082212448,0.11377777034938334,-1.2306547246336936
1789755372941626400,20.39762646484375,0.48147886384129523,-0.07103110003471375,-1.2448314262852072
1789755372951641300,20.407641357421873,0.5209516270518303,-0.3389616134807467,-1.3436422213882206
1789755372961657300,20.4176572265625,0.6476040765434503,-0.6726873721346259,-1.4310314587667583
1789755372971672300,20.42767236328125,0.8902128094673156,-0.9194356890812516,-1.4273565696462989
1789755372981688600,20.4376884765625,1.146428627461195,-1.0189128391385078,-1.3512242009498179
1789755372991704600,20.44770458984375,1.3469003464013338,-1.0542200071021914,-1.3654162463009356
1789755373001719600,20.457719482421876,1.4524018713146447,-1.0736053833127022,-1.476614813812077
1789755373011735600,20.467735595703125,1.387995157855749,-1.0620677979931235,-1.6389397574484348
1789755373021750500,20.47775048828125,1.1846347317367791,-0.966332464812696,-1.8505024869844315
1789755373031766500,20.4877666015625,0.9149339937478304,-0.8205378002166748,-2.0272847027793524
1789755373041782300,20.4977822265625,0.555730679488182,-0.7162450665712357,-2.1628348906062542
1789755373051797500,20.507797607421875,0.13141864098012446,-0.7104615147337318,-2.2210142539829016
1789755373061813200,20.517813232421876,-0.29359307022988795,-0.7614093194216489,-2.056513281481713
1789755373071828500,20.527828369140625,-0.689686729991436,-0.7226119712546467,-1.68435213984102
1789755373081844200,20.53784423828125,-1.0569576153725384,-0.671816142258048,-1.260027095720917
1789755373091859500,20.547859375,-1.3155296411037445,-0.6485735060974955,-0.8493350017644464
1789755373101875200,20.557875244140625,-1.502189692312479,-0.6502475767895579,-0.4868168638683855
1789755373111891500,20.567891357421875,-1.6125784047454594,-0.6449167371556163,-0.20782558883428573
1789755373121906200,20.57790625,-1.6407605431348085,-0.6408651236772537,-0.005030285784788429
1789755373131922400,20.58792236328125,-1.6667413720875977,-0.6324056306287645,0.1463118934031576
1789755373141937400,20.5979375,-1.7811375665962694,-0.5551815211728215,0.23616744782999158
1789755373151953400,20.607953369140624,-1.8792372908204793,-0.4864791563466191,0.34661658521331845
1789755373161969400,20.617969482421874,-1.9799737932890653,-0.3898156024053693,0.4589719946093857
1789755373171984400,20.627984375,-2.176635598552227,-0.20338497603833675,0.5198315369807184
1789755373182000400,20.63800048828125,-2.3254899429798126,0.048781274303793906,0.5923272296752781
1789755373192015400,20.648015380859373,-2.389596796709299,0.19040157582461834,0.7440653859108686
1789755373202031400,20.65803125,-2.2613404191523787,0.21880612479299305,0.9224638047307729
1789755373212047400,20.66804736328125,-2.0208283662468194,0.22684505434185265,1.0996479523900895
1789755373222062300,20.678062255859373,-1.7408669310063123,0.16731033083349464,1.2395130077414214
1789755373232078300,20.688078369140626,-1.4860691631168126,0.11861235089898109,1.2929869699060916
1789755373242093300,20.69809326171875,-1.2253437587440013,0.12448942623883485,1.3629609621033072
1789755373252109300,20.708109375,-0.9416840535074472,0.1535205826729536,1.4187896707005798
1789755373262125600,20.71812548828125,-0.6609627398103475,0.25489625982791186,1.4647026960916816
1789755373272140500,20.728140625,-0.37877661425769327,0.33741964473575353,1.6272349988684056
1789755373282156500,20.738156494140625,-0.15599778644144535,0.42172465236335993,1.7986875440731644
1789755373292171500,20.748171630859375,-0.16156418839693068,0.5533870389714837,1.8400817768655717
1789755373302187500,20.7581875,-0.2372843230307102,0.7231994157537818,1.8454937189117073
1789755373312203500,20.76820361328125,-0.32329379648864265,0.8267220418095588,1.7776989704497157
1789755373322218500,20.778218505859375,-0.4910509943068027,0.9470961416840553,1.6620879933238029
1789755373332234500,20.788234375,-0.6093436117321253,1.1128159884557127,1.5323912077002226
1789755373342249500,20.79824951171875,-0.5544371325463057,1.2043196754157544,1.4364739420816302
1789755373352265500,20.808265380859375,-0.10573942532241344,0.9161538909316063,1.25207160667181
1789755373362281200,20.81828125,0.3571726852148771,0.7416796598181128,1.13228261320889
1789755373372296400,20.82829638671875,0.23358254590332506,1.2319886035859584,1.2552730330616235
1789755373382312200,20.838312255859375,0.26127368590533734,1.386430392757058,1.1059167304612696
1789755373392327400,20.848327392578124,0.3085030545920133,1.184510228574276,0.8089050839595496
1789755373402343400,20.858343505859374,0.21605156538784503,1.1435331982806325,0.6859225551523268
1789755373412359400,20.868359375,0.3201327021092176,1.2779612502098083,0.959772229514271
1789755373422374400,20.87837451171875,0.5301794741243123,1.2891671193569898,1.2886752441868186
1789755373432390400,20.888390380859374,1.0261813688367605,0.928780440531671,1.4432098262079058
1789755373442405400,20.8984052734375,2.051893951117992,0.39692075823545453,1.5286816856577992
1789755373452421400,20.90842138671875,3.3761060803711413,0.07556845120340586,1.501279299469292
