time,seconds_elapsed,z,y,x
1789692704365164000,0.0451640625,-1.3663842145502567,0.18018764032423495,0.3268307384431362
1789692704375129000,0.055129150390625,-0.9904881241649389,-0.35030046135783194,0.2140536695688963
1789692704385094100,0.06509423828125,-0.7357371180266141,-0.5416501316875219,0.3074129212677479
1789692704395059200,0.07505908203125,-0.2586418760970235,-0.7015186220824718,0.22175825259685514
1789692704405024000,0.08502392578125,0.19068477668017147,-0.8591583305120467,0.2641682383030653
1789692704414989000,0.094989013671875,0.4892021515697241,-1.0226327364444732,0.5320008443325758
1789692704424954000,0.1049541015625,0.6474047545790672,-0.9078601098388432,0.5195680637389422
1789692704434918000,0.11491796875,0.8790262295424938,-0.969431892132759,0.7930442286133765
1789692704444883000,0.124883056640625,0.944899508422613,-0.8974299012392759,0.7953677031248807
1789692704454847700,0.13484765625,0.9475701889365911,-1.4647919818103312,0.4539356078773737
1789692704464812800,0.144812744140625,0.880023716147244,-1.4890309355318545,0.5176321272403002
1789692704474777900,0.15477783203125,0.5618664057642221,-1.3214286360144614,0.8511714234113693
1789692704484743000,0.164742919921875,0.7588716176375746,-1.248138358876109,0.8557207572787999
1789692704494707700,0.174707763671875,0.4266717533767223,-1.146519812875986,1.4259452415436504
1789692704504674000,0.184674072265625,0.1162273554585874,-1.2724158910423518,1.9792472325801849
1789692704514638800,0.194638916015625,0.47969665659964084,-1.3871055155396461,2.0266595566183327
1789692704524604000,0.20460400390625,0.7709422869205474,-1.4604606746077538,1.873629387810826
1789692704534568700,0.214568603515625,0.9505221706099808,-1.345450732114911,1.8025328213244676
1789692704544534000,0.224533935546875,0.9824304899156093,-1.387857210689783,1.5680343296200037
1789692704554498800,0.234498779296875,0.6762327896565199,-1.5310902081042528,1.3465823664933443
1789692704564463900,0.2444638671875,0.8717710707824676,-1.5658517248839139,1.0342097769916057
1789692704574428700,0.2544287109375,1.0570277579993008,-1.5875596988230942,0.691066786172986
1789692704584394000,0.26439404296875,1.2091052291918545,-1.452929110059142,0.5533008219927549
1789692704594359000,0.274359130859375,1.3469400938898324,-1.4410837739646434,0.2622837397307157
1789692704604323800,0.28432373046875,1.3978320767372845,-1.2247434547632932,-0.4053402115345001
1789692704614289000,0.294288818359375,1.3281746031433344,-1.129443590390682,-0.972289035129547
1789692704624254000,0.30425390625,1.2355951036453245,-1.1309387973845004,-1.4888316135674715
1789692704634219000,0.314218994140625,1.3409393921703099,-1.0188888737410307,-1.6469728417783975
1789692704644183800,0.324183837890625,1.3523089274466038,-0.9913204833358525,-2.1870716523706912
1789692704654148900,0.33414892578125,1.4024866245448588,-0.8704735052525997,-2.9531928027451038
1789692704664113700,0.34411376953125,1.5252408975541591,-0.5575134712517261,-3.17977862162888
1789692704674079000,0.354078857421875,1.8487071280002594,-0.3323901261359453,-3.5139556311815974
1789692704684043800,0.364043701171875,2.021799257105589,-0.175679807510972,-3.877512172214687
1789692704694008800,0.3740087890625,1.8325415906190872,0.028802900636196133,-3.9772684314742683
1789692704703974000,0.383973876953125,1.55826872240901,0.2567868958801031,-3.7964164820224044
1789692704713939000,0.39393896484375,0.9194377349078655,0.4315566028088331,-3.3541324412330984
1789692704723904000,0.403904052734375,0.265765152105689,0.6645996350079775,-2.8709666472181676
1789692704733868800,0.413868896484375,0.18160218329727648,0.6890215440809726,-2.9193562918558715
1789692704743833900,0.423833740234375,-0.3912567411243915,1.0538193173468113,-2.5235090080708265
1789692704753799000,0.433798828125,-2.266708083665371,1.8362211559146642,-1.4019462340578437
1789692704763764700,0.4437646484375,-1.902020785036683,2.0083441477268935,-1.2076847679346798
1789692704773729800,0.453729736328125,-0.877380800423026,1.9017320312231778,-1.6635712176188826
1789692704783695000,0.463695068359375,-0.8818126453906298,1.9441747501552105,-1.752529311749339
1789692704793660000,0.473659912109375,0.06297814196050167,2.326656648671627,-2.184071009249985
1789692704803625000,0.483625,0.946669440704584,2.4756378343492744,-2.957472672021389
1789692704813589800,0.49358984375,1.4748124405652283,2.600668820118904,-3.4080846884340046
1789692704823554800,0.503554931640625,1.7427531831443308,2.6914661123752595,-3.721091484186053
1789692704833519900,0.513519775390625,1.7241005051225422,2.724260712996125,-3.8020597486063834
1789692704843485000,0.52348486328125,1.7178788541287182,2.7712176944822073,-3.9310646064430474
1789692704853449700,0.53344970703125,1.4160323348164559,2.7245781083822247,-3.9554116967141626
1789692704863414800,0.543414794921875,0.21791089298631994,2.5126520984917877,-3.7386756561934944
1789692704873379800,0.5533798828125,-0.2765513710686937,2.5663492018878458,-3.5910075989410277
1789692704883345000,0.563344970703125,-0.31540099741220473,2.57917302762568,-3.631283495227992
1789692704893310000,0.57331005859375,-0.5800907023061066,2.9961177522361275,-3.213379277935624
1789692704903274800,0.583274658203125,-1.1807617627609521,2.531971715989709,-3.6799037337511775
1789692704913240000,0.593239990234375,-1.9462574016481637,2.1171686795830724,-3.9748280525848267
1789692704923204900,0.603204833984375,-2.0316782615631817,2.0983049891591072,-4.086915970151126
1789692704933170000,0.613169921875,-2.0064210707098242,2.110810250467062,-4.116854012297094
1789692704943134700,0.623134765625,-1.8343448406487701,1.8586399084717034,-4.2591526514709
1789692704953100000,0.63310009765625,-1.503275149461627,1.526257381120324,-4.3895109697431325
1789692704963064800,0.64306494140625,-0.8778034097492694,1.2556143938452005,-4.478699950020015
1789692704973030000,0.65302978515625,-0.557146428037621,1.1906056228399275,-4.496806684596836
1789692704982994700,0.66299462890625,-0.03006608897242695,1.2357751363873481,-4.560237246499955
1789692704992960000,0.6729599609375,0.33904366574101147,1.3045359534025192,-4.583051135854423
1789692705002925800,0.68292578125,0.5965385272273793,1.3140490471571684,-4.654518873740733
1789692705012891000,0.692890869140625,0.8849883528172969,1.2205506792485714,-4.745241347195208
1789692705022855700,0.702855712890625,1.1001935305088757,1.0163000262916086,-4.817389468561113
1789692705032821000,0.712821044921875,1.1958131283551454,0.847094967752695,-4.827824937857687
1789692705042785800,0.722785888671875,1.22053431263566,0.8382856383532286,-4.800873510307073
1789692705052750800,0.732750732421875,1.0487386530816554,0.41729777583181854,-4.428460878123342
1789692705062715600,0.742715576171875,1.0358651429831982,0.34155542936623096,-4.165804505687952
1789692705072681000,0.752680908203125,0.8491764502018689,0.13159282850325107,-3.9287925698578356
1789692705082646000,0.76264599609375,0.8354401857942342,0.11672259162962435,-3.8874858692184087
1789692705092610800,0.77261083984375,0.5624947667956351,-0.19706337180137634,-3.7852915691569446
1789692705102575900,0.782575927734375,0.5012140764027834,-0.3762959033578634,-3.733559628354013
1789692705112541000,0.792541015625,0.4598328492224216,-0.4104366578906774,-3.660041972200572
1789692705122506000,0.802506103515625,0.323684841632843,-1.0868068101912736,-4.646110818618536
1789692705132470800,0.812470703125,0.2924006455749273,-1.0995084708541631,-4.6145475133582945
1789692705142435800,0.822435791015625,0.18187752963993697,-0.9874661459952593,-4.729755316510796
1789692705152401000,0.83240087890625,0.06667115125954151,-0.8549468502968549,-4.946246442359685
1789692705162366000,0.842365966796875,0.01658577208723873,-0.9473287813961505,-5.240625110009312
1789692705172330800,0.852330810546875,0.048509471625089645,-0.9394605322390794,-5.434055093744397
1789692705182295800,0.8622958984375,0.06797171246409416,-0.7213602176278829,-5.467517218363285
1789692705192260900,0.8722607421875,0.226182535312511,-0.35645255424678324,-5.417248920372129
1789692705202227000,0.88222705078125,0.47910563190393146,0.029720600003004072,-5.3740901621252295
1789692705212191700,0.892191650390625,0.7041583229362964,0.2936088523209095,-5.34726937521696
1789692705222156800,0.90215673828125,0.7993874601602554,0.5044289467960595,-5.302713609653711
1789692705232121900,0.912121826171875,0.8866635925531386,0.6571528261333703,-5.194790410551429
1789692705242087000,0.9220869140625,0.9346692063093185,0.6609311756283044,-5.002819977974891
1789692705252051700,0.9320517578125,0.9059650898724794,0.5616144768297672,-4.672890396733582
1789692705262016800,0.942016845703125,0.8961077127248048,0.368213719189167,-4.141411822709441
1789692705271982000,0.951982177734375,0.8231190488815308,0.00870879163444042,-3.402432946282625
1789692705281947000,0.96194677734375,0.8224298975735902,-0.3353004606246948,-2.6663834013059735
1789692705291912000,0.971911865234375,0.8236094627469778,-0.6400099681526422,-1.9772358927577733
1789692705301876700,0.981876708984375,0.768162300813198,-1.081873445442319,-1.371920805889368
1789692705311842000,0.991842041015625,0.7204658991366625,-1.5260229878425597,-0.8197212231367826
1789692705321806800,1.001806884765625,0.6967891824077814,-1.8802087662011384,-0.25720658259689805
1789692705331772000,1.01177197265625,0.610371785736084,-2.1347779860317706,0.20681378144323825
1789692705341736700,1.02173681640625,0.5183019162606448,-2.266259755375981,0.5474012425601482
1789692705351702000,1.031701904296875,0.4894325262594968,-2.2934815243005753,0.7873714436739683
1789692705361666800,1.041666748046875,0.5093051014650612,-2.245789798799157,0.9139221863567829
1789692705371631900,1.0516318359375,0.5716700799632817,-2.115990867975354,0.9214537509053945
1789692705381597700,1.06159765625,0.6486760166238993,-1.905521486634016,0.828467424172163
1789692705391563000,1.07156298828125,0.7274860800970345,-1.6781278584986925,0.6082049630910158
1789692705401527800,1.08152783203125,0.9007306232850998,-1.4496090257257221,0.38402386726140975
1789692705411492900,1.091492919921875,0.869641146081686,-1.5806196704268454,0.105139705863595
1789692705421457700,1.101457763671875,1.0208511137247085,-1.5250164411485194,0.09712766432166099
1789692705431423500,1.111423583984375,1.2019576224595308,-1.4432038348585365,0.14805004230737684
1789692705441388300,1.12138818359375,1.3589987804740666,-1.5386556749224662,0.20979250499308108
1789692705451353600,1.131353515625,1.5320406406968832,-1.6665929035276175,0.391425667950511
1789692705461318400,1.141318359375,1.6362193925738333,-1.8006512453615664,0.7265045947790145
1789692705471283500,1.151283447265625,1.6399696850180625,-1.9034522791445254,1.2049626494944095
1789692705481248300,1.161248291015625,1.601377796295285,-1.9466718276679515,1.7145441567480564
1789692705491213600,1.171213623046875,1.5456635078579186,-1.9163561843812464,2.139007001903653
1789692705501178600,1.1811787109375,1.495960442534089,-1.832282647421956,2.4002105451822278
1789692705511143400,1.191143310546875,1.3785393472462892,-1.8402923508763311,2.5901374892324207
1789692705521108500,1.2011083984375,1.1055056654423474,-1.8759172064870595,2.8961498960524796
1789692705531073500,1.211073486328125,0.7359241650313139,-1.8364000196129082,3.0887136183470485
1789692705541038600,1.22103857421875,0.4656424122840166,-1.8781798907220362,3.203785520160198
1789692705551004400,1.23100439453125,0.18161796538829802,-2.010803231316805,3.4146237348139286
1789692705560969500,1.240969482421875,-0.14203530292934738,-2.1549276246130464,3.6485102320998903
1789692705570934500,1.2509345703125,-0.25846387091530487,-2.222344625803828,3.939515623924136
1789692705580899600,1.260899658203125,-0.1583458291386254,-2.3302815611705183,4.128680935952067
1789692705590864400,1.270864501953125,0.01814355945587158,-2.527839730751514,4.302162356635928
1789692705600829400,1.280829345703125,0.2330886249065399,-2.703847162781656,4.625222344368696
1789692705610794500,1.29079443359375,0.4289478816151619,-2.8217142482712863,4.910694651985168
1789692705620759600,1.300759521484375,0.49843931445982304,-2.977142710392177,5.26062277289927
1789692705630724400,1.310724365234375,0.5309925075402483,-3.020479455554485,5.648689778071642
1789692705640689400,1.320689453125,0.49902387288212774,-3.0151673206210137,5.986521803000569
1789692705650654500,1.330654541015625,0.4563970295548439,-3.069508859400451,6.381880718746781
1789692705660619500,1.34061962890625,0.24004092826247214,-3.127370973521471,6.801288034078478
1789692705670584300,1.350584228515625,-0.01454349142058054,-3.206368814651668,6.687383422479033
1789692705680549400,1.36054931640625,-0.30544892771840093,-3.263387171424925,6.6339253885358564
1789692705690514700,1.3705146484375,-0.7463976282507181,-3.4561779804736372,6.550118393558264
1789692705700480500,1.38048046875,-0.9325093979269266,-3.766976744787395,6.376039006981253
1789692705710445300,1.3904453125,-0.8295943823754787,-4.0797389181286094,6.198531984043121
1789692705720410400,1.400410400390625,-0.6797112794220447,-4.346010266190767,5.96268441581726
1789692705730375400,1.41037548828125,-0.5384972571471706,-4.782028524583578,5.537797207769751
1789692705740340500,1.420340576171875,-0.5256406616508961,-5.448824208331108,5.050949510371685
1789692705750305500,1.430305419921875,-0.4313543582350015,-6.071792440789937,4.66022000799179
1789692705760270300,1.440270263671875,-0.3253963217258453,-6.52386517740488,4.284713793706894
1789692705770235600,1.450235595703125,-0.26992230831775815,-6.815072813802957,3.906998671200871
1789692705780200400,1.460200439453125,-0.18981062419414518,-6.913125191754102,3.5455940475046632
1789692705790165500,1.47016552734375,-0.2390145443568006,-6.686810006505251,3.2751971439450975
1789692705800130300,1.48013037109375,-0.29299101268351074,-6.1747612323552366,2.986122427922487
1789692705810095600,1.490095703125,-0.40206159172262995,-5.569750096869468,2.517078682762384
1789692705820060400,1.500060302734375,-0.4860054378876462,-4.912483288967609,1.9586492657095194
1789692705830025500,1.510025390625,-0.4669003399232402,-4.205529197832941,1.3718103312522172
1789692705839991600,1.519991455078125,-0.3769926534503698,-3.4509348191231486,0.832294288983941
1789692705849956600,1.52995654296875,-0.288820467266906,-2.6168840418606996,0.18872224443554877
1789692705859921400,1.53992138671875,-0.19671673205448315,-1.7831874848634004,-0.4966320093095302
1789692705869886500,1.549886474609375,-0.0789671537309885,-1.0629355207383633,-1.2370780356794595
1789692705879851300,1.559851318359375,-0.035028643283247944,-0.5285697008401156,-2.0598627380400893
1789692705889816600,1.569816650390625,-0.1575841971163638,-0.1562608212918043,-2.844610262951255
1789692705899781400,1.579781494140625,-0.44395898826420305,0.07658990320563316,-3.496995728552341
1789692705909746400,1.589746337890625,-0.8973656038314104,0.2306745495021343,-3.9269840591311453
1789692705919711200,1.599711181640625,-1.2301362537175415,0.3791021929502487,-3.941691798919439
1789692705929676500,1.609676513671875,-1.7069272520035503,0.2563350604593754,-4.028343661934137
1789692705939641600,1.6196416015625,-2.206362043774128,0.0473000958353281,-3.8847026682406662
1789692705949606400,1.6296064453125,-2.4999171200811863,0.04627016826570034,-3.3108453804314135
1789692705959571500,1.639571533203125,-2.5953169376969334,-0.0007943652480840683,-2.7877397902160883
1789692705969536500,1.64953662109375,-2.5355086579442023,-0.16803543023765086,-2.378893616387248
1789692705979502300,1.65950244140625,-2.3551865775853393,-0.24575462973415851,-1.9815502488255499
1789692705989467400,1.66946728515625,-2.0723878730922936,-0.1714361785918474,-1.615164329585433
1789692705999432400,1.679432373046875,-1.782475537201762,-0.05081891761124134,-1.3617740904062985
1789692706009397500,1.6893974609375,-1.3158482055336236,0.09712006553709507,-1.2650474081009626
1789692706019362600,1.699362548828125,-0.797910957866907,0.4179968640118837,-1.1978203765243292
1789692706029327400,1.709327392578125,-0.21884031932353973,0.8486486269354819,-1.3195371231794357
1789692706039292400,1.71929248046875,0.34005613071918483,1.2901099531650542,-1.5355612160384655
1789692706049257500,1.729257568359375,0.7191945640265941,1.6712848607361315,-1.717125989934802
1789692706059222500,1.739222412109375,1.0397732563376425,1.9965069949388503,-1.931551123164594
1789692706069187300,1.749187255859375,1.3685270717978477,2.2552204749673606,-2.1529715221092105
1789692706079152400,1.75915234375,1.6328303346574307,2.4040911860078573,-2.284680378207564
1789692706089117400,1.769117431640625,1.8021277476549147,2.535024089297652,-2.2790479252785443
1789692706099082500,1.77908251953125,1.889105773884058,2.6707173388570546,-2.1515072947755454
1789692706109048300,1.78904833984375,1.8948633144974707,2.732603593927622,-1.9746356471315025
1789692706119013600,1.799013671875,1.8169734346091746,2.704299874985218,-1.7906003914684057
1789692706128978400,1.808978515625,1.6406874778985976,2.6278134321540594,-1.6528975556522607
1789692706138943500,1.818943603515625,1.4547498957455158,2.5341239255875347,-1.6186556788325308
1789692706148908300,1.828908203125,1.295183603167534,2.369484567528963,-1.6504142144039273
1789692706158873600,1.83887353515625,1.10965292131491,2.2046710219472647,-1.7388783875375986
1789692706168838400,1.84883837890625,0.9366659330844879,2.1711884390622376,-1.746691983897984
1789692706178803500,1.858803466796875,0.8071826440811157,2.364765722313523,-1.6619228658899663
1789692706188768500,1.8687685546875,0.7302326753914355,2.645300573527813,-1.5430471878796814
1789692706198733600,1.878733642578125,0.7659200748443603,2.887107342419028,-1.6071066953361033
1789692706208698600,1.88869873046875,0.6724632079899311,3.0756004542738196,-1.8973373033955692
1789692706218663400,1.898663330078125,0.5319301171839237,3.1576661585420367,-2.4243702961876985
1789692706228629200,1.908629150390625,0.44910917410161344,3.14180691063106,-2.9659912017807364
1789692706238594600,1.918594482421875,0.3150408953955397,2.990093085119128,-3.446913308522105
1789692706248559400,1.928559326171875,0.1583937599335797,2.750091319823265,-3.947385334385931
1789692706258524400,1.9385244140625,0.06830839707255364,2.4920371804863213,-4.341601509837806
1789692706268489500,1.948489501953125,0.05171498966813087,2.1149159322202205,-4.6313045868918294
1789692706278454500,1.95845458984375,0.13354451056029648,1.655008264195919,-4.859754738342762
1789692706288419600,1.968419677734375,0.24890344915390014,1.2389520128577947,-4.976107327616215
1789692706298384400,1.97838427734375,0.2789852836847305,0.1691360849559307,-5.047606629684567
1789692706308349400,1.988349365234375,0.2613830280313268,-0.4185258563220501,-5.052518367123604
1789692706318314500,1.998314453125,0.3169780374705791,-0.9344231225937605,-5.115043504619598
1789692706328279600,2.008279541015625,0.3062333743606694,-1.4777911641150712,-5.334910244381428
1789692706338244400,2.018244384765625,0.1837210934136994,-2.098684343865514,-5.660801071625948
1789692706348210400,2.02821044921875,-0.0262859493792057,-2.7105390616357323,-6.010428163766861
1789692706358175500,2.038175537109375,-0.15189500903142616,-3.084782124117017,-6.2551411754935975
1789692706368140500,2.048140625,-0.20152208650959655,-3.0284365520387886,-6.279553732216358
1789692706378105300,2.058105224609375,-0.24695932934880255,-2.5821897450983524,-6.344100730928778
1789692706388070400,2.0680703125,-0.23806992045044897,-1.8586469227343796,-6.424996806895733
1789692706398035500,2.078035400390625,-0.25655367164611814,-1.8575778321981429,-6.427361197939515
1789692706408000500,2.08800048828125,-0.001778124721581116,-0.6033446635782719,-6.709821464258432
1789692706417965300,2.09796533203125,0.1426537362217903,0.03126490683555603,-6.758807905745506
1789692706427930400,2.107930419921875,0.3541793486177921,0.5991086334437131,-6.744495302754641
1789692706437896000,2.11789599609375,0.32761399777531625,0.5871639286279678,-6.7117761054575436
1789692706447861000,2.127861083984375,0.7112427282392978,1.0519190366834401,-6.558820170930027
1789692706457825800,2.13782568359375,0.8664666076987981,1.018800610935688,-6.362824720621108
1789692706467792100,2.147792236328125,0.9431973806798457,0.9104314216315745,-5.972111584854126
1789692706477757000,2.1577568359375,0.8430261108785867,0.7354524558663368,-5.434670595294237
1789692706487722000,2.167721923828125,0.5583633295467123,0.35440848119854923,-4.843534840425849
1789692706497686800,2.177686767578125,0.2725549218436703,-0.23975392801463602,-4.379523828735947
1789692706507652000,2.187652099609375,0.058463276618253436,-0.8770926311314106,-3.922021468287706
1789692706517617000,2.197616943359375,-0.02088960676100105,-1.364455292314291,-3.2420877782866357
1789692706527582000,2.20758203125,0.004278079177998006,-1.646833725568652,-2.5010280039325354
1789692706537546800,2.217546630859375,-0.04663900157809257,-1.774920591777563,-1.8416724070578812
1789692706547512000,2.227511962890625,-0.06850479642748833,-1.7885194935411213,-1.2937813351541756
1789692706557477000,2.23747705078125,-0.0410329069330357,-1.8994009579271076,-1.1114029067873954
1789692706567443000,2.24744287109375,-0.13399462894797323,-1.6315391258031129,-0.845957488155365
1789692706577407700,2.25740771484375,-0.09798926785336806,-1.585361311995983,-0.8502028706401586
1789692706587373000,2.267373046875,0.09747837745547294,-1.5501561431020496,-0.99930739043653
1789692706597337900,2.277337890625,0.46452422190904613,-1.5010019438326359,-1.179852758157253
1789692706607303000,2.287302978515625,0.5266752653956412,-1.6055138731867074,-1.0406617296099663
1789692706617268000,2.29726806640625,1.1928922724723816,-1.41783383128047,-1.1938298455834389
1789692706627233000,2.30723291015625,1.3719757509469985,-1.337511171287298,-0.9429998122811317
1789692706637198000,2.317197998046875,1.483002176761627,-1.2534195141494273,-0.5785661961525679
1789692706647163000,2.327162841796875,1.4983505525410175,-1.177394843611121,-0.15031448010802267
1789692706657128000,2.3371279296875,1.4650433262228966,-1.161074407929182,0.3879103533059358
1789692706667093000,2.347093017578125,1.4422574939191342,-1.1386240911900996,0.8993266747713089
1789692706677058800,2.357058837890625,1.4733610727131365,-1.1610668091446161,1.3886410545438528
1789692706687023900,2.36702392578125,1.4728794266760348,-1.160018761396408,1.8524018908649682
1789692706696989200,2.3769892578125,1.5456208377599716,-1.1466373017758131,2.2718805178672072
1789692706706954000,2.3869541015625,1.634849273264408,-1.1765683296591043,2.609322666695714
1789692706716919000,2.3969189453125,1.667345183199644,-1.2342173855513334,2.9062562795251607
1789692706726883800,2.4068837890625,1.6344097128033637,-1.2580337299466133,3.238519564411044
1789692706736849200,2.41684912109375,1.6009680464506149,-1.2074585579633712,3.592632277533412
1789692706746814000,2.42681396484375,1.5186486596822737,-1.15430798253417,3.927316067564487
1789692706756779000,2.436779052734375,1.3589362366318702,-1.1273597698539495,4.31446712693572
1789692706766743800,2.446743896484375,1.2647802815973759,-1.1204437068551778,4.77756745352149
1789692706776710100,2.456710205078125,1.240323885732889,-1.1445201634913682,5.225042925474047
1789692706786675000,2.466675048828125,1.2354688469171524,-1.193325987714529,5.562535343185067
1789692706796640000,2.476639892578125,1.2341723773658275,-1.303743633981049,5.830174472469091
1789692706806604800,2.486604736328125,1.2153227154672146,-1.4668208572894335,5.9187149257093665
1789692706816570000,2.496570068359375,0.9620493806660175,-1.7121514163926244,6.072234923860431
1789692706826535000,2.506534912109375,0.6806243026137352,-2.0822633704185485,6.147808928021788
1789692706836500000,2.5165,0.4257224898278713,-2.467059683357179,6.2276668931126595
1789692706846464800,2.52646484375,0.2892705308556556,-2.7700501120075582,6.301449922204017
1789692706856430000,2.53643017578125,0.25552726947413756,-2.8825916185602543,6.351385627239942
1789692706866395000,2.546394775390625,0.03456161029338836,-3.5488644474774595,6.442579809859395
1789692706876361000,2.55636083984375,0.0003717564926628256,-3.9835266150861974,6.539732024100423
1789692706886325800,2.56632568359375,0.06620177561554591,-4.397364605852961,6.530761366659402
1789692706896291000,2.576291015625,0.17907995307696983,-4.848761927424371,6.403297600784898
1789692706906256000,2.586255859375,0.13586157359732315,-4.858360361374914,6.406565078148246
1789692706916221000,2.596220947265625,0.6326683732181787,-5.952452944660187,5.754453168791533
1789692706926185700,2.606185791015625,0.9586322656989097,-6.373648896974325,5.39559413792491
1789692706936151000,2.616151123046875,1.2592524580866098,-6.673679306775331,5.01296786250174
1789692706946116000,2.6261162109375,1.4853332500576972,-6.986169385176897,4.55009140779972
1789692706956081000,2.636080810546875,1.6091840861320494,-7.242699091425537,4.076837351468205
1789692706966046000,2.6460458984375,1.6458938143700361,-7.327829443961382,3.6058950792104003
1789692706976012000,2.656011962890625,1.5813345406979322,-7.268200027906894,3.213052530199289
1789692706985976800,2.665976806640625,1.3370336169034243,-6.957412077248096,2.8977199218481777
1789692706995942000,2.67594189453125,0.9663935473501681,-6.478529659640789,2.5901094321817157
1789692707005907000,2.685906982421875,0.5527963430693372,-5.9854322541981935,2.3584704215615986
1789692707015872000,2.6958720703125,0.23865214078519492,-5.433873307436705,2.1637918990701435
1789692707025837000,2.705837158203125,0.23200258323550224,-5.2448476961404085,2.052185043019056
1789692707035801900,2.7158017578125,-0.10156418546438216,-4.411263951867818,1.5672306120216846
1789692707045767200,2.72576708984375,-0.20658231077492237,-3.9935710392385717,1.2282651991486548
1789692707055732000,2.73573193359375,-0.37769696579482404,-3.598573942542076,0.9761685069113969
1789692707065697800,2.74569775390625,-0.5430909781455994,-3.1128315760374066,0.8252607370853423
1789692707075662800,2.755662841796875,-0.6825690069407224,-2.5458617096543312,0.5561866065621376
1789692707085628200,2.765628173828125,-0.9101829998284577,-2.0796201624333857,0.06441723485291004
1789692707095593000,2.775593017578125,-1.2995406293332576,-1.7559043411403894,-0.6001742168486118
1789692707105558000,2.78555810546875,-1.7992004620313644,-1.5586235271960496,-1.2826584681153297
1789692707115522800,2.795522705078125,-2.2783225336134434,-1.3538742770671843,-1.8154139302074908
1789692707125488000,2.805488037109375,-2.409462942174077,-0.9802356102198362,-1.8768401665508745
1789692707135453000,2.815452880859375,-2.4733809953331947,-0.9825614228188991,-2.270797983327508
1789692707145418000,2.82541796875,-2.651113059198856,-1.2230629543304443,-2.643690800243616
1789692707155382800,2.8353828125,-2.4500462969750165,-0.8482546591818332,-2.24354581926465
1789692707165349000,2.84534912109375,-2.147048854061961,-0.2812555667042732,-1.7202859152704477
1789692707175314000,2.85531396484375,-1.7104051572471857,0.09500000464320182,-1.3723054212927817
1789692707185279000,2.865279052734375,-1.1789531789690255,0.27673253632187844,-1.111508120727539
1789692707195243800,2.875243896484375,-0.657653176870942,0.46156946375668045,-0.8255857312560081
1789692707205209000,2.885208984375,-0.1862158145725727,0.7123661793112754,-0.560132129317522
1789692707215174000,2.895173828125,0.2581552616238594,0.9726876790583133,-0.36911680550873277
1789692707225139000,2.905138916015625,0.5900415298908949,1.2053361589819191,-0.22326690359413623
1789692707235103700,2.915103759765625,0.7174778232365846,1.446771171951294,-0.07639525741636753
1789692707245069000,2.925069091796875,0.7298211719810962,1.6660738480895756,0.08541618373990058
1789692707255035000,2.935034912109375,0.6937175929427146,1.8363193555921316,0.24676176095008848
1789692707265000000,2.945,0.5934890399962663,1.927142366811633,0.4377379217922687
1789692707274965000,2.954965087890625,0.44137127332594245,1.9658353778213262,0.6255056419819593
1789692707284930000,2.964929931640625,0.36893790527787057,1.977380269664526,0.7883031715661287
1789692707294894800,2.974894775390625,0.3381768563112244,1.9518027608156203,0.8822551284611224
1789692707304860000,2.98485986328125,0.36950613361988216,1.8674819710969923,0.9723609313219785
1789692707314825000,2.994824951171875,0.4829425066530704,1.7659072642385958,0.9903899244874715
1789692707324790000,3.0047900390625,0.4908464481780305,1.81217041824162,0.9223363789588213
1789692707334755800,3.014755859375,0.601357837142609,1.5661305418252944,0.8725608329206704
1789692707344721000,3.024720947265625,0.70370414942801,1.5920459043264388,0.7746925793647765
1789692707354686000,3.03468603515625,0.8387333821207285,1.6407845085322856,0.44052141503095626
1789692707364651000,3.044651123046875,0.8819178593307733,1.6125953558802604,-0.08087737126648425
1789692707374615800,3.05461572265625,0.9072650665551424,1.5759773975789546,-0.568798835375905
1789692707384580900,3.064580810546875,0.9271388108044862,1.5095558371663094,-0.97844726549834
1789692707394546000,3.0745458984375,0.9117699767589569,1.5029197601526976,-1.3787801702648401
1789692707404511000,3.084510986328125,0.7956155404061078,1.4689894335001705,-1.788939764779806
1789692707414476000,3.09447607421875,0.7955418906480074,1.5340245079904793,-1.9132558802783488
1789692707424442000,3.104442138671875,0.5551718400290235,1.3244926997601985,-2.5782901073113083
1789692707434406400,3.114406494140625,0.2554249233445153,1.3419289877295493,-3.00533595469743
1789692707444371500,3.124371337890625,-0.18925130981095134,1.372730368706584,-3.4569171084031463
1789692707454336800,3.134336669921875,-0.739409669059515,1.4651590615570544,-3.938255979251861
1789692707464301600,3.144301513671875,-1.24621586638093,1.5718208624213934,-4.441858704356849
1789692707474266600,3.1542666015625,-1.5149270088106392,1.6405185510724782,-4.588913598147035
1789692707484231400,3.1642314453125,-1.4936767155110835,1.5108295103639364,-4.796041852366924
1789692707494196700,3.17419677734375,-1.23470838393867,1.2467501193881034,-5.527525404602289
1789692707504162600,3.18416259765625,-0.8157850527316332,1.0010761536747217,-5.822877301198243
1789692707514127600,3.194127685546875,-0.3899456585258245,0.6300204890578985,-5.7785682038724415
1789692707524092700,3.2040927734375,0.30029457716252655,0.20343641396462916,-5.699206497865915
1789692707534057700,3.2140576171875,0.8388105390101671,-0.4545832581311464,-5.701034297814965
1789692707544022500,3.2240224609375,1.0783622224509715,-1.256933659750223,-5.739447322839498
1789692707553987600,3.233987548828125,1.33193132532835,-1.9919015469700097,-5.739697498208284
1789692707563952600,3.24395263671875,1.4509095869302748,-2.5638889492541552,-5.738183586513996
1789692707573917700,3.253917724609375,1.4149673359334467,-2.7625521574676037,-5.561873079884052
1789692707583882500,3.263882568359375,1.432874748545885,-2.7517916940003633,-5.595126530188322
1789692707593848600,3.2738486328125,1.5037316610574722,-2.187887060406804,-5.730474911832809
1789692707603813600,3.283813720703125,1.5787784264743328,-1.8031185122579334,-6.303199980741739
1789692707613778700,3.29377880859375,1.6678583934187887,-1.2275082433015108,-6.719127052742242
1789692707623743500,3.303743408203125,1.6250164460361003,-0.5019283621519803,-7.020262208914756
1789692707633708500,3.31370849609375,1.571737275791168,0.19451777897179126,-7.299053431332111
1789692707643673600,3.323673583984375,1.5633680913746355,0.8647077813327312,-7.585904041564464
1789692707653638700,3.333638671875,1.5851882935166357,1.4340858779013157,-7.8510548611640925
1789692707663603500,3.343603515625,1.5921213076502083,1.8544886340111493,-7.962629568511248
1789692707673569800,3.35356982421875,1.5953385161310434,2.138050139570236,-7.892889092808962
1789692707683534600,3.36353466796875,1.5417495492845772,2.234180609548092,-7.813509266623854
1789692707693499600,3.373499755859375,1.228164076861739,2.0045605375349522,-7.668881015458703
1789692707703464400,3.38346435546875,0.6993272495180368,1.4168296226739883,-7.359681210774183
1789692707713429800,3.3934296875,0.23044245777931063,0.6271779591083526,-6.765732736572623
1789692707723394600,3.40339453125,-0.008255823702551424,-0.1556821446210146,-6.097111006441712
1789692707733359600,3.413359619140625,-0.06374094302654267,-0.22932313489317893,-5.899250346782803
1789692707743324400,3.423324462890625,-0.2756183645348996,-1.2614683805704117,-4.47957702511549
1789692707753290800,3.433290771484375,-0.3054156099706888,-1.3552297833293676,-4.2565667266309255
1789692707763255600,3.443255615234375,-0.36947153723053633,-1.5425608656674623,-3.2912419775560497
1789692707773220600,3.453220703125,-0.4306148649793118,-1.517564956098795,-1.9860455144181846
1789692707783185400,3.463185302734375,-0.42178456585705276,-1.6155512830764054,-1.78901604488641
1789692707793150700,3.473150634765625,-0.40527942125797267,-1.4348393266171215,-1.332897247751057
1789692707803115500,3.483115478515625,-0.2897643787872046,-1.2005448330521582,-1.1210559935346245
1789692707813080600,3.49308056640625,-0.05345211565904319,-0.990530794262886,-1.0972177295684813
1789692707823046700,3.503046630859375,0.18223463598191736,-0.8293488831818103,-1.2855284705936907
1789692707833011700,3.51301171875,0.5245668584069236,-0.6321417189955711,-1.5255921952098608
1789692707842976500,3.5229765625,0.7779395984619856,-0.4597311424136162,-1.5082055916011332
1789692707852941600,3.532941650390625,1.0216682753264903,-0.3013859160631895,-1.3985633136212825
1789692707862906600,3.54290673828125,1.190519113600254,-0.20771277610957622,-1.2505711389809846
1789692707872871700,3.55287158203125,1.2841115895330906,-0.24807401259243486,-1.0126379966527224
1789692707882836500,3.56283642578125,1.4435411039888857,-0.38991350982189177,-0.7058043365776538
1789692707892801500,3.572801513671875,1.5856605872035026,-0.606009498873353,-0.2855646620750427
1789692707902767600,3.582767578125,1.614600850483775,-0.8653308816671371,0.19315525844693182
1789692707912732700,3.592732666015625,1.574316770890355,-1.1279477988749742,0.6548457182347774
1789692707922697500,3.602697509765625,1.510123407921195,-1.3361381293684242,1.1662614551782606
1789692707932662500,3.61266259765625,1.5114187084287405,-1.5068828185647725,1.656969919657707
1789692707942627600,3.622627685546875,1.524849267888069,-1.6730986321598291,2.1237240925759076
1789692707952592600,3.632592529296875,1.5117372728586196,-1.7701409562855959,2.5390742414712903
1789692707962557400,3.642557373046875,1.4782032520473003,-1.894652302095294,2.9288749385684727
1789692707972522500,3.6525224609375,1.4549462951004504,-2.010851746633649,3.2992046269983053
1789692707982488600,3.662488525390625,1.4371803367853164,-2.116903306645155,3.6195243761122224
1789692707992453600,3.67245361328125,1.3963900612354279,-2.335031678307056,3.8816356818854807
1789692708002418400,3.68241845703125,1.2792296627104283,-2.6248060670316216,4.121541001069546
1789692708012383500,3.692383544921875,1.0940028591752051,-2.9751573817938564,4.44555843565762
1789692708022348500,3.7023486328125,0.9554384380936622,-3.314491627979278,4.778717208078503
1789692708032313600,3.712313720703125,0.8820037840485573,-3.6006922498703,5.146622299709916
1789692708042278700,3.722278564453125,0.8252256657719612,-3.86119670496881,5.503531365552544
1789692708052244700,3.73224462890625,0.7960369806885719,-4.069453086435795,5.826112045335769
1789692708062209500,3.74220947265625,0.7437994284510612,-4.253314739097655,6.164024734285474
1789692708072174600,3.752174560546875,0.7281564536392688,-4.419639273764193,6.467605530044436
1789692708082139400,3.762139404296875,0.7454185540854931,-4.54798479090929,6.640194970324635
1789692708092104700,3.772104736328125,0.7109516363382339,-4.729643672829866,6.716787796139717
1789692708102069500,3.782069580078125,0.7496633520483971,-5.023219791924953,6.642526043620705
1789692708112034600,3.79203466796875,0.8669161050319671,-5.353025746786594,6.49092912248671
1789692708122000600,3.802000732421875,0.9010784868746995,-5.6957852912455795,6.3028551128268235
1789692708131965700,3.811965576171875,1.0690934588462113,-5.9543695919364685,6.12378390931189
1789692708141930500,3.821930419921875,1.3348638716489076,-6.1171501703858375,5.8749371587812895
1789692708151895600,3.8318955078125,1.4669927067250013,-6.3240475384593005,5.484965781292319
1789692708161860400,3.8418603515625,1.4492770172923803,-6.577640022212266,5.042029121813178
1789692708171825700,3.85182568359375,1.3458341784745453,-6.799814454394578,4.672917577001452
1789692708181790500,3.86179052734375,1.111550790825486,-6.974598189848661,4.402621795728803
1789692708191756500,3.871756591796875,0.8742144453465938,-6.955951941567659,4.21504346063137
1789692708201721600,3.8817216796875,0.6385860728293657,-6.702765116006136,4.110586476334929
1789692708211686700,3.891686767578125,0.414120899361372,-6.249974586510658,4.057160006573796
1789692708221651500,3.9016513671875,0.3261298601647839,-5.4871524776816365,4.063156032118201
1789692708231616500,3.911616455078125,0.38750290501620616,-4.490509922540188,4.036024864086508
1789692708241581600,3.92158154296875,0.49196810915172096,-3.5775223866850134,3.835446177640557
1789692708251546600,3.931546630859375,0.6192723005503415,-2.8781325933247803,3.4188960053056476
1789692708261512400,3.941512451171875,0.7166121463179588,-2.3496061471045016,2.8695377834588287
1789692708271477500,3.9514775390625,0.7555250106234103,-1.9696201570570468,2.2207050419032575
1789692708281442600,3.961442626953125,0.6933434989333153,-1.7597522487401962,1.4727870722174643
1789692708291407600,3.97140771484375,0.5916214925587177,-1.6971826875805853,0.7448837165564298
1789692708301372400,3.981372314453125,0.3693715839873999,-1.6729641921252012,0.12576514526307583
1789692708311337500,3.99133740234375,0.03736373516730964,-1.6820026541054247,-0.33487902034223077
1789692708321302500,4.001302490234375,-0.4430406313102692,-1.686461387079954,-0.6344459042847156
1789692708331268600,4.0112685546875,-1.0381810187101363,-1.6211907502681016,-0.6528431462407112
1789692708341233400,4.0212333984375,-1.5416870054423808,-1.4562147076010703,-0.4992208567589521
1789692708351198700,4.03119873046875,-1.9513760598361491,-1.2685060241222381,-0.290797302031517
1789692708361163500,4.04116357421875,-2.141339828765392,-1.045259578794241,-0.08135492565035819
1789692708371128600,4.051128662109375,-2.111513430300355,-0.8289046465456485,0.08356032674014569
1789692708381093400,4.06109326171875,-1.8393612075060606,-0.6496873125582933,0.2201169151306152
1789692708391058700,4.07105859375,-1.3955869281589983,-0.47242812690138813,0.35428456255793567
1789692708401024500,4.0810244140625,-0.9564847322762012,-0.2804880894631147,0.5064098914802074
1789692708410989600,4.090989501953125,-0.48775195276141164,-0.0914846899986267,0.6272597921729087
1789692708420954400,4.100954345703125,-0.03030446430556476,0.18671850339770316,0.7484989844441413
1789692708430919700,4.110919677734375,0.30981819231119007,0.4896785369098186,0.8486012806624174
1789692708440884200,4.12088427734375,0.5215495564123616,0.8131921136289835,0.8503145143210887
1789692708450849500,4.130849609375,0.5693991393566131,1.0458908624351024,0.7311077046602964
1789692708460815400,4.1408154296875,0.4990951480200514,1.1814204458653925,0.6340607043594122
1789692708470780400,4.150780517578125,0.3501823879361152,1.2846522722810505,0.5406517682999372
1789692708480745500,4.160745361328125,0.1432721603810787,1.3417752584725617,0.5363865120708942
1789692708490710500,4.17071044921875,-0.10505845732092857,1.3262760760456322,0.6000421149015426
1789692708500675300,4.18067529296875,-0.3039092970609665,1.277661390480399,0.6736211458534002
1789692708510640400,4.190640380859375,-0.30279863240532573,1.2425363010853527,0.646793344682455
1789692708520605400,4.20060546875,-0.2961661721209064,1.1804594918787479,0.577193154233694
1789692708530571500,4.210571533203125,-0.27904081326425073,1.1665759279549122,0.47259296207427975
1789692708540536300,4.220536376953125,-0.1691314087808132,1.2021727265149353,0.2570908472627401
1789692708550501400,4.23050146484375,-0.1069178579846397,1.25749889241755,-0.04830488896369934
1789692708560466400,4.240466552734375,-0.08624035960435866,1.3370984988331793,-0.421577060586214
1789692708570431500,4.250431396484375,0.07308682698812335,1.4160247360318898,-0.8376584463655948
1789692708580396300,4.260396240234375,0.16983232359178363,1.4190946449965238,-1.2404749846413732
1789692708590362600,4.270362548828125,0.14897004322912544,1.4208259988337755,-1.6234703856378794
1789692708600327400,4.280327392578125,0.13212587593402714,1.3749603197157383,-2.02369895324707
1789692708610292500,4.29029248046875,0.08399985066857188,1.3350275377780199,-2.399434884634614
1789692708620257300,4.30025732421875,-0.014298610998131334,1.2802052297443152,-2.779425258596241
1789692708630222600,4.31022265625,-0.08827040412724017,1.168487899056077,-3.205301769942045
1789692708640187400,4.3201875,-0.21221067205071448,0.9991232660412788,-3.6321857047647237
1789692708650152400,4.33015234375,-0.2577350269177928,0.8112392259955405,-4.027640774361789
1789692708660118300,4.3401181640625,-0.23855507361888884,0.6362386329203844,-4.427537333537638
1789692708670083600,4.35008349609375,-0.2517857631245628,0.5155664268821477,-4.789326572637259
1789692708680048400,4.36004833984375,-0.29632454102039335,0.3152612966805696,-5.17179181227982
1789692708690013400,4.370013427734375,-0.34299156311657275,0.011066752937436104,-5.559413411772251
1789692708699978200,4.379978271484375,-0.3227548307737335,-0.35328970630168915,-5.893081887280941
1789692708709943600,4.389943603515625,-0.28676413752529767,-0.6840314807087182,-6.06628624458909
1789692708719909400,4.399909423828125,-0.1570277140110731,-1.009447676178813,-6.183792680072784
1789692708729874400,4.40987451171875,-0.0038391032388433812,-1.312158118844032,-6.300816300475597
1789692708739839500,4.419839599609375,0.09253626314448192,-1.7241414216548203,-6.473154980865121
1789692708749804500,4.429804443359375,0.29308804331719873,-2.0757985583186147,-6.686598409581184
1789692708759769300,4.439769287109375,0.5587444743514061,-2.246684701812267,-6.797523128587007
1789692708769734400,4.449734375,0.9134253427505492,-2.142255774566531,-6.8084723926246165
1789692708779700500,4.459700439453125,1.2855910144358873,-1.7947189327031372,-6.885927388226985
1789692708789665500,4.46966552734375,1.6079086593687533,-1.3639905974119901,-7.102107548430562
1789692708799630300,4.47963037109375,1.801817951053381,-0.9064245240777731,-7.368259654027223
1789692708809595400,4.489595458984375,1.9606921697139739,-0.38959143826067444,-7.680252888822555
1789692708819560400,4.499560546875,2.0439485450714825,0.3025876930683851,-7.932339059665798
1789692708829525500,4.509525390625,1.9876777917951345,1.0574649803727865,-8.08970754993856
1789692708839490300,4.519490234375,1.8456798891335724,1.702386685964465,-8.180245898997784
1789692708849456600,4.52945654296875,1.7381933278828858,2.330720244848728,-8.131153659048676
1789692708859421400,4.53942138671875,1.673150654608011,2.7599136256575583,-8.055680777174233
1789692708869386500,4.549386474609375,1.4993126755714417,2.8984681098669767,-7.883675274261832
1789692708879351300,4.559351318359375,1.242011984950304,2.788624171835184,-7.579009605875611
1789692708889316600,4.569316650390625,0.9003788141727447,2.368425413864851,-7.144605796942114
1789692708899281400,4.579281494140625,0.4693143422624096,1.7344781067520378,-6.504675323766469
1789692708909247500,4.58924755859375,0.17903843375649303,1.0008780007541178,-5.92784691119194
1789692708919212300,4.59921240234375,-0.001990845023654401,0.3601356266736984,-5.240259783828258
1789692708929177600,4.609177490234375,-0.1220102131763473,-0.16166121903061867,-4.370675628630817
1789692708939142400,4.619142333984375,-0.21507139524407684,-0.5425356823503971,-3.4428903366163373
1789692708949107500,4.629107421875,-0.4043902903985232,-0.6433171930044889,-1.9741864420592783
1789692708959072300,4.639072265625,-0.4846913961470127,-0.5251455716103315,-1.494483355718851
1789692708969038600,4.64903857421875,-0.48576461486909533,-0.3856973534315824,-1.2541294159844516
1789692708979003400,4.65900341796875,-0.37803719406723973,-0.26478900054991245,-1.2415779774472118
1789692708988968400,4.668968505859375,-0.036329789009690285,-0.1449982535213232,-1.5058154815942049
1789692708998933500,4.67893359375,0.3375275620896369,0.012139350605010986,-1.7450763653948902
1789692709008898600,4.688898681640625,0.6553355475783348,0.11537234606444835,-1.8408768727660179
1789692709018863400,4.69886328125,0.9044763126194476,0.13529811276197432,-1.8407503237769007
1789692709028829400,4.708829345703125,1.1351742429971694,0.14922668487131593,-1.7427245415717363
1789692709038794500,4.71879443359375,1.3842144702732562,0.06408230381011963,-1.5602923371911048
1789692709048759600,4.728759521484375,1.640818995323777,-0.058956631359457966,-1.3171826690077781
1789692709058724400,4.738724365234375,1.812595950177312,-0.22941665839552877,-1.003658571383357
1789692709068689400,4.748689453125,1.8518506867229938,-0.45894379142820835,-0.6975088019192218
1789692709078654500,4.758654541015625,1.8633774583876133,-0.6982616661131381,-0.39755204187631604
1789692709088620500,4.76862060546875,1.8312912982970475,-0.969331354367733,-0.12000994273722171
1789692709098585300,4.77858544921875,1.8749603441536427,-1.1904290972292422,0.19883622669279574
1789692709108550700,4.788550537109375,1.9091583818316458,-1.4301666586309671,0.5088742357671261
1789692709118515500,4.798515380859375,1.913867290174961,-1.6095687015354632,0.8405623511135578
1789692709128480500,4.80848046875,1.9113211128234862,-1.7593880916029214,1.1712836672544478
1789692709138445300,4.8184453125,1.946253309994936,-1.9313491708517074,1.489016907006502
1789692709148411400,4.828411376953125,1.9189760114908216,-2.1074860744804145,1.7922060730993747
1789692709158376400,4.83837646484375,1.8660569067299364,-2.2824989425152538,2.065880975416303
1789692709168341500,4.848341552734375,1.833048955619335,-2.5356314075410364,2.349043837046623
1789692709178306300,4.858306396484375,1.7952607844948767,-2.8074913693904877,2.5937901665210723
1789692709188271600,4.868271728515625,1.7390321167945861,-3.0214316417127844,2.8619506893306967
1789692709198236400,4.878236328125,1.6173089403986929,-3.2248201248824593,3.1968916689932345
1789692709208202200,4.8882021484375,1.4862263995051384,-3.4034517679363487,3.54757733027637
1789692709218167600,4.89816748046875,1.3929390439987182,-3.582372749325633,3.9061388395011423
1789692709228132600,4.908132568359375,1.3929402130424975,-3.7541105412125586,4.212237171038985
1789692709238097400,4.918097412109375,1.4866507623970509,-3.965778192427754,4.489880976986885
1789692709248062500,4.9280625,1.6533844623863696,-4.153979043337703,4.780753682342171
1789692709258027500,4.938027587890625,1.7879039919912814,-4.346388451853394,5.022914671498537
1789692709267993300,4.947993408203125,1.8346059758029878,-4.6186944039046764,5.252376922601461
1789692709277958400,4.95795849609375,1.934690297973156,-4.9004161268159745,5.444854720178246
1789692709287923500,4.96792333984375,2.0060089827775953,-5.134257908177376,5.572126178351044
1789692709297888500,4.977888427734375,1.998100401610136,-5.301419478189945,5.666835675615072
1789692709307853600,4.987853515625,1.8745114313423632,-5.321688359236717,5.7295718255132435
1789692709317818400,4.997818359375,1.6784218730092049,-5.326292053639889,5.698695625734329
1789692709327784400,5.007784423828125,1.3765817834377287,-5.382765636011958,5.533715491414069
1789692709337749500,5.01774951171875,1.0461316854536533,-5.488728348696232,5.2733419692188495
1789692709347714300,5.02771435546875,0.729449562189728,-5.606507755902409,5.057189281544089
1789692709357679400,5.037679443359375,0.4161714752156287,-5.630932003062963,4.942588504374027
1789692709367644700,5.047644775390625,0.11850837906785308,-5.5575435262471435,4.89696481731832
1789692709377609500,5.057609375,-0.045589200264215465,-5.434670595294237,4.8536540833801025
1789692709387575300,5.0675751953125,-0.1362497143983841,-5.281442858088016,4.7167111260205505
1789692709397540600,5.07754052734375,-0.133814669271186,-5.000426360836625,4.499163769116998
1789692709407505400,5.08750537109375,-0.11378069295883178,-4.56620609177649,4.150930177161097
1789692709417470500,5.097470458984375,-0.3401157519519329,-3.9541327628195284,3.6670302236527204
1789692709427435500,5.107435546875,-0.9445873737335204,-3.2280800034612414,3.1367209856688976
1789692709437400300,5.117400390625,-1.8282547070801256,-2.5059593228548764,2.559942841976881
1789692709447366400,5.127366455078125,-1.931279028224945,-2.35744224755764,2.47033096011281
1789692709457331500,5.13733154296875,-3.3445570958971977,-1.3765005348950623,1.7042255918294191
1789692709467296300,5.147296142578125,-3.118371674507856,-0.852384306332469,1.6583599127113817
1789692709477261600,5.157261474609375,-3.1044062775194643,-1.4244851058632135,0.749808897998929
1789692709487226400,5.167226318359375,-2.7804993175685406,-1.9790292059153318,0.38463293907046314
1789692709497192400,5.1771923828125,-1.8841040200740098,-2.0218015951931476,0.6231745686858892
1789692709507157500,5.187157470703125,-1.1696879224956034,-2.1185838070780036,0.703413057526946
1789692709517122600,5.19712255859375,-0.5783611020345241,-2.3728239410847425,0.9558949496895074
1789692709527087400,5.20708740234375,-0.10879537882693112,-2.45925310125947,1.466937177145481
1789692709537052400,5.217052490234375,0.2300209809642285,-2.2928666072726247,2.0618010126262902
1789692709547017200,5.227017333984375,0.3656340779595077,-2.0699001479297876,2.5243442898511885
1789692709556983600,5.236983642578125,0.402080332955718,-1.8494775278508662,2.8690573064655065
1789692709566948400,5.2469482421875,0.5730968248307705,-1.605534915974736,3.107064098551869
1789692709576913400,5.256913330078125,0.8117423532120883,-1.3112731527030468,3.2023914354532956
1789692709586878500,5.26687841796875,0.985801500718668,-1.016051604488492,3.149942286291718
1789692709596843500,5.276843505859375,1.1244874292880296,-0.7718728457689285,2.962212560024857
1789692709606808300,5.286808349609375,1.311535603031516,-0.4213239626079798,2.6631992183119055
1789692709616774700,5.296774658203125,1.4338567453205584,-0.06579846007823943,2.2696032205849885
1789692709626739500,5.306739501953125,1.4311679446280001,0.29512627114653583,1.897889968842268
1789692709636704500,5.31670458984375,1.2975000634163618,0.7010036582976579,1.597618151500821
1789692709646669300,5.32666943359375,1.0647826099097728,1.0164701221615076,1.2977554994821547
1789692709656634600,5.336634521484375,0.8824485321413725,1.25725631583333,1.027849594309926
1789692709666599400,5.346599365234375,0.6535766481470316,1.4473878425449132,0.7692986113667488
1789692709676565500,5.3565654296875,0.35504970171153544,1.5800117676615715,0.5024392342835664
1789692709686530300,5.3665302734375,0.017978030163235962,1.6665969951808453,0.2492500706344843
1789692709696495600,5.37649560546875,-0.25262451550364495,1.7230740846842527,-0.0327823256611824
1789692709706460400,5.38646044921875,-0.5263187070429325,1.8200638018399475,-0.2529875035971403
1789692709716425500,5.396425537109375,-0.881821413218975,1.9901766228735445,-0.40738603814840313
1789692709726391600,5.4063916015625,-1.2035247256457804,2.133583807811141,-0.5068792625576257
1789692709736356600,5.416356689453125,-1.318829851692915,2.2650006952255963,-0.5674345612853765
1789692709746321400,5.4263212890625,-1.2502268555879592,2.270463636806607,-0.6615893472760915
1789692709756286500,5.436286376953125,-0.8902157320767641,2.139344855555892,-0.8140151204496622
1789692709766251500,5.44625146484375,-0.28077096152510495,1.877210753428936,-0.9251438375949859
1789692709776216600,5.456216552734375,0.4462344954481348,1.514299232301116,-1.0782193068489432
1789692709786182400,5.466182373046875,1.067693528920412,1.0339490802288054,-1.297369130513072
1789692709796147500,5.4761474609375,1.4948270545899867,0.5420943683236837,-1.5741259244933723
1789692709806112500,5.486112548828125,1.7725901030033826,0.1526975758522749,-1.8665905752152203
1789692709816077600,5.49607763671875,1.9342220959395169,-0.14623510183990002,-2.146791372169554
1789692709826042400,5.50604248046875,2.082339358264208,-0.3629039223432541,-2.49587193634361
1789692709836007400,5.51600732421875,2.2356483440130948,-0.46961599209010596,-2.931140545412898
1789692709845973500,5.525973388671875,2.3795617249071594,-0.5587696087926626,-3.4788346334397793
1789692709855938600,5.5359384765625,2.493934538540244,-0.7566910587280988,-4.136910127376019
1789692709865903400,5.5459033203125,2.5442192031443116,-1.0990876150935887,-4.869153265807032
1789692709875868700,5.55586865234375,2.665795080024004,-1.5497037231594324,-5.6318847737431526
1789692709885833500,5.56583349609375,2.8574516243457793,-1.8612603201031683,-6.277002878689766
1789692709895798500,5.575798583984375,3.1083482931435107,-2.0904057603418824,-6.884267346060276
1789692709905764400,5.585764404296875,3.3005858522236347,-2.414521979129314,-7.57151428168416
1789692709915729400,5.5957294921875,3.4011318005561826,-2.7507781330436467,-8.269683008816838
1789692709925694500,5.605694580078125,3.5558512376248834,-2.921125347355008,-8.795216702961921
1789692709935659500,5.615659423828125,3.7124890755355358,-2.778758026859164,-9.09854440074265
1789692709945624300,5.625624267578125,3.791159876668453,-2.30798234333992,-9.170024998110533
1789692709955590400,5.63559033203125,3.819358381670713,-2.2849200321823355,-9.266225026193261
1789692709965555500,5.645555419921875,3.902691329395771,-1.0771551847487688,-9.265670314919948
1789692709975520300,5.655520263671875,3.903077113842964,-0.49986441535949705,-9.356452409607172
1789692709985485600,5.665485595703125,3.853189339601993,0.16505495312213897,-9.345312591433524
1789692709995450600,5.67545068359375,3.7952246418893334,0.8679267433792353,-9.226223270672559
1789692710005415400,5.68541552734375,3.6795933526277538,1.5077414812207222,-9.002192981490492
1789692710015381200,5.69538134765625,3.337992915076017,2.0599878257244826,-8.61925690946579
1789692710025346600,5.7053466796875,3.2403228144407272,2.0501018070042134,-8.563297706356645
1789692710035311400,5.715311279296875,2.237532258063555,2.5463684901326893,-7.512242593026161
1789692710045276400,5.7252763671875,1.740444321680069,2.3307038782358167,-7.001102750414609
1789692710055241500,5.735241455078125,1.2972545642226934,1.7528005299061535,-6.674242785876989
1789692710065206500,5.74520654296875,0.9153589411616325,0.9738900405853986,-6.378573493894934
1789692710075172400,5.75517236328125,0.8049731513381004,0.9093903881460428,-6.177322607275843
1789692710085137400,5.765137451171875,0.15746555743906646,-0.6666483842313289,-5.0498926947951315
1789692710095102500,5.7751025390625,-0.022411080707237123,-1.1170973190367222,-4.0620471940934655
1789692710105067500,5.785067626953125,-0.06935987888686358,-1.3425947581619024,-3.0579505235537883
1789692710115032300,5.7950322265625,-0.052222281603142615,-1.3737252249628304,-2.118711817371845
1789692710124998700,5.80499853515625,0.057225277522206304,-1.320150286641717,-1.420457750043273
1789692710134963500,5.81496337890625,0.27160613321885463,-1.215958090761304,-1.0361185332223772
1789692710144928500,5.824928466796875,0.5368162087250501,-1.1325105767458676,-0.8934110209867357
1789692710154893300,5.834893310546875,0.9039863371454179,-1.0626005896955728,-1.004702819739282
1789692710164858400,5.8448583984375,1.2698054162830115,-1.0343816264271735,-1.3069517823725938
1789692710174823400,5.854823486328125,1.5425322240948676,-0.9813368494600057,-1.5339163714408874
1789692710184789500,5.86478955078125,1.7098533685833215,-0.8756225585788487,-1.5612871934473513
1789692710194754300,5.87475439453125,1.8998691599607467,-0.7463496974557637,-1.431817348447442
1789692710204719600,5.8847197265625,1.9672183566123247,-0.6626309652835131,-1.2028162851154804
1789692710214684400,5.894684326171875,1.878868457508087,-0.6924754839271307,-0.9047007690250873
1789692710224649500,5.9046494140625,1.7871172255277632,-0.7884311818599701,-0.5405617519289255
1789692710234614300,5.9146142578125,1.7172236050903795,-0.9129436967134476,-0.07270575524866581
1789692710244580600,5.92458056640625,1.6582529452055692,-1.0580950949698686,0.3906342253118753
1789692710254545400,5.93454541015625,1.6255553752183913,-1.228638124114275,0.8085223682522773
1789692710264510500,5.944510498046875,1.5915969915151595,-1.4036159208357333,1.254623044720292
1789692710274475300,5.954475341796875,1.6462696619451045,-1.5700877550184726,1.7063012290596962
1789692710284440600,5.964440673828125,1.5979367159307003,-1.751568942284584,2.1647429161846636
1789692710294406400,5.974406494140625,1.540705593189597,-1.9390514157921075,2.6137638640135523
1789692710304371500,5.984371337890625,1.4814111081779002,-2.1054957774460314,2.994093552932143
1789692710314336500,5.99433642578125,1.3871066845834255,-2.272862514641881,3.369719009682536
1789692710324301600,6.004301513671875,1.3023714688450096,-2.393444704309106,3.710117670229077
1789692710334266400,6.014266357421875,1.1688052944421767,-2.5540391708910466,4.03186365275383
1789692710344231400,6.0242314453125,0.9874760828673839,-2.745581733444333,4.344596307739615
1789692710354197500,6.034197509765625,0.8256932832837104,-2.940341504478454,4.5943987515598534
1789692710364162600,6.04416259765625,0.6543716709822416,-3.15842545247674,4.790639116540551
1789692710374127400,6.05412744140625,0.47947629184722895,-3.3826597397983074,5.023111655375361
1789692710384092700,6.0640927734375,0.508227170035243,-3.5593852569699287,5.131214302697777
1789692710394057500,6.074057373046875,0.32893677081167694,-3.7676620967030523,5.367644639247655
1789692710404023300,6.084023193359375,0.16666823353767393,-3.9009810183465476,5.671044233220815
1789692710413988400,6.09398828125,0.07074408152056857,-4.0064609159499405,5.96643295469582
1789692710423953400,6.103953369140625,0.061703308852249755,-4.061422047932446,6.1899851049721235
1789692710433918700,6.113918701171875,0.06786708304584026,-4.193737637752294,6.318629605063796
1789692710443883800,6.1238837890625,0.08400630780882201,-4.391734198750555,6.417946303862333
1789692710453848800,6.133848876953125,0.077252148240339,-4.626266884985566,6.395606461760401
1789692710463814700,6.143814697265625,0.09493861157847568,-4.85310960123986,6.3033963800966735
1789692710473780000,6.153780029296875,0.24666354300631207,-5.199689288508892,5.97544160605967
1789692710483744800,6.163744873046875,0.2075759797210805,-5.2003860386013985,5.9748424711227415
1789692710493709800,6.173709716796875,0.3903706059396267,-5.244563033980131,5.694213511884212
1789692710503674600,6.183674560546875,0.6280804609060288,-5.417141952866316,5.269449637955427
1789692710513640000,6.193639892578125,0.7808733138263225,-5.664221693724394,4.8557156920850275
1789692710523605800,6.203605712890625,0.6970651498049497,-6.1345350204288955,4.528633024707436
1789692710533570800,6.21357080078125,0.663205550301075,-6.067639997285604,4.494973331689835
1789692710543535600,6.22353564453125,0.45272268842365593,-6.027871465998888,4.4976171241968865
1789692710553501000,6.2335009765625,0.21478603896405546,-5.873378823423385,4.508386355492473
1789692710563465700,6.2434658203125,-0.037182642979361115,-5.5787716077148914,4.511978242504596
1789692710573431800,6.253431884765625,-0.23723938791044055,-5.234612133330106,4.414084854507446
1789692710583396900,6.26339697265625,-0.30406302631795407,-4.988384625387192,4.124346121618151
1789692710593362000,6.27336181640625,-0.22172727293670177,-4.740589429736137,3.8824136805206533
1789692710603326700,6.28332666015625,-0.044669162809848784,-4.243032122275233,3.599209317836165
1789692710613291800,6.293291748046875,0.17328158726282417,-3.667903499355912,3.2783097230076788
1789692710623256800,6.3032568359375,0.28707565115988254,-3.0963375373542306,2.927543397703767
1789692710633223000,6.313222900390625,0.31879422004707153,-2.5909230866521598,2.435897360113263
1789692710643187700,6.323187744140625,0.2985333761762827,-2.2612626777410507,1.8367372887432574
1789692710653153000,6.333153076171875,0.2149233650755137,-2.1408388935059306,1.1551555392742157
1789692710663117800,6.343117919921875,0.16061200223863123,-2.129821824929118,0.5240308883666992
1789692710673083000,6.353082763671875,0.0824526577591896,-2.213991808000207,0.014649287599325178
1789692710683047700,6.363047607421875,-0.09378186102509498,-2.269136187595129,-0.24675416216552257
1789692710693014000,6.373013916015625,-0.2864572270005941,-2.2750077099770305,-0.2031125888377428
1789692710702978800,6.382978759765625,-0.4780108224045485,-2.223192182543874,0.1827174510627985
1789692710712943900,6.39294384765625,-0.6067295567762107,-2.074192292165756,0.690772187140584
1789692710722908700,6.40290869140625,-0.5773551398623734,-1.8476286851137875,1.1459990038722754
1789692710732874000,6.4128740234375,-0.4829793315321207,-1.491480666771531,1.529580972585082
1789692710742839800,6.42283984375,-0.3536322361290455,-1.0706658227294683,1.724447711125016
1789692710752804900,6.432804931640625,-0.12612177668102084,-0.7436702491134405,1.6200754825025796
1789692710762770000,6.44277001953125,0.1677899310439825,-0.46376609701812266,1.2337111895948647
1789692710772735000,6.45273486328125,0.4322750532764941,-0.11383037731945514,0.7788631430476903
1789692710782699800,6.46269970703125,0.4973620040845126,0.3061731503397226,0.4700812715142965
1789692710792664800,6.472664794921875,0.39447570317089553,0.6625684214413166,0.15487725797891616
1789692710802631000,6.482630859375,0.19478848567195237,0.9934218395292759,-0.11363339344263076
1789692710812596000,6.492595947265625,-0.08188399102576077,1.2843459828108548,-0.3092717008769512
1789692710822560800,6.502560791015625,-0.37561559294350444,1.4833265864104033,-0.4510837255775928
1789692710832525800,6.51252587890625,-0.5080354468554258,1.6083710161834954,-0.5373188244849443
1789692710842491000,6.522490966796875,-0.5551724610835314,1.6683996606886387,-0.6477694962382317
1789692710852456700,6.532456787109375,-0.5716595585692673,1.6418565216779708,-0.7175830371767282
1789692710862421800,6.542421875,-0.49636203326173123,1.536216465076804,-0.8140028454899787
1789692710872386800,6.55238671875,-0.3604197043120861,1.4506494746893643,-0.9839444016098976
1789692710882351900,6.562351806640625,-0.25634908898472786,1.446000772100687,-1.1602867646828292
1789692710892317000,6.57231689453125,-0.2376286064237356,1.5246341638326644,-1.3968857357978819
1789692710902281700,6.58228173828125,-0.26381701371259986,1.5712626440167425,-1.6566151148706674
1789692710912247800,6.592247802734375,-0.25658991200327874,1.6338579241394995,-1.9460314839378
1789692710922212900,6.602212890625,-0.1824333003591746,1.7262743420302866,-2.263190138672292
1789692710932177700,6.612177734375,0.001603343543410301,1.732885284602642,-2.619800513829291
1789692710942142700,6.622142822265625,0.19059454111345112,1.678980675935745,-2.986852495762706
1789692710952108000,6.63210791015625,0.35176757476832715,1.594988387519121,-3.312795053194463
1789692710962072800,6.64207275390625,0.5438625470399856,1.4739268899023532,-3.7310590437099336
1789692710972038700,6.65203857421875,0.7084440374314784,1.3370955762237309,-4.155418428491056
1789692710982004000,6.66200390625,0.9470826976805925,1.1612059253543614,-4.6836917767331006
1789692710991968800,6.67196875,1.1797078697938472,1.022170379629731,-5.235201331394911
1789692711001933800,6.681933837890625,1.3914514357894658,1.0189274521857499,-5.616456902986765
1789692711011899000,6.69189892578125,1.5281675986558199,1.1289444086968898,-5.8873021348357195
1789692711021865000,6.701864990234375,1.5105284815907478,1.1694833398342133,-6.102041448581218
1789692711031829800,6.711829833984375,1.3702414745002984,1.1128314782857893,-6.283800283744931
1789692711041794800,6.721794921875,1.2096440122436731,0.9773580089569092,-6.422104592585563
1789692711051759600,6.731759521484375,1.0592341820023954,0.7353110015690326,-6.568541354477405
1789692711061725000,6.741724853515625,0.840241521661356,0.4868599723577499,-6.73114306922853
1789692711071689700,6.751689697265625,0.609573986421898,0.21084815152585507,-6.747599698510766
1789692711081655800,6.76165576171875,0.425543553064391,-0.031444939577579496,-6.797696731588244
1789692711091620900,6.771620849609375,0.23690204571485518,-0.29842180556058884,-6.977467023283243
1789692711101586000,6.7815859375,0.04482055397927761,-0.6797410900384188,-7.218332127410173
1789692711111550700,6.79155078125,-0.1282377459216863,-1.1594015062808989,-7.433879250407219
1789692711121515800,6.801515869140625,-0.14953246288485825,-1.4602783037781715,-7.609388962048292
1789692711131481900,6.81148193359375,-0.12759477184303103,-1.5332979472815988,-7.696167081791162
1789692711141447000,6.821447021484375,-0.06078742698319256,-1.3717869503766298,-7.736181112271547
1789692711151411700,6.83141162109375,0.051923006395623084,-1.0736644200235606,-7.767308656463027
1789692711161376800,6.841376708984375,0.13247260701246558,-0.7590268081992864,-7.7843527302443976
1789692711171341800,6.851341796875,0.24870522316806018,-0.2960504002541303,-7.724932573026418
1789692711181307000,6.861306884765625,0.3962024538982659,0.2121656638652086,-7.563863474670052
1789692711191272700,6.871272705078125,0.5710316359292715,0.687788202893734,-7.379843708837032
1789692711201238000,6.881238037109375,0.8106780849814414,1.1085101079553366,-7.194005495405197
1789692711211202800,6.891202880859375,0.9867751680564135,1.436724409711361,-6.944806862697005
1789692711221167900,6.90116796875,1.0155669627767057,1.6238193452060221,-6.673515056124329
1789692711231132700,6.911132568359375,0.8759287749838084,1.6031109036982059,-6.334378378337622
1789692711241098000,6.921097900390625,0.583372865781933,1.337524615290761,-5.929042258456349
1789692711251063800,6.931063720703125,0.1735451335698366,0.7609744351357222,-5.40868509016633
1789692711261028900,6.94102880859375,-0.21593349196612835,-0.014302081596851347,-4.782542611585558
1789692711270993700,6.95099365234375,-0.4363088388372212,-0.7741723548829555,-4.180974894551933
1789692711280959000,6.960958984375,-0.35427696377336976,-1.407620480301976,-3.460902378647029
1789692711290923800,6.970923828125,-0.21035788379088044,-1.7470546797305344,-2.6301354453608394
1789692711300889900,6.980889892578125,-0.15032850863337516,-1.9090210191875696,-1.8393854651644825
1789692711310855000,6.99085498046875,-0.15454013497903943,-1.931844260892272,-1.15937140340358
1789692711320820000,7.000820068359375,-0.13632438706979155,-1.890263711747527,-0.7353019414797425
1789692711330784800,7.01078466796875,-0.09558810672946273,-1.7897312074184417,-0.471826069355011
1789692711340749800,7.020749755859375,-0.004206365648657083,-1.677326478987932,-0.42077509655356404
1789692711350715000,7.03071484375,0.21733634450137615,-1.5298293943881989,-0.4932300919115543
1789692711360680700,7.0406806640625,0.46822424547076225,-1.3375415664255619,-0.6029968730539084
1789692711370645800,7.050645751953125,0.724451680837199,-1.1205302160948514,-0.702514062860608
1789692711380610800,7.06061083984375,0.9403898489784449,-0.9782499893605708,-0.6790519387304782
1789692711390575900,7.070575927734375,1.1129676718860864,-0.934476314085722,-0.5773924761980772
1789692711400541000,7.080541015625,1.3236223466664552,-0.8979080401450396,-0.44222880347073074
1789692711410506800,7.0905068359375,1.5877040757298468,-0.9128472506016493,-0.28454467137753964
1789692711420471800,7.100471923828125,1.821301234680414,-1.0232815557420254,-0.10202245062589645
1789692711430436900,7.110436767578125,1.975276575383544,-1.2151508660316466,0.143142981043458
1789692711440402000,7.12040185546875,2.0904192043453453,-1.4102245253205299,0.4973433724492788
1789692711450367000,7.130366943359375,2.187433471420407,-1.5659762280464171,0.9439800554901361
1789692711460332000,7.14033203125,2.1916268314570186,-1.6648510282963513,1.4098352337419986
1789692711470298000,7.150298095703125,2.1956068410038947,-1.8053315121322868,1.7929706277310846
1789692711480263000,7.160262939453125,2.2174650370687243,-1.9186440030574798,2.1979963664889333
1789692711490228200,7.170228271484375,2.1528893967837095,-2.0000632261157034,2.6075866366833447
1789692711500193000,7.180193115234375,2.048418383961916,-2.15189980122447,2.9369407561242578
1789692711510158000,7.190157958984375,1.9208675243258475,-2.2801275372087955,3.289268339395523
1789692711520123000,7.200122802734375,1.7555495363533495,-2.4475007041454315,3.6110850490689277
1789692711530089200,7.210089111328125,1.5536650280058384,-2.6622394333690402,3.8995676444172855
1789692711540054000,7.220053955078125,1.4001052823662756,-2.915923687058687,4.183949234187603
1789692711550019000,7.23001904296875,1.2688321873366832,-3.2330461014360186,4.434651841717958
1789692711559983900,7.23998388671875,1.0590051955521107,-3.566398350602388,4.745848957699537
1789692711569949200,7.24994921875,0.8395347616314888,-3.839744751617312,5.102174670696258
1789692711579915000,7.2599150390625,0.7271709497332572,-3.9917271649375556,5.5024692892789835
1789692711589880000,7.269880126953125,0.6187970842540264,-4.042335362407565,5.925474336841702
1789692711599845000,7.27984521484375,0.4762953237235546,-4.063202793869376,6.52901306168735
1789692711609810200,7.28981005859375,0.4570353274583816,-4.242239218331873,6.69471800315082
1789692711619775000,7.29977490234375,0.39567806469798084,-4.49605382040292,6.843988527163863
1789692711629740000,7.309739990234375,0.4020072677195072,-4.734477668857574,6.967996599626541
1789692711639706000,7.3197060546875,0.544233133918047,-4.886424426342547,7.072508528980612
1789692711649671200,7.329671142578125,0.7240823360681533,-4.98531004024744,7.159363805612921
1789692711659636000,7.339635986328125,0.7049111871302127,-4.999702138215303,7.16609866682589
1789692711669601000,7.34960107421875,1.32031219920516,-5.040508195856213,6.797272953218221
1789692711679566000,7.359566162109375,1.599766269445419,-5.198066071221232,6.153085991641879
1789692711689532200,7.3695322265625,1.7774574167788029,-5.447177025645971,5.3132268203616135
1789692711699497000,7.3794970703125,1.7877064235925673,-5.800154597258567,4.539142728284001
1789692711709462300,7.389462158203125,1.7744108886897563,-5.70083731393814,4.491439896866679
1789692711719427000,7.399427001953125,1.4996879386246202,-6.06930705371499,3.4060032059848306
1789692711729392000,7.40939208984375,1.2857634483933449,-5.941738658422231,3.1497821272939444
1789692711739357000,7.41935693359375,1.0754197392582894,-5.730449192869663,3.0479069761842488
1789692711749323000,7.429322998046875,0.8703262057363986,-5.487334263989329,3.1155940264880657
1789692711759288000,7.4392880859375,0.6762140849560498,-5.281511831670999,3.231691179695725
1789692711769253000,7.449253173828125,0.6511988861650229,-5.153555313843488,3.1567379377812146
1789692711779218200,7.45921826171875,0.5106155264765024,-4.518111046171188,3.5852398291945455
1789692711789183200,7.469183349609375,0.45655192785561083,-3.977524159801006,3.5314217297673225
1789692711799149000,7.479149169921875,0.41059330975711344,-3.4686171908080574,3.3088007228612897
1789692711809113900,7.48911376953125,0.378044208329916,-2.9959219374030828,2.9414731388568875
1789692711819079200,7.4990791015625,0.21202364331232382,-2.6727280941575766,2.3342548487156627
1789692711829044200,7.509044189453125,-0.08684358619451522,-2.574008776730299,1.5593956806123255
1789692711839009000,7.519009033203125,-0.4276736238956451,-2.5793039605289696,0.7493442030966282
1789692711848974000,7.52897412109375,-0.7765875993311405,-2.596508193308115,0.020965046617388725
1789692711858940200,7.538940185546875,-1.1839438268631697,-2.5932284409850834,-0.5458586892932653
1789692711868905000,7.548905029296875,-1.490775733372569,-2.458734045821428,-0.7928519209116697
1789692711878870000,7.5588701171875,-1.6638076567232607,-2.0955179887890814,-0.6897264774799347
1789692711888835000,7.5688349609375,-1.673839221394062,-1.5991776559025048,-0.4271230042755604
1789692711898800000,7.578800048828125,-1.5022218410164117,-1.1749176398426293,-0.17943886778354642
1789692711908765200,7.58876513671875,-1.4815285970777272,-1.063251162558794,-0.29533026928603645
1789692711918731000,7.59873095703125,-0.8541957396686076,-0.5437286915272473,-0.014998831689357757
1789692711928696000,7.608696044921875,-0.5399661241233349,-0.27424598020315166,-0.05003565827906131
1789692711938661000,7.6186611328125,-0.28009057804550974,-0.05658288796544075,-0.11781097138822078
1789692711948626000,7.6286259765625,-0.11622863410022109,0.1454465818107128,-0.21715280462801456
1789692711958591000,7.638591064453125,-0.005658756414055824,0.34225627111196516,-0.2671948926478624
1789692711968557000,7.64855712890625,0.11939268762171268,0.6027180561125278,-0.2558873166918754
1789692711978522000,7.658522216796875,0.14488018009960651,0.8706792569577694,-0.21620120299160478
1789692711988487000,7.66848681640625,0.14095391003396363,0.9530763851374388,-0.327274975079298
1789692711998452200,7.6784521484375,0.08136192164672539,1.200860474872589,-0.06773790370821953
1789692712008417000,7.6884169921875,0.0719698787221685,1.2767717481642962,0.00015256021320819854
1789692712018382000,7.698382080078125,0.07293843149337917,1.2683885352224111,0.058034840339422224
1789692712028348000,7.708347900390625,0.19752105244100093,1.2292232305258513,0.0894762727856636
1789692712038313200,7.718313232421875,0.3883826469928026,1.2112491824179887,0.043531098690629
1789692712048278000,7.728278076171875,0.5368582212358712,1.1905495087385176,-0.0819078833580017
1789692712058243000,7.7382431640625,0.5473229166269302,1.2651467768222093,-0.20535949098169803
1789692712068207900,7.748207763671875,0.7763163811743259,1.1517314100444316,-0.520168659980595
1789692712078174200,7.75817431640625,0.7893097182601689,1.2273071677714587,-0.6542737635657191
1789692712088139000,7.768138916015625,0.9051829995840788,1.2833312528103589,-1.104658108702302
1789692712098104000,7.77810400390625,0.8805722899407148,1.3710557134926318,-1.4248068851634859
1789692712108069000,7.788069091796875,0.9103846598803996,1.4742109675407409,-1.7813830657899379
1789692712118034200,7.7980341796875,0.9736515556544065,1.5802794786870478,-2.150614437589049
1789692712127999000,7.8079990234375,0.9840513691157102,1.6494897930353878,-2.3015131473258137
1789692712137965000,7.817965087890625,0.9218506412684917,1.8024428049534558,-2.9769702764347192
1789692712147930000,7.82793017578125,0.8200123150378466,1.8463982665359973,-3.400897407278418
1789692712157895200,7.837895263671875,0.8209399512767791,1.9063982694685457,-3.5518072229310866
1789692712167860000,7.84785986328125,0.6614198359280824,1.7319950577646492,-4.4047576387137175
1789692712177825000,7.857824951171875,0.6589110679775476,1.7825433417409657,-4.5448982230708
1789692712187790000,7.8677900390625,0.47027650182545183,1.3572148196667433,-5.311511833137273
1789692712197756200,7.877756103515625,0.3690636140167713,1.1052367853730916,-5.653450124341249
1789692712207721000,7.887720947265625,0.3613397417664528,1.1391203502744436,-5.761150620603561
1789692712217686300,7.897686279296875,0.01946340988278389,0.5408744711399078,-6.078050332140922
1789692712227651000,7.907651123046875,-0.18518237987160682,0.229354699075222,-6.175992819976806
1789692712237616000,7.9176162109375,-0.3102998748809099,-0.15086568424999713,-6.204266143780947
1789692712247582200,7.927582275390625,-0.3757826931387186,-0.5712292773932218,-6.190155785363912
1789692712257547300,7.93754736328125,-0.3629968613237142,-0.5575409437805414,-6.239537363648414
1789692712267512000,7.947511962890625,-0.13006255932920613,-1.4359078326314687,-6.467009317716956
1789692712277477000,7.95747705078125,-0.10565057799518107,-1.4250906705409288,-6.5068871545970435
1789692712287442000,7.96744189453125,0.33149522312283514,-2.1778391291230914,-6.8882754126578565
1789692712297407200,7.9774072265625,0.6135714585602283,-2.101962342622876,-6.979848365461826
1789692712307373000,7.987373046875,0.887269157230854,-1.7972586803138255,-7.14379331151545
1789692712317338000,7.997338134765625,1.0094733951419592,-1.4231085568130015,-7.344515205824375
1789692712327303200,8.00730322265625,1.033006246420741,-1.0090770893007517,-7.4359946351259945
1789692712337268200,8.017268310546875,1.083428858190775,-0.54105684196949,-7.533742477172613
1789692712347233000,8.02723291015625,1.225330899262428,0.02454407414793968,-7.626426606088876
1789692712357198000,8.037197998046874,1.485091257995367,0.6488309879899025,-7.689905683308839
1789692712367164200,8.0471640625,1.724520776361227,1.3255179511547088,-7.656919359508156
1789692712377129000,8.05712890625,1.714546494835615,1.3201631461232899,-7.634335187256336
1789692712387094000,8.067093994140626,1.8614128803163765,2.5992244665294884,-7.265424133452773
1789692712397059000,8.07705908203125,1.7498557086259126,2.9598434928059576,-6.987948085287213
1789692712407024000,8.087024169921875,1.5532494329422712,2.954644755119085,-6.7016650458097455
1789692712416990000,8.096989990234375,1.2524544685095549,2.5190204644799232,-6.231957283782958
1789692712426955000,8.106955078125,0.8605079915553331,1.8268021701842545,-5.554561880087852
1789692712436919600,8.11691943359375,0.6753659436941146,0.98914313929677,-4.952070618468523
1789692712446884400,8.12688427734375,0.6913578780740499,0.2792424733161926,-4.176658784918486
1789692712456849400,8.136849365234376,0.6864413913946599,-0.3209235602259636,-3.270918151451647
1789692712466814500,8.146814453125,0.5717699601411819,-0.753900551226735,-2.312072827523947
1789692712476780300,8.1567802734375,0.40524142733514307,-1.0004752651721238,-1.4305629644721745
1789692712486745300,8.166745361328125,0.2891103718578815,-1.11889180123806,-0.8186635307773947
1789692712496710700,8.176710693359375,0.27983338841404765,-1.208423019081354,-0.6295394275426864
1789692712506675500,8.186675537109375,-0.04723641948197037,-1.021111225965619,-0.38808541761189697
1789692712516640500,8.196640625,-0.14138302216622978,-0.8768301808029413,-0.5664680543407797
1789692712526606600,8.206606689453125,-0.07297229723036289,-0.7257640055447816,-0.9744988201335072
1789692712536571400,8.2165712890625,0.20422610303759572,-0.41421442286372184,-1.3851929599165915
1789692712546536400,8.226536376953124,0.460126863732934,-0.09489771331250667,-1.5609288815289735
1789692712556501500,8.23650146484375,0.6736766754329204,0.03232289145588874,-1.7467758627891539
1789692712566466600,8.246466552734375,0.7833709758609533,0.12045184128582477,-1.8656927495926618
1789692712576431600,8.256431640625,0.8423445583552122,0.0406599271684885,-1.7387462855905294
1789692712586397400,8.2663974609375,1.018020858734846,0.025872692403197287,-1.8490099103391169
1789692712596362200,8.2763623046875,1.170660566920042,-0.1666091968268156,-1.6814198857814073
1789692712606327600,8.28632763671875,1.3442051159679889,-0.42701019155085085,-1.3805132776677607
1789692712616292400,8.296292236328124,1.5487480298697947,-0.6818886234611272,-0.8703940102756023
1789692712626257400,8.30625732421875,1.5877683731377124,-0.8137778045624494,-0.7010346379578113
1789692712636222500,8.316222412109376,1.7737223219037055,-1.153217264688015,0.2083762084543705
1789692712646188500,8.3261884765625,1.8177870890796184,-1.348841543596983,0.707454441872239
1789692712656153300,8.3361533203125,1.9178443771123885,-1.5142892954289913,1.1619459300667048
1789692712666118400,8.346118408203125,2.047653829330206,-1.698184558099508,1.574908307042718
1789692712676083500,8.35608349609375,2.048983032107353,-1.8726105661571024,1.9906354725569486
1789692712686048500,8.366048583984375,2.075952872097492,-2.047898159480095,2.352473811495304
1789692712696014300,8.376014404296875,2.1333646121025085,-2.2550264136999845,2.678443549194932
1789692712705979400,8.3859794921875,2.0831962673544884,-2.5346517488539217,2.991087941375375
1789692712715944400,8.3959443359375,1.979582748144865,-2.8079917201280593,3.2867788606673476
1789692712725909500,8.405909423828126,1.8944962347507475,-3.044881490883231,3.6696114723175763
1789692712735874300,8.415874267578126,1.792473784124851,-3.2676077117294073,4.042663863709569
1789692712745839400,8.42583935546875,1.6923112821519375,-3.47752705797255,4.400305920001864
1789692712755805400,8.435805419921875,1.6592390336334704,-3.705063893970847,4.720961184680462
1789692712765770500,8.4457705078125,1.5811118378579616,-3.9036113668501375,5.02479332485199
1789692712775735300,8.4557353515625,1.4577882405281066,-4.105135225191712,5.321296729570627
1789692712785700600,8.46570068359375,1.3758020312368868,-4.403931124761701,5.480502372142672
1789692712795665400,8.47566552734375,1.3403320739269255,-4.814931846275925,5.5205316001921885
1789692712805631500,8.485631591796874,1.3388777834653853,-5.210827353116869,5.498744131276011
1789692712815596300,8.49559619140625,1.3008207322716712,-5.382364069473743,5.547541187670826
1789692712825561600,8.5055615234375,1.2307973479747771,-5.379696311569213,5.593825384461879
1789692712835526400,8.5155263671875,1.1856769342660902,-5.379532060918212,5.484742493930459
1789692712845491500,8.525491455078125,1.1399322511792183,-5.474366645866632,5.186742713174223
1789692712855456300,8.535456298828125,1.12795539765954,-5.562941585898399,4.828430794796347
1789692712865422600,8.545422607421875,1.1421908437609671,-5.665784120735526,4.554745371085405
1789692712875387400,8.555387451171875,1.1490016928195952,-5.706959596210718,4.410895118555426
1789692712885352400,8.5653525390625,1.114014550590515,-5.598855779844522,4.387391493371129
1789692712895317500,8.5753173828125,1.0335469291687012,-5.42091971783936,4.426972977653145
1789692712905282600,8.585282470703126,0.91258480027318,-5.235982252639531,4.536970060420036
1789692712915247400,8.595247314453125,0.8437953416854143,-5.03885575247407,4.682572125053405
1789692712925213400,8.60521337890625,0.8496189332723617,-4.708771857453883,4.89619967816472
1789692712935178500,8.615178466796875,0.8650374516785144,-4.380273770320415,5.065874692302942
1789692712945143600,8.6251435546875,1.0741606791079044,-4.023895742614567,5.070068052339553
1789692712955108400,8.6351083984375,1.3809160132497549,-3.58041986169219,5.005799870568514
1789692712965073400,8.645073486328124,1.623810577377677,-3.13229615496397,4.873909520423412
1789692712975038500,8.65503857421875,1.7754273722559213,-2.734353652465343,4.685012503942847
1789692712985004500,8.665004638671874,1.782354541170597,-2.402597148057818,4.351408325842023
1789692712994969300,8.67496923828125,1.7526240042954682,-2.266178506833315,4.260409373533726
1789692713004934700,8.6849345703125,1.6965712776839732,-2.026219411635399,3.7652790009588
1789692713014899500,8.6948994140625,1.2408803505718706,-2.0675912864655257,2.6880092499196526
1789692713024864500,8.704864501953125,0.9053928429424762,-2.0435405487924814,2.1650117962539195
1789692713034830600,8.71483056640625,0.6445405973196029,-1.9600591325074432,1.8583838878840206
1789692713044795400,8.72479541015625,0.36923137179911136,-1.868625880435109,1.866829644668102
1789692713054760400,8.734760498046874,0.37630642475187775,-1.7582301537394522,1.7775357427120209
1789692713064725500,8.7447255859375,0.043120727791450916,-1.7832868535846471,2.2682664190232753
1789692713074690300,8.754690185546876,-0.11490710317287593,-1.763544042238593,2.375705634000897
1789692713084655600,8.764655517578126,-0.10307174048312008,-1.6556079836547373,2.2806688044786454
1789692713094621400,8.774621337890625,-0.2158264879276976,-1.6183903058946132,2.2953660228729245
1789692713104586200,8.784586181640625,-0.2467658526033163,-1.530641879814863,2.1301731225848197
1789692713114551600,8.794551513671875,-0.2720674671202898,-1.4504595050752163,1.7720786463499067
1789692713124516600,8.8045166015625,-0.4030173215448856,-1.2045394556462765,1.315084819945693
1789692713134481400,8.8144814453125,-0.6137292794704436,-0.8200725207924843,0.7606979562819004
1789692713144446500,8.824446533203124,-0.8592027541756629,-0.401884518122673,0.2526420511603355
1789692713154412500,8.83441259765625,-1.1636176626712083,-0.03126139970421791,-0.19041852695941924
1789692713164377300,8.84437744140625,-1.4211165062129496,0.31430209625959393,-0.5666454567342997
1789692713174342400,8.85434228515625,-1.5408067154765128,0.6273802036821842,-0.8267910153925419
1789692713184307500,8.864307373046875,-1.53275492644608,0.8369014905184506,-1.051082001337409
1789692713194272500,8.8742724609375,-1.501227569282055,0.9432254377305507,-1.1528232969343661
1789692713204238300,8.88423828125,-1.3417951322168111,0.9474690666496753,-1.1681032836526632
1789692713214203400,8.894203369140625,-1.0670751778263599,0.9935872592240571,-1.0524491980373858
1789692713224168400,8.90416845703125,-0.6903185981541872,1.0254518855184316,-0.945612040606141
1789692713234133500,8.914133544921874,-0.37049982083234934,0.9526111057132483,-1.0006266563415527
1789692713244098300,8.924098388671876,-0.1322871674429625,0.9236053759813309,-1.1066063201606273
1789692713254063400,8.9340634765625,0.028861352825164794,0.8857955775469541,-1.327962421697378
1789692713264029400,8.944029541015626,-0.11363390489928424,0.9448632680654525,-1.6345324624001978
1789692713273994500,8.953994384765625,0.13853409900851546,0.9317822526961564,-1.7132807126834988
1789692713283959300,8.963959228515625,0.15157412478029728,0.9375240112185478,-2.244948671799898
1789692713293924600,8.973924560546875,-0.08136318202205002,0.9447995551794767,-2.435667935271561
1789692713303889400,8.983889404296875,-0.07675481144376099,0.8888093724101781,-2.7736469674557447
1789692713313854500,8.9938544921875,-0.06371164386682213,0.834767401099205,-3.082584321811795
1789692713323820300,9.0038203125,-0.21161153711378572,0.7762555908977985,-3.386263317248225
1789692713333785600,9.01378564453125,-0.358842079731822,0.7233616205781698,-3.691524028918147
1789692713343750400,9.02375048828125,-0.4905512280911207,0.664764470180869,-3.954150006215274
1789692713353715500,9.033715576171875,-0.5992355477590113,0.6627882016718387,-4.246931760062277
1789692713363680300,9.04368017578125,-0.7283931850045919,0.7104781736075878,-4.474268689574301
1789692713373646600,9.053646484375,-1.032061147590354,0.7446440625816583,-4.748387536266446
1789692713383611400,9.063611328125,-1.2978338254153727,0.7341413732677697,-5.0623862656652925
1789692713393576400,9.073576416015625,-1.4592349322050808,0.7159095510065555,-5.413209289592504
1789692713403541500,9.08354150390625,-1.7555892838418483,0.6143529643267392,-5.777288100934029
1789692713413506600,9.093506591796874,-2.0496680917620655,0.3591109598010778,-6.137364106374979
1789692713423471400,9.103471435546876,-2.2916642457455394,0.07918693396151065,-6.315130657032132
1789692713433437400,9.1134375,-2.3673107306212184,-0.1838712972730398,-6.370159301292896
1789692713443402800,9.12340283203125,-2.294585686150193,-0.47078445134758945,-6.362255980822444
1789692713453367800,9.133367919921875,-2.239722023192793,-0.7787883242458105,-6.410142936635017
1789692713463332900,9.143332763671875,-2.2164766105532645,-1.196446165561676,-6.590529898923635
1789692713473298000,9.1532978515625,-2.1619214290231463,-1.4735557185024022,-6.726207950913905
1789692713483262700,9.1632626953125,-1.9247595633283257,-1.407712250238657,-6.776302645903825
1789692713493228800,9.173228759765625,-1.648131948685646,-0.9788397719472646,-6.7310583135545246
1789692713503193900,9.18319384765625,-1.2770733614593743,-0.43225861359834666,-6.747837598919868
1789692713513159000,9.193158935546874,-1.0038286672532557,-0.06531973665058613,-6.79561524913907
1789692713523123700,9.203123779296876,-0.8927712617784738,0.14671908596456051,-6.881814692211151
1789692713533089000,9.213089111328125,-0.6597077713131905,0.3331669557273388,-6.947396879190206
1789692713543054800,9.223054931640625,-0.32651042044758793,0.5477087010741234,-6.934191945180297
1789692713553019600,9.23301953125,-0.017975217151641843,0.8332482287079095,-6.805879453521967
1789692713562985000,9.24298486328125,0.21939561511874198,1.2142898652881384,-6.561979511743783
1789692713572949800,9.25294970703125,0.3156423318874091,1.6040063912332057,-6.226776666274667
1789692713582914800,9.262914794921874,0.2689858677178621,1.9896184044688938,-5.95500204462111
1789692713592879900,9.2728798828125,0.012174933375045657,2.201277872377634,-5.7652200619995595
1789692713602846000,9.282845947265624,-0.3475539391286671,2.1449176872521636,-5.6089645014047615
1789692713612810800,9.292810791015626,-0.6865339650489389,1.781597585323453,-5.366919247582555
1789692713622775800,9.30277587890625,-1.000119364406541,1.1582108351916074,-4.9680035161376
1789692713632740900,9.312740966796875,-1.0555232717204839,0.3556616961300373,-4.602645186379552
1789692713642706000,9.322705810546875,-0.8822166230816394,-0.42012335464656353,-4.22719420941323
1789692713652671000,9.3326708984375,-0.6326509106267243,-0.9750187523543834,-3.596742635461688
1789692713662636800,9.34263671875,-0.42351007447540756,-1.2807020733505488,-2.8485484791830182
1789692713672601900,9.352601806640624,-0.37509595298357307,-1.4403151276797055,-2.1652242699608206
1789692713682567000,9.36256689453125,-0.41980588619522746,-1.4356781155288219,-1.6349048028439281
1789692713692531700,9.37253173828125,-0.5419359628915786,-1.3837240564078093,-1.376036716775596
1789692713702496800,9.382496826171876,-0.6100182230580597,-1.2893413068801163,-1.3766472498893736
1789692713712462800,9.392462890625,-0.5380412935405969,-1.1028723943293095,-1.630421519950032
1789692713722428000,9.402427978515625,-0.3512666029762476,-0.887319426113367,-1.9398627321749924
1789692713732392700,9.412392822265625,-0.09588087913095951,-0.7102683302491903,-2.078709477329254
1789692713742357800,9.422357666015625,0.199147886457853,-0.6657248396456241,-2.0989538084566592
1789692713752322800,9.43232275390625,0.45415188097655773,-0.6615747342288494,-2.0508885734677316
1789692713762287900,9.442287841796874,0.7440601252138614,-0.6892728884935378,-1.880263711258769
1789692713772253700,9.452253662109374,1.0617682305246592,-0.779831695818901,-1.6215847180217504
1789692713782219000,9.462218994140626,1.3005927687346934,-0.91355452208817,-1.2491671174019574
1789692713792183800,9.472183837890626,1.4728759195446968,-1.1057938347339629,-0.7884761900454759
1789692713802148900,9.48214892578125,1.6458464680969713,-1.3035527875840662,-0.2623813548862934
1789692713812113700,9.49211376953125,1.752743831282854,-1.5180296510010958,0.21696108144819734
1789692713822079000,9.502078857421875,1.8279507556974888,-1.7079039880812168,0.6671756229758262
1789692713832044800,9.512044921875,1.8847218597114086,-1.9207658175170421,1.1247165618687867
1789692713842009900,9.522009765625,1.970419783002138,-2.1148376062870025,1.572800521108508
1789692713851974700,9.531974609375,2.0363620354652405,-2.2216291710108518,2.04335642439723
1789692713861940000,9.54193994140625,2.0851123301088808,-2.370502220138907,2.467278586804867
1789692713871904800,9.55190478515625,2.05411747238636,-2.5837171007961035,2.8716011457294224
1789692713881869800,9.561869873046875,2.044154881298542,-2.7651018419504165,3.2242116375952956
1789692713891836000,9.5718359375,2.0209271504461763,-2.93971606605649,3.5854613629907366
1789692713901801000,9.581801025390625,1.9411247149348259,-3.166229404225945,3.9575241588234897
1789692713911765800,9.591765869140625,1.9330816937327384,-3.370653075662255,4.320835492923855
1789692713921730800,9.601730712890625,1.9229039985895156,-3.606610534003377,4.633283485749364
1789692713931695900,9.61169580078125,1.827012013542652,-3.8516777659952637,4.978194070762395
1789692713941662000,9.621661865234374,1.705176608943939,-4.024837115117907,5.352408491671085
1789692713951626800,9.631626708984374,1.6012579693078994,-4.149114944432676,5.718765769338607
1789692713961591800,9.641591796875,1.542279710638523,-4.283353319008648,6.04983662956953
1789692713971556900,9.651556884765625,1.475671103221178,-4.4283574177488685,6.347814198493957
1789692713981522000,9.66152197265625,1.3986942465245722,-4.579657109501958,6.600688304844498
1789692713991486700,9.67148681640625,1.3689888440907,-4.745905656322837,6.775265119549632
1789692714001452800,9.681452880859375,1.3927122495055198,-4.957727621316909,6.871423646578192
1789692714011417900,9.69141796875,1.4454735333561897,-5.127603710985183,6.923845907732844
1789692714021383000,9.7013828125,1.5182313110530377,-5.322998857313395,6.85770257973969
1789692714031347700,9.71134765625,1.612700569820404,-5.484857644742727,6.763600400719046
1789692714041313000,9.72131298828125,1.781533872437477,-5.538959821808338,6.576428308334946
1789692714051277800,9.73127783203125,1.9103917230188845,-5.666431770989298,6.192523683539033
1789692714061243600,9.74124365234375,1.9480150589704512,-5.829312302681803,5.647577432915568
1789692714071208700,9.751208740234375,1.8361071741461752,-5.951083994394541,5.215927306604385
1789692714081174000,9.761174072265625,1.5929530822992324,-5.984122340643405,4.962355865639448
1789692714091138800,9.771138916015625,1.3422025439739227,-5.9039610086917875,4.751383210951089
1789692714101103900,9.781103759765625,1.093933885592222,-5.839380107709765,4.573250165069103
1789692714111070000,9.791070068359375,0.876881034207344,-5.721065278452635,4.392504890862107
1789692714121034800,9.80103466796875,0.7391583246469497,-5.479996760708094,4.250166211938858
1789692714130999800,9.810999755859376,0.5633060831785202,-5.132352366816997,4.104029894298315
1789692714140964900,9.82096484375,0.47815293428897854,-4.718955690076947,3.913617797079682
1789692714150930000,9.830929931640625,0.5196154100120067,-4.209945260709524,3.7182436935395002
1789692714160895000,9.84089501953125,0.5981506020665168,-3.6028999890476463,3.507593110412359
1789692714170860800,9.85086083984375,0.6621095717579126,-3.06588277785778,3.244533710134029
1789692714180825600,9.86082568359375,0.8129816857486962,-2.6028140154540536,2.8765432783067224
1789692714190791000,9.870791015625,0.9124100282281636,-2.256218838354945,2.3778356317669154
1789692714200755700,9.880755615234374,0.8598328687727451,-2.0828174971699713,1.6529028163492678
1789692714210720800,9.890720703125,0.5795014311760663,-1.9862772773474453,0.7945476189136504
1789692714220685800,9.900685791015626,0.160252521276474,-1.8866729937791824,-0.02219312710762024
1789692714230652000,9.91065185546875,-0.2998866174161434,-1.8187714239418507,-0.7254068626701832
1789692714240616700,9.92061669921875,-0.7918775229215621,-1.6938053201019763,-1.1593839706242084
1789692714250581800,9.930581787109375,-1.3165034545719623,-1.5988965008735656,-1.300597444909811
1789692714260546800,9.940546875,-1.6814847677111624,-1.4933201571583747,-1.166135782971978
1789692714270511900,9.950511962890625,-1.7947598492354153,-1.302268592992425,-0.8926648787945508
1789692714280477700,9.960477783203125,-1.4468728787600993,-1.0558084453374146,-0.15855623875260352
1789692714290443000,9.970443115234374,-1.4576111303955315,-0.9546464109331368,-0.2728378669708967
1789692714300407800,9.98040771484375,-0.6904542072325944,-0.6782306854754686,-0.0778209063053131
1789692714310372900,9.990372802734376,-0.6994453229397535,-0.5766308441758156,-0.20014204859435558
1789692714320337700,10.000337646484375,0.12284607947859913,-0.12288462139070033,-0.3411310664743185
1789692714330302700,10.010302734375,0.3660059434792027,0.155067812114954,-0.3990951796650886
1789692714340268800,10.020268798828125,0.4301870314886793,0.433354592141509,-0.4565069196701049
1789692714350233900,10.03023388671875,0.4395522777378559,0.691585257089138,-0.48289399133622646
1789692714360198700,10.04019873046875,0.42359420909490436,0.902704042249918,-0.4866209029048681
1789692714370164000,10.0501640625,0.3993272348552942,1.0755980184346436,-0.5013847567945718
1789692714380128800,10.060128662109374,0.3439011157095432,1.1917770047068594,-0.518691865426302
1789692714390093800,10.07009375,0.23541034585237502,1.2401415149033068,-0.5765653777241706
1789692714400060000,10.080059814453126,0.10391988174505531,1.2781675864368676,-0.6740273885667324
1789692714410025000,10.09002490234375,0.09522621461451053,1.349554075780511,-0.7930535809636116
1789692714419989800,10.09998974609375,-0.08182831531576812,1.3028624672323466,-1.0051350736767053
1789692714429954800,10.109954833984375,-0.14161789036802946,1.3185709084957837,-1.23764589869529
1789692714439919600,10.119919677734375,-0.1471983939141035,1.3871347416341304,-1.3637734475299714
1789692714449885700,10.1298857421875,-0.20159743503443894,1.4041168560951947,-1.7251757331386208
1789692714459850800,10.139850830078124,-0.18253968334309756,1.4411597618103027,-1.964692053005099
1789692714469815800,10.14981591796875,-0.11725158393979072,1.5340221699029206,-2.1860978389024734
1789692714479780600,10.159780517578126,-0.04197912000827491,1.5920453198045492,-2.4649998282179233
1789692714489745700,10.16974560546875,0.02420212884247303,1.5859464184075593,-2.7722435303986073
1789692714499710700,10.179710693359375,0.046399932125210756,1.5366776528477668,-3.08318141092211
1789692714509676800,10.1896767578125,0.0497446394432336,1.5908172393143176,-3.211926448778808
1789692714519641600,10.1996416015625,0.18728841224014758,1.3536504051834344,-3.7177988723814486
1789692714529607000,10.20960693359375,0.18901859703361987,1.3439210383296012,-3.924916605207324
1789692714539571700,10.21957177734375,0.22227727150227874,1.416082019177079,-4.121394286075234
1789692714549536800,10.229536865234374,0.2538911013733596,1.443466285187006,-4.388611390554905
1789692714559502600,10.239502685546874,0.22202888623178005,1.4582383223831652,-4.691867484404146
1789692714569468000,10.249468017578126,0.1363437858900055,1.5026491265177726,-5.069529123157262
1789692714579432700,10.2594326171875,-0.0379021894255653,1.557067529925704,-5.472811233118176
1789692714589397800,10.269397705078125,-0.19090251108407974,1.5355612160384655,-5.852180552572012
1789692714599362600,10.279362548828125,-0.33379122510552406,1.4388134909451007,-6.215196703118085
1789692714609327900,10.289327880859375,-0.5076029006570577,1.2500602668493985,-6.531467469102144
1789692714619293700,10.299293701171875,-0.62108431840837,0.9095780196726322,-6.813095960772037
1789692714629258800,10.3092587890625,-0.676392291067168,0.5606061765700578,-6.873229234695434
1789692714639223800,10.319223876953124,-0.7263467738687992,0.15478198091089723,-6.720317723831534
1789692714649188900,10.32918896484375,-0.7456575504731386,-0.4084674036443233,-6.651362845548987
1789692714659153700,10.339153564453126,-0.7201800679326057,-0.9756810156553983,-6.7748220519572495
1789692714669119500,10.349119384765626,-0.683966598778963,-1.4346458498716355,-6.912472865325212
1789692714679084800,10.359084716796875,-0.6764554194312542,-1.712213667973876,-7.053410445278883
1789692714689049600,10.369049560546875,-0.6853121681690215,-1.7365315321505068,-7.163715571081638
1789692714699014700,10.3790146484375,-0.6941313613753766,-1.611389487221837,-7.34470926709175
1789692714708979700,10.388979736328125,-0.5962537554692476,-1.3416858266234397,-7.583312271505593
1789692714718944800,10.39894482421875,-0.28704938420746473,-0.9039379679590464,-7.774543283891678
1789692714728910600,10.40891064453125,0.04064535065386444,-0.45907764694094655,-7.796428367963433
1789692714738875600,10.418875732421874,0.2628822536131367,-0.03732990596294403,-7.621110964024067
1789692714748840700,10.4288408203125,0.608991729554534,0.4755892212808132,-7.3252949570477
1789692714758805800,10.4388056640625,1.017875312784314,1.0646008236020803,-6.983427977514267
1789692714768770800,10.448770751953125,1.348087510359287,1.585859324645996,-6.66472910760045
1789692714778736600,10.458736572265625,1.5543214460879564,1.8916075275719164,-6.374016561242938
1789692714788701700,10.46870166015625,1.5615969900488853,1.9417729497104883,-6.116455173859
1789692714798666800,10.478666748046875,1.4437725746572017,1.619146092697978,-5.815367363959551
1789692714808631600,10.488631591796874,1.2052332831293344,0.9504396068930625,-5.395227058178186
1789692714818596600,10.4985966796875,0.8596814776033163,0.20395196227133272,-4.792881634770334
1789692714828562700,10.508562744140624,0.5922708963781594,-0.4112368683576584,-4.155700168041885
1789692714838527700,10.51852783203125,0.5267378092378378,-0.8846271182894706,-3.4597210599079724
1789692714848492500,10.528492431640625,0.4516893633205443,-1.2306623234182597,-2.641686182422936
1789692714858457900,10.538457763671875,0.25941958247125146,-1.4402894087165594,-1.8108251411125063
1789692714868422700,10.548422607421875,0.05221833608038723,-1.5113602562397717,-1.1203674267485737
1789692714878387700,10.5583876953125,-0.2009814220279455,-1.4727169295907019,-0.6237953309327363
1789692714888353500,10.568353515625,-0.35790275305509567,-1.3536615110993384,-0.3107125473350286
1789692714898318800,10.57831884765625,-0.4510772958368063,-1.2031763505995272,-0.18041501933932302
1789692714908283600,10.58828369140625,-0.359233709397912,-1.036277815437317,-0.3047685442388057
1789692714918248700,10.598248779296876,-0.14472995797395705,-0.8588052792906761,-0.5641887112319469
1789692714928213500,10.608213623046876,-0.08875380373001097,-0.9568716857671737,-0.41946401395499705
1789692714938179800,10.618179931640626,0.24500757422652095,-0.5329641364067793,-0.6963380045741796
1789692714948144600,10.62814453125,0.3921539822250604,-0.5749228712141513,-0.7173159106731415
1789692714958109700,10.638109619140625,0.46114977703988547,-0.663617638233304,-0.6149415778696536
1789692714968074800,10.64807470703125,0.6047118602782487,-0.7372399238049984,-0.34257658910751343
1789692714978039800,10.658039794921875,0.8152531378120184,-0.8199743211150169,0.050667526441812515
1789692714988005600,10.668005615234375,1.0405641144543885,-1.0025871427595614,0.5154360785007477
1789692714997971000,10.677970947265624,1.205562368953228,-1.204590309050679,1.0299854372948407
1789692715007935700,10.687935791015626,1.234891339290142,-1.3521318173140287,1.1841653606593607
1789692715017900800,10.69790087890625,1.4007342279195785,-1.5592518882274626,1.9034540327101945
1789692715027865600,10.707865478515625,1.4478127899587154,-1.6301269209176301,2.3346657676041125
1789692715037830700,10.71783056640625,1.4663713599562644,-1.6755822656691073,2.7150632610619065
1789692715047796700,10.727796630859375,1.4604723650455473,-1.7212445311695337,3.0215993994951247
1789692715057761800,10.73776171875,1.4796458520710467,-1.7565543294817207,3.281750218850374
1789692715067726600,10.7477265625,1.4746142876446247,-1.8018898472458122,3.4985675079137084
1789692715077692000,10.75769189453125,1.4613386264860628,-1.8978794474482534,3.6517128275334834
1789692715087656700,10.76765673828125,1.4131027111053467,-2.066083804512024,3.7877719877958294
1789692715097622500,10.77762255859375,1.327811615049839,-2.2714362812310456,3.9593355921596287
1789692715107587800,10.787587890625,1.2341057418704031,-2.5003993506401776,4.150121198865771
1789692715117552600,10.797552734375,1.2752327020287513,-2.657495453712344,4.251161068195104
1789692715127517700,10.807517578125,1.2133271577358244,-2.9066531698882576,4.491207257154584
1789692715137482800,10.817482666015625,1.200910743755102,-3.2588439750373364,4.995010181006789
1789692715147448800,10.82744873046875,1.2633949647188185,-3.4503035354822873,5.39176961120069
1789692715157413600,10.83741357421875,1.355185944187641,-3.6138252876877783,5.788180666348338
1789692715167378700,10.847378662109374,1.40539403642416,-3.7746643766805525,6.1326809169948096
1789692715177343500,10.857343505859374,1.3897756115317343,-3.8842110853314398,6.190596514868736
1789692715187308800,10.867308837890626,1.5826923850476742,-4.211954846966266,6.446442330506444
1789692715197274600,10.877274658203126,1.7035574833095073,-4.483170957954227,6.469004290926456
1789692715207239700,10.88723974609375,1.8569909722208975,-4.720937511543929,6.421721146225929
1789692715217204700,10.897204833984375,1.9938789845228193,-4.985298349809646,6.243697405937314
1789692715227169800,10.907169677734375,1.9482137964129447,-4.990116563746333,6.247706641578674
1789692715237134600,10.917134521484375,2.2120728226363657,-5.531753251430392,5.621517693507671
1789692715247099600,10.927099609375,2.2212544924795625,-5.824671783399581,5.1675762404114005
1789692715257065700,10.937065673828124,2.079097599864006,-6.142929923808574,4.766282089397311
1789692715267030800,10.94703076171875,1.7361492548346518,-6.314222894537449,4.534359001138806
1789692715276995600,10.95699560546875,1.4334779751360416,-6.307144334453344,4.370311179232597
1789692715286960600,10.966960693359376,1.1319254703342914,-6.198038647568225,4.158517271289229
1789692715296925700,10.97692578125,0.8320587266623973,-6.057398004734516,3.875030584532022
1789692715306891800,10.986891845703125,0.5660884073734284,-5.851781324121355,3.5412037035912274
1789692715316856600,10.996856689453125,0.2442997547507286,-5.557504947802424,3.26543913551867
1789692715326822000,11.00682177734375,0.22096505639255046,-5.408299890241026,3.1763702744901177
1789692715336786700,11.01678662109375,-0.29568799668252466,-4.8204088163822885,2.7247446971207854
1789692715346751700,11.026751708984374,-0.3494213404357433,-4.348474025955796,2.4510499210596084
1789692715356717600,11.036717529296874,-0.20909283229112624,-3.713881991198659,2.2194185092240573
1789692715366683000,11.046682861328126,-0.013041852402687073,-3.0581413699507713,1.9312047939449548
1789692715376647700,11.056647705078126,0.10967442668378352,-2.5365415081232783,1.5366525184065103
1789692715386612700,11.06661279296875,0.1455289993971586,-2.0324971767306326,1.0875906540453433
1789692715396577500,11.07657763671875,0.1023573634023778,-1.7363363018393516,0.49724400372803207
1789692715406543600,11.086543701171875,0.008667856835853308,-1.6082441749334335,-0.15347148283421994
1789692715416508700,11.0965087890625,-0.11315938272271304,-1.5292384427577257,-0.723458066689968
1789692715426473700,11.1064736328125,-0.23614099821448326,-1.4482804074704647,-1.0448124195486306
1789692715436438800,11.116438720703124,-0.29884032323360443,-1.347405373314023,-1.15055944365561
1789692715446403300,11.1264033203125,-0.3571908053934574,-1.229889585480094,-1.0433949539661407
1789692715456369200,11.136369140625,-0.4513280557274818,-1.0644336503416298,-0.7338999657273292
1789692715466334500,11.14633447265625,-0.6114782856732607,-0.9195569773733615,-0.21426409744918345
1789692715476299300,11.15629931640625,-0.7120049447834491,-0.8092746479243039,0.17539339178502558
1789692715486264300,11.166264404296875,-0.6724462568551302,-0.6477893699824809,0.36087855399549007
1789692715496229000,11.17622900390625,-0.4846884735375642,-0.40325171482264993,0.5099263751685619
1789692715506194400,11.1861943359375,-0.26452072326885534,-0.13386603413224218,0.4978004685670137
1789692715516160300,11.19616015625,-0.056790393236279484,0.12939385715425014,0.3555319322705269
1789692715526125300,11.206125244140624,0.08817921871244906,0.4605103100925684,0.1676642588376999
1789692715536090000,11.216090087890626,0.16573182947039602,0.7689519898861646,0.008869535154104232
1789692715546055400,11.226055419921876,0.1317360728988424,0.9894634572923183,-0.0751589936196804
1789692715556020200,11.236020263671875,0.035113398957252503,1.1382435674399136,-0.07249006667137145
1789692715565986000,11.245986083984375,-0.08337503330111504,1.234714229157567,0.013631050467491149
1789692715575951400,11.255951416015625,-0.13066928391754626,1.3199421968489884,0.0854325503528118
1789692715585916200,11.265916259765625,-0.13481822029054163,1.3094155421376228,0.1082329957038164
1789692715595881200,11.275881103515625,-0.1584878496915102,1.2800871563225984,0.0966477718502283
1789692715605846300,11.28584619140625,-0.08068097191154956,1.2795704389721154,0.010532499930262566
1789692715615812400,11.295812255859374,0.07160922871623188,1.3175281214445829,-0.15732114399969577
1789692715625777200,11.305777099609376,0.11338435058500618,1.3702625172883272,-0.405797307652235
1789692715635742200,11.3157421875,0.17824699111785738,1.4137895243257284,-0.7524450917214155
1789692715645707000,11.32570703125,0.2127805808931589,1.4950439122110604,-1.14216687836349
1789692715655672300,11.33567236328125,0.20094755629096178,1.5622037237703799,-1.4997256402865051
1789692715665638100,11.34563818359375,0.15515315231084822,1.6341075149863957,-1.8687538907289505
1789692715675603200,11.355603271484375,0.1512456234782934,1.701886919748783,-2.001322578527033
1789692715685568300,11.365568359375,0.06115384914278984,1.6812474518239497,-2.5607006746068595
1789692715695533300,11.375533203125,0.04525956645105034,1.643512472191453,-2.8455113034442063
1789692715705498000,11.385498046875,0.051326246078871186,1.5827192730545996,-3.0854274362832306
1789692715715464400,11.39546435546875,0.04629522964172065,1.6360831989735365,-3.206818019723892
1789692715725429200,11.40542919921875,0.17767887237370014,1.3644675672739743,-3.4371149680852886
1789692715735394300,11.415394287109375,0.17312073414530604,1.4111580067783593,-3.5513209007188675
1789692715745359000,11.425359130859375,0.2670522327741608,1.3473334771215915,-3.682730773870647
1789692715755324400,11.435324462890625,0.35931846507191656,1.297991646325588,-3.9117555103391406
1789692715765290200,11.445290283203125,0.34824232325162735,1.3378683141618966,-4.021270070286095
1789692715775255300,11.45525537109375,0.2155166913261637,1.2585142069399355,-4.320711282022297
1789692715785220000,11.46522021484375,0.1706037828883156,1.1323825664520264,-4.690585335639119
1789692715795185400,11.475185302734374,0.11327157439291477,1.0198124183267354,-5.013395148003101
1789692715805150200,11.485150146484376,-0.015828852772712707,0.8084311828374863,-5.358046789819002
1789692715815116300,11.4951162109375,-0.027053463152982293,0.618784809294343,-5.636739812558889
1789692715825081300,11.505081298828125,-0.11611527338624,0.41443128048479555,-5.82301524836421
1789692715835046400,11.51504638671875,-0.29135369380526244,0.1282493632942438,-5.976594867748021
1789692715845011200,11.52501123046875,-0.4182775075841695,-0.1696849510103464,-6.172254217970371
1789692715854976300,11.534976318359375,-0.497578423314169,-0.5734376010924578,-6.439620375531912
1789692715864942300,11.5449423828125,-0.5964356879074126,-0.9971271237879991,-6.729561352995038
1789692715874907100,11.5549072265625,-0.6408113476634025,-1.4125953461050986,-7.033678155326843
1789692715884872200,11.5648720703125,-0.5493541301935911,-1.639062507045269,-7.22609691619277
1789692715894837200,11.574837158203126,-0.4032143419543281,-1.5588257717698812,-7.338968093091249
1789692715904802300,11.58480224609375,-0.35824586740434167,-1.3239935180664062,-7.52227883387208
1789692715914768100,11.59476806640625,-0.3632084947803989,-1.0704992339909076,-7.818675855606794
1789692715924733200,11.604733154296875,-0.34656189588401465,-0.6142606098681688,-7.955379743513465
1789692715934698200,11.6146982421875,-0.3636977396020665,0.10614040733873843,-7.884306557902693
1789692715944663300,11.624663330078125,-0.3852851924341172,0.8076637055963277,-7.834114832279085
1789692715954628400,11.63462841796875,-0.31746552872657774,1.3653589631557463,-7.823677609416842
1789692715964594400,11.644594482421875,-0.19828443802893161,1.8166952021896838,-7.815822219741344
1789692715974559200,11.654559326171874,-0.049694882017374035,2.109144947603345,-7.690898201477527
1789692715984524300,11.664524169921876,0.03246960645020008,2.2057687540560957,-7.431564543724059
1789692715994489000,11.674489013671876,0.06832469062022864,2.0519705234855414,-7.080455104070902
1789692716004454100,11.6844541015625,-0.0020762217521667478,1.6175117694944143,-6.501990030205249
1789692716014420200,11.694420166015625,-0.24949856550283728,0.9341589186996221,-5.7327007711887354
1789692716024385300,11.70438525390625,-0.4465232857942581,0.15940087288320062,-5.072805952870845
1789692716034350000,11.71435009765625,-0.389665088018775,-0.48074996504485606,-4.365052820312976
1789692716044315400,11.7243154296875,-0.20763035852313041,-0.9442384141653776,-3.5632255657851695
1789692716054280200,11.7342802734375,-0.1523264044523239,-1.356931911072135,-2.762560633035004
1789692716064246300,11.744246337890624,-0.13671272880025206,-1.6620143435657024,-2.0605600726544857
1789692716074211300,11.75421142578125,-0.0940203459560871,-1.7747405590355396,-1.4626298353403806
1789692716084176400,11.76417626953125,-0.06752875446956605,-1.7597545868277549,-1.0481287044897676
1789692716094141200,11.77414111328125,-0.020824834429100155,-1.7099515682607889,-0.8673661868870258
1789692716104106200,11.784106201171875,0.11284666351173073,-1.6199515638619661,-0.8992010025650262
1789692716114072300,11.794072265625,0.38127489734683184,-1.4757266328006982,-1.0628794066369533
1789692716124037400,11.804037353515625,0.6088304015129804,-1.2968664416879414,-1.2373416550517082
1789692716134002200,11.814002197265625,0.758231273907423,-1.1301572916179894,-1.296606329447031
1789692716143967200,11.82396728515625,0.8834586590319872,-1.0382388863772154,-1.2017419338822364
1789692716153932300,11.833932373046874,0.982677158153057,-0.9962164386838674,-1.0390279909282922
1789692716163898000,11.843898193359376,1.04472006509006,-0.9828373171508311,-0.8295207326173781
1789692716173863200,11.85386328125,1.131444993340969,-1.0743453880250453,-0.5599480049222707
1789692716183828500,11.863828369140625,1.2163561501681803,-1.219350071287155,-0.20891338407099247
1789692716193793300,11.873793212890625,1.3067758412837982,-1.365393449947238,0.18276830446720121
1789692716203758300,11.88375830078125,1.5005460167586802,-1.4951894581615923,0.5650099644869566
1789692716213724200,11.89372412109375,1.6541384956240652,-1.6136492488473653,0.9363818554461002
1789692716223689200,11.903689208984375,1.73380298396945,-1.7069646614044904,1.3005027523636816
1789692716233654300,11.913654296875,1.8433926549792288,-1.7958751170009373,1.6770628596156834
1789692716243619300,11.923619384765624,1.9272797294557094,-1.8559312340348957,2.0418132866084573
1789692716253584100,11.933584228515626,1.9568810869932174,-1.9109528640329836,2.418331308284402
1789692716263550200,11.94355029296875,1.9379998609125613,-1.9852765758723019,2.7654005326360465
1789692716273515300,11.953515380859375,1.9209633859157562,-2.083754485759139,3.091691757375002
1789692716283480000,11.96347998046875,1.8876047216713427,-2.255135134771466,3.3127269563943145
1789692716293445400,11.9734453125,1.7864812657117843,-2.509824766111374,3.5557506998598574
1789692716303410200,11.98341015625,1.7344529723107813,-2.7609184187859297,3.873794905257225
1789692716313376300,11.993376220703125,1.699665736567974,-3.019439006590843,4.182005114382505
1789692716323341000,12.003341064453124,1.58933956797719,-3.329880335769057,4.520631504559517
1789692716333306400,12.013306396484374,1.514811857998371,-3.6237937239944933,4.941995214655995
1789692716343271200,12.023271240234376,1.5257915171742438,-3.8719960391417145,5.33526037299335
1789692716353236200,12.033236328125,1.511499956971407,-4.054300525489449,5.737375777262449
1789692716363202300,12.043202392578126,1.4833236638009548,-4.18296548384726,6.103541331750154
1789692716373167400,12.05316748046875,1.4156991573393345,-4.316029261685908,6.4039294689476485
1789692716383132200,12.063132080078125,1.3561527433931826,-4.518696737104654,6.608904344525933
1789692716393097200,12.07309716796875,1.3654817127525805,-4.770768294900655,6.736092800590396
1789692716403062300,12.083062255859375,1.4150573523044585,-5.0125125199496745,6.797001735061406
1789692716413028400,12.0930283203125,1.5344517934918402,-5.191780707341432,6.826017401665449
1789692716422993200,12.1029931640625,1.6956383807480335,-5.348914219814539,6.762662243086099
1789692716432958200,12.112958251953126,1.8741782538652418,-5.454828417181968,6.646666796687245
1789692716442923000,12.122923095703126,1.9787118105292318,-5.5532788545399905,6.486055963492393
1789692716452888000,12.13288818359375,2.0257143847227095,-5.720111338728666,6.231982418224215
1789692716462854000,12.14285400390625,1.95717451698184,-5.992963818746805,5.907786704459786
1789692716472819000,12.15281884765625,1.7681529973387717,-6.169441498637199,5.731305517438054
1789692716482784000,12.162783935546875,1.5858511413395404,-6.070522859245538,5.724447322106361
1789692716492749000,12.1727490234375,1.4174223278701306,-5.867332528996467,5.663841169974208
1789692716502713900,12.1827138671875,1.2713128982365132,-5.670480169597268,5.463137395843863
1789692716512680000,12.192679931640624,1.166923133957386,-5.350938419118523,5.2185564860641955
1789692716522645000,12.20264501953125,1.1060639569122344,-4.852492053863406,4.999181913733482
1789692716532610000,12.212610107421876,1.0065653987407683,-4.414977711693942,4.7232922579765315
1789692716542574800,12.222574951171875,0.755963328975439,-4.065920236134529,4.210559008693695
1789692716552540200,12.2325400390625,0.2495393907035701,-3.7324049053609367,3.6367198410630226
1789692716562506000,12.242506103515625,-0.4558160147964954,-3.303744023993611,3.128088766402006
1789692716572470800,12.252470703125,-1.1762602866232394,-2.845921345549822,2.6687819868803024
1789692716582435800,12.262435791015625,-1.6784113516151904,-2.404513210812211,2.2589351115763185
1789692716592401200,12.272401123046874,-1.8661802408486603,-1.9563824898213147,1.9239765962570905
1789692716602366000,12.282365966796876,-1.7132044325768947,-1.7427146046996116,1.5037211396634578
1789692716612331800,12.292331787109376,-1.2760615540683269,-1.8339561335921286,0.9351648808717727
1789692716622297000,12.302297119140626,-0.6694301239043474,-2.0902052693337203,0.3653384560137987
1789692716632262000,12.312261962890625,-0.0185217451184988,-2.434509705147147,-0.18372049062550067
1789692716642227000,12.32222705078125,0.6104121177464723,-2.743699572959542,-0.6231073486685752
1789692716652192000,12.33219189453125,1.1553221280127763,-2.884782114341855,-0.8575468036621808
1789692716662158000,12.342157958984375,1.5180845960587261,-2.850186017256975,-0.8276116841256618
1789692716672123000,12.352122802734375,1.6870447399258612,-2.680501650768518,-0.5721288565814495
1789692716682088000,12.362087890625,1.7267834605962038,-2.4811194806307553,-0.2875730792880058
1789692716692052700,12.372052734375,1.726814440256357,-2.273169973155856,-0.17553543060421942
1789692716702018000,12.38201806640625,1.852741498082876,-2.0651234350472687,-0.29951427697241306
1789692716711983900,12.39198388671875,2.094146115913987,-1.7266805847436189,-0.6211567991226912
1789692716721949000,12.401948974609375,2.138190424823761,-1.2579454671412706,-1.033153545936942
1789692716731914000,12.4119140625,1.8162533036410808,-0.8384177403002977,-1.3415624925047158
1789692716741879000,12.421879150390625,1.2884902430087328,-0.3846586580336094,-1.6268810708642005
1789692716751844900,12.431844970703125,0.6549667142659426,0.24839783771932122,-1.734420239084959
1789692716761810200,12.44181005859375,0.06330956587195397,0.8966811286985874,-1.778318417522311
1789692716771775000,12.45177490234375,-0.4179354892134666,1.3642249906897543,-1.8373001833230256
1789692716781740000,12.461739990234374,-0.7804121260553598,1.7201462145388124,-1.8308751187115906
1789692716791704800,12.471704833984376,-1.0327181501943616,1.9524708693355322,-1.8282549993410706
1789692716801671000,12.4816708984375,-1.1425263593256474,2.1203151609152555,-1.7986483811065554
1789692716811636000,12.491635986328125,-1.1661871478330343,2.204375838392973,-1.7756000984743237
1789692716821601000,12.50160107421875,-1.1749836177509276,2.156760100737214,-1.7844868770241735
1789692716831565800,12.51156591796875,-1.1887602141689508,2.1645827571868894,-1.673788660250604
1789692716841531100,12.52153125,-1.2122691731154918,2.2516022844702004,-1.5069719581529497
1789692716851497000,12.5314970703125,-1.200120543225482,2.265330950093269,-1.3965744778916238
1789692716861461800,12.541461669921874,-1.1026134511321783,2.2208009034931657,-1.3081921378225088
1789692716871427000,12.551427001953124,-0.9066724344242364,2.21760415327847,-1.2506260840386152
1789692716881392000,12.56139208984375,-0.608294468005374,2.136006066522002,-1.3118448151111601
1789692716891357000,12.57135693359375,-0.28320144007503983,1.9387159002274275,-1.5254440189108252
1789692716901322800,12.58132275390625,-0.08058043414652347,1.826111265310645,-1.8337945132896303
1789692716911288000,12.5912880859375,0.05490881727337837,1.7558873900055885,-2.185894425284862
1789692716921252900,12.6012529296875,0.019599018961191175,1.6316928550601004,-2.649628958120942
1789692716931218000,12.611218017578125,-0.14092698549441993,1.4569208100438118,-3.0778014714494346
1789692716941183000,12.621182861328125,-0.28175949763841923,1.083663835990429,-3.527624967832863
1789692716951149000,12.631149169921875,-0.28409933876283466,0.8542740656018256,-3.8149116313949225
1789692716961113900,12.64111376953125,-0.2886895891625434,0.8941028026431799,-3.93309231287837
1789692716971079000,12.651078857421876,-0.109819461177662,0.5702800138443708,-4.388935507942736
1789692716981044000,12.6610439453125,0.048940848779678345,0.498092729511857,-4.7386695675894615
1789692716991009000,12.671009033203125,0.1026519807010889,0.36399347114562985,-5.249425087058544
1789692717000974800,12.680974853515625,0.05289046318829059,0.2455161448031664,-5.838516768878698
1789692717010940000,12.69093994140625,-0.08266250111758708,0.097362642121315,-6.370791753977537
1789692717020905000,12.700905029296875,-0.1811538550078869,-0.09783259772062301,-6.8262441961586475
1789692717030870000,12.7108701171875,-0.28636889113001524,-0.31560090389847756,-7.2068825126349925
1789692717040834800,12.720834716796874,-0.3799509187340736,-0.66414721506536,-7.546106284183264
1789692717050801200,12.73080126953125,-0.4638794211994856,-1.1609639332920312,-7.807060236614942
1789692717060766000,12.740765869140626,-0.4535123409640044,-1.6948089441865681,-7.957612032610178
1789692717070731000,12.75073095703125,-0.3328250104218721,-2.0635195069819687,-7.961913529196381
1789692717080695800,12.76069580078125,-0.3285340352296829,-2.059975550764799,-7.976502611041068
1789692717090661000,12.7706611328125,-0.011253215420246123,-1.921763596382737,-7.900133657109737
1789692717100627000,12.780626953125,0.18777005827724932,-1.487232361677289,-8.010785404393076
1789692717110592000,12.790592041015625,0.33460539103262127,-0.9066635935306548,-8.071591463011503
1789692717120557000,12.80055712890625,0.26619937880448996,-0.5028150818586349,-8.06215903327763
1789692717130522000,12.810522216796874,0.21742811443805693,-0.20465689567029474,-8.126841056546569
1789692717140487000,12.82048681640625,0.22193061348907647,0.18552081804573534,-8.11732562470436
1789692717150452700,12.83045263671875,0.27467969544529913,0.6517185261249542,-7.84277803120613
1789692717160418000,12.84041796875,0.32266601997911926,1.2366098336458204,-7.395105575376749
1789692717170383000,12.850383056640625,0.2791342637013644,1.6881851421326397,-6.880450418120622
1789692717180348000,12.860347900390625,0.0542663546513766,1.9422347220033407,-6.365773049032688
1789692717190313000,12.87031298828125,-0.3118454968877136,1.8324264398068189,-5.957589723026752
1789692717200279000,12.880279052734375,-0.6641898851633071,1.3221563657671211,-5.612290430957079
1789692717210243800,12.890243896484375,-0.8659137230563908,0.6104121177464723,-5.24978632158637
1789692717220209000,12.900208984375,-0.9472165531933308,-0.03622983576655388,-4.833626609873772
1789692717230174000,12.910174072265624,-0.8535046886645257,-0.591385930237174,-4.265953271396458
1789692717240139000,12.920138916015626,-0.7772429214347153,-0.9976748207986355,-3.5399431821361182
1789692717250104800,12.930104736328126,-0.8389199176687747,-1.2515297548800706,-2.7541110768586394
1789692717260070000,12.94006982421875,-0.8542477621167898,-1.4861457354843615,-2.021589998269081
1789692717270035000,12.950034912109375,-0.7807312019418925,-1.656000197842717,-1.463358441875875
1789692717280000000,12.96,-0.6395937155019491,-1.7996891223311424,-1.0932400581091641
1789692717289965800,12.9699658203125,-0.3667717036873102,-1.9041537054121493,-0.855282365861535
1789692717299931100,12.97993115234375,0.052065118280053134,-1.9031793074220418,-0.6995049441725015
1789692717309896000,12.98989599609375,0.49825639564096924,-1.8442846353828906,-0.6567424917668104
1789692717319861000,12.999861083984374,0.9355629402786493,-1.7094594008296726,-0.6750666684865951
1789692717329825800,13.00982568359375,1.3079431314975023,-1.4769973833888768,-0.7131541148185729
1789692717339792100,13.019792236328126,1.583220208314061,-1.2256956409215927,-0.7697264813899993
1789692717349757000,13.0297568359375,1.8090677760511635,-0.9910726460546254,-0.7103045706063509
1789692717359722000,13.039721923828125,1.9086977785825727,-1.0959767895966768,-0.5680991626739501
1789692717369686800,13.049686767578125,2.059770968103409,-0.7758715600162744,-0.5707330183088779
1789692717379652000,13.059652099609375,2.177303122550249,-0.7575736867815256,-0.4173725946336984
1789692717389618000,13.069617919921875,2.353852114111185,-0.7668927192687988,-0.1289075349420309
1789692717399583000,13.0795830078125,2.4631518622636794,-0.8367308101266622,0.267417595487833
1789692717409548000,13.089548095703124,2.5121920797646045,-0.9911538945972919,0.43517537782788274
1789692717419513000,13.09951318359375,2.332066983282566,-1.207099077001214,1.1871283021181822
1789692717429478000,13.109477783203126,2.330886249065399,-1.3697148202776908,1.6791665538966656
1789692717439444000,13.11944384765625,2.2880817110836507,-1.560855231770873,2.2082050412923095
1789692717449409000,13.129408935546875,2.3212509902358054,-1.7486749744087458,2.375918399968743
1789692717459373800,13.139373779296875,2.3573440478801726,-1.9140876549273729,3.148023885449767
1789692717469339000,13.1493388671875,2.355286530828476,-2.0842980911165476,3.581494212925434
1789692717479304200,13.15930419921875,2.327169858890772,-2.281061018666625,3.994643636906147
1789692717489270000,13.16927001953125,2.2801906655728814,-2.5417519362479446,4.383803698012232
1789692717499234800,13.17923486328125,2.2285656922757626,-2.7537328911960124,4.764391745606065
1789692717509200100,13.1892001953125,2.1521207504987716,-2.9251451043903827,5.191951387733221
1789692717519165000,13.1991650390625,2.043908213061094,-3.0328935314476486,5.586995830702781
1789692717529130000,13.2091298828125,1.9659481905460356,-3.0646874305933713,5.978954582616686
1789692717539095800,13.219095703125,1.87145905803442,-3.110240975022316,6.3432087505251165
1789692717549061000,13.22906103515625,1.7451777799427508,-3.2030063524812458,6.671137805598974
1789692717559026000,13.23902587890625,1.717004993903637,-3.3298037634015083,6.7410787723094225
1789692717568991000,13.248990966796875,1.6118611963868141,-3.3026895465046167,7.138283023661375
1789692717578955800,13.258955810546874,1.5295686976253986,-3.398016591145098,7.237661681780219
1789692717588922000,13.268922119140624,1.4904793807744978,-3.5739380984574556,7.1854761519908905
1789692717598887000,13.278886962890626,1.4978151304900644,-3.840757435791194,6.994595268216729
1789692717608852000,13.28885205078125,1.4953402648091316,-4.190968173038959,6.6338909017443655
1789692717618817000,13.298817138671875,1.5670681149363517,-4.51910444112271,6.1367813380509615
1789692717628782000,13.308781982421875,1.6580863564670085,-4.807886019417643,5.627845142963528
1789692717638748000,13.318747802734375,1.7619652486145496,-5.204952908125519,5.118157837247848
1789692717648713200,13.328713134765625,1.870011781835556,-5.666234787112474,4.654963987159729
1789692717658678000,13.338677978515625,1.8512357696950434,-5.605360339432955,4.625584747940302
1789692717668643000,13.34864306640625,1.8654525110960005,-6.166145379701256,4.161940231475234
1789692717678608000,13.35860791015625,1.850225715869665,-6.081111473277211,4.118655801022053
1789692717688574000,13.368573974609374,1.7131319518625736,-5.817077675008774,4.004668187314271
1789692717698539000,13.3785390625,1.5869102950036524,-5.68714956484735,3.726380822765827
1789692717708504000,13.388504150390625,1.5666764852702617,-5.559515118581056,3.655072074833512
1789692717718468900,13.39846875,1.2590040362834929,-5.395394815960526,3.0285470266759393
1789692717728435000,13.40843505859375,1.227481939816475,-5.246214892840385,2.9387241324096918
1789692717738400000,13.41839990234375,0.7242670449852943,-4.486834448897838,2.426277298852801
1789692717748364800,13.42836474609375,0.4258160133302212,-3.894740662652254,2.1695009243667123
1789692717758330000,13.438330078125,0.24491700986623763,-3.3109406574994322,1.881626816305518
1789692717768295200,13.448295166015624,0.18300620487630367,-2.7864316302269696,1.5514637185692786
1789692717778261000,13.458260986328124,0.17022388019263743,-2.3150106345415113,1.1497598177105188
1789692717788225800,13.468225830078126,0.11540860468791797,-2.0098884545594453,0.6300234116673469
1789692717798191000,13.478191162109376,0.0020563114752992985,-1.900107060369849,0.007387772163748741
1789692717808156000,13.488156005859375,-0.23085045405831187,-1.8420804033368825,-0.5729530324459076
1789692717818121000,13.498120849609375,-0.5536685227939858,-1.7687544703632592,-0.9717518595129251
1789692717828087000,13.508087158203125,-0.8599544493257999,-1.6627689613252876,-1.1632423996180294
1789692717838052000,13.518052001953125,-1.057719904981926,-1.5391618708789347,-1.2018325347751377
1789692717848017000,13.528016845703124,-1.149171788689494,-1.4660849442303179,-0.9568062193155288
1789692717857982000,13.53798193359375,-1.1204688412964343,-1.4963006342738865,-0.5219336238265038
1789692717867947000,13.547947021484376,-0.9775754510998725,-1.5240338598519563,-0.1653109737098217
1789692717877913000,13.5579130859375,-0.9552350244760512,-1.4707476753443478,-0.2198603100210428
1789692717887878000,13.5678779296875,-0.47314650430381294,-1.475620834338665,0.34545535941421984
1789692717897843000,13.577843017578125,-0.41869770575761794,-1.2308587227731942,0.43322891993522644
1789692717907808000,13.58780810546875,-0.6814017167270183,-0.834573339831829,0.4959615627020597
1789692717917773000,13.59777294921875,-1.0617717376559972,-0.3824783913850784,0.46459436453580855
1789692717927739000,13.60773876953125,-1.0877671796560286,-0.3161637984782457,0.387152812936902
1789692717937704200,13.6177041015625,-1.8680185621917247,0.5720300723820925,0.4198328472673893
1789692717947669000,13.6276689453125,-1.9494506447315214,0.9251134424567222,0.5328665212512016
1789692717957634000,13.637634033203126,-1.788673222798109,1.0981968037337064,0.6583388210475445
1789692717967598800,13.647598876953126,-1.5039438425034284,1.1210761595398187,0.9295254136800766
1789692717977565000,13.65756494140625,-1.5106506466656922,1.1808481989353894,0.8530623517245054
1789692717987530000,13.667530029296875,-1.4560720842599868,1.2926064461559057,1.076848895278573
1789692717997495000,13.6774951171875,-1.6753203998625277,1.3335954591482877,0.7986240745723248
1789692718007459800,13.6874599609375,0.4512070596963167,1.4199252506017683,1.6996107915103436
1789692718017425200,13.697425048828125,0.6498731905192137,1.4932067599117755,1.8671330115288496
1789692718027391000,13.707390869140625,0.6954822645276785,1.5595108314245938,1.7763292895317078
1789692718037355800,13.717355712890624,2.074918268352747,1.4061515767931938,1.776671819359064
1789692718047321000,13.727321044921876,1.6393208657205103,1.392366797068715,1.1785662254780531
1789692718057286100,13.7372861328125,1.003779567414522,1.452390180876851,0.8711024508059024
1789692718067251000,13.7472509765625,0.48307698322031645,1.5424106435418128,0.4185936608612537
1789692718077217000,13.757217041015625,0.13702068050457164,1.6616694756507873,-0.040678047347068785
1789692718087182000,13.76718212890625,-0.10835169018004089,1.6115730270951985,-0.6018114626616239
1789692718097147000,13.77714697265625,-0.21782091314792631,1.442287304535508,-1.2398621134400367
1789692718107112000,13.78711181640625,-0.2895025860458612,1.193128419315815,-1.8175161631837486
1789692718117078000,13.797078125,-0.3164396928101778,0.930309842056036,-2.3758859590038655
1789692718127043000,13.80704296875,-0.36723928466644135,0.6516326014071703,-2.848992423558235
1789692718137007900,13.8170078125,-0.5300637753227725,0.4064408662527799,-3.2065973627105353
1789692718146973000,13.826972900390626,-0.7440542799949645,0.24107670105099677,-3.4791081896841525
1789692718156938000,13.83693798828125,-1.0489251886297017,0.1453998200595379,-3.772764972800016
1789692718166904000,13.846904052734375,-1.3719529545933007,0.05756663830578327,-4.114996986253559
1789692718176868900,13.856868896484375,-1.4449807814031839,0.1129039101243019,-4.273813629508019
1789692718186834200,13.866834228515625,-1.9932085379153488,-0.2221732631385326,-5.035244576239585
1789692718196799000,13.876799072265625,-2.1379472637176513,-0.4572925170898437,-5.690124196743965
1789692718206764000,13.886763916015624,-2.2025369325280186,-0.7041039624005556,-6.307257731699943
1789692718216729900,13.896729736328124,-2.228157549866289,-0.9598141689598559,-6.758927148211002
1789692718226695200,13.906695068359374,-2.262559731814265,-0.9278086728900671,-6.878892082762718
1789692718236660000,13.916659912109376,-2.1104998693436383,-1.6005582966059446,-7.368305831256508
1789692718246625000,13.926625,-1.939923960842937,-2.0247920091807843,-7.606770303982496
1789692718256589800,13.93658984375,-1.7301842089504003,-2.3194828115195034,-7.8360232962489125
1789692718266556000,13.946555908203125,-1.463848563480377,-2.3023937295526267,-7.984899852508306
1789692718276521000,13.95652099609375,-1.4604837632223964,-2.285803244757652,-8.050450475305318
1789692718286486000,13.966486083984375,-1.0741330604486168,-1.434849848011136,-8.280584926581382
1789692718296451000,13.976451171875,-1.0191907062318175,-0.8206926985174418,-8.51089999512136
1789692718306416000,13.986416015625,-1.0754610941819847,-0.19923662418723107,-8.746967928099632
1789692718316382000,13.9963818359375,-1.1394582039266825,0.4052753296047449,-8.928277265930175
1789692718326347000,14.006346923828126,-1.1506756173811852,0.999520156404376,-9.012164340406656
1789692718336312000,14.01631201171875,-1.0855711309164762,1.5964274804115295,-8.912351967045664
1789692718346277000,14.026277099609375,-1.0914848119396716,1.5896183849185703,-8.884383763667941
1789692718356242000,14.036241943359375,-0.9621915656156838,2.4227725056022402,-8.147755834281444
1789692718366208000,14.0462080078125,-1.079716048212722,2.386308861079812,-7.568531466481089
1789692718376173000,14.056173095703125,-1.3865385293066501,2.0147955158233644,-6.843585207059979
1789692718386137900,14.066137939453125,-1.6909499306708573,1.3364397426635026,-6.092730014878511
1789692718396103000,14.07610302734375,-1.750740674766898,0.6128121646255255,-5.481124887955189
1789692718406068000,14.08606787109375,-1.7390541824959218,0.5535539199709892,-5.280725649729371
1789692718416034000,14.096033935546876,-1.6015036146320403,-0.1340963357567787,-4.538738823658227
1789692718425998800,14.105998779296876,-1.3709214195884762,-0.7984832047969103,-3.765197167894244
1789692718435964200,14.115964111328125,-1.1220658281642943,-1.2595190000683067,-2.9331986469864844
1789692718445929700,14.1259296875,-0.9188630037598311,-1.4689590383619069,-2.1102046857893466
1789692718455895000,14.13589501953125,-0.7261334964442998,-1.4902221911430358,-1.4900287143975495
1789692718465860900,14.14586083984375,-0.6440513524979352,-1.3908324271082877,-1.0972998548939823
1789692718475825700,14.15582568359375,-0.54031099203825,-1.2172341020464896,-1.0548089129060507
1789692718485790700,14.165790771484374,-0.34858496267683803,-1.002946039199829,-1.2506234536901115
1789692718495756000,14.175756103515624,-0.15930559581518172,-0.7516600788235664,-1.5885060397624968
1789692718505720800,14.185720947265626,0.03011394670214504,-0.5010521638393401,-1.957764007307589
1789692718515686700,14.195686767578126,0.22120878375424072,-0.2724479908704758,-2.07055744279474
1789692718525652000,14.20565185546875,0.3880506385594606,-0.03321837899088859,-2.0963006635993717
1789692718535616800,14.21561669921875,0.5243289945304394,0.18783844733834265,-2.0830162346124648
1789692718545581800,14.225581787109375,0.7051637005865573,0.2731312969595194,-2.056836668217182
1789692718555547000,14.235546875,0.9238625656127929,0.24248189167380332,-1.9483675256699322
1789692718565513000,14.245512939453125,1.168320214338973,0.11828034246563911,-1.8018787413299082
1789692718575477800,14.255477783203125,1.453300281459093,-0.05766249989569187,-1.5952397319316862
1789692718585442800,14.26544287109375,1.677068266443163,-0.2550099493354559,-1.318231301277876
1789692718595407600,14.27540771484375,1.8485270952582358,-0.500215128493309,-0.9416635952413082
1789692718605373000,14.285373046875,2.011546743160486,-0.7729875290125608,-0.4762713583260774
1789692718615338800,14.2953388671875,2.0484651457130907,-0.996642555141449,-0.021733692902326584
1789692718625303800,14.3053037109375,2.0455472124397756,-1.1909645192801952,0.3862392052233219
1789692718635268900,14.315268798828125,2.1026947485506535,-1.3582938470751047,0.8093103037595748
1789692718645234000,14.32523388671875,2.201220443101972,-1.5843705473929643,1.2064619481414556
1789692718655199700,14.33519970703125,2.281270862025022,-1.8394366108298301,1.5920143401443958
1789692718665165000,14.3451650390625,2.407180530325323,-2.071127643898129,1.9688596940785645
1789692718675129900,14.3551298828125,2.551469612663984,-2.3467396517574786,2.3164181632518765
1789692718685095000,14.365094970703124,2.6216134084701537,-2.610501062825322,2.6062363911181685
1789692718695059700,14.375059814453126,2.6685470090806485,-2.841772993698716,2.871786439168453
1789692718705025800,14.38502587890625,2.685569455552101,-3.128182289904356,3.107780722388625
1789692718714990800,14.394990966796875,2.6750258497059343,-3.420975149667263,3.3500176993906496
1789692718724956000,14.404955810546875,2.6700959920883176,-3.6410435494810343,3.6631449066519735
1789692718734920700,14.414920654296875,2.6657775443673133,-3.856562030905485,3.9894764634013176
1789692718744886000,14.424885986328125,2.6667376215711234,-4.043491546705365,4.314464788848161
1789692718754851800,14.434851806640625,2.6779063735783097,-4.207618863588571,4.629719071266055
1789692718764816600,14.444816650390624,2.6895056259572505,-4.308460287736356,4.9995413946956395
1789692718774782000,14.454781982421874,2.7438404427349568,-4.398237589295208,5.321411295861005
1789692718784747000,14.4647470703125,2.831241662812233,-4.461143542802334,5.525910955142974
1789692718794711800,14.4747119140625,2.8871032507658003,-4.55141593440175,5.6245244741082185
1789692718804677600,14.484677734375,2.9699650738477703,-4.6892172621563075,5.625076262772083
1789692718814643000,14.494642822265625,3.0543770489811894,-4.855758654443919,5.608270089399814
1789692718824607700,14.504607666015625,3.089696199643612,-5.0784021654427045,5.54296438127458
1789692718834572800,14.51457275390625,3.0813258461833,-5.42200049881339,5.389421586769819
1789692718844537900,14.524537841796874,3.015492314791679,-5.842923479405045,5.3159658899366855
1789692718854504000,14.53450390625,2.8595629174113273,-6.189611010962724,5.315362663346528
1789692718864468700,14.54446875,2.6857810524761674,-6.458434381595254,5.404313450953364
1789692718874433800,14.554433837890626,2.561973471021652,-6.591950287115574,5.537438895851373
1789692718884398800,14.56439892578125,2.3990707274973393,-6.4729007138431065,5.7296928215444085
1789692718894364000,14.574364013671875,2.161383084362745,-6.348583429300785,5.877426052987575
1789692718904329700,14.584329833984375,1.9695324787735937,-6.070657883802056,5.9457560773700475
1789692718914294800,14.594294677734375,1.7057424261331557,-5.569594614046812,5.879817332038283
1789692718924259800,14.604259765625,1.3631436251938343,-5.098561156374216,5.540404175397754
1789692718934225000,14.614224853515625,1.1700351284980772,-4.6040582680478686,5.059252059292793
1789692718944189700,14.624189697265624,1.0309307553209364,-4.079303157059848,4.6936061447650195
1789692718954156000,14.634156005859374,0.9278934285640716,-3.6019986562937496,4.3455946711272
1789692718964120800,14.644120849609376,0.8800620023310184,-3.167520028558373,3.9662978323876854
1789692718974086000,14.6540859375,0.8731132061064243,-2.6389456515431404,3.6151398774176835
1789692718984050700,14.66405078125,0.8390636369884014,-2.140353740337491,3.246318255463242
1789692718994016000,14.67401611328125,0.6815034235358238,-1.829274113255739,2.7050930711895225
1789692719003981800,14.68398193359375,0.3524982271304354,-1.730322740638256,2.0381033261746166
1789692719013947000,14.69394677734375,-0.09184477374898269,-1.7904256194233894,1.3631909714668988
1789692719023911700,14.70391162109375,-0.6103495739042759,-1.8676210873067378,0.7287123339563608
1789692719033877000,14.713876953125,-1.1741887410461902,-1.9207237319409847,0.25702771889865395
1789692719043841800,14.723841796875,-1.6110615704417228,-1.893234836512804,-0.011964578559994696
1789692719053807600,14.7338076171875,-1.8889888695061205,-1.8513135111063719,-0.09364449838101864
1789692719063773000,14.74377294921875,-1.910678138744831,-1.7552075910478828,0.0583276858061552
1789692719073738000,14.753738037109375,-1.6424503959178924,-1.6484107656270264,0.27839608561992646
1789692719083702800,14.763702880859375,-1.1736100643754004,-1.6106781240820884,0.478754407313466
1789692719093667800,14.773667724609375,-0.6865443403124809,-1.5712895320236682,0.5789180783301592
1789692719103634000,14.783634033203125,-0.13532965867770835,-1.4098539384424686,0.5390010784834623
1789692719113598700,14.7935986328125,0.40647184591293334,-1.2118307816982268,0.36470015811026096
1789692719123563800,14.803563720703124,0.8500760293900966,-0.9495195694386959,0.14962006810307502
1789692719133528800,14.81352880859375,1.1145429583787918,-0.6629886926800013,-0.056302317458391184
1789692719143494000,14.823493896484376,1.215681611907482,-0.3609516192317009,-0.34762802727818487
1789692719153459700,14.833459716796876,1.1533137107998133,-0.06619301235377788,-0.6016401977479457
1789692719163424800,14.8434248046875,0.9354694167762995,0.16727788986861705,-0.7829998044610023
1789692719173389800,14.853389892578125,0.6320721608906984,0.35404373953938484,-0.911510449039936
1789692719183355000,14.86335498046875,0.31318741301596165,0.45145314341187476,-1.0234726943999528
1789692719193319700,14.873319580078125,0.16018352942718192,0.517902760875225,-1.1244763233721256
1789692719203286000,14.8832861328125,0.19241002957019954,0.6177262401521205,-1.2677765408039092
1789692719213250800,14.893250732421874,0.23824125842936336,0.7120622279286384,-1.4312722817853092
1789692719223215900,14.9032158203125,0.2352373273730278,0.7535317179143428,-1.6593781498432159
1789692719233180700,14.9131806640625,0.13073120670523494,0.8251455862730741,-1.9061489708825945
1789692719243147000,14.92314697265625,-0.12050850337650626,0.8882751194030046,-2.1707652452141044
1789692719253111800,14.93311181640625,-0.36185821268260476,0.9573685293734073,-2.4417446248367427
1789692719263076900,14.943076904296875,-0.6051678238848224,1.072965916365385,-2.7423469893068075
1789692719273041700,14.953041748046875,-0.865242107405141,1.159793135946989,-3.032783641332388
1789692719283007000,14.963007080078125,-1.117931504838541,1.1303098518311976,-3.3305335389807817
1789692719292972800,14.972972900390625,-1.2979612511873244,1.124309150111675,-3.6226924847543236
1789692719302937900,14.982937744140624,-1.4290472992122172,1.0947867030292748,-3.919729557958245
1789692719312903000,14.99290283203125,-1.5204174229204654,1.0930834062427282,-4.176778611905872
1789692719322868000,15.002867919921876,-1.4995342093676327,1.1269546961843966,-4.415335731351376
1789692719332832800,15.012832763671875,-1.4824106406092643,1.1090882001042366,-4.694681080520152
1789692719342797800,15.0227978515625,-1.454493875157833,1.0235568655520677,-5.031346984279155
1789692719352764000,15.032763916015625,-1.4149030385255812,0.9914058235317468,-5.3027451738357545
1789692719362729000,15.04272900390625,-1.434273509427905,0.9970464597672224,-5.61976646592617
1789692719372693800,15.05269384765625,-1.5034106124095619,1.0402303524553775,-5.916692479971051
1789692719382658800,15.062658935546875,-1.6049240906000137,0.9917162046551704,-6.160195531386137
1789692719392625000,15.072625,-1.700305203515291,0.8555857327222823,-6.4224132201433175
1789692719402589700,15.082589599609374,-1.785027998163551,0.47299394409060475,-6.727471687239408
1789692719412554800,15.0925546875,-1.9239042616732418,0.13201017713248728,-6.833611510056257
1789692719422519800,15.102519775390626,-1.9428643982090055,-0.2343260577470064,-6.868319835343956
1789692719432484900,15.11248486328125,-1.9703158842362463,-0.7600690107285976,-6.987291667205095
1789692719442450700,15.12245068359375,-2.016453219902515,-1.3416560160070656,-7.21403004630208
1789692719452415700,15.132415771484375,-2.0864901943333445,-1.9201573302298782,-7.512130364823341
1789692719462380500,15.142380615234375,-2.1534616437137126,-2.244113390019536,-7.68716252208054
1789692719472345600,15.152345703125,-2.176651965165138,-2.2023878794461487,-7.820372138130664
1789692719482310700,15.162310546875,-2.241348016959429,-1.8739362618029116,-8.019237006396056
1789692719492276700,15.17227685546875,-2.344014756838232,-1.4217512969851493,-8.206357660853863
1789692719502241500,15.182241455078126,-2.2630846324712035,-0.9662497549653053,-8.40668032671213
1789692719512206800,15.192206787109376,-2.1970716528594494,-0.5395429302752017,-8.604116038957237
1789692719522171600,15.202171630859375,-2.1422982985340058,-0.07685118449032306,-8.658714475107192
1789692719532136700,15.21213671875,-1.981114633887261,0.39853170056343074,-8.590880125287175
1789692719542102800,15.222102783203125,-1.7847499118745327,0.8914268614321946,-8.357958673641084
1789692719552067800,15.23206787109375,-1.547700128252059,1.3826228171676396,-7.906378104457259
1789692719562032600,15.24203271484375,-1.3683575604498386,1.7507231391102074,-7.35601099782884
1789692719571997700,15.251997802734374,-1.2242185541063546,1.81780287117064,-6.862579830387234
1789692719581962500,15.26196240234375,-1.1392561054833232,1.5940987452030182,-6.412070689827203
1789692719591928800,15.2719287109375,-1.1066320391237736,1.0378624542802573,-5.8958595353007315
1789692719601893600,15.2818935546875,-1.0778080956995486,0.3361228829234838,-5.240112484312057
1789692719611858700,15.291858642578125,-1.0332722038805484,-0.30329730264246463,-4.544381213459372
1789692719621823700,15.30182373046875,-0.9403542662084102,-0.7772744125515222,-3.7219799574583767
1789692719631788800,15.311788818359375,-0.6240851076595485,-1.293161741951108,-2.3196897322684524
1789692719641754600,15.321754638671875,-0.3754712160367518,-1.4147387878745794,-1.6578315049231052
1789692719651720000,15.331719970703125,-0.06820617880709469,-1.4725240373671054,-1.2408777202233672
1789692719661684700,15.341684814453124,0.18959844274818896,-1.4765893871098756,-1.0318214205503464
1789692719671649800,15.35164990234375,0.42746794525571163,-1.440415080922842,-0.9343515186622738
1789692719681614600,15.361614501953126,0.6302075360625982,-1.361717391782999,-0.8792463020339608
1789692719691580700,15.37158056640625,0.8230693645209074,-1.2188047123640775,-0.8514560855716466
1789692719701545700,15.381545654296875,0.998404888638854,-1.0269383246839046,-0.7351578568339348
1789692719711510800,15.3915107421875,1.192221825864911,-0.7782827128112315,-0.6114654261916875
1789692719721475600,15.4014755859375,1.329788468080759,-0.5998936463415623,-0.541584665235877
1789692719731441000,15.41144091796875,1.402700559556484,-0.5230331095010042,-0.45087271317541594
1789692719741406700,15.42140673828125,1.4441829090237617,-0.4598106373906135,-0.32223639639019963
1789692719751371500,15.43137158203125,1.5247838014364241,-0.4626654422998428,-0.16297347067296505
1789692719761336800,15.4413369140625,1.6299229227781296,-0.5743839420318603,-0.018711130210757255
1789692719771301600,15.451301513671876,1.5999053856551646,-0.6221481482475996,0.31425474998652936
1789692719781266700,15.4612666015625,1.6654302894890307,-0.7660188590437174,0.5728951647788286
1789692719791232500,15.471232421875,1.8061691320002078,-0.9114403064131736,0.8980483253985643
1789692719801197800,15.48119775390625,1.9934405931055545,-1.0258885233700274,1.1474871966034172
1789692719811162600,15.49116259765625,2.0787235058546063,-1.1570020439237356,1.282689447775483
1789692719821127700,15.501127685546875,2.2896856391489506,-1.2482318823784588,1.586191333079338
1789692719831092500,15.511092529296874,2.416152941332012,-1.3703116171270608,1.768245936319232
1789692719841058800,15.521058837890624,2.489274145513773,-1.548904097214341,1.9557810167968273
1789692719851023600,15.531023681640624,2.559620185893774,-1.6473516119629144,2.2005419593185187
1789692719860988700,15.54098876953125,2.6402970661520957,-1.7975117782920598,2.3241437890678642
1789692719870953700,15.55095361328125,2.7199066094398496,-1.915439654058218,2.523587918525934
1789692719880918800,15.560918701171875,2.7478935175180434,-2.2840064244687555,2.758815893548727
1789692719890884600,15.570884521484375,2.769519658392668,-2.595899706020951,2.961933158561587
1789692719900850000,15.580849853515625,2.834679820567369,-2.863807715374231,3.2202094162166115
1789692719910814700,15.590814697265625,2.918877860689163,-3.1938387111634015,3.5207226410984993
1789692719920779800,15.60077978515625,3.0016496674001214,-3.4841140351474285,3.8160342056840655
1789692719930744600,15.61074462890625,3.0885587200462816,-3.7785458942890164,4.1035137614697215
1789692719940710700,15.620710693359374,3.199336139535904,-4.07201621492207,4.39039184423089
1789692719950675700,15.63067578125,3.3080314920544622,-4.437835147929191,4.62430230691433
1789692719960640800,15.640640869140626,3.415848015911877,-4.82912549906224,4.854325699031353
1789692719970605600,15.65060546875,3.5472023594841358,-5.136195598241686,5.060427532812953
1789692719980571000,15.66057080078125,3.672226038730144,-5.447042001089454,5.165150474569201
1789692719990536700,15.67053662109375,3.780173203229904,-5.741567968255281,5.220374349141121
1789692720000501800,15.680501708984375,3.8384921212077137,-5.942340715968609,5.2495390688270325
1789692720010466800,15.690466796875,3.8350831895470616,-6.080991646289825,5.28945489962995
1789692720020432000,15.700431884765624,3.7600399312615393,-6.1379299235641955,5.332083496522903
1789692720030396700,15.710396728515626,3.561782965761423,-6.525645046558976,5.220057538276911
1789692720040362500,15.720362548828126,3.2511130885243413,-6.73004124546647,5.290861259296536
1789692720050327800,15.730327880859376,3.0228198812007903,-6.692865653282404,5.4502498572200535
1789692720060292600,15.740292724609375,2.8440193113207815,-6.479524515897035,5.531987060186267
1789692720070257700,15.750257568359375,2.5112206043839453,-6.189080849608779,5.527963796019554
1789692720080223700,15.7602236328125,2.4133552734375,-6.121017367208004,5.506509504580498
1789692720090188800,15.770188720703125,1.6164298194766045,-4.9966445042103524,5.473372958654165
1789692720100153600,15.780153564453125,1.2273498378694057,-4.385858584715426,5.202731140422821
1789692720110118700,15.79011865234375,1.0103238744914531,-3.8152228893011806,4.867480948680639
1789692720120083700,15.800083740234374,0.8760205449204891,-3.2751620726317165,4.571962463346123
1789692720130048800,15.810048828125,0.7376396637123077,-2.8341216021627185,4.230955900034308
1789692720140014600,15.8200146484375,0.43322658184766766,-2.5241987439006563,3.7437539823710915
1789692720149979600,15.829979736328125,0.04487842164635658,-2.3131261359691617,3.246353911298513
1789692720159944700,15.83994482421875,-0.3521498886168003,-2.170750047644973,2.7229239114344117
1789692720169909800,15.84990966796875,-0.755963328975439,-2.167135364279151,2.1378321129053828
1789692720179875600,15.85987548828125,-1.125706157428026,-2.198485611310601,1.6487258229255675
1789692720189841000,15.8698408203125,-1.4573369896292685,-2.3133973541259762,1.1875900744110346
1789692720199805700,15.8798056640625,-1.6562345911204814,-2.369730651244521,0.8505494921207427
1789692720209770800,15.889770751953124,-1.739943970942497,-2.217725149309635,0.7186451134502887
1789692720219735600,15.899735595703126,-1.7853098838448525,-2.083357010874152,0.7069833172291516
1789692720229701600,15.90970166015625,-1.6635224100410937,-1.8992144954442978,0.7739391306489706
1789692720239666700,15.919666748046875,-1.2247674201607703,-1.7961334756761789,0.7513993820607662
1789692720249631700,15.9296318359375,-0.6050374389708042,-1.7293325605571268,0.7176186930119991
1789692720259596500,15.939596435546875,-0.5825222403019666,-1.6093530129581688,0.5986071136623621
1789692720269561900,15.949561767578125,0.3472914157349616,-1.534963250145316,0.5038964473545551
1789692720279527700,15.959527587890625,0.5369873640408739,-1.2931138111561535,0.38209436050355433
1789692720289492500,15.969492431640624,0.4700251208802685,-0.9255541719615459,0.37760172525942326
1789692720299457800,15.979457763671874,0.30856793652176856,-0.47100598514378067,0.3515840714275837
1789692720309422800,15.9894228515625,0.1346458593983203,-0.025121581774950025,0.30263913099467754
1789692720319387600,15.9993876953125,0.04825695816874504,0.3719248486667871,0.22419395531117914
1789692720329353700,16.009353759765624,0.03704991997778415,0.478263993448019,0.08594985222518443
1789692720339318800,16.01931884765625,0.011917889874055981,0.9003028263270855,-0.04096446307301521
1789692720349283600,16.02928369140625,0.12400105820000171,1.0356786805003881,-0.13872107294797897
1789692720359248600,16.03924853515625,0.28502865550220013,1.0982120013028382,-0.19929799898564815
1789692720369213700,16.049213623046874,0.5290566075742245,1.0960077692568302,-0.25388649826347826
1789692720379179800,16.0591796875,0.529995313196443,1.1805875021725893,-0.3845832547098398
1789692720389144600,16.06914453125,0.8221107486218213,0.8754068700015545,-0.3528811255007982
1789692720399109600,16.079109619140624,0.9397054469108581,0.7410697112262249,-0.4565145184546709
1789692720409074700,16.08907470703125,0.9329267465561628,0.8194038277506828,-0.5919745437800884
1789692720419039700,16.099039794921875,1.055582235366106,0.5810971759349107,-0.8973729103550314
1789692720429005600,16.109005615234373,1.035115858985856,0.658207303622365,-1.0431333804205059
1789692720438971000,16.118970947265623,0.6519616872310638,0.5965548573076724,-1.7089824309676884
1789692720448935000,16.128934814453125,0.611272533968091,0.6696674397915602,-1.862676908902824
1789692720458900000,16.13889990234375,0.2868446188829839,0.6868734261363745,-2.30636877066344
1789692720468865300,16.148865234375,-0.2511655488669872,0.5932008707046509,-2.825956415885687
1789692720478831000,16.1588310546875,-0.45146600289344785,0.5977665711849928,-3.1781422525987026
1789692720488796000,16.1687958984375,-0.677477748216316,0.5781733974426985,-3.5458901078417897
1789692720498761200,16.17876123046875,-0.8160393197536469,0.5195604649543762,-3.903195187264681
1789692720508726000,16.18872607421875,-0.9031488634079694,0.498738041678071,-4.2958670558840035
1789692720518691000,16.198691162109377,-1.001005280395597,0.4878285251289606,-4.712055701430142
1789692720528657000,16.208656982421875,-1.065115056734532,0.5330377861648797,-4.871678984892368
1789692720538622200,16.218622314453125,-1.283177377422899,0.5186906963825225,-5.644879864394665
1789692720548587000,16.2285869140625,-1.5588064825475214,0.557409426355362,-6.179772338515519
1789692720558552000,16.238552001953124,-1.8537702566087244,0.42894086735248566,-6.670983491820096
1789692720568516900,16.248516845703126,-2.143388724119216,0.22121932341456413,-7.006482105365395
1789692720578483200,16.258483154296876,-2.1871375572137532,0.24273323608636854,-7.118083116197585
1789692720588448000,16.268447998046874,-2.4021372754611074,-0.37611528609395023,-7.420817524260282
1789692720598413000,16.2784130859375,-2.3509390031434596,-0.8095388518184423,-7.626508439153432
1789692720608378000,16.288378173828125,-2.2158241379939017,-1.345773388198018,-7.87304749726355
1789692720618343200,16.29834326171875,-2.0180174004793168,-1.8509522765785456,-8.186118005901575
1789692720628308000,16.308307861328124,-1.8058336164355278,-2.1303432184547186,-8.48314748032093
1789692720638274300,16.3182744140625,-1.6162928952239453,-2.0011340702176095,-8.69255186277926
1789692720648239000,16.328239013671876,-1.522478008712083,-1.6270371382087467,-8.827043335333466
1789692720658204200,16.3382041015625,-1.5085202105082571,-1.1075760419756173,-8.863296551975607
1789692720668169000,16.3481689453125,-1.5670809744179248,-0.5963531972557305,-8.951197538268566
1789692720678134000,16.358134033203125,-1.554267231682688,-0.5915437511473893,-8.966741144359112
1789692720688100000,16.36810009765625,-1.4091906522281468,0.285974411919713,-9.210213800635934
1789692720698065200,16.378065185546873,-1.278011080700904,0.835835907113552,-9.089204909989236
1789692720708030000,16.388030029296875,-1.1577863261692225,1.374259477970004,-8.806945719200373
1789692720717995300,16.397995361328125,-1.1019845055788755,1.781162701037526,-8.433914955118299
1789692720727960000,16.4079599609375,-1.107987983777374,2.059934634232521,-7.9586694327086205
1789692720737926000,16.41792578125,-1.1407273470796644,2.2030706010133025,-7.416026782852411
1789692720747891200,16.42789111328125,-1.3128887712061403,1.9739964724451302,-6.881147752735019
1789692720757856300,16.437856201171876,-1.5227882437050342,1.4288736962109803,-6.294281345748901
1789692720767821000,16.447821044921874,-1.616592901083827,0.6552198122441768,-5.707953283423185
1789692720777786000,16.4577861328125,-1.6165245120227336,0.5937590891093015,-5.494520960623025
1789692720787752200,16.467752197265625,-1.3977880914650858,-0.7951280491501093,-4.427791016037762
1789692720797717000,16.477717041015627,-1.15833650739789,-1.3431781110078096,-3.57313701120764
1789692720807682000,16.48768212890625,-0.9265614493079483,-1.6531746190279721,-2.666628315977752
1789692720817647000,16.497647216796874,-0.6863209068201482,-1.8044903851330278,-1.8387512589141726
1789692720827612200,16.507612060546876,-0.5315443327367305,-1.8331734587818382,-1.172794364078343
1789692720837578000,16.517577880859374,-0.37256314657032485,-1.6797674423992632,-0.7013523256048559
1789692720847543000,16.52754296875,-0.09271043240129948,-1.4861352140903472,-0.5456348174095154
1789692720857508000,16.537508056640625,0.30964068031981584,-1.3278478554069995,-0.6855404239669441
1789692720867473200,16.54747314453125,0.7132019725482911,-1.14304366119802,-0.9551359480157494
1789692720877438000,16.55743798828125,1.0741560029327868,-0.9459148229449987,-1.195107025912404
1789692720887403000,16.567403076171875,1.2041454878926277,-1.025553592327237,-1.0451152018874883
1789692720897369000,16.577369140625,1.584233184748888,-0.7221978374958038,-1.3372247555613517
1789692720907334100,16.587334228515626,1.7513836488455532,-0.6750935564935207,-1.3442799347698688
1789692720917299000,16.597298828125,1.8692501498132943,-0.6780553289085626,-1.29670102199316
1789692720927264000,16.607263916015626,1.945053871077299,-0.6931213806152343,-1.1534662710130215
1789692720937229000,16.61722900390625,2.0499685360133646,-0.7442758137911558,-0.9523790505230426
1789692720947195100,16.627195068359374,2.1023346830666063,-0.8532014679342508,-0.6114578274071216
1789692720957160000,16.637159912109375,2.138799496632814,-0.9867927767783403,-0.2248889518380165
1789692720967125200,16.647125244140625,2.239551196670532,-1.1366501607686281,0.14753215591311453
1789692720977090000,16.657090087890627,2.2900293380200862,-1.3289502636909485,0.5034235691457987
1789692720987055000,16.66705517578125,2.3367174394369123,-1.5410755955457687,0.8278402321845293
1789692720997021000,16.67702099609375,2.4294541753232477,-1.7722364672601223,1.1823323000133037
1789692721006986200,16.686986328125,2.4998539917171,-2.0379343993484973,1.5082465081334113
1789692721016951000,16.696950927734374,2.4554957945525646,-2.3259984770238398,1.8303993178933857
1789692721026916000,16.706916015625,2.3885049098193645,-2.664144390207529,2.1642104167431593
1789692721036881000,16.716880859375,2.3940580139018595,-3.0239731428891417,2.4942864207178355
1789692721046846200,16.72684619140625,2.384496258699894,-3.3537709144443273,2.8921067581415176
1789692721056812000,16.73681201171875,2.354799039572477,-3.624412732675671,3.259687440124154
1789692721066777000,16.746777099609375,2.292566163021326,-3.89504636760056,3.6509623014271257
1789692721076742100,16.7567421875,2.261165793237835,-4.094612077611685,4.085677076005935
1789692721086707200,16.766707275390626,2.2705846328377723,-4.222407851919532,4.491607070127129
1789692721096672000,16.776672119140624,2.3073170112989843,-4.409342628416419,4.6031496287703515
1789692721106638000,16.78663818359375,2.304543016541004,-4.4411903035759925,4.9234325530052185
1789692721116603100,16.79660302734375,2.277822036745399,-4.475516059286893,5.208455947810411
1789692721126568200,16.806568115234374,2.2374458949543534,-4.659080190306901,5.3032186365664
1789692721136533000,16.816532958984375,2.2845570440888405,-4.964370128071308,5.293425556826591
1789692721146498000,16.826498046875,2.3517302996516225,-5.172095179140568,5.321355181759595
1789692721156464000,16.836464111328127,2.436750323680788,-5.359491727930307,5.287193968960643
1789692721166429000,16.846428955078125,2.562934425008297,-5.638569950595498,5.189641357225179
1789692721176394000,16.85639404296875,2.595983292651176,-5.863423246598243,5.183800814503431
1789692721186359000,16.866359130859376,2.558039638704061,-5.96742255025506,5.268973837137222
1789692721196324000,16.876323974609374,2.493911742186546,-6.106633452546596,5.3855000294119115
1789692721206289200,16.8862890625,2.386999181431532,-6.321314314103126,5.4785377940714355
1789692721216255200,16.896255126953125,2.250831300097704,-6.589347995662689,5.602876121401787
1789692721226220000,16.906219970703123,2.11262226832509,-6.7961074165701865,5.8343047041416165
1789692721236185000,16.91618505859375,2.0741993064284325,-6.829107184374332,6.1091685239821665
1789692721246150100,16.926150146484375,1.9963596954226492,-6.816521259045601,6.393224535059929
1789692721256115000,16.936114990234376,1.814947481739521,-6.592299831205606,6.789757170760631
1789692721266081000,16.9460810546875,1.6516951941251754,-6.089273152422905,7.217070729172229
1789692721276046000,16.956046142578124,1.4939233837485313,-5.502798959624767,7.469844297757744
1789692721286011000,16.966010986328126,1.353628777873516,-4.850167118047177,7.487854586222768
1789692721295976200,16.97597607421875,1.1986404607355594,-4.270344199831784,7.1981684603035445
1789692721305941000,16.98594091796875,1.1530781484782695,-3.7200852297529576,6.594071517053246
1789692721315906000,16.995906005859375,1.2313725175142287,-3.1735289135843514,5.985566694232821
1789692721325872000,17.0058720703125,1.3547884693026542,-2.902062334966659,5.191795320388675
1789692721335837200,17.015837158203126,1.3918798903346061,-2.752659124484658,4.3494542691648
1789692721345802000,17.025802001953124,1.3275824824690818,-2.6118302656024692,3.4833342829465863
1789692721355767000,17.03576708984375,1.1655758110016583,-2.670108851569891,2.5203029055058956
1789692721365732000,17.045732177734376,0.8796306251764296,-2.768500836738944,1.6132967821478843
1789692721375698200,17.0556982421875,0.4052823438674211,-2.8706103811264034,0.8324743217259645
1789692721385663000,17.0656630859375,-0.16359076232109218,-2.843112717869878,0.27657880706489085
1789692721395628000,17.0756279296875,-0.7818751843452453,-2.6902339402318,0.016871639823913574
1789692721405593000,17.085593017578127,-1.3336819683879613,-2.4498633416235447,0.024400866284966467
1789692721415558100,17.09555810546875,-1.7079583486169576,-2.20794259096384,0.08471241938471794
1789692721425523000,17.10552294921875,-1.8278396965384482,-1.9509674790352582,0.09103694623112678
1789692721435489300,17.1154892578125,-1.83180860016942,-1.6517156523913143,0.02249181779325008
1789692721445454000,17.1254541015625,-1.7381658553540706,-1.3874018681377172,-0.17153963896632193
1789692721455420000,17.135419921875,-1.512600027167797,-1.1624860282927751,-0.5264771124750376
1789692721465385000,17.145385009765626,-1.1788959688890726,-0.9167132783800362,-0.9353963515400886
1789692721475350000,17.15535009765625,-0.7741944936495274,-0.5971306113690138,-1.2530506808370352
1789692721485315800,17.16531591796875,-0.48314175555221733,-0.3100508685559034,-1.5329343746662139
1789692721495281000,17.175281005859375,-0.27252405178137123,-0.07041559848487376,-1.805768149983883
1789692721505246000,17.185245849609377,-0.002186038802191615,0.18722937552928923,-1.9697236174315214
1789692721515210800,17.195210693359375,0.27209844678044315,0.3493997131258249,-2.1272189489543436
1789692721525175800,17.20517578125,0.5193354240268468,0.45038989809453484,-2.209737073165178
1789692721535140900,17.215140869140626,0.727589540471509,0.5489163232982158,-2.2360741682097314
1789692721545107000,17.22510693359375,0.8551917649686336,0.5537579181104898,-2.21136584341079
1789692721555071700,17.23507177734375,0.9185054955590516,0.5506687199234962,-2.142933235436678
1789692721565036800,17.245036865234376,0.9127794460624455,0.48973406648933887,-2.19561560883224
1789692721575001900,17.255001953125,0.9480143525075166,0.49812487821578977,-2.3259259963095187
1789692721584967000,17.264966796875,0.9968289445590227,0.5609995598018169,-2.487563542203605
1789692721594932000,17.274931884765625,1.0210164603542535,0.6448737747967243,-2.7358397993698715
1789692721604898000,17.28489794921875,1.0866764618098734,0.7804156331866979,-3.039706134071946
1789692721614862800,17.29486279296875,1.127624046813324,0.8991910656929015,-3.4271570531725883
1789692721624828000,17.304827880859374,1.10308815597184,1.0814654491633175,-3.6814541780635714
1789692721634792700,17.314792724609376,1.0260504359334706,1.2864911781460047,-3.875501416914165
1789692721644758000,17.324758056640626,0.8912187716394663,1.379186997500062,-4.226872722373902
1789692721654722800,17.334722900390624,0.7307067226439714,1.380871005064249,-4.634380633336305
1789692721664689000,17.34468896484375,0.5132159912984818,1.404147835755348,-4.982824653172493
1789692721674653700,17.35465380859375,0.25928455791473387,1.3436965819239615,-5.383949292838573
1789692721684619000,17.364618896484377,0.16584047747664152,1.2097183195888996,-5.710811595463753
1789692721694583800,17.374583740234375,-0.08719269189313053,1.1174211441636084,-6.10921820834279
1789692721704548900,17.384548828125,-0.39031098470687864,1.09548579120934,-6.3666638603925705
1789692721714513700,17.394513671875,-0.7978827546857297,1.0901923609763384,-6.6025991069018835
1789692721724480000,17.40447998046875,-1.1851339134305714,1.0955664552301168,-6.896921660450101
1789692721734444800,17.41444482421875,-1.5705881057560442,1.080907230758667,-7.157270632725954
1789692721744409900,17.424409912109375,-2.0047673121534286,0.970849357715249,-7.51334383226633
1789692721754375000,17.434375,-2.368539541763812,0.8023077315211296,-7.816894817408919
1789692721764340000,17.444340087890627,-2.6482769589900967,0.6568260783970356,-7.9897677508056155
1789692721774304800,17.4543046875,-2.7936060519009827,0.44870705957412715,-8.119208954232931
1789692721784270800,17.464270751953126,-2.779398078328371,0.10721709665954113,-8.261198089066147
1789692721794236000,17.47423583984375,-2.6737141825854778,-0.28227321931421756,-8.420281566563249
1789692721804201000,17.484200927734374,-2.451112318771332,-0.7057604974359274,-8.529875913748144
1789692721814165800,17.494165771484376,-2.1211862446613607,-0.9835416660279035,-8.536661628365517
1789692721824130800,17.504130859375,-1.7679433001108467,-1.0117337412893772,-8.366756312602758
1789692721834097000,17.514096923828124,-1.4584746153570711,-0.9066858053624629,-8.210385601195693
1789692721844062000,17.52406201171875,-1.1565941937752067,-0.80185940323174,-8.131382791629433
1789692721854026800,17.53402685546875,-0.925328254251182,-0.6333750601828098,-7.986372847670316
1789692721863992000,17.543991943359377,-0.7330138305425643,-0.27204642433226106,-7.708002481013536
1789692721873956900,17.553956787109374,-0.5710189956434071,0.15209259569644928,-7.365871297585964
1789692721883922000,17.563921875,-0.4080529776245355,0.5822632971048355,-7.09095837790668
1789692721893887700,17.5738876953125,-0.29324484131410716,0.9520797753155231,-6.763119923725724
1789692721903853000,17.58385302734375,-0.30104177880063654,1.0964157655358313,-6.499194846528768
1789692721913817900,17.59381787109375,-0.43350174552723764,0.9107306968390941,-6.300832082566618
1789692721923783000,17.603782958984375,-0.5988594809882343,0.46721243807971474,-5.965175648111105
1789692721933747700,17.613747802734373,-0.7810387335211039,-0.16417583220005033,-5.446742725881934
1789692721943713000,17.623713134765627,-0.8527268361598253,-0.8573790458798408,-4.908772744011879
1789692721953678800,17.633678955078125,-0.8042189719699323,-1.3862982908099888,-4.243531011708081
1789692721963644000,17.643643798828126,-0.5364220217756926,-1.8168056768268346,-3.4766643036633726
1789692721973609000,17.65360888671875,-0.17271861961781979,-2.060687498426437,-2.6745535560190676
1789692721983574000,17.663573974609374,0.20103709773793815,-2.1548919687777754,-1.9032544184848665
1789692721993538800,17.673538818359376,0.6279818228371441,-2.161959422945976,-1.331041975273192
1789692722003503900,17.68350390625,0.9860773950506001,-2.1116636524260044,-0.9917483533591032
1789692722013470000,17.693469970703124,1.2376584659159182,-2.0566654033035037,-0.8540861418142914
1789692722023434800,17.703434814453125,1.4456301852226257,-1.9812661711871622,-0.8138347954466939
1789692722033399800,17.71339990234375,1.6092454609304665,-1.8432856874734163,-0.8345721707880497
1789692722043364900,17.72336474609375,1.7544716779887675,-1.6792361120015382,-0.9395546402633189
1789692722053330000,17.733329833984374,1.897330581393838,-1.487370308843255,-1.0145587355822323
1789692722063295000,17.743294921875,1.9840467418164014,-1.312268593481183,-0.9802233352601527
1789692722073259800,17.753259765625,2.0299398934632538,-1.1199106228917837,-0.8991431348979473
1789692722083225900,17.763225830078124,2.050468886750936,-0.9957231022089719,-0.8257792080014944
1789692722093191000,17.77319091796875,1.982079825657606,-1.004898926833272,-0.7226391515225171
1789692722103156000,17.783156005859375,1.9369664262115953,-1.0664356378138065,-0.549410244295001
1789692722113120800,17.793120849609377,2.0034534530758856,-1.1969634674340486,-0.3135451404124498
1789692722123086000,17.803086181640627,2.034662245810032,-1.4111691126942634,-0.06648761138617992
1789692722133052000,17.813052001953125,2.074032133167982,-1.6414222219139336,0.30067396840155125
1789692722143016700,17.8230166015625,2.16653973647356,-1.846874651876092,0.6837649387270212
1789692722152981800,17.832981689453124,2.23808170863986,-2.0437240886658428,1.0082657729178666
1789692722162946800,17.84294677734375,2.260139226669073,-2.170393489292264,1.389481597021222
1789692722172911900,17.852911865234375,2.255430318325758,-2.307140631818771,1.8024194240778684
1789692722182877000,17.862876953125,2.2592567447461187,-2.4153859024822713,2.1486498595178127
1789692722192841700,17.872841796875,2.2995992765285074,-2.5297417649805545,2.4396324549883603
1789692722202807800,17.882807861328125,2.3175239325366914,-2.6707009722441435,2.754093541201949
1789692722212772900,17.89277294921875,2.315379906245321,-2.844825951528549,2.9636972456246613
1789692722222737700,17.902737548828124,2.311323616591841,-3.046367930048704,3.123070061457157
1789692722232703000,17.912702880859374,2.2710861526191235,-3.302300839447975,3.2593659530848265
1789692722242668000,17.92266796875,2.266439203596115,-3.5580513780176637,3.3825510187268257
1789692722252632800,17.9326328125,2.261943207351118,-3.811300162899494,3.5626311070233583
1789692722262598700,17.9425986328125,2.259690459988266,-4.0775478378251195,3.8048347662776707
1789692722272564000,17.95256396484375,2.308409044319391,-4.320349462972581,4.102897675397992
1789692722282528800,17.96252880859375,2.3655086496353146,-4.581287633313238,4.498531316432357
1789692722292493800,17.972493896484377,2.4782208365797995,-4.808844927577674,4.867654551681876
1789692722302459000,17.982458984375,2.8481261621177194,-4.801054712092876,5.5883706261873245
1789692722312424000,17.992423828125,3.033617169547081,-4.802793372453749,5.932276418071985
1789692722322389800,18.0023896484375,3.2786592670977113,-4.716137710046768,6.173894970914721
1789692722332354800,18.012354736328124,3.497280975234508,-4.655169738864898,6.281720554861426
1789692722342319900,18.02231982421875,3.613414953321218,-4.667364911310375,6.299514570227265
1789692722352285000,18.032284912109375,3.6310792048275466,-4.672858248029649,6.3060425106912845
1789692722362249700,18.042249755859373,3.5258909836471077,-4.7184474482938645,6.265865398603677
1789692722372214800,18.05221484375,3.2333038755893706,-4.907765612795949,6.186608906537294
1789692722382180900,18.062180908203125,2.7890836060404776,-5.185633875149488,6.177285782396793
1789692722392146000,18.07214599609375,2.307337031173706,-5.534670600181817,6.141972476953268
1789692722402110700,18.08211083984375,1.9529273809313772,-5.9101855822950595,6.153832426095009
1789692722412075800,18.09207568359375,1.8301929816663265,-5.904866433098912,6.1620817835241555
1789692722422040800,18.102040771484376,1.5085785165667533,-6.217732943597436,6.392744642588496
1789692722432006000,18.112005859375,1.283899992609024,-6.369937767496705,6.353289999556541
1789692722441971700,18.1219716796875,1.0148901594936848,-6.510520542663335,6.219414613074064
1789692722451936300,18.131936279296873,0.9324948579449206,-6.416601903516054,6.187877903559803
1789692722461901300,18.1419013671875,0.5108803148925304,-6.40303281236887,5.895588901665806
1789692722471866000,18.1518662109375,0.443869556415081,-6.138918934601545,5.573805509740114
1789692722481831400,18.16183154296875,0.5079764101445675,-5.741946738439798,5.18009260763526
1789692722491796200,18.171796142578124,0.5591875419437885,-5.177191625496745,4.8552942518025635
1789692722501761300,18.18176123046875,0.5475274992883206,-4.59861899960339,4.440801596519351
1789692722511727400,18.191727294921876,0.47562195450663564,-4.2083255505532025,3.8622172801882027
1789692722521692200,18.201692138671874,0.33426059618294235,-4.017927481859922,3.155774645707011
1789692722531657200,18.2116572265625,0.16076806958317755,-4.010774687495827,2.2941934719622132
1789692722541622300,18.221622314453125,-0.07092412339574657,-4.084086007422209,1.42648709333539
1789692722551587300,18.23158740234375,-0.36907296636700626,-4.220336306342483,0.640980274489522
1789692722561552400,18.241552490234376,-0.7959200763106345,-4.298343675130606,-0.019635259318351743
1789692722571518200,18.251518310546874,-1.2661387104690074,-4.229421530073881,-0.4288561116784811
1789692722581483300,18.261483154296876,-1.267631579375267,-4.037151237767935,-0.573007977503538
1789692722591448300,18.2714482421875,-1.810059125176072,-3.644439621660113,-0.6618079584628344
1789692722601413400,18.281413330078124,-1.7904232813358305,-3.2801486288726327,-0.6763099465459584
1789692722611378200,18.291378173828125,-1.768199174568057,-3.1171418404519557,-0.8168751860558986
1789692722621343200,18.30134326171875,-1.1571376530021429,-2.4261031113296747,-0.8750883055716753
1789692722631309300,18.311309326171877,-0.948103857421875,-1.9835171649843453,-1.1132137556016444
1789692722641274000,18.321274169921875,-1.0620903020858763,-1.5127672004282473,-1.47659990850389
1789692722651239200,18.3312392578125,-1.2951508699417114,-0.9442787461757659,-1.7981442309767006
1789692722661204200,18.341204345703126,-1.2846002498328686,-0.8170359295755625,-1.9337299285084009
1789692722671169300,18.351169189453124,-1.6531787106812,-0.09055003949701786,-2.0611329041063784
1789692722681134300,18.36113427734375,-1.283862583208084,-0.003945522755384445,-1.896459059256315
1789692722691099100,18.37109912109375,-1.2330267144620417,-0.20919804623126984,-2.2045178772121665
1789692722701065200,18.381065185546873,-0.9965712434709072,-0.037540918365120884,-1.7914181375920772
1789692722711030300,18.3910302734375,-0.9911468803346156,0.02675532045662403,-1.8709470168590545
1789692722720995000,18.4009951171875,-0.5077320799946785,-0.10201835897266864,-0.841293003475666
1789692722730960100,18.410960205078126,-0.27169863380789755,-0.11477847182452677,-0.5119996743112802
1789692722740925400,18.420925537109376,-0.09206101944870315,-0.24233342311382292,-0.39394378825128074
1789692722750890200,18.43089013671875,0.12090834374851546,-0.3621750235468149,-0.7252601476758718
1789692722760856000,18.44085595703125,0.25715572919249535,-0.2618190448284149,-1.3962065213620662
1789692722770821400,18.4508212890625,0.24645547147989272,0.00649111558496952,-2.3733792368799445
1789692722780786200,18.4607861328125,0.019521889471216126,0.2641641466498375,-3.4889439395219086
1789692722790751200,18.470751220703125,-0.6091606563806533,0.5447697250127792,-4.678876777666807
1789692722800716300,18.48071630859375,-1.349236680394411,0.8667804959535598,-5.954108895173668
1789692722810681300,18.490681396484376,-1.9324071554720401,1.1771323932826518,-7.195760230118036
1789692722820646400,18.500646484375,-2.286607546877861,1.5855641410917043,-8.032349001425505
1789692722830612200,18.5106123046875,-2.528707161235809,1.9059622161388396,-8.562789172312616
1789692722840577300,18.520577392578126,-2.372871871879697,1.9233108258247373,-9.063038787597417
1789692722850542300,18.530542236328124,-1.5130857648581266,1.7370938422083855,-9.736632460922003
1789692722860507100,18.540507080078125,-1.540763460856676,1.6919886260688304,-9.666261870622634
1789692722870472200,18.55047216796875,1.1381804390758274,2.0845926901489493,-10.360374600362777
1789692722880437200,18.560437255859377,2.7914994350105524,1.9264239894092081,-10.099588990235327
1789692722890403300,18.5704033203125,3.024282939490676,1.3402607622563838,-10.001492188620567
1789692722900368100,18.5803681640625,2.668609552922845,0.8910469222038984,-9.519189733436702
1789692722910333200,18.590333251953126,2.439861003047228,0.5877735849589109,-8.580638717257976
1789692722920298200,18.60029833984375,2.1789998434655367,0.40948680981993674,-8.397015257266164
1789692722930263300,18.61026318359375,1.8924515771806238,-0.4215355595320463,-6.892657573264837
1789692722940228000,18.62022802734375,1.8696933635361492,-0.5453191755890846,-6.151731069901585
1789692722950193200,18.630193115234373,2.0548590845339,-0.38730361958444115,-5.666493145787715
1789692722960159200,18.6401591796875,1.7360761895984411,-0.6214882230341434,-5.529335668894649
1789692722970124300,18.650124267578125,0.21304069313406943,-0.3094523181408644,-4.718755199068784
1789692722980089000,18.660089111328126,0.9961404508382081,-0.7012994263738394,-4.155551991742849
1789692722990054100,18.67005419921875,1.1054176948979497,-0.8997486995756626,-3.9764603299617765
1789692723000019200,18.680019287109374,0.9915960854068397,-1.3086702767282723,-3.7390427359402176
1789692723009984300,18.689984375,0.9906903687387705,-1.7123773341029882,-3.2898324030190707
1789692723019950000,18.6999501953125,1.2862524009540677,-1.7679197731047869,-2.763468687790632
1789692723029915400,18.709915283203124,1.756899197396636,-1.6932953247532248,-2.343969602522254
1789692723039880200,18.719880126953125,2.0775839804306626,-1.8838187733918428,-1.8167238437622784
1789692723049845200,18.72984521484375,2.2284686616420744,-2.2196911886855957,-1.3541484178334473
1789692723059810000,18.73981005859375,2.302790035393834,-2.4853294995412227,-0.9510352346986531
1789692723069775400,18.749775390625,2.3620313289135693,-2.6484587452977895,-0.4662339484363794
1789692723079740200,18.759740234375,2.332180380529165,-2.645307587790489,-0.06811199771761894
1789692723089706200,18.769706298828126,2.1050170540183784,-2.6370462476626035,0.041406946143507956
1789692723099671300,18.77967138671875,1.501158011177182,-2.804775096169114,0.017833178332448005
1789692723109636400,18.78963623046875,1.2085077747553585,-3.10341638969928,-0.18686755647957323
1789692723119601200,18.79960107421875,-0.026581717455387115,-3.4529128411978482,0.09346914181411266
1789692723129566200,18.809566162109373,-0.8033271376967429,-3.601119243110716,0.22671149109005928
1789692723139531000,18.819531005859375,-1.4757108507096766,-3.52047831094861,0.6791179897040128
1789692723149496300,18.829496337890625,-2.0733535032540558,-3.260026755081117,1.0753688858538866
1789692723159462100,18.839462158203126,-2.277939087253809,-3.5317639673337338,0.7996230224817991
1789692723169427200,18.84942724609375,-2.9196821628093717,-2.867726642383635,1.161728780184686
1789692723179392300,18.859392333984374,-3.256116011378169,-2.657644799055159,1.0500295696750284
1789692723189357300,18.869357421875,-3.7805198247104883,-2.0625046308510004,1.0299123720586298
1789692723199322000,18.879322021484374,-5.066275089797378,0.15710435944385825,2.1505971941933035
1789692723209287200,18.889287109375,-5.004768189433217,-0.2586768926114775,2.1075918729424474
1789692723219253200,18.899253173828125,-2.8439070831179616,-2.4606837185844777,1.4216443294793366
1789692723229218300,18.90921826171875,1.6637556342750788,-4.948123342147469,0.3003780541948974
1789692723239183000,18.91918310546875,0.32549802853465076,-4.985149881249666,-0.8555445239290594
1789692723249148200,18.929148193359374,-2.9483272425353526,-3.0060329970508812,-0.13810235652774572
1789692723259113200,18.93911328125,-1.655606814610958,-2.5160487551927564,0.31750892947688697
1789692723269078300,18.949078369140626,-0.39353871458172796,-2.9646967780560254,0.1843432986989617
1789692723279043000,18.95904296875,-0.41264030541479585,-3.0840234147042036,-0.01275046824067831
1789692723289009400,18.969009521484374,-1.7479980980604886,-3.6586484720155594,-0.3357417746514082
1789692723298974200,18.97897412109375,-1.8002409109950064,-3.044238809065521,0.2387896130271256
1789692723308939300,18.988939208984377,-1.984879100987315,-2.3531369515791534,0.7881229926936328
1789692723318904000,18.998904052734375,-2.3271084840923546,-2.2246692693591115,0.7412507668815552
1789692723328869400,19.008869384765624,-2.654405086481571,-2.3474945617780087,0.4629894500898197
1789692723338834200,19.018834228515626,-2.711041750460863,-2.4143324479065833,0.2488066377159208
1789692723348799200,19.02879931640625,-2.4650690940618514,-2.3034916077919303,0.13567657241923733
1789692723358765300,19.038765380859374,-2.432074586954713,-2.236873209632933,0.14036271180831827
1789692723368730400,19.04873046875,-2.5415362476706505,-2.2859569740146397,0.2298184441294521
1789692723378695200,19.058695068359373,-2.5162989305615424,-2.4030162502527235,0.17183891417384148
1789692723388660200,19.06866015625,-3.1086879003614185,-2.5129379296958443,0.6595123948715627
1789692723398625000,19.078625,-3.1885107941389084,-2.4998686047643424,0.7744454727359116
1789692723408590300,19.08859033203125,-3.017126637995243,-2.287819845277071,0.747730192028731
1789692723418555100,19.09855517578125,-2.8861761990487573,-2.0696751070022583,0.6698855395216494
1789692723428521200,19.108521240234374,-2.8611943180054427,-2.1577660629093645,0.6390784594561905
1789692723438486300,19.118486328125,-3.0266426543593403,-2.354609362219274,-0.14663323431201278
1789692723448451300,19.128451416015626,-3.007003887909651,-2.419367665594816,-0.1693692178583704
1789692723458416000,19.138416015625,-3.2007249635457993,-1.5860247443407773,0.29858629367360845
1789692723468381200,19.148381103515625,-3.074824209204316,-1.7249910242214799,0.6040080959230661
1789692723478346200,19.15834619140625,-2.887506570869684,-1.5919716700464486,0.8752022873401641
1789692723488311300,19.168311279296876,-2.57829624479115,-1.3236360829308629,0.9610084202457219
1789692723498277000,19.178277099609375,-2.0885300295978784,-1.320588385798037,0.5569000155285
1789692723508242200,19.1882421875,-1.4992676673859358,-1.350728672517836,0.17141327264029532
1789692723518207200,19.198207275390626,-0.947693523055315,-1.365257256346941,-0.12277991890721023
1789692723528172300,19.20817236328125,-0.9416437214970588,-1.3868486181691289,-0.1057613814258948
1789692723538137000,19.21813720703125,0.35684827556610105,-1.3739002892687915,-0.050563079686649144
1789692723548102100,19.22810205078125,0.20477730717957018,-1.2604182869955896,-0.10457041807565838
1789692723558067200,19.238067138671877,-0.014070026406645774,-1.2884253610789775,-0.18095325440187007
1789692723568033300,19.248033203125,-0.1089782611131668,-0.9695163555458187,0.021557240356877446
1789692723577998000,19.257998046875,-0.10659984154403208,-0.973270155121386,-0.0024793957255780695
1789692723587963400,19.26796337890625,-0.3914800284862518,-0.7644269136771559,0.4467976092236116
1789692723597928200,19.27792822265625,-0.39555297701358794,-0.7489309461206197,0.4267464260481298
1789692723607893200,19.287893310546874,-0.0679389792382717,-0.45101592103838917,0.3172768012214452
1789692723617858000,19.297858154296875,-0.20170564464926719,-0.45550709497779607,0.005227525389939546
1789692723627823400,19.3078232421875,-0.6272311506003141,-0.23868249939084052,0.11990089287217706
1789692723637789200,19.3177890625,-1.0939484986394643,-0.21268588834702967,-0.14442633538488298
1789692723647754200,19.327754150390625,-1.2200830617368221,-0.18071634037345646,-0.20089301309213042
