time,seconds_elapsed,z,y,x
1789666830955361000,0.058361083984375,1.971954737484455,1.0076567011088133,1.8123628720737992
1789666830965313300,0.068313232421875,2.240027582010627,0.921437968814373,1.9686999734722077
1789666830975265300,0.078265380859375,2.1709721659630534,1.0091834722846746,1.811077362307906
1789666830985216300,0.08821630859375,1.696642589354515,1.2791481219068168,1.5205734902650117
1789666830995168300,0.098168212890625,1.5889163741290568,1.5736784729868172,2.229652172338217
1789666831005120300,0.108120361328125,2.0671067178189753,1.7088067821398376,1.816101912471652
1789666831015072000,0.118072021484375,2.1026029786139726,1.0672636130705475,0.3885192789845168
1789666831025023200,0.128023193359375,2.0594149942725894,0.8518380706265568,-0.17380882600732148
1789666831034975200,0.137975341796875,2.305249703505635,0.877712808856368,-0.5462826137937605
1789666831044927200,0.14792724609375,2.878964367973804,1.300384678941965,-0.45587907009534534
1789666831054879200,0.157879150390625,3.128213854086399,1.5533844574987887,0.25772359220832586
1789666831064831200,0.167831298828125,3.3657506905734538,1.6325184922292828,0.536339311928302
1789666831074782200,0.1777822265625,3.9552269877970216,1.1677590002596379,0.337344606738165
1789666831084734200,0.187734130859375,4.3804543875843285,0.26402152330875395,0.17684793797489254
1789666831094686200,0.197686279296875,4.201501842013001,-0.39336189671009775,0.12541961976103483
1789666831104638200,0.20763818359375,3.957177537342906,-0.6695680710703135,0.23409937285166232
1789666831114589200,0.217589111328125,3.5640725380033254,-0.9618325230449437,0.43885311649255454
1789666831124541200,0.227541259765625,2.9125884051561353,-1.2448913397789,0.5764364175822585
1789666831134493200,0.2374931640625,2.128783714053035,-1.3371128196194768,0.7412599000360817
1789666831144445200,0.247445068359375,1.149755726057291,-1.2403621719166635,0.958732511202991
1789666831154396400,0.257396484375,0.08700959041118621,-0.9876236746445297,1.0541121628135441
1789666831164348200,0.26734814453125,-0.927219474825263,-0.8384224164754152,1.0142392943695187
1789666831174300200,0.277300048828125,-1.7350649667292832,-0.7318617378979921,0.9324103214666247
1789666831184252200,0.287252197265625,-2.321325809037685,-0.4750634438410401,0.9619863984324037
1789666831194203100,0.297203125,-2.6843074727922676,-0.2513067109033465,0.9249969764702022
1789666831204155100,0.307155029296875,-2.8317817610383034,-0.013463000424206256,0.855210615799576
1789666831214107400,0.317107421875,-2.740250893810391,0.24093612353652713,0.7156459316343069
1789666831224059100,0.32705908203125,-2.5450088922172784,-0.10323854841738939,0.7343073774844407
1789666831234010000,0.337010009765625,-2.1936668128520247,-0.45847266678512094,0.7163372018340974
1789666831243962400,0.34696240234375,-1.5671037707716227,-0.7194891630589961,0.5896352141123264
1789666831253914000,0.3569140625,-0.8551888423591851,-0.9486457092136145,0.47452984842099244
1789666831263866000,0.3668662109375,-0.2228670906215906,-1.0925471074089408,0.3026840661149472
1789666831273817300,0.3768173828125,0.12517477815449238,-1.2416104184120893,0.11071741466438396
1789666831283769000,0.38676904296875,0.35591771671772,-1.3701143409892915,0.015877824747283012
1789666831293721000,0.39672119140625,0.5199982718497514,-1.4080612098067997,-0.12062440310744568
1789666831303673300,0.40667333984375,0.47195407964885233,-1.4292963055372236,-0.2299044601787813
1789666831313624000,0.4166240234375,0.16374387052357195,-1.4878238978296519,-0.2510370819154195
1789666831323576300,0.426576416015625,-0.19791735828220844,-1.4487337041959165,-0.16803658101512117
1789666831333528300,0.4365283203125,-0.5186901118606329,-1.2637436320260167,-0.034852903123851864
1789666831343480000,0.44647998046875,-0.8119646176606417,-1.1656333864077926,0.17575974087938664
1789666831353431300,0.456431396484375,-1.298838618543744,-1.57458740452528,0.31661377073545005
1789666831363383300,0.46638330078125,-1.7115087345749138,-1.273264032304287,0.5901414100687951
1789666831373335000,0.4763349609375,-1.7733511505037545,-0.660639206944406,0.3957068158684298
1789666831383287300,0.486287353515625,-1.7610288445472717,-0.3322814050644636,0.29030820334032176
1789666831393238000,0.496238037109375,-1.6513327905535697,-0.24903496657907961,0.27826241277027874
1789666831403190000,0.50618994140625,-1.5539403378158807,-0.24991759463250635,0.08474431236032397
1789666831413142300,0.516142333984375,-1.5770406428962944,-0.29330431641638277,-0.13358908035438508
1789666831423094300,0.52609423828125,-1.7008347803473471,-0.34527240406274795,-0.22046762826442717
1789666831433045200,0.536045166015625,-1.8146569743603467,-0.37686581220030785,-0.15999220810616388
1789666831442997200,0.545997314453125,-1.7632640562534332,-0.30294980437904595,0.000984906826034421
1789666831452949200,0.55594921875,-1.629476348054409,-0.21481471706926822,0.131081956371665
1789666831462901000,0.56590087890625,-1.4707137730747462,-0.1526180808752775,0.1365913674429059
1789666831472852200,0.575852294921875,-1.3649199872165918,-0.0876069717824459,0.03787231944368686
1789666831482804200,0.58580419921875,-1.1947440378189087,-0.009299451003968714,-0.08231059154053218
1789666831492756200,0.595756103515625,-0.9731143800377845,0.042654023595154286,-0.1751159996157512
1789666831502708200,0.605708251953125,-0.6894470760166644,0.09268763604760169,-0.2801566472853534
1789666831512659200,0.6156591796875,-0.30422493888139723,0.1837517625465989,-0.44449645614176986
1789666831522611200,0.625611083984375,-0.10974924548566341,0.27849194720983506,-0.6328275093026459
1789666831532563200,0.635563232421875,-0.02423427754640579,0.26415333299487825,-0.7560666432194412
1789666831542515200,0.64551513671875,0.1306628541767597,0.2324108717754483,-0.705323713453859
1789666831552466200,0.655466064453125,0.2994897270530462,0.24831278978437185,-0.5636013763306662
1789666831562418200,0.665418212890625,0.5060860663533211,0.22764643385261296,-0.4010580041706562
1789666831572370200,0.6753701171875,0.7119640282511711,0.15845862359702587,-0.3109598366269842
1789666831582322200,0.685322265625,0.9262713803201913,0.10809563305974006,-0.34388113236743956
1789666831592273200,0.695273193359375,1.2179787829339503,0.0438558006003499,-0.5375273892017081
1789666831602225400,0.705225341796875,1.5924433792114256,0.032814474365115164,-0.7426026198819279
1789666831612177200,0.71517724609375,1.8827175341516733,0.11953764905035495,-0.8631969383783638
1789666831622129200,0.725129150390625,1.9981717132806778,0.19184446810930966,-0.9381869321066886
1789666831632081200,0.7350810546875,2.024775058045983,0.099608082960546,-1.1069876476284115
1789666831642032000,0.7450322265625,1.9248738373577594,0.04140022414177656,-1.221149448859319
1789666831651984100,0.754984130859375,1.8069255033254623,0.12949527170211075,-1.1635475931096821
1789666831661936400,0.764936279296875,1.6718074233055114,0.3012590748131275,-1.0936478351924568
1789666831671888100,0.77488818359375,1.5101058722645044,0.41897360008955,-1.1364580722626298
1789666831681839000,0.784839111328125,1.3289204530745744,0.4029790353611111,-1.222258140753582
1789666831691791400,0.794791259765625,1.2648369802206754,0.35405572223812337,-1.3289990712687372
1789666831701743000,0.8047431640625,1.4258394430816173,0.2177472633898258,-1.3903259388908744
1789666831711695000,0.814695068359375,1.770925969183445,0.025533377446234226,-1.5305487947039305
1789666831721646000,0.82464599609375,2.2771721945345402,-0.24408348165154456,-1.7328969750404357
1789666831731598000,0.83459814453125,2.896960043391585,-0.5873199959725142,-1.8421916086263954
1789666831741550000,0.844550048828125,3.445788688406348,-0.9338938380226492,-1.8310070745281875
1789666831751502300,0.85450244140625,3.8378684363514184,-1.192678921982646,-1.6662924592763184
1789666831761453000,0.864453125,3.7223943834781643,-1.3453084010347722,-1.5474407466635107
1789666831771405300,0.8744052734375,3.0051608903914686,-1.4146698142915963,-1.471911896818131
1789666831781357300,0.884357421875,1.7423697367846964,-1.338317226973176,-1.4758487978756427
1789666831791309000,0.89430908203125,0.18514906212389468,-0.9772589324966072,-1.4150878935731948
1789666831801260300,0.90426025390625,-1.1836585801810025,-0.36602410019040105,-1.2291159707590937
1789666831811212300,0.91421240234375,-2.258227840089798,0.17469196551740168,-1.2934363211087883
1789666831821164000,0.9241640625,-2.9442852736681697,0.48416474192440506,-1.6563460886709391
1789666831831116300,0.9341162109375,-2.9733038628816604,0.15894406902641056,-2.3551526753157375
1789666831841067000,0.94406689453125,-2.7102199126839635,0.5398886749729513,-1.9483038127839565
1789666831851019300,0.954019287109375,-2.416615152016282,0.9585931027323007,-1.6263723906897007
1789666831860971300,0.96397119140625,-2.2653303655713795,0.535669011451304,-1.4646196939833462
1789666831870923300,0.97392333984375,-1.967279146888852,0.10744973637163638,-1.3020806692048907
1789666831880877300,0.983877197265625,-1.4953127922803162,-0.2800836003154516,-1.4027965672768652
1789666831890829300,0.993829345703125,-0.9243903888791799,-0.5795262733563781,-1.351808576709032
1789666831900781300,1.00378125,-0.1966682350039482,-0.6649947718054056,-1.2075483551386743
1789666831910733600,1.013733642578125,0.4157224893391132,-0.6068383509129286,-1.1818318031452595
1789666831920684300,1.023684326171875,0.718299661013484,-0.502876456657052,-1.2559700754150747
1789666831930636300,1.03363623046875,0.7010235320419073,-0.4277311993017792,-1.3922858407869934
1789666831940588300,1.04358837890625,0.5794751276910305,-0.3433586793959141,-1.3006556048378348
1789666831950540300,1.053540283203125,0.365024567759037,-0.2961070988774299,-1.0311125416286289
1789666831960491500,1.063491455078125,-0.08226736432015895,-0.34558716910034415,-0.8298820402104407
1789666831970443300,1.073443359375,-0.6993453696966171,-0.3396428737431764,-0.7141309239614755
1789666831980395300,1.083395263671875,-1.2871931889355182,-0.27180998522788286,-0.4461993876021355
1789666831990346500,1.093346435546875,-1.7496055332571268,-0.22739713526666164,-0.11280183798931538
1789666832000298200,1.10329833984375,-1.981520438209176,-0.29760639752447604,0.25557598572038115
1789666832010250200,1.113250244140625,-1.9529267964094876,-0.30741029091924427,0.631591318571195
1789666832020202500,1.123202392578125,-1.8615210168659686,-0.3119923580124974,0.9366825919583439
1789666832030154500,1.133154541015625,-1.6675842526525257,-0.34715894846171136,1.0780534487627447
1789666832040105200,1.143105224609375,-1.5425392383575438,-0.2953866756483912,1.0949473004184662
1789666832050057500,1.153057373046875,-1.5912942091763018,-0.18767682703584432,0.9795864986613392
1789666832060009200,1.16300927734375,-1.6930547939956186,-0.13307517601549623,0.7623653780374675
1789666832069961200,1.172961181640625,-1.6659353164017199,0.0025131518647074696,0.5609632463794201
1789666832079912400,1.182912353515625,-1.404869720289111,0.043487844070792196,0.45523850716948505
1789666832089864200,1.1928642578125,-1.0779144786834716,0.10532236895412206,0.41633926953058686
1789666832099816400,1.20281640625,-0.7270201430857182,0.18930384371578693,0.5753848261700942
1789666832109767400,1.212767333984375,-0.5237205072432756,0.21540683774352073,0.8308727317482233
1789666832119719200,1.22271923828125,-0.4211725714385509,0.2257239413574338,1.1817327266849578
1789666832129671400,1.23267138671875,-0.5414999095618724,0.2716752529323101,1.4385738369703291
1789666832139623400,1.24262353515625,-0.7678150948107242,0.4224693332508206,1.4824517032720148
1789666832149574400,1.252574462890625,-1.060302834147215,0.6680766634687781,1.3839116879343987
1789666832159526400,1.2625263671875,-1.1458014354735613,1.0182871084555982,1.301094434646517
1789666832169478400,1.272478515625,-0.9892951149880885,1.3376146316617727,1.1219622947245835
1789666832179430100,1.28243017578125,-0.6842343098044396,1.5077297907829283,0.8069255275148898
1789666832189381400,1.29238134765625,-0.03521627480983734,1.355726919196546,0.3085231475319713
1789666832199333400,1.30233349609375,0.9000199177324771,1.5894500426143408,0.3440826828215271
1789666832209285400,1.312285400390625,1.7561814045161008,1.6167118512883782,0.6181009186834097
1789666832219237400,1.3222373046875,2.4703929194331167,1.2453165794536472,0.5898992353433743
1789666832229188400,1.332188232421875,2.857752653118968,0.9186077138245106,0.6013327392339706
1789666832239140400,1.342140380859375,2.933980152752995,0.7393661221787333,0.7064496487438678
1789666832249092400,1.35209228515625,2.7069226247042417,0.7555684844389557,0.8368184884101152
1789666832259044400,1.36204443359375,2.341348606368899,0.8777665848702192,0.9707403443828224
1789666832268995300,1.371995361328125,2.060193577429652,1.0510609585493802,1.0565947734095156
1789666832278947300,1.381947265625,1.7863006484478712,1.2234218507707117,0.9428099157322197
1789666832288899300,1.3918994140625,1.5355758290857076,1.2686828419938683,0.8011030319064855
1789666832298851300,1.401851318359375,1.5054150840997695,1.179668633762002,0.7252795830287039
1789666832308802300,1.41180224609375,1.6172686083883046,1.0240919953420757,0.6302721257314086
1789666832318754600,1.421754638671875,1.9135189151287078,0.7464519887864589,0.5229229271247983
1789666832328706300,1.431706298828125,2.6057091523736715,0.45326048509478567,0.49066301790252326
1789666832338658300,1.441658203125,3.3107857591986654,0.09262859933674335,0.370492770037055
1789666832348609500,1.451609619140625,3.693683252778649,-0.3515197740197181,0.25627967701032756
1789666832358561300,1.461561279296875,3.864638954377174,-0.7305085697233676,0.3004515578225255
1789666832368513300,1.47151318359375,3.6756349703907962,-0.9637021163091063,0.415952535235323
1789666832378465500,1.481465576171875,3.0435353369712828,-1.1438441639259458,0.5368239536400884
1789666832388416300,1.491416259765625,2.1743162156939504,-1.2380439581021665,0.6210773772109299
1789666832398368300,1.5013681640625,1.2349503760010003,-1.1531345548406242,0.669722823240608
1789666832408320500,1.511320556640625,0.2290449024736881,-0.9324471463456749,0.7491976342327893
1789666832418272300,1.521272216796875,-0.6080933194100856,-0.7246624740436672,0.8064561564374715
1789666832428223500,1.531223388671875,-1.2119500241637229,-0.5365843727305531,0.9079551677111536
1789666832438175500,1.541175537109375,-1.6094436138510704,-0.4036173332646489,0.9991214394103735
1789666832448127200,1.551127197265625,-1.820829525515437,-0.34571693295985456,1.0196187954507767
1789666832458079200,1.561079345703125,-1.882496000355482,-0.2754270066812634,1.0163784983552993
1789666832468030500,1.571030517578125,-1.8924480700492858,-0.22474399040937423,1.1019918121024965
1789666832477982200,1.580982177734375,-1.9135580780953168,-0.2431143443584442,1.1633566736474632
1789666832487934500,1.5909345703125,-1.9143898527443408,-0.25918109754025936,1.1467092710334807
1789666832497886500,1.600886474609375,-1.9496143108606336,-0.2805798593997955,1.018152814551443
1789666832507837200,1.610837158203125,-1.7863117543637752,-0.4221911008313298,0.8431022448547184
1789666832517789400,1.62078955078125,-1.3764672171473502,-0.5885302485451102,0.6850299171615392
1789666832527741400,1.630741455078125,-0.7281658059895039,-0.844004600521922,0.5457493106346577
1789666832537692400,1.6406923828125,0.02133154184222221,-1.134544712921977,0.4228720688328147
1789666832547644400,1.65064453125,0.6574275514215231,-1.3916273768782614,0.3349107671873644
1789666832557596400,1.660596435546875,0.9136638276815414,-1.5316300140693784,0.30839437005314974
1789666832567548200,1.670548095703125,0.7683318121612072,-1.5577081659168004,0.39940165179837495
1789666832577499400,1.68049951171875,0.3569020515799522,-1.4949243774846195,0.5341248142166063
1789666832587451400,1.690451416015625,-0.22502105378508566,-1.410265441852808,0.6771902365118265
1789666832597403400,1.7004033203125,-0.8853273755133152,-1.317742348717153,0.782506175725162
1789666832607355400,1.71035546875,-1.5260545520246027,-1.138272793534398,0.7993783270057291
1789666832617306400,1.720306396484375,-2.072864842954278,-0.8514502403527497,0.825745817188546
1789666832627258400,1.73025830078125,-2.5230256084680556,-0.6275058758884668,0.7781935732230544
1789666832637210400,1.74021044921875,-2.7713340143382545,-0.4537240109533071,0.735795643280819
1789666832647162400,1.750162353515625,-2.9883360123187304,-0.2711015446975827,0.7376753926128149
1789666832657113300,1.76011328125,-3.175867001143098,-0.12133622290492058,0.7153019405022263
1789666832667065300,1.7700654296875,-3.1707495119988915,0.009008651363849639,0.6148273038402199
1789666832677017300,1.780017333984375,-3.0970506540596485,0.1427063431918621,0.5637726777769625
1789666832686969300,1.78996923828125,-2.9741642791032787,0.22583646182119846,0.5626457195736467
1789666832696920300,1.79992041015625,-2.791956531128287,0.25302520525902505,0.5984675590611994
1789666832706872600,1.80987255859375,-2.524596218785643,0.29840105503350495,0.5775002474214881
1789666832716824300,1.81982421875,-2.1330869642049075,0.33086335496008396,0.4895567371610552
1789666832726776300,1.8297763671875,-1.5615496437758207,0.3430518054038286,0.35321751784831285
1789666832736727300,1.839727294921875,-0.9785428348273039,0.3650274903684854,0.2752196840735152
1789666832746679300,1.84967919921875,-0.5133645329236984,0.37158144205659627,0.23464389152452347
1789666832756631300,1.85963134765625,-0.17289982140362262,0.38667584307491776,0.2739578839767724
1789666832766583600,1.86958349609375,0.045536593294143675,0.4425654880791902,0.34473256156500426
1789666832776534300,1.8795341796875,0.2466127078682184,0.508286791267991,0.40884905990567055
1789666832786486300,1.889486328125,0.3777694830417633,0.5005559047549962,0.3812723400635645
1789666832796438500,1.8994384765625,0.552040008276701,0.5462465195670724,0.2504984267277643
1789666832806390300,1.909390380859375,0.8907254351645708,0.5967793137133122,0.13287285837642848
1789666832816341500,1.919341552734375,1.349299808758497,0.6121656834155321,0.01062802359345369
1789666832826293500,1.92929345703125,1.8291776671439408,0.5476318364456295,-0.0402361396653112
1789666832836245200,1.939245361328125,2.2245219698429106,0.39572862584143875,-0.053739937890786675
1789666832846196500,1.949196533203125,2.4769845727831123,0.24415830045342443,-0.08206237979996948
1789666832856148200,1.959148193359375,2.599809572941065,0.15208032073676586,-0.0654268868194893
1789666832866100200,1.969100341796875,2.52234639403224,0.18164251530766487,0.01688612500699237
1789666832876052500,1.979052490234375,2.176101930066943,0.18449322856366634,0.0730800501874648
1789666832886000600,1.989000732421875,1.7168541872560976,0.10979366914927959,-0.010151154196169227
1789666832895952400,1.998952392578125,1.3199825288593767,0.12081278355270623,-0.1340396371334791
1789666832905904600,2.008904541015625,0.9426941073328257,0.3415504609301686,-0.11271918294085188
1789666832915856600,2.018856689453125,0.6570978810757399,0.6056175769463181,-0.14746524642305447
1789666832925807400,2.028807373046875,0.46275955032408234,0.796874308295548,-0.30172232667701315
1789666832935759600,2.038759521484375,0.3936830914884805,0.7240221303135156,-0.6378536669015884
1789666832945711600,2.048711669921875,0.44140579665005203,0.4878483988732099,-1.0181939502794295
1789666832955663400,2.058663330078125,0.5990595336049794,0.2599038588568568,-1.397466896686703
1789666832965614600,2.068614501953125,1.0254682521313427,-0.007547638900578022,-1.7700591232210396
1789666832975566600,2.078566650390625,1.8274229324311018,-0.3217076963409781,-2.039101543431729
1789666832985518300,2.088518310546875,2.9161393756359812,-0.6325944311991334,-1.9975525584690272
1789666832995470600,2.098470703125,4.09062856093347,-0.793607561584562,-1.6918198453731834
1789666833005421600,2.108421630859375,4.977759186476469,-0.9479892911314963,-1.3901242788389325
1789666833015373600,2.11837353515625,5.345172695198655,-1.132634056995064,-1.1328026184950024
1789666833025325600,2.12832568359375,5.078101136669516,-1.196862052886188,-0.8668906052645295
1789666833035277600,2.138277587890625,4.262942106881737,-1.1595542126245797,-0.7879602033473551
1789666833045228500,2.148228515625,3.0730683054476975,-1.0890069505840538,-0.9867179579764604
1789666833055180500,2.1581806640625,1.7641700651824472,-0.8728460796028376,-1.2584138153053819
1789666833065132500,2.168132568359375,0.553071104890108,-0.5515218296214938,-1.5134718415662645
1789666833075084500,2.17808447265625,-0.5801800610899925,-0.24330519075542686,-1.8266222835727035
1789666833085035500,2.188035400390625,-1.522135917276144,-0.08646715409755706,-2.1576082419991494
1789666833094987500,2.197987548828125,-2.1239105550587176,0.044670624114572996,-2.424965047210455
1789666833104939500,2.207939453125,-2.4229139598995446,0.08815817592442035,-2.5291855924025177
1789666833114891500,2.2178916015625,-2.3563187964856622,0.015572832185029983,-2.530803841254115
1789666833124842800,2.2278427734375,-1.9805518854379653,-0.19038871634304522,-2.331835804875195
1789666833134794500,2.23779443359375,-1.5047715254992247,-0.4902016840010881,-2.0405328914090988
1789666833144746500,2.24774658203125,-1.0818459729135035,-0.8282543659433722,-1.7010304490499197
1789666833154697700,2.25769775390625,-0.7390817522794008,-1.04012309268862,-1.3589480732001364
1789666833164649500,2.2676494140625,-0.6311912864029408,-1.0725365850374102,-1.0417547124784439
1789666833174601500,2.2776015625,-0.687741441142559,-1.0030208580017088,-0.8649563492663204
1789666833184553700,2.2875537109375,-0.9943915613442659,-0.8535267543658613,-0.8364238630693406
1789666833194504400,2.29750439453125,-1.4005261381268501,-0.6832604963362217,-0.7871179073043167
1789666833204456400,2.30745654296875,-1.7444348526209592,-0.4566314228326082,-0.673395812664926
1789666833214408700,2.31740869140625,-2.041280787166953,-0.27912264632880684,-0.5929661486333235
1789666833224360400,2.3273603515625,-2.316846033275127,-0.24230419701933859,-0.5873092553827911
1789666833234311700,2.337311767578125,-2.643319044321775,-0.2053776111602783,-0.6630332624740898
1789666833244263700,2.347263671875,-2.8480963515013453,-0.08034224147647619,-0.7047602343522011
1789666833254215400,2.35721533203125,-2.4352421110749245,0.20446984866559503,-0.389340020782873
1789666833264167400,2.36716748046875,-2.0287632508993148,0.5825801079690456,-0.027798134907288476
1789666833274118700,2.37711865234375,-2.261382504728436,0.5515995710328221,0.29046361309774216
1789666833284070400,2.3870703125,-2.509191728904843,0.2684475230574608,0.15164450486907735
1789666833294022700,2.397022705078125,-2.7027491384118796,0.12586334494054316,-0.1620476245323196
1789666833303974700,2.406974609375,-2.760708575427532,0.13283961369395256,-0.27605816245796155
1789666833313925600,2.416925537109375,-2.232552131563425,0.42062925834208725,-0.2855358926382847
1789666833323877600,2.426877685546875,-1.5057523532301187,0.9375678503602742,-0.23518196219028903
1789666833333829600,2.43682958984375,-1.2490239095389841,1.2323702963799237,0.006245175716595258
1789666833343781400,2.446781494140625,-1.4144360055357217,1.0649848544836045,0.28706209755856543
1789666833353732600,2.456732666015625,-1.6294325089126824,0.8930378037601708,0.2552975706377998
1789666833363684600,2.4666845703125,-1.4055208776742218,1.0927540281578898,0.35215894870609044
1789666833373636600,2.47663671875,-1.0481757585018872,1.4467679570809007,0.5549567359736189
1789666833383587600,2.486587646484375,-0.7822516164422034,1.616954427872598,0.5564399602686986
1789666833393539600,2.49653955078125,-0.3623720074236393,1.581739614367485,0.8004604962192475
1789666833403491600,2.50649169921875,-0.47602176747918123,1.7139675259038805,1.1811990581996739
1789666833413443600,2.516443603515625,-0.8689905732184648,2.0195733977496624,1.6112483251854777
1789666833423394600,2.52639453125,-1.0633540384113789,2.2275512545362113,1.8665891139104962
1789666833433346600,2.5363466796875,-0.9825836346507072,2.4403838578775523,1.7423156685099004
1789666833443298600,2.546298583984375,-0.5254489384710789,2.419182956677675,1.2426288016743958
1789666833453250600,2.55625048828125,0.3104343149155378,2.1200465731069444,0.8146211235187947
1789666833463201500,2.566201416015625,1.3724907147318124,1.897238811457157,0.6891269041515886
1789666833473153500,2.576153564453125,2.402834463945031,1.7627429549887776,0.7544255249489098
1789666833483105500,2.58610546875,3.216318253996968,1.5917705945163965,0.9209691091936081
1789666833493057500,2.5960576171875,3.7238188633233307,1.380007666233182,1.027401485216245
1789666833503008500,2.606008544921875,4.052718809255957,1.24331517650336,1.2691209411501885
1789666833512960800,2.615960693359375,4.28709045971036,1.200429389978945,1.5673910632804036
1789666833522912500,2.62591259765625,4.443250158715248,1.208253507733345,1.7837385428749024
1789666833532864500,2.635864501953125,4.5071945153594015,1.2008429392158984,1.7152961441591381
1789666833542815500,2.6458154296875,4.508952172681689,1.0991764624208211,1.3938804165020584
1789666833552767500,2.655767578125,4.5728345700055355,0.9060454616323113,1.0284403998099267
1789666833562719500,2.665719482421875,4.586085096722841,0.598566197130084,0.768870010691136
1789666833572671700,2.675671630859375,4.666480821952224,0.2509472299411893,0.5764117580650374
1789666833582622500,2.68562255859375,4.705748417979478,-0.12992547981292007,0.414617194978334
1789666833592574700,2.69557470703125,4.610333402794599,-0.476302045725286,0.3464577779224142
1789666833602526700,2.705526611328125,4.295212975889444,-0.8128305868402123,0.35421756173633034
1789666833612477400,2.7154775390625,3.5808757887661455,-1.1657862388819455,0.509864013989456
1789666833622429700,2.7254296875,2.578747495689988,-1.3811512833103536,0.8122754371754825
1789666833632381700,2.735381591796875,1.3907920950978994,-1.4564862180188298,1.1998456718068569
1789666833642333400,2.74533349609375,0.20078852980434894,-1.4112766647219657,1.4547667007498442
1789666833652284700,2.75528466796875,-0.8417728959470987,-1.237599136944115,1.619177949140966
1789666833662236400,2.765236328125,-1.6160218231976031,-0.977729472617805,1.7257948879502714
1789666833672188400,2.7751884765625,-2.0686323199510572,-0.7465706467300653,1.7446157621458172
1789666833682140700,2.785140625,-2.1665186936855316,-0.5156792396068572,1.6690419041149318
1789666833692091400,2.79509130859375,-2.1584937926620245,-0.40762773794978857,1.478206613048166
1789666833702043600,2.805043701171875,-2.1053332803606986,-0.4191834434479475,1.3181338322527705
1789666833711995600,2.81499560546875,-2.000300542002916,-0.4910583008304238,1.3018664419323205
1789666833721947600,2.82494775390625,-1.891975776362419,-0.5756199135676026,1.3388080792300403
1789666833731898600,2.834898681640625,-1.7458645931631325,-0.6678069066166877,1.3143135433122515
1789666833741850600,2.8448505859375,-1.6460627411961555,-0.8124033013388514,1.231195845773071
1789666833751802400,2.85480224609375,-1.526757147336006,-0.9223048147767782,1.0417096312277019
1789666833761754600,2.864754638671875,-1.2609072395563126,-0.9792033445626497,0.8216877739693969
1789666833771705600,2.87470556640625,-0.9060317253679037,-1.0501023426502942,0.6264839854948222
1789666833781657300,2.8846572265625,-0.5136603009998798,-1.2040224460348485,0.5314375113613903
1789666833791609600,2.894609619140625,-0.08141863853633403,-1.4221604623079298,0.5387346460996195
1789666833801561600,2.9045615234375,0.31213761170208454,-1.6430600522488354,0.557868641364947
1789666833811512600,2.9145126953125,0.504040239739418,-1.8590858986735344,0.637682694248855
1789666833821464600,2.924464599609375,0.3082207305192947,-2.020382083784044,0.7718874588161706
1789666833831416600,2.93441650390625,-0.20883213552832602,-2.104655234968662,0.8338117808748036
1789666833841367600,2.944367431640625,-1.0123357988357544,-2.1169953688427805,0.8621918529890478
1789666833851319600,2.954319580078125,-1.7776047162950037,-2.0632488733470438,0.9164376032438128
1789666833861271600,2.964271484375,-2.4404729974657298,-1.9603081388324497,0.9877057999700307
1789666833871223600,2.9742236328125,-2.9328122780174017,-1.9269526894584297,1.006685517989099
1789666833881174500,2.984174560546875,-3.251779443478584,-1.923909960761666,1.0156848170027135
1789666833891126500,2.99412646484375,-3.3982816718220707,-1.8898828957363962,1.0522316828291862
1789666833901078800,3.004078857421875,-3.4620109244108197,-1.8313544266611337,1.162951453847438
1789666833911030500,3.014030517578125,-3.4862767661392686,-1.7635484261527656,1.1609640794225036
1789666833920981800,3.023981689453125,-3.4839679046750067,-1.7044573547586799,1.0784456629507242
1789666833930933800,3.033933837890625,-3.495359067261219,-1.601904158256948,1.0278110158652067
1789666833940885500,3.043885498046875,-3.4761166066527363,-1.423254979546368,1.0471048413347452
1789666833950837500,3.05383740234375,-3.4182080230414864,-1.2642644410297275,0.986086382074654
1789666833960788500,3.06378857421875,-3.248769155746698,-1.1842644371196627,0.9121778999727219
1789666833970740500,3.073740478515625,-2.8899264914929863,-1.1441972151473163,1.0102589194964617
1789666833980692700,3.083692626953125,-2.390249707660079,-1.0257368399396538,1.2124594349905848
1789666833990643500,3.0936435546875,-1.763721152371168,-0.906532660627365,1.5053572164326905
1789666834000595500,3.103595458984375,-0.9219231219828128,-0.8379226502597331,1.7525966778971254
1789666834010547700,3.113547607421875,-0.14267419448792934,-0.8393433307126164,1.8699834325239062
1789666834020499700,3.123499755859375,0.4486491919070482,-0.8743439169451593,1.773103167092055
1789666834030450700,3.13345068359375,1.0325713621348143,-0.7855676091223954,1.557382587224245
1789666834040402700,3.143402587890625,1.6646996371269225,-0.6477206886604427,1.2562275573074817
1789666834050354700,3.153354736328125,2.267284422248602,-0.4893915366619825,0.8792157607652247
1789666834060306400,3.163306396484375,2.9785622218012806,-0.381145681476593,0.48339014082271603
1789666834070257700,3.173257568359375,3.675048110413551,-0.375002356415987,0.09259188405554741
1789666834080209400,3.18320947265625,4.249682227814198,-0.4399398157507181,-0.22456918183173982
1789666834090161700,3.19316162109375,4.584419209337234,-0.5313137388512492,-0.4189426204293966
1789666834100113700,3.20311376953125,4.553905413129925,-0.5369207650780677,-0.4864931848719716
1789666834110064400,3.213064453125,4.207660364642739,-0.4796282675385475,-0.558711850723438
1789666834120016600,3.2230166015625,3.6522494186282155,-0.28807635263502596,-0.723097270553559
1789666834129968600,3.23296875,3.071075670325756,0.04854717328697443,-0.9642182491376996
1789666834139920600,3.242920654296875,2.5856097826749087,0.5191311336264014,-1.2468630782432852
1789666834149871600,3.25287158203125,2.3638778335630892,0.9858467280998825,-1.638761770533025
1789666834159823600,3.26282373046875,2.4144039057075974,1.37013596829921,-2.1912390011832117
1789666834169775400,3.272775390625,2.5732915683716535,1.695875988896191,-2.7387103863701223
1789666834179727600,3.2827275390625,2.7723861537396908,1.8371430930651724,-3.275795109838247
1789666834189678600,3.2926787109375,3.1398861717015505,1.765839751960337,-3.771612880155444
1789666834199630600,3.302630615234375,3.679841189908981,1.5262719941675662,-4.043486578269302
1789666834209582600,3.31258251953125,4.3322500363856555,1.1841492863073944,-3.8798119735896583
1789666834219533600,3.322533447265625,5.040204828995466,0.8892015865981578,-3.3366020452395078
1789666834229485600,3.332485595703125,5.430809243690967,0.6449551694698631,-2.6943060119763014
1789666834239437600,3.3424375,5.343498039984703,0.31819428139254446,-2.1640924894519147
1789666834249389600,3.3523896484375,4.7283846126794815,0.006511719981580972,-1.8308622592300177
1789666834259340500,3.362340576171875,3.6870594507247207,-0.15481997483372686,-1.6295438603326677
1789666834269292500,3.37229248046875,2.5300240890532733,-0.08762932974472641,-1.6690680614694953
1789666834279244500,3.38224462890625,1.39164900418818,0.0748876293323934,-1.9555235349044202
1789666834289196500,3.392196533203125,0.35751463052034377,0.17419424512833356,-2.3810186457172033
1789666834299147500,3.4021474609375,-0.5053986686110497,0.27145138104856015,-2.798224943873286
1789666834309099800,3.412099853515625,-1.2626882777541875,0.4097022061362862,-3.1533339745566247
1789666834319051500,3.422051513671875,-1.7436603611171244,0.4951237967036664,-3.47915991987139
1789666834329003500,3.43200341796875,-2.0029063405871392,0.44964054103195666,-3.81721961607635
1789666834338954800,3.441954833984375,-1.9871254186093805,0.3171399500340223,-4.089092437407374
1789666834348906500,3.451906494140625,-1.7678794410943983,0.12839666281044482,-4.128827066424488
1789666834358858500,3.4618583984375,-1.4132728069752454,-0.18217618379294873,-3.9812387964099645
1789666834368810800,3.471810791015625,-1.0808856034487486,-0.6048916007593274,-3.694328564944863
1789666834378761500,3.481761474609375,-0.8714788829028606,-1.0222887453123926,-3.3562416884720325
1789666834388713500,3.49171337890625,-0.7712047372490167,-1.381665662573278,-2.9582562236145136
1789666834398665700,3.501665771484375,-0.9106517863839865,-1.7292922285467385,-2.530183079007268
1789666834408616400,3.511616455078125,-1.236060967591405,-2.038876940895617,-2.1348902142345905
1789666834418568700,3.521568603515625,-1.7212532989978788,-2.2533780619710684,-1.7170035325989126
1789666834428520700,3.531520751953125,-2.3433546854943037,-2.353643147535622,-1.337749948479235
1789666834438472400,3.541472412109375,-2.9612755714356895,-2.405225450734794,-1.0665300380989908
1789666834448423700,3.551423583984375,-3.4910844586819407,-2.358935700985789,-0.8089099062651395
1789666834458375700,3.561375732421875,-3.8873283405691383,-2.258244498963654,-0.571818840784207
1789666834468327400,3.571327392578125,-4.165915564846992,-2.0860233074739574,-0.3818169318016618
1789666834478279700,3.58127978515625,-4.3341818812310695,-1.9572420292600987,-0.29124592258185145
1789666834488230700,3.591230712890625,-4.45122771346569,-1.8128999015599487,-0.23083149362951516
1789666834498182700,3.6011826171875,-4.487840411069989,-1.6813213938429952,-0.1884315178606659
1789666834508134700,3.611134765625,-4.466834447920323,-1.5632131930738686,-0.16180011604465544
1789666834518086700,3.621086669921875,-4.380047560349107,-1.4162795875757932,-0.08060228065215051
1789666834528037600,3.63103759765625,-4.203058423805237,-1.2164701319366693,0.004445362036302685
1789666834537989600,3.64098974609375,-3.925528599625826,-1.0198159254580736,0.11804280738271772
1789666834547941600,3.650941650390625,-3.4538609357029197,-0.8346995965600014,0.18779117413051424
1789666834557893600,3.6608935546875,-2.729178880175948,-0.6303808468028903,0.22340251267254352
1789666834567844600,3.6708447265625,-1.8569366116851567,-0.3626096155717969,0.2639914204314351
1789666834577796600,3.680796630859375,-0.954375777298212,-0.1173243569150567,0.38142077209092673
1789666834587748600,3.69074853515625,-0.1513204422801733,0.1198491992175579,0.5896204549346119
1789666834597699600,3.700699462890625,0.4561316566169262,0.28604981524348255,0.9180446000490337
1789666834607651600,3.710651611328125,0.7996849818021059,0.40702626492530103,1.2778271024361252
1789666834617603600,3.720603515625,0.8163193057388066,0.5429322804525494,1.5968252475574611
1789666834627555600,3.7305556640625,0.4954489370048046,0.7651499672546982,1.8848349646970628
1789666834637506600,3.740506591796875,0.26817396681308747,1.0802408758044242,2.101340849723667
1789666834647458600,3.75045849609375,0.28313655814528466,1.3631070925757287,2.1793518717736005
1789666834657410600,3.76041064453125,0.5052975463241338,1.5457079315215347,2.1858102541327473
1789666834667362800,3.77036279296875,1.0082160885572433,1.6558182654045521,2.20719732555449
1789666834677313500,3.7803134765625,1.7652292188465595,1.7120684142842888,2.2633220944888888
1789666834687265500,3.790265625,2.6403105101555586,1.7596157628789544,2.3414573274403807
1789666834697217800,3.8002177734375,3.378090532186627,1.8361114119298756,2.4697072752565146
1789666834707169500,3.81016943359375,3.8041555518418546,1.9213276891835034,2.6194115145117043
1789666834717120800,3.820120849609375,4.0695641455948355,2.0234647060997784,2.7243837548539043
1789666834727072800,3.83007275390625,4.361019619274139,2.13556723671332,2.7829420345455405
1789666834737024500,3.8400244140625,4.582340064975619,2.2740729133449493,2.7487831598341463
1789666834746976500,3.8499765625,4.718794362035394,2.4488059415251016,2.664314193816483
1789666834756927500,3.859927490234375,4.811479659995436,2.547087159796059,2.5746315848037598
1789666834766879500,3.86987939453125,4.95722259440422,2.42378562816754,2.459422320346534
1789666834776831700,3.879831787109375,5.1897530009061095,2.1835395327217877,2.2994176363512873
1789666834786782500,3.889782470703125,5.500577191922068,1.900517686997354,2.055625392731279
1789666834796734500,3.899734375,5.671959009978175,1.5517834520429372,1.797998100504279
1789666834806686700,3.909686767578125,5.662968478792905,1.1594324859410523,1.570660440339893
1789666834816638700,3.919638671875,5.463315675020217,0.7503510420516133,1.4077812238216398
1789666834826589700,3.929589599609375,5.06321219509542,0.3471151093199849,1.3472393690973519
1789666834836541700,3.939541748046875,4.481334682437777,-0.05528919489309191,1.3672554444268346
1789666834846493700,3.94949365234375,3.545695754313469,-0.4554131330840289,1.3778747458577156
1789666834856445400,3.959445556640625,2.3483926796615124,-0.6582610796362162,1.3981899502642452
1789666834866396700,3.969396728515625,1.1484691933780908,-0.725233551929891,1.4144099943116306
1789666834876348400,3.979348388671875,0.08364157528281212,-0.693489337144792,1.3080885313175619
1789666834886301000,3.989301025390625,-0.7294324649244547,-0.6637269438266754,1.104370085541159
1789666834896253000,3.9992529296875,-1.280859894260764,-0.6264277252629399,0.8812951243225484
1789666834906203600,4.00920361328125,-1.5817682559400796,-0.5847253033041954,0.658734103975445
1789666834916156000,4.019156005859375,-1.7089619727015495,-0.5866872510269284,0.44379576052650804
1789666834926108000,4.02910791015625,-1.7906167580813168,-0.6661252371400594,0.20576989841349422
1789666834936059000,4.039058837890625,-1.8230998085349797,-0.7144640283733605,0.08006919668875634
1789666834946011000,4.049010986328125,-1.8582997167319057,-0.8205512442201376,-0.05600282305516302
1789666834955963000,4.058962890625,-1.899129739770293,-0.9444234153434634,-0.2353757129304111
1789666834965915000,4.068914794921875,-1.9041496137589216,-1.055918043191731,-0.36905294649228454
1789666834975865900,4.078865966796875,-1.887960695502162,-1.1292162113755941,-0.4471411619642749
1789666834985817900,4.08881787109375,-1.8185159878760575,-1.1892287815287708,-0.48847643111106004
1789666834995769900,4.098769775390625,-1.703651006811857,-1.2405240844801066,-0.5107879969665781
1789666835005721900,4.108721923828125,-1.5875649595201013,-1.2948285061195492,-0.44959067400824276
1789666835015672800,4.1186728515625,-1.4671967048645018,-1.364262984612584,-0.3291364581022411
1789666835025624800,4.128624755859375,-1.3370242645531891,-1.4376780571743846,-0.17483804119089616
1789666835035576800,4.138576904296875,-1.1459206779390574,-1.5365119408920407,0.012517444936092942
1789666835045528800,4.14852880859375,-0.9628197805166244,-1.6029247334763406,0.16349181372495367
1789666835055479800,4.158479736328125,-0.8459516429364681,-1.6341194976851343,0.2384308809836395
1789666835065431800,4.168431884765625,-0.9126303929805755,-1.7003946353644133,0.2588755752550438
1789666835075383800,4.1783837890625,-1.1834528284758328,-1.7678461233466862,0.36844073287807405
1789666835085334800,4.188334716796875,-1.5094120447814463,-1.7672566330209374,0.5240510909045115
1789666835095286800,4.198286865234375,-1.9193612114161251,-1.767524051785469,0.6517800470538437
1789666835105239000,4.208239013671875,-2.298569787350297,-1.7444623251497744,0.7337836458712815
1789666835115190800,4.218190673828125,-2.6532868961066005,-1.7241466823518274,0.7620809350728989
1789666835125141800,4.228141845703125,-2.8977672681212425,-1.7219149777770042,0.7261540277756751
1789666835135094000,4.238093994140625,-3.0242794323593376,-1.7063161343678832,0.6744996091883629
1789666835145045800,4.248045654296875,-3.0238118148475883,-1.6336653241768477,0.6654911770202219
1789666835154997800,4.257997802734375,-2.9633798502385615,-1.5383105147466063,0.6141794343907385
1789666835164949000,4.267948974609375,-2.8259809658050536,-1.4784212787121533,0.4897751291520893
1789666835174900700,4.277900634765625,-2.7227660905241966,-1.3917799370914696,0.3679314681816846
1789666835184852700,4.287852783203125,-2.6946511721521613,-1.280108491371572,0.24242073607109485
1789666835194805000,4.297804931640625,-2.6676328168451784,-1.164002278074622,0.1148421116452664
1789666835204755700,4.307755615234375,-2.696035904508829,-0.9968149890989064,0.011535831753909587
1789666835214708000,4.3177080078125,-2.679497442162037,-0.8572548349782824,-0.04766878301724791
1789666835224660000,4.327659912109375,-2.530921330153942,-0.7091928099721669,-0.08520414842441677
1789666835234611700,4.33761181640625,-2.301242221429944,-0.5562365831837057,-0.08819938471764326
1789666835244563000,4.34756298828125,-2.08940330530107,-0.4545391267284751,-0.006139671798795461
1789666835254515000,4.357514892578125,-1.9086469251781701,-0.4106438709005713,0.11704919323548674
1789666835264466700,4.367466796875,-1.690282991194725,-0.4103212148174643,0.18763094206750391
1789666835274418000,4.37741796875,-1.4114075976252556,-0.4042196830719709,0.18162497965097427
1789666835284370000,4.387369873046875,-1.1809195106059311,-0.4117556315347552,0.1618127563305199
1789666835294321700,4.39732177734375,-0.8277893787801265,-0.3788578628003597,0.16012144224271177
1789666835304274000,4.40727392578125,-0.2115694515377283,-0.30353520305156706,0.11491437316387891
1789666835314225000,4.417224853515625,0.5606172824859619,-0.4512435923144221,-0.029116935021430253
1789666835324177000,4.427177001953125,1.4759236166775225,-0.6687316202461719,-0.0062048459894955155
1789666835334129000,4.43712890625,2.29360368937552,-0.8103232801944017,0.24795170138701794
1789666835344081000,4.447080810546875,2.731896906962991,-1.0075056022003293,0.42297538307681676
1789666835354031900,4.457031982421875,2.60526433121562,-1.1168246395751833,0.2551573949821293
1789666835363984000,4.46698388671875,2.266927863895893,-1.0017097754031419,-0.17704627355858682
1789666835373935900,4.476935791015625,1.8591244771182536,-0.6729325790673494,-0.5683060834228992
1789666835383886800,4.486886962890625,1.8887153132617474,-0.29398733024448154,-0.8613749836482107
1789666835393838800,4.4968388671875,2.3258885869085786,-0.04825052842795849,-1.079957236557454
1789666835403790800,4.506790771484375,3.0853590472221373,0.11188567299246788,-1.2533794743999838
1789666835413742800,4.516742919921875,4.157831042590737,0.22957301800101995,-1.431998988624662
1789666835423693800,4.52669384765625,5.340190815132856,0.13463789528757333,-1.6806703825883567
1789666835433646000,4.53664599609375,6.452332557588815,-0.12033011460229753,-1.9746344780877232
1789666835443597800,4.546597900390625,7.2853025538772345,-0.5125663682833314,-2.0265330076292156
1789666835453549800,4.5565498046875,7.9201593770504,-0.8777611780427396,-1.81992877728343
1789666835463500800,4.566500732421875,8.31307791390717,-1.1401216362714768,-1.512063582203537
1789666835473452800,4.576452880859375,8.21835614168346,-1.3671864708438515,-1.213479133427143
1789666835483404800,4.58640478515625,7.42147277329862,-1.5629935589738189,-1.1304150657713412
1789666835493357000,4.596357177734375,5.833114033052325,-1.5868826763443649,-1.3010694463357328
1789666835503307800,4.606307861328125,3.879889715000987,-1.2577335779562593,-1.6054731027849019
1789666835513259800,4.616259765625,1.8950170437544582,-0.7029270275756716,-2.1028457013286648
1789666835523212000,4.6262119140625,0.1936538556188345,-0.161277334279567,-2.696390124773979
1789666835533162800,4.636162841796875,-1.066665939438343,0.31188889763802286,-3.2807705601632593
1789666835543115000,4.646114990234375,-1.740203498661518,0.676003072553873,-3.797734578883648
1789666835553067000,4.65606689453125,-1.934507342621684,0.8861749322533607,-4.181173924255371
1789666835563018800,4.666018798828125,-1.8182506149381399,0.9180325442850589,-4.365061588141322
1789666835572970000,4.675969970703125,-1.578272230517864,0.8533478906676173,-4.341157565462589
1789666835582921700,4.685921630859375,-1.3564268841594458,0.6416910531073808,-4.164991143478453
1789666835592873700,4.695873779296875,-1.2664239571511744,0.30739129395782944,-3.8817251137346025
1789666835602826000,4.705825927734375,-1.3776152181386947,-0.0511190696015954,-3.524017883251607
1789666835612776700,4.715776611328125,-1.6677169391214846,-0.37110271862894295,-3.137678432524204
1789666835622728700,4.725728759765625,-2.0422306352376935,-0.5960121287330985,-2.7952342376247046
1789666835632681000,4.735680908203125,-2.4397388379722833,-0.782914464265108,-2.5183763213574886
1789666835642633000,4.745633056640625,-2.794486341866851,-0.8976622486904263,-2.3498227124646305
1789666835652584000,4.755583984375,-3.085529143092036,-0.9416884374216198,-2.2167850919805465
1789666835662536000,4.765535888671875,-3.2609745573252438,-0.9657985040664673,-1.9797632192783057
1789666835672487700,4.77548779296875,-3.3491321487277745,-1.046354388293624,-1.6547217023395
1789666835682439700,4.785439697265625,-3.3494688333362337,-1.0922320501103997,-1.3332242877483367
1789666835692391000,4.795390869140625,-3.2652421516418455,-1.127276767745614,-1.0183825316540895
1789666835702342700,4.8053427734375,-3.064025751814246,-1.1209110321059823,-0.7865249098472297
1789666835712295000,4.815294921875,-2.810584074708819,-1.1075830562382936,-0.6071328038148581
1789666835722246000,4.825245849609375,-2.585492878296971,-1.0521417395234107,-0.483201595980674
1789666835732198000,4.835197998046875,-2.4168571440786124,-0.9814224819168448,-0.35396745943278074
1789666835742150000,4.84514990234375,-2.2442314634412526,-0.906452581128478,-0.20939415332525968
1789666835752102000,4.855101806640625,-2.064448312264681,-0.7983391201511025,-0.05375219458416104
1789666835762052900,4.865052978515625,-1.9439432794868945,-0.682347765405476,0.08506415543183683
1789666835772004900,4.8750048828125,-1.8116168760120868,-0.5346387916207314,0.21127076085209845
1789666835781956900,4.884956787109375,-1.6578239061385391,-0.3715250356942415,0.4007908776670694
1789666835791908900,4.894908935546875,-1.46386200748384,-0.20668694019317627,0.664877429036051
1789666835801859800,4.90485986328125,-1.2624018620282411,-0.050283495560288424,1.019049471130222
1789666835811811800,4.914811767578125,-1.1195564026266336,0.06408581094145774,1.3918015644013881
1789666835821763800,4.924763916015625,-1.1014052443861961,0.24884324339926242,1.7587879337526857
1789666835831715800,4.9347158203125,-1.0456780964672565,0.5752157166808843,2.186004899922013
1789666835841666800,4.944666748046875,-0.9776736507773399,0.9083326957866549,2.500624099306762
1789666835851618800,4.954618896484375,-0.9510440025269985,1.2166874279491602,2.593356451278925
1789666835861570800,4.96457080078125,-0.7262544194102287,1.520522636860609,2.6109756945997473
1789666835871522000,4.97452197265625,-0.4542155938625335,1.813655542232841,2.5027882916033266
1789666835881473800,4.984473876953125,-0.14411036477088926,2.03287477787137,2.2758768940269944
1789666835891425000,4.994425048828125,0.33354280330240726,2.2105137566260993,2.1359715797305108
1789666835901377000,5.004376953125,0.9454039508134127,2.350333730726689,2.1538145488046108
1789666835911328000,5.014327880859375,1.6818980246871709,2.385653465911001,2.350802371151745
1789666835921280300,5.0242802734375,2.5525574079006907,2.2839945879004895,2.7396178566038607
1789666835931232000,5.03423193359375,3.459528459945321,2.189464684987068,3.1639076832801103
1789666835941184000,5.04418408203125,4.263227353563905,2.1878598801389337,3.5581375949963925
1789666835951135200,5.05413525390625,5.150598217603564,2.261553915772587,3.7651007217824457
1789666835961087000,5.0640869140625,5.814282491332293,2.2253524293176827,3.61639601495862
1789666835971039000,5.0740390625,5.992011632588506,2.0045891791075467,3.2742920117989183
1789666835980991200,5.0839912109375,5.899384786817431,1.763875320019573,3.069723378933966
1789666835990942000,5.09394189453125,5.759951766207814,1.486516030101478,2.991372895796597
1789666836000894000,5.10389404296875,5.701744491910934,1.174910625579953,2.9646330651700494
1789666836010846200,5.11384619140625,5.791220764696598,0.9054751143984496,3.001573679554462
1789666836020797000,5.123796875,5.858101759314537,0.6571564793951808,3.078800127097964
1789666836030749200,5.133749267578125,5.809183706888557,0.41986616501510143,3.0335376745700833
1789666836040701200,5.143701171875,5.479345018801093,0.1405306065879762,2.9410633890122173
1789666836050653000,5.15365283203125,4.8646425103843205,-0.15863631825149058,2.7859862245470284
1789666836060604200,5.163604248046875,3.9762084010273218,-0.400821565066278,2.6949025165647265
1789666836070556200,5.17355615234375,2.8612410797566175,-0.5413303982138633,2.651333716212213
1789666836080508000,5.1835078125,1.7913164307832716,-0.5743205214068293,2.609484286998212
1789666836090460200,5.193460205078125,0.9104933809518814,-0.539601236333698,2.4458333554551004
1789666836100411100,5.2034111328125,0.295982011193037,-0.5181719332054258,2.1705022103637455
1789666836110363000,5.21336279296875,-0.09604396073818207,-0.5085625394694507,1.9025085685536265
1789666836120315100,5.223315185546875,-0.2654138544499874,-0.47588995779305693,1.6148196078009902
1789666836130265900,5.233265869140625,-0.31317338449060916,-0.49339171221405265,1.3067068677008151
1789666836140218000,5.243218017578125,-0.3199462396264076,-0.5884872861862183,1.0130786530923097
1789666836150170000,5.253170166015625,-0.3123135527908802,-0.7143123449429869,0.7450055163051933
1789666836160122000,5.2631220703125,-0.3097375648230314,-0.8733853010460734,0.5031717863418161
1789666836170073000,5.273072998046875,-0.32491526021063327,-1.084920558053255,0.3525745803022757
1789666836180025000,5.283025146484375,-0.3593821779578924,-1.354318805964291,0.28455552156511693
1789666836189977000,5.29297705078125,-0.43625908141136166,-1.5852806479752062,0.3368118881009519
1789666836199929000,5.30292919921875,-0.571020018556714,-1.8348229795545339,0.44812761571835724
1789666836209880000,5.312880126953125,-0.8169166871100664,-2.0777724887400866,0.524729501622729
1789666836219832000,5.32283203125,-1.1641600989848375,-2.282373562569916,0.5805606579054147
1789666836229784000,5.3327841796875,-1.5645651922047137,-2.395579670511186,0.6182728411842138
1789666836239736000,5.342736083984375,-1.902158732202649,-2.4719921713232993,0.6168154089175164
1789666836249687000,5.35268701171875,-2.2325988933146,-2.5428058292150495,0.6109399044802412
1789666836259639000,5.36263916015625,-2.562934425008297,-2.5906907392010092,0.5819618664728478
1789666836269591000,5.372591064453125,-2.877549825000763,-2.6050463045507666,0.5899842467457056
1789666836279542000,5.3825419921875,-3.178635881334543,-2.584974699641764,0.6039505935821682
1789666836289494000,5.392493896484375,-3.4276018743306396,-2.5183316054329277,0.5756175754800439
1789666836299446000,5.402446044921875,-3.6675358350872993,-2.472932082521915,0.5411156960172578
1789666836309398300,5.412398193359375,-3.8374943423420187,-2.422875965976715,0.49372182095125317
1789666836319349000,5.422348876953125,-3.9179251388847827,-2.3407640844792126,0.4752754060912877
1789666836329301000,5.432301025390625,-3.9732004513829944,-2.267004144002497,0.49635406915098423
1789666836339253000,5.4422529296875,-3.928338396349549,-2.3058646205335855,0.4155882685001939
1789666836349205000,5.452205078125,-3.743005794352293,-2.2812331603631377,0.4491080781230703
1789666836359156200,5.46215625,-3.438010455620289,-2.243654832597077,0.5847703480223193
1789666836369108000,5.47210791015625,-3.0931220824390646,-2.348740470185876,0.6799301098044961
1789666836379060000,5.48206005859375,-2.7961370316833256,-2.5408158244416117,0.8156377532154321
1789666836389012200,5.49201220703125,-2.582352826705575,-2.6125956970170137,0.9768607269592583
1789666836398963000,5.501962890625,-2.5122248129904268,-2.5558666785791515,1.1615491127688438
1789666836408915000,5.5119150390625,-2.498572719734907,-2.4877833224341273,1.2740664347283541
1789666836418867200,5.5218671875,-2.5202093820035456,-2.3564342395588755,1.2937921488091348
1789666836428818000,5.53181787109375,-2.512482002621889,-2.143924876822531,1.2405977342382073
1789666836438770200,5.541770263671875,-2.3928555062443015,-1.9012045002177356,1.1347914542246609
1789666836448722200,5.55172216796875,-2.2289830409049984,-1.683018845410645,0.9803563870552927
1789666836458674000,5.561673828125,-2.077242327386141,-1.5137351686775684,0.7271806674096732
1789666836468625200,5.571625244140625,-1.8507529546141623,-1.376111535577476,0.5071922009643167
1789666836478577200,5.5815771484375,-1.3977011438339948,-1.1537433343887329,0.3260541280474514
1789666836488529000,5.59152880859375,-0.7487696180790663,-1.0751409223169088,0.12821063871905206
1789666836498481200,5.601481201171875,0.31223931851089,-1.0394000391110778,0.008229995141550898
1789666836508432100,5.61143212890625,1.6911147658437489,-1.0517071474984288,-0.010450959126651286
1789666836518383900,5.6213837890625,3.1476743413597346,-1.2140949272379278,-0.148873195258528
1789666836528336100,5.631336181640625,4.724949377533793,-1.1399527094453572,-0.4043584339555353
1789666836538288000,5.6412880859375,6.333642465278506,-0.7341349435269832,-0.8203296373587101
1789666836548239000,5.651239013671875,7.636181691905856,-0.23228198469877243,-1.3591639079079032
1789666836558191000,5.661191162109375,8.65181828585267,0.27430910856723784,-1.8895631622627376
1789666836568143000,5.67114306640625,9.1150115514189,0.7588239791035651,-2.3961967794962225
1789666836578094000,5.681093994140625,8.904372074207663,1.1131405442349611,-2.826565779955685
1789666836588046000,5.691046142578125,8.340449904957413,1.383702867489308,-3.1989564925685525
1789666836597998000,5.700998046875,7.830480275169014,1.6264970399826764,-3.4123914457172155
1789666836607950000,5.7109501953125,7.689511715555191,1.745761132788658,-3.3940634696051477
1789666836617901000,5.720901123046875,7.937995477992295,1.646419591809809,-3.2433132284283634
1789666836627853000,5.73085302734375,8.024078016686438,1.3255312490276991,-3.0526307898357508
1789666836637805000,5.74080517578125,7.750095655855536,1.0079121371746063,-2.7712138950899243
1789666836647757000,5.750757080078125,7.02314623991847,0.6888498407758772,-2.5211820264279843
1789666836657708300,5.760708251953125,5.825517002052068,0.3656944298446178,-2.363804329935461
1789666836667660000,5.770659912109375,4.419817845201492,0.1225495442174375,-2.2777761517770587
1789666836677612000,5.780612060546875,2.9486645116657018,-0.010586422074586153,-2.3537612209573386
1789666836687564000,5.79056396484375,1.4532827458024025,-0.06401391474902629,-2.5560803213298318
1789666836697515000,5.800514892578125,-0.0749456431299448,-0.029815584810078143,-2.7514503332167863
1789666836707467000,5.810467041015625,-1.3607944317191838,0.11370178250372409,-2.8107573854491115
1789666836717419300,5.820419189453125,-2.32575531591773,0.2480357264086604,-2.8515853626608845
1789666836727370000,5.830369873046875,-2.9765748473763463,0.3865200679913163,-2.8399510389685627
1789666836737322000,5.840322021484375,-3.348523661440611,0.402755455738306,-2.894543629899621
1789666836747274200,5.850274169921875,-3.50839390540123,0.30565847881585356,-2.9699276644468307
1789666836757226000,5.86022607421875,-3.446477255192399,0.20761983712911605,-2.938860326009989
1789666836767177200,5.87017724609375,-3.1464228799939153,0.039783144333958624,-2.799228567957878
1789666836777129200,5.880129150390625,-2.7711241709798573,-0.20528847157210112,-2.6390122870385646
1789666836787081000,5.8900810546875,-2.4936855322152374,-0.4922463415712118,-2.513352940237522
1789666836797033000,5.900032958984375,-2.2315040838152167,-0.7781427198186517,-2.3647211525194347
1789666836806984000,5.90998388671875,-1.9858195967078207,-1.0759268119975924,-2.163836614994705
1789666836816936000,5.91993603515625,-1.8919921429753301,-1.3193018531188367,-1.8866098654150962
1789666836826888200,5.92988818359375,-1.940861680084467,-1.536901232470572,-1.5951844946131108
1789666836836839000,5.9398388671875,-2.0996096420168877,-1.7247507857248185,-1.3559003760673105
1789666836846791000,5.949791015625,-2.377895837521553,-1.8484703966349363,-1.1260139812681824
1789666836856743200,5.9597431640625,-2.641566063174605,-1.9108613863572477,-0.9245546395301818
1789666836866695200,5.969695068359375,-2.875902642315626,-1.9465397257208823,-0.7031554295040666
1789666836876646100,5.979646240234375,-3.065103610178828,-1.9787159021824596,-0.48856546110138294
1789666836886598700,5.9895986328125,-3.184502143019438,-2.031640267640352,-0.3268099879160523
1789666836896550700,5.999550537109375,-3.241979349476099,-2.043736948147416,-0.1807549188181758
1789666836906502400,6.00950244140625,-3.292889452502131,-2.026398275333643,-0.0529687891215086
1789666836916453600,6.01945361328125,-3.3086633602172135,-2.017259567849338,0.08635638719946145
1789666836926405600,6.029405517578125,-3.326226489436626,-2.0062059666544196,0.30228776027373966
1789666836936357400,6.039357421875,-3.2275720539391037,-1.9218539050146937,0.5245037665754556
1789666836946309600,6.0493095703125,-3.125000737258792,-1.8543012947455046,0.7329011639483273
1789666836956260400,6.05926025390625,-3.026089696651697,-1.826001082934439,0.9275970759660005
1789666836966212600,6.069212646484375,-2.9095705186396836,-1.8566145401239393,1.0856726915948092
1789666836976164600,6.07916455078125,-2.8059488161236046,-1.8268904329895972,1.2951111224532126
1789666836986115300,6.089115234375,-2.6592729847788807,-1.70842012090981,1.589956530831754
1789666836996067600,6.099067626953125,-2.4270342546999455,-1.5364076037347316,1.8338206706441937
1789666837006019600,6.10901953125,-2.1542139233857394,-1.2984049033015965,2.0192235613986846
1789666837015971600,6.1189716796875,-1.988326026570797,-1.04299543325454,2.1439710540518164
1789666837025922600,6.128922607421875,-1.9971932236373424,-0.7956269385829567,2.259958463274687
1789666837035874600,6.13887451171875,-2.129946912613511,-0.4633338430806994,2.3857025657497344
1789666837045826600,6.14882666015625,-2.2601462409317494,-0.05124006563276052,2.426953736809641
1789666837055778600,6.158778564453125,-2.2084324203073975,0.37508448174148795,2.393124824704975
1789666837065729500,6.1687294921875,-1.9216659812271595,0.6945289093255996,2.301569992079586
1789666837075681500,6.178681640625,-1.2227245161563158,1.0249924513131379,2.3110601433500646
1789666837085633500,6.188633544921875,-0.19877134476304054,1.3587018433541058,2.47850929813236
1789666837095585500,6.19858544921875,1.0283797556638716,1.5777397310763597,2.7292893548130985
1789666837105536500,6.20853662109375,2.2989696003228426,1.690126339328289,3.021391601963341
1789666837115488500,6.218488525390625,3.3293764779001473,1.7718536054223775,3.448220883989334
1789666837125440500,6.2284404296875,4.22261477266848,1.8785180366352199,3.864106162674725
1789666837135391500,6.2383916015625,5.00360557539463,2.0292320374548436,4.1898558278828855
1789666837145343500,6.248343505859375,5.641127818384766,2.1171984901994465,4.344735131688416
1789666837155295500,6.25829541015625,6.113915426248312,2.0966411476001143,4.389427967634797
1789666837165247700,6.268247802734375,6.468510369929671,2.0916350098758936,4.3341234290421005
1789666837175198500,6.278198486328125,6.6443024056434625,2.056881384141743,4.171032469469308
1789666837185150700,6.288150634765625,6.683321579867601,1.9448422741532325,3.8031168564438818
1789666837195102500,6.2981025390625,6.612102263784408,1.7698299906402826,3.3040380385041237
1789666837205054500,6.308054443359375,6.5005199576526875,1.6226152301132677,2.8240128806024787
1789666837215005700,6.318005615234375,6.334211789599061,1.3658198586657642,2.3401474138855933
1789666837224957400,6.32795751953125,6.070394264429807,0.9913324660345911,1.9503864642769098
1789666837234909400,6.337909423828125,5.6887967475324865,0.6051660337865352,1.7415417615279554
1789666837244860700,6.347860595703125,5.107404972565174,0.22731764028966425,1.658728746023774
1789666837254812400,6.3578125,4.212800065618753,-0.11967822656482457,1.576855057196319
1789666837264764700,6.3677646484375,3.088986590069532,-0.33793957695662974,1.4223217903494834
1789666837274716700,6.377716552734375,1.8010282619804143,-0.40631402500271796,1.3128051845759152
1789666837284667400,6.38766748046875,0.6066776073932647,-0.4224979748234153,1.2346218746989965
1789666837294619600,6.39761962890625,-0.3567997602492571,-0.39825288362205025,1.0927248020634055
1789666837304571600,6.407571533203125,-1.0517898573458193,-0.3813055482134223,0.91242610258013
1789666837314523400,6.4175234375,-1.500665843746066,-0.35074528251588344,0.7263041768360883
1789666837324474600,6.427474609375,-1.7583038034975527,-0.34509763201773164,0.5732117564473301
1789666837334426600,6.437426513671875,-1.88967977437973,-0.31240240011811254,0.47793235034085807
1789666837344378400,6.44737841796875,-1.9630244120538234,-0.31395985869318244,0.3203073280237615
1789666837354330600,6.45733056640625,-1.993734607616067,-0.32307810791134833,0.17000205413550137
1789666837364281600,6.467281494140625,-1.9855776046454905,-0.41813305761218067,0.08841748444773256
1789666837374233600,6.477233642578125,-1.9468857626795768,-0.5694704510271549,0.061596149550192054
1789666837384185600,6.487185546875,-1.7951824585616587,-0.6940706441640854,-0.005603555628098547
1789666837394136600,6.497136474609375,-1.5860171455562113,-0.8304322945043444,-0.007477459741197526
1789666837404088600,6.507088623046875,-1.4618249486982822,-0.9869976517006754,0.00046412864672020073
1789666837414040600,6.51704052734375,-1.4072142375886438,-1.1185761594176291,0.10073574441676028
1789666837423992600,6.52699267578125,-1.4211591763108968,-1.2685875649258493,0.24830825973972676
1789666837433943600,6.536943603515625,-1.4593658651083707,-1.3985124602168797,0.4119862984854728
1789666837443895600,6.5468955078125,-1.5018044923871754,-1.5449495143696665,0.5239194638814777
1789666837453847600,6.55684765625,-1.5474036295235156,-1.672093546770513,0.5567014242164791
1789666837463799600,6.566799560546875,-1.5988462319910526,-1.736764756384492,0.5366736584492028
1789666837473750500,6.57675048828125,-1.6552648693054914,-1.7708277695059775,0.4261052055351436
1789666837483702800,6.586702880859375,-1.839457069095969,-1.7644070888087153,0.27942608625479043
1789666837493654500,6.596654541015625,-2.03531866389215,-1.7551655054718256,0.18731939190030097
1789666837503605500,6.60660546875,-2.242738594534993,-1.7461793582007288,0.15101312989667057
1789666837513557800,6.616557861328125,-2.4014777886390686,-1.687133002731204,0.15407850881665944
1789666837523509500,6.626509521484375,-2.4831588775038718,-1.628855293546617,0.18118286190666258
1789666837533461500,6.63646142578125,-2.535908470916748,-1.6396952519908548,0.14130809376649558
1789666837543412500,6.64641259765625,-2.5464275268435475,-1.7024547827646135,0.14994491614326833
1789666837553364500,6.656364501953125,-2.5475860492289066,-1.7929150981515645,0.22376210323255508
1789666837563316500,6.66631640625,-2.5662024868935345,-1.8748308725550769,0.341461175211519
1789666837573268700,6.676268798828125,-2.5747370910048484,-1.9916092860251664,0.4680594833631068
1789666837583219500,6.686219482421875,-2.5937656166017056,-2.070544875574112,0.5749278396502137
1789666837593171700,6.696171630859375,-2.573635267242789,-2.0721616631209847,0.707222240551561
1789666837603123700,6.706123779296875,-2.531499422302842,-2.0171151909425853,0.82849409298338
1789666837613075500,6.716075439453125,-2.5345570563077926,-1.9131895370438694,0.9501504877533763
1789666837623026700,6.726026611328125,-2.647726339370012,-1.6935656661272047,1.0504639425043016
1789666837632978700,6.735978759765625,-2.807645098647475,-1.4360314590111374,1.0730306521646678
1789666837642930400,6.745930419921875,-2.9225562569409607,-1.1085735285803675,0.969743442299962
1789666837652881700,6.755881591796875,-2.901989854252338,-0.7737967995688319,0.7393504862181842
1789666837662833400,6.76583349609375,-2.7497078734636307,-0.5009852360829711,0.4933112673889845
1789666837672785400,6.775785400390625,-2.370999063745141,-0.4202925737336278,0.2699249751988798
1789666837682737700,6.785737548828125,-1.7423177143365143,-0.633330051997304,0.2207121045447886
1789666837692688400,6.7956884765625,-0.4985708684176206,-1.0172335077494383,0.5818558853477239
1789666837702640600,6.805640625,1.333154729643464,-1.2236942379713058,1.3149962648794054
1789666837712592600,6.815592529296875,3.3921780942499637,-1.4638462253928184,1.8667562871709464
1789666837722544600,6.825544677734375,5.063703193482756,-1.8354694607645272,1.9856518389254807
1789666837732495600,6.83549560546875,5.754741338083147,-1.9218240943983196,1.8182348328471183
1789666837742447600,6.845447509765625,5.5808893305212255,-1.5726692959442734,1.533036665996909
1789666837752399400,6.8553994140625,4.85479740819633,-0.8332815464556217,1.083203671132773
1789666837762350600,6.8653505859375,4.0932600784808395,-0.017843115204572678,0.34153803984001274
1789666837772302600,6.875302490234375,3.5541590467542408,0.7289587099328637,-0.6078136256858706
1789666837782254300,6.88525439453125,3.4782296532839534,1.3619266506195067,-1.5152445503272116
1789666837792206600,6.89520654296875,3.85289649413526,1.8405597696408629,-2.194794647838175
1789666837802157600,6.905157470703125,4.772862052309513,2.013807381568849,-2.566858028192818
1789666837812109600,6.915109619140625,5.989178454989195,1.794514350041747,-2.598154791471362
1789666837822061600,6.9250615234375,6.889112448003888,1.3207443070121108,-2.3496362499818204
1789666837832013600,6.935013671875,7.325641578528285,0.8775754462122917,-1.854284051349759
1789666837841964500,6.944964599609375,7.10317254731357,0.45821226228326556,-1.487609816687554
1789666837851916500,6.95491650390625,6.147364106863737,0.14909838231652975,-1.3679948646172881
1789666837861868500,6.96486865234375,4.858901336383819,0.09941679817214608,-1.3545425317175686
1789666837871819500,6.974819580078125,3.4001381133437154,0.26611908010989427,-1.591298739220947
1789666837881771500,6.984771484375,1.8926947382867336,0.548592352040857,-2.126068171484023
1789666837891722800,6.99472265625,0.58978960095644,0.7905233318336308,-2.762167249803245
1789666837901674800,7.0046748046875,-0.3870984524011612,1.1365699351392686,-3.39638080663681
1789666837911625700,7.014625732421875,-1.1020160697609185,1.4470879828155039,-3.867741012045741
1789666837921577700,7.02457763671875,-1.4863585014522074,1.5931974124491213,-4.18350675111711
1789666837931529700,7.03452978515625,-1.5610662441730498,1.605303737567365,-4.306722796419263
1789666837941481500,7.0444814453125,-1.4648124400764704,1.4115414531379937,-4.26297425558567
1789666837951432700,7.0544326171875,-1.191703354948759,1.141875786462426,-4.02225820454061
1789666837961384700,7.064384765625,-0.7352583945989608,0.7568097166717052,-3.648004036143422
1789666837971336700,7.074336669921875,-0.3038689650505781,0.2121121801123023,-3.307638108822703
1789666837981288700,7.084288818359375,0.048562078595161436,-0.3149289959862828,-2.964190289838612
1789666837991239700,7.09423974609375,0.3537175763249397,-0.7081701889261603,-2.5853116765111683
1789666838001191700,7.104191650390625,0.5565250447362661,-1.0247978055238722,-2.2049577299341556
1789666838011143700,7.114143798828125,0.5321884758591652,-1.3570759957179426,-1.8889355318836867
1789666838021095000,7.124094970703125,0.30885961294472214,-1.6292828713089227,-1.62893814952448
1789666838031046700,7.134046630859375,-0.1891045217514038,-1.7788550086170434,-1.3715474425323306
1789666838040998700,7.14399853515625,-0.9197159673273563,-1.841089054211974,-1.1111579921156167
1789666838050950700,7.15395068359375,-1.7020540930092334,-1.8224384220167993,-0.8678412570528685
1789666838060901600,7.163901611328125,-2.383798339563608,-1.7171256976738571,-0.7238286535680294
1789666838070853600,7.173853515625,-2.909754058513045,-1.5781541570961475,-0.6323465939179063
1789666838080806000,7.183805908203125,-3.29787133256793,-1.4202216031998396,-0.6035812488131225
1789666838090756600,7.193756591796875,-3.517237137070298,-1.2635571695432066,-0.5982035012975335
1789666838100708600,7.20370849609375,-3.6025054367721077,-1.1457894527748227,-0.5843123385891318
1789666838110660900,7.213660888671875,-3.548804826244712,-0.9675698976531624,-0.5091385857917368
1789666838120612600,7.223612548828125,-3.494178333044052,-0.8391746961474418,-0.42189913214743135
1789666838130563800,7.233563720703125,-3.3571944591522214,-0.7221326633051037,-0.27011531013920903
1789666838140515800,7.243515869140625,-3.1685213145554063,-0.6449874643042683,-0.008912059121578931
1789666838150467600,7.253467529296875,-2.896712206110358,-0.6213277717754244,0.27051848411262036
1789666838160419600,7.263419677734375,-2.583203306055069,-0.64702656891644,0.5327656912252307
1789666838170370600,7.27337060546875,-2.272228308391571,-0.6395353363782167,0.7210076047979295
1789666838180322600,7.283322509765625,-1.9948603967756031,-0.5343196426689625,0.8971868862636386
1789666838190274800,7.29327490234375,-1.6838193481385706,-0.38289983166754243,1.0643389577955007
1789666838200226800,7.303226806640625,-1.35285662445724,-0.15367138932049274,1.1484406979359685
1789666838210177500,7.313177490234375,-1.0167150368332862,0.0975955740943551,1.1275943092621863
1789666838220129800,7.3231298828125,-0.7160293779939413,0.3961304846405983,1.0629910503178834
1789666838230081800,7.333081787109375,-0.39787703604698177,0.6689020083770155,1.045034683997184
1789666838240032800,7.34303271484375,0.00720306324660778,0.9464511217787861,1.09959337265864
1789666838249984800,7.35298486328125,0.4912953244566917,1.2181877495095133,1.158080779071152
1789666838259936500,7.3629365234375,0.9783949507892131,1.3837091510996222,1.224265461988002
1789666838269888500,7.372888427734375,1.3826070350766182,1.4982213732033967,1.26967258368358
1789666838279839700,7.38283984375,1.5427169330120085,1.6753244915157555,1.3662069582872092
1789666838289791500,7.39279150390625,1.4947767857074736,1.8664611036166547,1.5822870191171765
1789666838299743700,7.40274365234375,1.3129764494895935,2.012925045776367,1.7530683870621024
1789666838309695700,7.41269580078125,1.1182616866409778,2.0760995870918033,2.010379745207727
1789666838319646700,7.422646728515625,0.9600351182341575,2.100705912820995,2.338328089503944
1789666838329598700,7.4325986328125,0.8224772438466549,2.148812064342201,2.667044495563209
1789666838339550700,7.44255078125,0.7544184376209974,2.3321917787060142,2.9451097417935728
1789666838349501700,7.452501708984375,0.8826526033461093,2.579046186375618,3.1278619719088074
1789666838359453700,7.46245361328125,1.3108254089355469,2.7175293589144944,3.138979870511591
1789666838369405700,7.47240576171875,2.036038210338354,2.643056009471416,3.096441582250595
1789666838379357700,7.482357666015625,3.0457220333606,2.330615907691419,3.037451048621535
1789666838389308700,7.49230859375,4.1840515255182975,1.8197566355869172,2.981133241333067
1789666838399260700,7.5022607421875,5.373321515840292,1.151588056050986,2.988231382900476
1789666838409212700,7.512212646484375,6.45224897095859,0.3412538160711527,2.897049475240707
1789666838419164700,7.52216455078125,6.929384252637624,-0.42593014122918244,2.860990319865942
1789666838429115600,7.53211572265625,6.7160840317845345,-1.068155155082792,2.959005872938037
1789666838439067600,7.542067626953125,6.006358722370862,-1.4956433394089341,3.1183488781541584
1789666838449019600,7.55201953125,4.857330141544342,-1.6889048347093163,3.1891946847498414
1789666838458971000,7.561970947265625,3.380746599653363,-1.683563035289943,3.0900322997301815
1789666838468922600,7.571922607421875,1.9054443297445773,-1.4579130359515546,2.779638024564087
1789666838478874600,7.58187451171875,0.5910679503291845,-1.093979186038673,2.317635430087149
1789666838488826600,7.59182666015625,-0.3674246146380901,-0.7698433857679366,1.783792465019226
1789666838498777600,7.601777587890625,-0.9355471581876278,-0.5371089811265468,1.256824792548269
1789666838508729600,7.6117294921875,-1.1828794125020503,-0.3218415518537164,0.8533686411947011
1789666838518681900,7.621681884765625,-1.249210956543684,-0.14821867687255144,0.5067812090106308
1789666838528633600,7.631633544921875,-1.1628683056086302,-0.08399491876512766,0.18886881329938768
1789666838538584800,7.641584716796875,-1.0513181481808422,-0.08567951085120439,-0.005636544582247734
1789666838548536800,7.651536865234375,-0.9678367318958043,-0.16204729573875665,-0.09203779383674264
1789666838558488600,7.661488525390625,-0.9460299737572669,-0.35204759728610513,-0.08391367022246121
1789666838568439800,7.671439697265625,-0.9566700257152319,-0.6252198107779026,0.00298544555157423
1789666838578391800,7.681391845703125,-1.0179606529802083,-0.93521661105901,0.1253436319153756
1789666838588343600,7.691343505859375,-1.079236082676053,-1.2172960613667965,0.21946049704849718
1789666838598295800,7.7012958984375,-1.1440893708586692,-1.4730907313391566,0.30721389156430956
1789666838608246800,7.711246826171875,-1.2763275115281343,-1.690097990016639,0.36117490659356116
1789666838618198500,7.721198486328125,-1.4719874462723732,-1.8798130448818207,0.4028120082311332
1789666838628150800,7.73115087890625,-1.7184288892269133,-2.015963098298013,0.4360192813061177
1789666838638102800,7.741102783203125,-1.9669243421018123,-2.0792402232050895,0.39932058591879904
1789666838648053800,7.7510537109375,-2.230786290934682,-2.1284929144129157,0.3016943974904716
1789666838658005800,7.761005859375,-2.5393840380728245,-2.1680559862554074,0.21931575481556354
1789666838667957800,7.770957763671875,-2.923646390265226,-2.146140214784443,0.2162997679952532
1789666838677908700,7.78090869140625,-3.321730347061157,-2.153022667774558,0.34718298692442473
1789666838687860700,7.79086083984375,-3.7150001815736293,-2.1568755438104272,0.48738662658035753
1789666838697812700,7.800812744140625,-4.0691070494771004,-2.097643018119037,0.5515318395588547
1789666838707764700,7.8107646484375,-4.366019619518518,-2.0098431541129944,0.5738732160307467
1789666838717715700,7.8207158203125,-4.548141442775726,-1.9407310394421218,0.5441208326499909
1789666838727667500,7.83066748046875,-4.636573759466409,-1.8066700672596692,0.5313882653921842
1789666838737619700,7.84061962890625,-4.639849420136213,-1.6385706318750977,0.558656796067953
1789666838747571700,7.85057177734375,-4.525635596457123,-1.5215937732234597,0.6094513098903
1789666838757522700,7.860522705078125,-4.259333268734813,-1.4495172557890414,0.6353200567707419
1789666838767474700,7.870474609375,-3.8442403094708917,-1.3571347401678562,0.685590619784221
1789666838777426700,7.8804267578125,-3.3661779760748147,-1.3776760084152222,0.7010651061613112
1789666838787378700,7.890378662109375,-2.8012726410061117,-1.3940055041864514,0.6730036715421825
1789666838797329700,7.90032958984375,-2.312100300052762,-1.3215139762103556,0.6853960470601916
1789666838807281700,7.91028173828125,-1.921323451399803,-1.2060296942040323,0.6984250399813056
1789666838817234000,7.92023388671875,-1.5870447350382804,-1.0399415986418723,0.7374639418192207
1789666838827184600,7.9301845703125,-1.3698124354332684,-0.9379311307147145,0.6385897260911763
1789666838837136600,7.94013671875,-1.1789151850461959,-0.8013672358006239,0.5157434639494866
1789666838847088600,7.950088623046875,-0.7989403009146452,-0.6110027771160006,0.37711438013389703
1789666838857040600,7.96004052734375,-0.26499066060185433,-0.4238727703079581,0.11740312123969196
1789666838866991900,7.969991943359375,0.35849662729501725,-0.2814101727440953,-0.26961612844541666
1789666838876943600,7.979943603515625,1.0886679278880358,-0.14008125538527966,-0.5992391279555856
1789666838886896600,7.989896728515625,1.99706696690917,-0.012677110743522643,-0.7270984690189362
1789666838896847600,7.99984765625,3.025343262198567,0.10548486603945494,-0.610578706485033
1789666838906799900,8.0097998046875,4.13512821239531,0.1190580488398671,-0.43271702489033337
1789666838916751600,8.019751708984375,5.102847455391288,-0.03191051126271486,-0.23190336064472794
1789666838926703600,8.02970361328125,5.718942879471182,-0.17283055555969476,-0.04665288397297263
1789666838936654600,8.039654541015626,5.966805295139551,-0.12697159844338893,0.02641790519580245
1789666838946606600,8.049606689453125,5.787024482050538,0.018676935680210588,-0.13885390554741023
1789666838956558600,8.05955859375,5.465507047584652,0.18733020555526017,-0.48864554060027
1789666838966510800,8.0695107421875,5.160697586813569,0.49469592668041584,-0.8918347115807235
1789666838976461600,8.079461669921875,5.121459801402688,0.7654103717565536,-1.3740749151833354
1789666838986413800,8.089413818359375,5.354930703625083,0.9240181945659219,-1.822963030412793
1789666838996365800,8.09936572265625,5.792362920469046,0.8561345987766981,-2.0924365355171264
1789666839006316500,8.109316650390625,6.264676481080055,0.5240959164269268,-2.1927247096963227
1789666839016268800,8.119268798828125,6.593865180826187,0.007541939812153577,-1.9829288437023758
1789666839026220800,8.129220703125,6.681211455845832,-0.5514519792556762,-1.6521651497244834
1789666839036172500,8.139172607421875,6.391034916061162,-1.0619881568856537,-1.4058940949007868
1789666839046123800,8.149123779296875,5.687126768493652,-1.4876932571873067,-1.3539017495959997
1789666839056075500,8.159075439453124,4.551225380265713,-1.7489549603939056,-1.4752128380596636
1789666839066027500,8.169027587890625,3.2464059337466953,-1.7664882789969443,-1.68970460678488
1789666839075979800,8.178979736328126,1.9035943179637194,-1.6360888980619608,-2.093033916888386
1789666839085930500,8.188930419921874,0.7334954765796661,-1.4352278875432907,-2.577327692019939
1789666839095882800,8.1988828125,-0.24844459947049616,-1.244815059672296,-2.955684035038948
1789666839105834800,8.208834716796876,-1.0637748941719531,-1.091397937373817,-3.1897184163630006
1789666839115785500,8.218785400390624,-1.7096879488885401,-1.0302002490893005,-3.2751156031414865
1789666839125737700,8.22873779296875,-2.189137937250733,-1.0073594717279075,-3.213173526230454
1789666839135689700,8.238689697265626,-2.4566543169379234,-1.021441480833292,-3.0422932279556987
1789666839145641700,8.248641845703125,-2.5560809058517218,-1.0689511277660726,-2.906110149052739
1789666839155592700,8.2585927734375,-2.5498709452956914,-1.179041734035313,-2.797880660480261
1789666839165544700,8.268544677734376,-2.434799043482542,-1.278577044020593,-2.6663775560870766
1789666839175496700,8.27849658203125,-2.271996837723255,-1.42185271153301,-2.4643068775177
1789666839185448700,8.28844873046875,-2.1695342421144246,-1.5328963807433842,-2.2389411019481718
1789666839195399700,8.298399658203126,-2.1428590011566877,-1.615984706057608,-2.0113721172459424
1789666839205351700,8.3083515625,-2.230968661764264,-1.6393655816450714,-1.8030993691660462
1789666839215303700,8.3183037109375,-2.4418846178293228,-1.6358341926485298,-1.6289834499709308
1789666839225254700,8.328254638671876,-2.769151409602165,-1.580073726981878,-1.4716129138715563
1789666839235206700,8.33820654296875,-3.1094752513468262,-1.4734709628283977,-1.2815341402605176
1789666839245158700,8.34815869140625,-3.379890275084972,-1.3625234474688768,-1.1479339174576102
1789666839255110700,8.358110595703126,-3.602753274053335,-1.2288240020751953,-1.050919796513021
1789666839265061600,8.3680615234375,-3.678457626596093,-1.073271621313691,-0.9431355674900114
1789666839275013600,8.378013671875,-3.6725726602107285,-0.8793065077885985,-0.848714824039489
1789666839284965600,8.387965576171876,-3.658874974247813,-0.7210469138950109,-0.846040344133228
1789666839294917600,8.397917724609375,-3.4990935776144263,-0.555628095896542,-0.8693598449222742
1789666839304868600,8.40786865234375,-3.2211797225534915,-0.36564182287454605,-0.8286626544833183
1789666839314820900,8.41782080078125,-2.8289281251728533,-0.22355185801535843,-0.661280719718337
1789666839324772600,8.427772705078125,-2.3734768520355223,-0.21227409267574548,-0.44341479838490483
1789666839334723600,8.4377236328125,-1.981462570542097,-0.24935440779179333,-0.10839710022434591
1789666839344675800,8.44767578125,-1.6344646578609943,-0.26575696879923344,0.16452362272441387
1789666839354627600,8.457627685546875,-1.2235165433168411,-0.28228929366618394,0.4079609154269099
1789666839364579600,8.46757958984375,-0.7633616225332022,-0.25577771883755923,0.6824946265302598
1789666839374530800,8.47753076171875,-0.3677957860380411,-0.11495967361032962,1.0042935082860291
1789666839384482600,8.487482666015625,-0.06893091288506985,0.07658025859445333,1.3826850687488912
1789666839394434800,8.497434814453126,0.1627840855807066,0.30613223380744453,1.7349473316989839
1789666839404386800,8.50738671875,0.3943307417422533,0.746472447052598,2.1737080206677315
1789666839414337500,8.517337646484375,0.7883768213242291,1.3555322734072803,2.5603631132155655
1789666839424289800,8.527289794921876,1.3477046485215425,1.9500094476580618,2.7590459029123187
1789666839434241800,8.53724169921875,2.106205387020111,2.3555624251604077,2.6482775435119867
1789666839444192800,8.54719287109375,3.040843613669276,2.608511058051884,2.3234977462492883
1789666839454144800,8.557144775390626,3.958402695223689,2.736976402184367,1.99200836834535
1789666839464096800,8.5670966796875,4.721988189640641,2.6992072280213235,1.7147860026799142
1789666839474048500,8.577048583984375,5.133777431184053,2.651074480754137,1.654147409582883
1789666839483999700,8.586999755859376,5.051812849202752,2.651114812764525,1.8398058825336396
1789666839493951700,8.59695166015625,4.575141093382239,2.6164152553051707,2.072607653322816
1789666839503903700,8.60690380859375,3.924770474734902,2.67870775308907,2.243364909739792
1789666839513855700,8.616855712890626,3.327807036626339,2.918736406391859,2.2222277214258908
1789666839523806500,8.626806396484374,2.8571026647776363,3.1213787473693486,2.0291312074288723
1789666839533758700,8.6367587890625,2.5563123765200375,3.3167709710881113,1.6251770434252917
1789666839543710700,8.646710693359376,2.3633669614315034,3.454576682756841,1.1392832857511936
1789666839553661700,8.65666162109375,2.3055174145311117,3.477152087180316,0.6761220958236605
1789666839563613700,8.66661376953125,2.51294669752419,3.328757761479914,0.45718211551792914
1789666839573565700,8.676565673828126,2.9800644430577754,3.03053235527426,0.5679689604230225
1789666839583517700,8.686517578125,3.4861972711622715,2.535350837033987,0.8099554697953164
1789666839593468700,8.69646875,3.9219501566171644,1.8512632422238586,1.2309184901364147
1789666839603420700,8.706420654296876,4.292309655663371,1.151008940988779,1.7115065426178275
1789666839613373000,8.716373046875,4.417444686329365,0.37433307885229583,1.9664590626776217
1789666839623324700,8.72632470703125,4.155602845147252,-0.3783826465040445,2.042297562994063
1789666839633275600,8.736275634765626,3.4991140358805652,-0.978988240507245,2.0573340963453055
1789666839643227600,8.7462275390625,2.5246616852372883,-1.3400818985581398,2.1220511909276247
1789666839653179600,8.7561796875,1.4225234504014252,-1.5029706135571002,2.105477949528396
1789666839663131000,8.766130859375,0.32228257361948487,-1.5119415632590651,1.9336948571950197
1789666839673082600,8.77608251953125,-0.6005734452992677,-1.3976470755591988,1.6981489022642373
1789666839683034600,8.78603466796875,-1.1650199306845663,-1.1876105326771735,1.4208601933643221
1789666839692986600,8.795986572265624,-1.489699628573656,-1.0002481784179806,1.1447635437931865
1789666839702937600,8.8059375,-1.633333023482561,-0.9430082878485322,0.9280001038089394
1789666839712889600,8.8158896484375,-1.7405875295430422,-0.9281099939242005,0.7925641900114715
1789666839722841900,8.825841796875,-1.8572224428892135,-0.9376657577767967,0.7658715595275163
1789666839732793600,8.835793701171875,-1.9517764573305845,-1.006489703156054,0.8356887537278235
1789666839742744600,8.84574462890625,-1.9600679003357886,-1.12116676043272,0.9176259362455457
1789666839752696800,8.85569677734375,-1.8874498233705759,-1.335803198325634,1.0301143974367528
1789666839762648600,8.865648681640625,-1.7214888613194226,-1.5940230496183037,1.1467151162523777
1789666839772599800,8.875599853515626,-1.5866384923249481,-1.865476184232533,1.2293413039475678
1789666839782551800,8.8855517578125,-1.4735960505127905,-2.1056226186960934,1.2156556737486273
1789666839792503600,8.895503662109375,-1.3782085078567266,-2.3186066132068635,1.1774692240215838
1789666839802455600,8.90545556640625,-1.3994056096643208,-2.4753484960138796,1.1041221751946955
1789666839812406800,8.91540673828125,-1.5602642801403999,-2.7356550904527306,1.0537538508951663
1789666839822358500,8.925358642578125,-1.796474251937866,-2.8467539969816804,0.8806986197341233
1789666839832310800,8.935310791015626,-2.0967659430235623,-2.8030788136452434,0.7816235476717353
1789666839842261800,8.94526171875,-2.423140754392743,-2.740679932877421,0.5953539936179295
1789666839852213500,8.955213623046875,-2.704242007318139,-2.6643340675607323,0.3928120808076113
1789666839862165800,8.965165771484376,-2.9468086546659467,-2.6263155948117376,0.2152317003723234
1789666839872117800,8.97511767578125,-3.14402750928998,-2.593409642770886,0.0829454097121954
1789666839882068700,8.98506884765625,-3.3001199882775545,-2.5432389599353074,-0.02089811886101961
1789666839892020000,8.99502001953125,-3.4033366171240806,-2.4688567959070205,-0.04593063411302864
1789666839901972000,9.004971923828125,-3.4816467682510615,-2.3588012609511613,-0.059648339950665825
1789666839911924200,9.01492431640625,-3.517740410417318,-2.2567916698068378,-0.08379501227885484
1789666839921875000,9.024875,-3.5214766743361947,-2.1249124255776404,-0.06620813685767352
1789666839931827000,9.034826904296875,-3.473074170216918,-2.0111545289725066,-0.031218437345325947
1789666839941779200,9.044779296875,-3.3288562534183264,-1.9421265854537486,0.022306341691128908
1789666839951730000,9.05472998046875,-2.975547842416167,-1.8258195888876914,0.03064586162175983
1789666839961682200,9.06468212890625,-2.5806770024478434,-1.7524328656375407,0.07283299835752695
1789666839971634200,9.07463427734375,-2.1981822444498538,-1.7086036607831716,0.19457648688908666
1789666839981586000,9.0845859375,-1.8538912526398896,-1.6014067301288246,0.4002022275915369
1789666839991537200,9.094537109375,-1.6367805335879324,-1.4048632905483245,0.6303191797435284
1789666840001489200,9.1044892578125,-1.4747674323797224,-1.1368567892566324,0.7336351773113012
1789666840011441000,9.11444091796875,-1.2979641737967729,-0.8314362108498812,0.671162500654906
1789666840021393200,9.12439306640625,-1.1625398043066262,-0.5511395523056387,0.5496536976620554
1789666840031344000,9.13434423828125,-1.0187824907571077,-0.3404758174359798,0.4107117850376293
1789666840041296100,9.144296142578124,-0.706719697856903,-0.1424579213887453,0.25611075018420815
1789666840051248000,9.154248046875,-0.24100012868344783,0.03377864322215318,0.06949163377406076
1789666840061198800,9.16419873046875,0.516444378760457,0.11590981394201516,-0.21249321531914173
1789666840071151000,9.174151123046874,1.5537562134206293,0.09294541020095348,-0.6468386451289058
1789666840081103000,9.18410302734375,2.7005121731400488,0.05116466230899095,-1.2041902768824249
1789666840091055000,9.19405517578125,3.702660924482345,-0.0010106383472681046,-1.8254973711960016
1789666840101006000,9.204006103515624,4.231857817310095,-0.05951280393749475,-2.313901211994886
1789666840110958000,9.2139580078125,4.32728101580143,-0.025035072535276412,-2.5825369511008263
1789666840120910000,9.22391015625,4.028990143144131,0.2513222007334232,-2.5418846227169034
1789666840130862000,9.233862060546874,3.539940551787615,0.7067959779635071,-2.3331408961243927
1789666840140813000,9.24381298828125,3.099137981727719,1.0344996998488902,-2.1929818993277848
1789666840150765000,9.25376513671875,2.8797072952955958,1.2172048759520053,-2.169328928800672
1789666840160717000,9.263717041015624,2.9349329234331845,1.4051274944424628,-2.138593891058117
1789666840170668000,9.27366796875,3.266268572080135,1.4944278261393307,-2.1373167107291517
1789666840180620000,9.2836201171875,3.8887224252760406,1.4262471470996736,-1.987535168454051
1789666840190572000,9.293572021484374,4.543416167819499,1.1612021259620786,-1.6600760689795016
1789666840200524000,9.30352392578125,5.101083368328213,0.7785179828718304,-1.1591619984366
1789666840210475000,9.31347509765625,5.603199946528673,0.3408551721423864,-0.5880190841525793
1789666840220427000,9.323427001953124,5.823312185484171,-0.12305310982540249,-0.17237060989774763
1789666840230379000,9.33337890625,5.841243563494086,-0.5535122727863491,0.10276230920776724
1789666840240331300,9.343331298828126,5.642639391991496,-0.8362832124896347,0.08230360467731952
1789666840250282000,9.353281982421874,5.105364991170168,-1.0006003528565168,-0.19474636356327682
1789666840260234200,9.363234130859375,4.160323443928361,-1.0362877523094416,-0.6892837021484971
1789666840270186000,9.37318603515625,3.128810650935769,-0.8433401452638208,-1.2130138540029525
1789666840280137000,9.383136962890624,1.9839508802264927,-0.6643539896838366,-1.8169029997214674
1789666840290089200,9.393089111328125,0.9131219758898019,-0.5621490220978855,-2.4093445764914154
1789666840300041000,9.403041015625,-0.049747488987445826,-0.44796968521028757,-2.8223104605987666
1789666840309993000,9.412992919921875,-0.8658733179807663,-0.39939299356788394,-3.093483901488781
1789666840319944200,9.422944091796875,-1.4733850381106137,-0.39363720652014017,-3.245139859333634
1789666840329896000,9.43289599609375,-1.863442924839258,-0.39862025562971826,-3.309835326606035
1789666840339848000,9.442847900390625,-2.138180487951636,-0.40847967860400675,-3.2666447119161486
1789666840349799200,9.452799072265625,-2.2665695519775153,-0.470128910048306,-3.0762369986116886
1789666840359751000,9.4627509765625,-2.297182716906071,-0.5915791147217154,-2.7767320739895105
1789666840369703200,9.472703125,-2.231449723279476,-0.7668985644876957,-2.387821895991266
1789666840379655200,9.4826552734375,-2.0697358972787856,-0.9886126856818794,-1.8401171404398977
1789666840389606000,9.49260595703125,-1.9433815539509056,-1.2770941119864583,-1.287795100351423
1789666840399558100,9.50255810546875,-1.8990198496550321,-1.5160302938774228,-0.7910460405334829
1789666840409510100,9.51251025390625,-1.9048077854067087,-1.6590288980141281,-0.3166361652303487
1789666840419462000,9.5224619140625,-1.9493086059123277,-1.7215829693436622,0.06616111937817186
1789666840429413000,9.5324130859375,-2.043386235013604,-1.730962207585573,0.3043719096040353
1789666840439365000,9.542365234375,-2.134068376457691,-1.678957002799213,0.42383382653705776
1789666840449316900,9.55231689453125,-2.2466098830103873,-1.557199924133718,0.4039726495083421
1789666840459268000,9.56226806640625,-2.4493144755691287,-1.387385501524806,0.3150849902655929
1789666840469220000,9.57222021484375,-2.7353584455937145,-1.143468608611822,0.20188438048334792
1789666840479172000,9.582172119140624,-3.000854133108258,-0.8631298644915223,0.1038790200117044
1789666840489124000,9.5921240234375,-3.1595407202422616,-0.6202399765387178,-0.013021156674530356
1789666840499075000,9.602074951171875,-3.234569365480542,-0.47515433699488635,-0.09959544267468154
1789666840509027000,9.612027099609374,-3.2221804240286347,-0.3571279692903161,-0.15342249259334056
1789666840518979000,9.62197900390625,-3.010097177749872,-0.28107816431075333,-0.1814982845313847
1789666840528931000,9.63193115234375,-2.519889648529887,-0.15584639527201652,-0.24372820194046943
1789666840538882000,9.641882080078124,-1.8580863662421703,0.02144932300299406,-0.31633937424086034
1789666840548834000,9.651833984375,-1.0989829856753348,0.18650076899379492,-0.3346765565726906
1789666840558786000,9.6617861328125,-0.3190010677307844,0.2724734175726771,-0.25173680941630155
1789666840568737000,9.671737060546874,0.3876894040316343,0.3270332752779126,0.010038286672532558
1789666840578689000,9.68168896484375,0.9317518575578927,0.3944084831535816,0.4231793081510812
1789666840588641300,9.691641357421876,1.192292553013563,0.38386926122158765,0.9635570818152278
1789666840598593000,9.701593017578125,1.1297639083862303,0.3657467445537448,1.4367527590230107
1789666840608544000,9.7115439453125,0.7525678413182496,0.4317980103492737,1.747857520546019
1789666840618496000,9.72149609375,0.20564064601063728,0.6323217517375945,1.9362077167987823
1789666840628448000,9.731447998046875,-0.21152444335222242,0.9595072949677705,2.0384765434011816
1789666840638400000,9.74139990234375,-0.3876759600281715,1.3253466862410306,2.012231510554254
1789666840648351000,9.75135107421875,-0.3379495138287544,1.6508429612100124,1.8501225477561354
1789666840658303000,9.761302978515625,-0.15024667556881904,1.942828888504207,1.6249769908085465
1789666840668255000,9.7712548828125,0.1114618946224451,2.1255358181729913,1.3689017503291367
1789666840678206000,9.7812060546875,0.4270563687801361,2.22448572948575,1.1613262637984008
1789666840688158000,9.791157958984375,0.7949491854518651,2.2815078856512905,1.1913277996346354
1789666840698110200,9.801110107421875,1.2028232993781567,2.2524507179930806,1.3322560272380708
1789666840708062200,9.811062255859374,1.4434201079577207,2.1259765476778147,1.490649184383452
1789666840718013000,9.821012939453125,1.5917477981626986,2.106361746625602,1.6819243281722067
1789666840727965200,9.830965087890625,1.846740211841464,2.2341160198792815,1.8229637610651552
1789666840737917000,9.8409169921875,2.1147341459125277,2.3850991930291054,1.9471978973686694
1789666840747868200,9.8508681640625,2.332514142528176,2.4246765856578945,2.055520032660663
1789666840757820200,9.860820068359375,2.654078338745236,2.3890230884745716,2.169901029600203
1789666840767772000,9.87077197265625,3.02035845952332,2.245604797621071,2.2630312948487696
1789666840777724000,9.880723876953125,3.4413866540551186,1.9842522012606263,2.3448659668400884
1789666840787675100,9.890675048828125,3.843305074447393,1.6804913727596402,2.358814997215569
1789666840797627000,9.900626953125,3.9934219861567017,1.2554144873589277,2.218156234203279
1789666840807579100,9.9105791015625,3.951050578895211,0.8158665935352444,2.1263132322862743
1789666840817531100,9.92053125,3.7718829292684792,0.4204007102832198,2.208678211762011
1789666840827482000,9.930482177734374,3.5643846726924178,0.05986614741981029,2.4046178402304648
1789666840837434000,9.94043408203125,3.2236160097897053,-0.2700064429372549,2.5463459860399364
1789666840847386000,9.95038623046875,2.6151567796766755,-0.45280748063027854,2.592943778824806
1789666840857337000,9.960337158203124,1.8682091163277625,-0.43646278728991744,2.4587501201733946
1789666840867289000,9.9702890625,1.1602321118861436,-0.2752516501143575,2.150215939790755
1789666840877241000,9.980240966796876,0.6369271997064352,-0.07666618331223726,1.7414153586693106
1789666840887193000,9.990193115234375,0.3912053031980991,0.07686316718906164,1.3564625399947166
1789666840897143800,10.000143798828125,0.4394306971848011,0.1424409702539444,0.9789797649398445
1789666840907095800,10.010095703125,0.5999672960996627,0.07638181341290473,0.6312241657592356
1789666840917048000,10.020048095703125,0.7387702021121978,-0.1582616397202015,0.40212033617254345
1789666840927000000,10.03,0.7661591442972421,-0.4850207742318511,0.2725586116380989
1789666840936951000,10.039950927734376,0.7172662263125181,-0.8435594871029257,0.1720165722956881
1789666840946903000,10.049903076171875,0.5950578967481851,-1.2094389181256293,0.0703996337307617
1789666840956854800,10.059854736328125,0.38533728794753547,-1.5414745317354797,-0.013071772616915405
1789666840966806000,10.069805908203126,0.1522305428624153,-1.8316104472488164,-0.06932261561639606
1789666840976758000,10.079758056640625,-0.09150865539610385,-2.0694956587821243,-0.08941393900602124
1789666840986709800,10.089709716796875,-0.331745398491621,-2.2758225334912536,-0.025299705687677487
1789666840996662000,10.099662109375,-0.5528378806561232,-2.5182401277571915,0.037594511715881525
1789666841006613000,10.109613037109375,-0.8344295474469661,-2.719945187884569,0.12820003512664696
1789666841016564700,10.119564697265625,-1.154782029786706,-2.891798130583763,0.2533972899744287
1789666841026517000,10.12951708984375,-1.57471775290668,-3.0080282625213264,0.35667335739061234
1789666841036469000,10.139468994140625,-2.1347148576676847,-3.114714321044087,0.4171797754753381
1789666841046420000,10.149419921875,-2.7515713292479513,-3.11563172814995,0.4481191401509568
1789666841056372000,10.1593720703125,-3.301533946728706,-3.0037165368020533,0.4294248514771461
1789666841066324000,10.169323974609375,-3.7211043436676263,-2.895983015052974,0.3766763905754313
1789666841076275000,10.17927490234375,-4.060757738804817,-2.7326336968049407,0.3306244316376746
1789666841086227000,10.18922705078125,-4.298117465159296,-2.5245573480799792,0.3152262253671884
1789666841096179000,10.199178955078125,-4.463967952573299,-2.3449629974737762,0.2938349161617458
1789666841106131000,10.209130859375,-4.626914535239338,-2.187928561460972,0.3077063877889886
1789666841116082000,10.21908203125,-4.735981643679738,-2.001275816775858,0.38075109266843643
1789666841126034000,10.229033935546875,-4.760996257948875,-1.8479063330113887,0.4881023736342787
1789666841139718000,10.2427177734375,-4.674176052629948,-1.7870844923019409,0.5318459460318088
1789666841149668900,10.2526689453125,-4.448567554345726,-1.6858397480502723,0.7028278049848974
1789666841159621000,10.26262109375,-4.069133352962136,-1.5330474796518683,0.9302431334953755
1789666841169572900,10.27257275390625,-3.5986207042932508,-1.4457272158563137,1.1183229883741588
1789666841179524900,10.28252490234375,-3.0876585563361645,-1.4199413249537347,1.3693465714871882
1789666841189476000,10.29247607421875,-2.626541512522101,-1.3975211110919714,1.6135256224676966
1789666841199427800,10.302427734375,-2.3289795386612413,-1.3460598039239644,1.8296959919296203
1789666841209379800,10.3123798828125,-2.097202580875158,-1.2915300490960477,1.8731055100671945
1789666841219331000,10.3223310546875,-1.8696715900957583,-1.1535635939076543,1.6935118901133537
1789666841229282800,10.33228271484375,-1.5752689570486544,-0.9205465729326009,1.3785571751639245
1789666841239234800,10.34223486328125,-1.201076747971773,-0.6607403292313218,0.9925498790003359
1789666841249187000,10.35218701171875,-0.645364773184061,-0.35640345440804955,0.5285998402500525
1789666841259137800,10.3621376953125,0.1563999375015497,-0.0375119845315814,0.03526413253955543
1789666841269090000,10.372090087890625,1.0744587852716445,0.11196750605702399,-0.5090275631653145
1789666841279042000,10.3820419921875,2.2716472936332224,0.12492489504665136,-1.0018888582970946
1789666841288992800,10.39199267578125,3.8792730444073675,0.1775610912129283,-1.431497176582366
1789666841298945000,10.401945068359375,5.684057444050908,0.29065117155909537,-2.258850355902314
1789666841308897000,10.41189697265625,7.0072706253945825,0.39620267309397456,-3.491136188869178
1789666841318848800,10.421848876953124,7.280911040920019,0.5181804087728261,-4.40337232183516
1789666841328800000,10.431800048828125,6.490460335931181,0.7726713026702403,-4.529588425736129
1789666841338752000,10.441751953125,4.911283265528082,1.3041209428608416,-4.098582734808326
1789666841348703700,10.451703857421874,3.363829367122054,1.9334356217369435,-3.6790421484857796
1789666841358656000,10.461656005859375,2.3359949703812597,2.336272033756971,-3.7245740656048056
1789666841368607000,10.47160693359375,1.8953952294170855,2.576106333531439,-4.069442272780836
1789666841378559000,10.48155908203125,2.125541955652833,2.761191098247468,-4.4282288229331375
1789666841388511000,10.491510986328125,2.934693269458413,2.898612779034674,-4.700453526441753
1789666841398461700,10.501461669921875,4.0349423295468085,2.8379861686363816,-4.788429623797535
1789666841408414000,10.5114140625,5.082283390790224,2.512743283906579,-4.611652668699622
1789666841418366000,10.521365966796875,5.695608765634894,1.975365714971721,-4.078858628162742
1789666841428318000,10.53131787109375,5.774976901382208,1.3880043640755115,-3.3489696516424416
1789666841438269000,10.54126904296875,5.395839052596688,0.8015941764242946,-2.5220441962152718
1789666841448221000,10.551220947265625,4.691937334769964,0.19566008087471126,-1.7785992802903055
1789666841458173000,10.5611728515625,3.824704418873787,-0.3315393545255065,-1.2053586630746722
1789666841468125000,10.571125,2.9541274532467123,-0.7067465858638287,-0.8225047894407064
1789666841478076000,10.581075927734375,2.1957751833081245,-0.8401163609117269,-0.5608703073989599
1789666841488028200,10.591028076171876,1.479744051748514,-0.8996183511942625,-0.637910365524888
1789666841497980000,10.60097998046875,0.8254466150462627,-0.8590677296191453,-0.9969522786777466
1789666841507931000,10.610930908203125,0.36436931872069833,-0.6750833273604512,-1.5010565966293214
1789666841517883000,10.6208828125,0.0021329203754663468,-0.565221853671968,-1.9252052612692117
1789666841527835000,10.6308349609375,-0.3412906409502029,-0.6129919051066041,-2.2383327607914802
1789666841537787000,10.640786865234375,-0.5969686988055706,-0.7071323703110217,-2.3752669503226875
1789666841547737900,10.65073779296875,-0.7779279080241918,-0.8518149820119142,-2.2914441732540727
1789666841557689900,10.66068994140625,-0.8940741610705852,-1.0881734223693609,-2.0503195414081214
1789666841567641900,10.670641845703125,-0.9919804085493087,-1.396361711923778,-1.7149024686664343
1789666841577592800,10.6805927734375,-1.1134037252157927,-1.706243945914507,-1.3948552528835831
1789666841587544800,10.690544921875,-1.2174936297655106,-1.986255650037527,-1.0715504966095089
1789666841597497000,10.7004970703125,-1.3165741817206142,-2.2327076143860816,-0.7757485181584953
1789666841607448800,10.71044873046875,-1.4962567951321601,-2.406836685323715,-0.5466938614757731
1789666841617399800,10.72039990234375,-1.8026129008233547,-2.5443819924905893,-0.36930494849197565
1789666841627352000,10.73035205078125,-2.1507611525833608,-2.6211115964278577,-0.21240129925198853
1789666841637303800,10.7403037109375,-2.5595669944018122,-2.592472069659829,-0.038955187343526626
1789666841647255800,10.750255859375,-2.971997456458211,-2.5680714956358073,0.11284295545099303
1789666841657207000,10.76020703125,-3.335135772079229,-2.4972736198350787,0.3056810925064608
1789666841667158800,10.77015869140625,-3.566834988453984,-2.4318045378416775,0.5078071545248851
1789666841677110800,10.78011083984375,-3.75595470777452,-2.3809981874510644,0.6810389478292316
1789666841687062000,10.79006201171875,-3.8325463645458218,-2.3243109623283145,0.8415948359664529
1789666841697013800,10.800013671875,-3.8315421559393403,-2.2687913196802136,0.9550494387760757
1789666841706966000,10.809966064453125,-3.778211547768116,-2.2157082565292714,1.0399624952994286
1789666841716918000,10.81991796875,-3.596097323295474,-2.121246888807416,1.1104990898154676
1789666841726869000,10.829868896484374,-3.3231466435998676,-1.9887047967553138,1.217181933467835
1789666841736821000,10.839821044921875,-3.0103830089539287,-1.903303810584545,1.2871268457010387
1789666841746773000,10.84977294921875,-2.6692384984761475,-1.7861562715411186,1.2511606293067334
1789666841756724700,10.859724853515624,-2.3455928198099136,-1.5715461371332407,1.1723916284963487
1789666841766676000,10.869676025390625,-1.9997253724634647,-1.253380643443763,1.0145678687367587
1789666841776628000,10.8796279296875,-1.6277449942171573,-0.805188255393505,0.8056521465782076
1789666841786580000,10.889580078125,-1.302232937157154,-0.21881489262133835,0.6436676869425922
1789666841796531000,10.899531005859375,-0.9827683435678481,0.3861190859749913,0.5917551654083654
1789666841806483000,10.90948291015625,-0.8413502866208553,0.932351869277656,0.7631886040538549
1789666841816435000,10.91943505859375,-0.7512702027231455,1.452444249151647,1.1536349786434321
1789666841826387000,10.929386962890625,-0.5554536161124706,1.9432070741668341,1.6379013543114065
1789666841836338000,10.939337890625,-0.231389419773221,2.3720684465423223,1.9864801064431665
1789666841846290000,10.9492900390625,0.09765957924127579,2.6761989851385355,2.130296748964488
1789666841856242000,10.959241943359375,0.4855693480253219,2.8958658184140917,2.1594594228237867
1789666841866193000,10.96919287109375,1.0774135434240102,3.091581574998796,2.1679368899203837
1789666841876145000,10.979144775390624,1.7658412132650614,3.2091464626714585,2.285293395539373
1789666841886097000,10.989096923828125,2.4328251130610705,3.1846435973167417,2.4546026451051235
1789666841896049700,10.999049560546876,3.0672137342005965,2.975716476981342,2.7040394704833624
1789666841906000600,11.009000732421875,3.6147792274117467,2.6885432106658813,3.0169524504721164
1789666841915952600,11.01895263671875,3.903482187512517,2.423448505167663,3.3517505145326254
1789666841925904600,11.028904541015624,3.8845156212359666,2.2467820247069,3.6598064098790286
1789666841935856600,11.038856689453125,3.7101129940539597,2.1761904851332305,3.957525912389159
1789666841945807600,11.0488076171875,3.3277292952150104,2.1602540803328156,4.228093788601458
1789666841955759900,11.058759765625,2.8574031090289354,2.202092403630912,4.325439771848917
1789666841965711600,11.068711669921875,2.488080551815033,2.28311239823848,4.230698418141901
1789666841975662600,11.07866259765625,2.3612603445410727,2.3423911011591554,3.9717084592595695
1789666841985614800,11.08861474609375,2.64064310311079,2.2641487545713783,3.7229075936973093
1789666841995566600,11.098566650390625,3.173518392190337,1.9891113317295908,3.5578318900480865
1789666842005518600,11.1085185546875,3.792536425718665,1.5062755003213881,3.5160514344170686
1789666842015469800,11.1184697265625,4.218945728766918,0.9679182726994157,3.671148472626507
1789666842025421600,11.128421630859375,4.518115137824416,0.3676902798369527,3.927223128584027
1789666842035373600,11.13837353515625,4.711075165960192,-0.26271453236341474,4.103576305311918
1789666842045325800,11.148325927734374,4.448123317709565,-0.8564365043327212,4.159572041039168
1789666842055276500,11.158276611328125,3.7128462184101343,-1.3493319574624298,4.237176381984352
1789666842065228800,11.168228759765626,2.768196885356307,-1.5450073820367454,4.328107822014391
1789666842075180800,11.178180908203124,1.803863777667284,-1.5805559575408696,4.3102968555137515
1789666842085131500,11.188131591796875,1.1165320863693953,-1.5392074635863304,4.045088460507989
1789666842095083800,11.198083740234376,0.7886626525282859,-1.4586007259547709,3.548932544277608
1789666842105035800,11.208035888671875,0.7507160759717225,-1.4086033538594842,2.9996541096687315
1789666842114987500,11.217987548828125,0.7760702974587679,-1.3939227943390606,2.4555057314246893
1789666842124938800,11.227938720703126,0.7983990336447954,-1.4438386256307363,1.986625067871809
1789666842134890800,11.237890869140625,0.9155927499175072,-1.5126289610013366,1.5986524629846215
1789666842144842800,11.2478427734375,1.0920564012825489,-1.609048769314587,1.2907429903715848
1789666842154794800,11.257794677734376,1.2522212442755698,-1.83663908906579,1.0323080350235103
1789666842164745500,11.267745361328124,1.2823141847223043,-2.229254551322758,0.8513033792279661
1789666842174697700,11.27769775390625,1.2301882761657237,-2.6428882516890764,0.7505212840519845
1789666842184649700,11.287649658203126,1.084402087137103,-3.0155159879282114,0.7056232809223234
1789666842194600700,11.2976005859375,0.8849865992516278,-3.361065455366671,0.6408374319527298
1789666842204552700,11.307552734375,0.621957009589672,-3.704225105059147,0.5681953165248036
1789666842214504700,11.317504638671876,0.2753653396219015,-3.9975463726103304,0.4690279996016994
1789666842224456700,11.327456787109375,-0.17702186976969242,-4.207380378657579,0.3548345976561308
1789666842234407700,11.33740771484375,-0.6426888319730758,-4.355873196296393,0.2079598827384412
1789666842244359700,11.347359619140626,-1.0749135433018207,-4.440418150159716,0.06694361152537166
1789666842254311700,11.357311767578125,-1.4935913753151893,-4.450063345861435,-0.02221784142376855
1789666842264262700,11.3672626953125,-1.8697370565474032,-4.356513247765601,-0.12901744332360102
1789666842274214700,11.377214599609376,-2.2726368891924618,-4.253419076254963,-0.24996406412273645
1789666842284166700,11.387166748046875,-2.681585354351997,-4.144615587186813,-0.3739808678811416
1789666842294118700,11.39711865234375,-3.0791251212686297,-4.045210041061043,-0.45785300051681693
1789666842304069600,11.407069580078126,-3.3397862282335757,-3.958905968570709,-0.544178773382306
1789666842314021600,11.417021728515625,-3.5068069284707306,-3.852567408311367,-0.6263925078190863
1789666842323973600,11.4269736328125,-3.683617785838246,-3.713927583906054,-0.6727016929209232
1789666842333925600,11.436925537109374,-3.7489924675464628,-3.569093581035733,-0.689512761664018
1789666842343876600,11.446876708984375,-3.7558097463458773,-3.4419179844528434,-0.7740257129538803
1789666842353828600,11.45682861328125,-3.855090789309144,-3.331443931823969,-0.8409447745598853
1789666842363780900,11.46678076171875,-3.948637088012695,-3.148585026463866,-0.928024215336889
1789666842373731600,11.476731689453125,-4.00938878609538,-2.847638086339831,-1.1177435079857707
1789666842383683600,11.48668359375,-4.008138493773341,-2.5095383503854274,-1.3540339976735412
1789666842393635800,11.4966357421875,-3.9452047754764554,-2.159907751113176,-1.5629846450150011
1789666842403587600,11.506587646484375,-3.715815589609742,-1.8295359790623187,-1.7562224671788513
1789666842413538800,11.516538818359376,-3.3494717559456824,-1.5038962039694188,-1.8411290939614176
1789666842423490800,11.52649072265625,-2.697559168553352,-1.2346440865308046,-1.8328290292583405
1789666842433442600,11.536442626953125,-1.7150433384418486,-1.0689876603841781,-1.8587584202848373
1789666842443394600,11.54639453125,-0.659274056071043,-0.8867445488348603,-1.9445318930298088
1789666842453345800,11.556345703125,0.4354343210250139,-0.6993941772744059,-2.095939575202018
1789666842463297500,11.566297607421875,1.473517140057683,-0.39525224050134417,-2.3043819807603954
1789666842473249800,11.576249755859376,2.2383517577528953,-0.035847850711643696,-2.4884838719189166
1789666842483200800,11.58620068359375,2.8462328957170246,0.32238428042829037,-2.770900299096107
1789666842493152500,11.596152587890625,3.378646997025609,0.7870695381179451,-3.1334196060359476
1789666842503104800,11.606104736328126,3.76388024007678,1.3202832653716206,-3.535073822534084
1789666842513056800,11.616056884765625,4.017300874394178,1.7947034428730606,-3.9543464055702087
1789666842523007700,11.6260078125,4.165847760307789,2.1097727241128683,-4.340184628777206
1789666842532959700,11.635959716796876,4.284326840215921,2.461652855877578,-4.505287220433354
1789666842542911700,11.645911865234375,4.419136292678117,2.9312022124722596,-4.527027635337412
1789666842552863500,11.655863525390625,4.48879025914073,3.3926839979454875,-4.542199485506117
1789666842562814700,11.665814697265626,4.542123789921403,3.704200847400725,-4.499848536510766
1789666842572766700,11.6757666015625,4.73019663053751,3.875264101026952,-4.164403991240262
1789666842582718700,11.68571875,5.097303265267611,4.336389035886526,-3.6060444245532155
1789666842592669700,11.695669677734376,5.6010909915506835,4.857410805565118,-3.5836417463481425
1789666842602621700,11.70562158203125,5.945429914155602,4.756797637215256,-4.395540605296194
1789666842612573700,11.71557373046875,6.371521237295866,4.053868563812971,-5.277527145949006
1789666842622525700,11.725525634765624,6.913451354968547,2.865504874680936,-5.539847126036882
1789666842632476700,11.7354765625,7.449585353583097,1.7665153131343423,-4.859443772697449
1789666842642428700,11.7454287109375,7.550286200216412,0.8641611072354018,-3.62642933319509
1789666842652380700,11.755380615234374,6.970327088400722,-0.0694679423712194,-2.4759306798160075
1789666842662332700,11.765332763671875,5.689525646328926,-0.8819988156124949,-1.529523397178948
1789666842672283600,11.77528369140625,4.236349283510446,-1.2833886820860205,-0.6358147084198892
1789666842682235600,11.785235595703124,3.033758039322495,-1.2689189888373016,-0.02908478631749749
1789666842692188000,11.79518798828125,2.059906577181816,-1.0575966439284383,-0.025249299807846546
1789666842702138600,11.805138671875,1.0192968700200318,-0.9833489199347794,-0.6236103297546506
1789666842712090600,11.815090576171874,0.15427636947631834,-0.9032973319679498,-1.0899030226409434
1789666842722043000,11.82504296875,-0.5469546678364277,-0.7429074480473995,-1.2123086283430455
1789666842731994600,11.83499462890625,-1.1257716238796711,-0.6879452931515873,-1.3906601392813025
1789666842741945900,11.84494580078125,-1.472013749757409,-0.7972358350843191,-1.4496698160022496
1789666842751897600,11.854897705078125,-1.6699837150096892,-0.993026118209958,-1.4780745111010969
1789666842761849600,11.864849609375,-1.7334002483874558,-1.1983683657959103,-1.4482082190170884
1789666842771800800,11.87480078125,-1.6507926923274994,-1.496100435526669,-1.3370549519523978
1789666842781752600,11.884752685546875,-1.5336030677080152,-1.7929370177224278,-1.1708202875263989
1789666842791704600,11.89470458984375,-1.4799275916218757,-2.1009654405400155,-1.0054124293133615
1789666842801656800,11.90465673828125,-1.4626818577885627,-2.379176232720911,-0.8391702391680329
1789666842811607600,11.914607666015625,-1.5628408526301383,-2.5344053728774187,-0.6472179998353124
1789666842821559600,11.9245595703125,-1.7666256416410206,-2.658245103035867,-0.48800749842505897
1789666842831511800,11.93451171875,-2.10564716861546,-2.7720143978178498,-0.3243817013232037
1789666842841463800,11.9444638671875,-2.498067108300328,-2.8279078422144055,-0.12278755422439426
1789666842851414800,11.954414794921876,-2.824907783615589,-2.925195081011951,0.09885299027692526
1789666842861366800,11.96436669921875,-3.0455384934872387,-2.932149430194497,0.4301351551709696
1789666842871318500,11.974318603515625,-3.2542624924659727,-2.9141522934719917,0.8894112838260829
1789666842881270500,11.9842705078125,-3.4724510698825117,-3.061149904116988,1.2243654882963746
1789666842891221500,11.994221435546875,-3.5898780103892087,-3.230149795472622,1.4837680465675889
1789666842901173500,12.004173583984375,-3.6840906640470026,-3.2786630664899943,1.7999378363952039
1789666842911125500,12.01412548828125,-3.6597973497897383,-3.236439543266594,2.1250126710817216
1789666842921076500,12.024076416015625,-3.4667508124142885,-3.166272658845782,2.4200081554554402
1789666842931028500,12.034028564453125,-3.2099802831470963,-3.1416148951902985,2.6100249697461724
1789666842940980500,12.04398046875,-2.9632793124735355,-3.092700934417546,2.7154826555177567
1789666842950932500,12.053932373046875,-2.6869863366127014,-2.957394346088171,2.86795022200644
1789666842960883500,12.063883544921875,-2.387476735815406,-2.7135692231118678,3.053310881054401
1789666842970835500,12.07383544921875,-2.140827787590027,-2.4080694419890643,3.233524824863672
1789666842980787500,12.083787353515625,-1.9857529612123965,-1.9315631058633327,3.4130139615297317
1789666842990739500,12.093739501953126,-1.8856284531623124,-1.3998232505545019,3.5768025479778647
1789666843000690400,12.1036904296875,-1.9002718955427407,-0.844433639588952,3.7221614515051242
1789666843010642400,12.113642333984375,-2.0405694240272045,-0.21669980016350746,3.9993192275017497
1789666843020594400,12.123594482421876,-2.0295523554503916,0.5558940533563494,4.360157157225907
1789666843030545400,12.13354541015625,-1.7599895646274089,1.2772116008862853,4.528567850516736
1789666843040497700,12.14349755859375,-1.0583896940022706,1.8956322530433534,4.580736429171264
1789666843050449400,12.153449462890626,-0.1297574297696352,2.3850606145843862,4.550941594888269
1789666843060401400,12.1634013671875,0.9001151948004961,2.6716978743270037,4.38339803982079
1789666843070352600,12.1733525390625,1.9629910943061113,2.9120787020683285,4.23406731005311
1789666843080304400,12.183304443359376,2.975801524916291,3.1459839040547606,4.315275520709156
1789666843090256400,12.19325634765625,3.966403630849719,3.188318778698146,4.373602329732478
1789666843100208600,12.203208740234375,4.725511687591672,3.058117404553294,4.361474377304315
1789666843110159400,12.213159423828126,5.240649659928679,2.9128344888716935,4.392374834741652
1789666843120111400,12.223111328125,5.583418556737899,2.857873356889188,4.4353880470380185
1789666843130063600,12.233063720703125,5.817813003545999,2.845006861053407,4.445946850453317
1789666843140014300,12.243014404296876,6.072772683998942,2.712449863693118,4.274024641910195
1789666843149966600,12.252966552734375,6.189988612103462,2.5637729216590524,3.982054204446077
1789666843159918600,12.262918701171875,6.171375097048283,2.3989072074986995,3.711730950644612
1789666843169870300,12.272870361328126,6.081404318743944,2.1855535028927027,3.453821188214421
1789666843179821600,12.282821533203125,5.980774783781171,1.939751673015952,3.1533950570940967
1789666843189773600,12.292773681640625,5.819920789480209,1.6003740260802208,2.928015106868744
1789666843199725300,12.302725341796876,5.569921946305036,1.1310063096627592,2.824073963139951
1789666843209677600,12.312677490234375,5.084553089287877,0.6005779753439128,2.751307709875703
1789666843219628500,12.322628662109375,4.330036451989412,0.12548778962641954,2.7739906663268803
1789666843229580300,12.332580322265626,3.3838305371433495,-0.23700243734940885,2.887495757214725
1789666843239532500,12.342532470703125,2.3952619828641413,-0.44556379311233757,2.9173326770737766
1789666843249483500,12.3524833984375,1.4098691360116005,-0.5420502369210124,2.796831735949218
1789666843259435500,12.362435546875,0.5752244845092296,-0.48706192467063664,2.555938867032528
1789666843269387500,12.372387451171875,0.028820436292886734,-0.4541533422812819,2.2371035112574695
1789666843279339500,12.382339599609375,-0.27094109343886374,-0.46649201485067604,1.8505211916849016
1789666843289290500,12.39229052734375,-0.36185587459504603,-0.4908469961673021,1.4935054505974052
1789666843299242500,12.402242431640625,-0.35379824034571644,-0.5605617529064416,1.1502728087339549
1789666843309194500,12.412194580078125,-0.30632863316237924,-0.6489248037531972,0.8331448413986712
1789666843319146500,12.422146484375,-0.30297347751557824,-0.8033370745688676,0.5636974936489015
1789666843329097500,12.432097412109375,-0.4016273284912109,-1.0382800951704383,0.3814840100528672
1789666843339049500,12.442049560546875,-0.4817378070384264,-1.3011395889624953,0.24374844101089982
1789666843349001500,12.45200146484375,-0.43848377172350883,-1.609872945179045,0.12617460284680126
1789666843358952400,12.461952392578125,-0.3467529980093241,-1.9428712663412093,0.007874240506440401
1789666843368904700,12.47190478515625,-0.29377134940624233,-2.2780884325966237,-0.051589025200903416
1789666843378856400,12.4818564453125,-0.3333224385499954,-2.5974811299934983,0.002941533344611525
1789666843388808400,12.491808349609375,-0.5765186159729957,-2.825715300606191,0.08098948987144976
1789666843398759400,12.501759521484376,-1.0344377405285834,-3.052619099397957,0.1891997988194227
1789666843408711400,12.51171142578125,-1.5714005911827087,-3.260750977702439,0.26121172658503056
1789666843418663400,12.521663330078125,-2.0877409250468015,-3.3629090374067423,0.2401412468317896
1789666843428614400,12.531614501953126,-2.5525784506887197,-3.3844445773884653,0.1808840616231784
1789666843438566400,12.54156640625,-2.9317104542553425,-3.3237340880990027,0.09360876948051154
1789666843448518400,12.551518310546875,-3.2123049267023798,-3.1860055333197117,0.02297583845052868
1789666843458470700,12.561470703125,-3.421045876815915,-3.048051937612891,-0.01195237666554749
1789666843468421400,12.57142138671875,-3.5937744333058594,-2.8922315535649656,-0.0516962849676609
1789666843478373600,12.58137353515625,-3.775674722766876,-2.7193440071210264,-0.015845876972749827
1789666843488325600,12.59132568359375,-3.9885657782971857,-2.516881406624615,-0.01985131322182715
1789666843498277400,12.60127734375,-4.204985007953644,-2.341587675821781,-0.10638656411953269
1789666843508228600,12.611228515625,-4.326042998439073,-2.111513430300355,-0.0768500885117799
1789666843518180400,12.621180419921876,-4.412321351966262,-1.926455845852196,-0.07162066342569887
1789666843528132400,12.63113232421875,-4.466144127568603,-1.825469460275769,-0.17077435368224977
1789666843538083600,12.64108349609375,-4.37422279971838,-1.6823159578382967,-0.1846665393039584
1789666843548035300,12.651035400390626,-4.116024867996574,-1.5615250938564538,-0.191425585110113
1789666843557987300,12.6609873046875,-3.5808290270149707,-1.5352566801339387,-0.14028934517800806
1789666843567939600,12.670939697265625,-2.8460329892307517,-1.5231059313520787,-0.04333718355372548
1789666843577890300,12.680890380859376,-2.21779061576128,-1.5755863524347542,0.05633490455374121
1789666843587842600,12.690842529296875,-1.7369032880723476,-1.6842539401635526,0.10869462186619638
1789666843597794600,12.700794677734375,-1.4772043041378258,-1.706295676101744,0.15457396418340502
1789666843607746300,12.710746337890624,-1.3412982886105775,-1.6294178958654402,0.13811412003077567
1789666843617697500,12.720697509765625,-1.2648054160386324,-1.5048571579560637,0.10857070322558283
1789666843627649500,12.7306494140625,-1.1471183632910251,-1.330761989288032,0.08120492272041738
1789666843637601300,12.740601318359374,-0.860877409389615,-1.228937983843684,0.05664272839389741
1789666843647553500,12.750553466796875,-0.49766018331348894,-1.2420271825194358,-0.0022668489534407852
1789666843657504500,12.76050439453125,-0.01613455772101879,-1.3190277123525738,-0.019711247164011
1789666843667456500,12.77045654296875,0.5161901117384433,-1.3960086607024074,-0.01031980702765286
1789666843677408500,12.780408447265625,1.0178045856356621,-1.5321782956019043,-0.004563800784200429
1789666843687359500,12.790359375,1.6096061109364033,-1.6348036805570125,0.09251520209014415
1789666843697311500,12.8003115234375,2.1019243487000465,-1.6522575041830538,0.26281843112930653
1789666843707263500,12.810263427734375,2.349332006338239,-1.5783073018312452,0.3579346094980836
1789666843717215500,12.820215576171876,2.2945570445775982,-1.3372846690550446,0.1737941398948431
1789666843727166500,12.83016650390625,2.139322059202194,-0.8847615583240985,-0.2928713318265974
1789666843737118500,12.840118408203125,2.3130483945578337,-0.40684360183477397,-0.8917378270775079
1789666843747070500,12.850070556640626,2.912848517397046,-0.12934870283827185,-1.4781312097243964
1789666843757021400,12.860021484375,3.907605404922366,-0.04731032496839761,-1.8967922367334364
1789666843766973400,12.869973388671875,5.21437014029026,-0.17641776639670131,-2.116118001486361
1789666843776925400,12.879925537109376,6.445328231784701,-0.4553181482769549,-2.139970878499746
1789666843786877400,12.88987744140625,7.4303469846278425,-0.7344722857225686,-2.0672651232510804
1789666843796828400,12.899828369140625,7.989708129572868,-0.8765861429139972,-2.001023449449986
1789666843806780700,12.90978076171875,8.105977132216095,-0.8686961203165352,-1.9295020816802977
1789666843816732400,12.919732421875,7.7850722766906015,-0.7726290709637105,-1.9841469873204827
1789666843826684400,12.929684326171875,6.925231809133291,-0.644064065849036,-2.1998082382164896
1789666843836635600,12.9396357421875,5.686202054864168,-0.3976521412499249,-2.4744372263878582
1789666843846587400,12.94958740234375,4.260483607813716,0.028582024427130818,-2.829872712546587
1789666843856539400,12.959539306640625,2.900272528940439,0.46890755155980585,-3.3693767721161243
1789666843866490400,12.969490478515626,1.7814695750296115,0.8336338670246303,-3.893412628918886
1789666843876442400,12.9794423828125,0.9560434182494878,1.1340953617192804,-4.295106592905521
1789666843886394600,12.98939453125,0.4811807576775551,1.3123141861885785,-4.592991222849488
1789666843896347600,12.99934765625,0.3443897760093212,1.3446888078317045,-4.710655771504342
1789666843906299000,13.009298828125,0.4711363335251808,1.310383218125999,-4.479132496218383
1789666843916250600,13.019250732421876,0.5812205100536346,1.1076159355945885,-4.082768495082855
1789666843926203000,13.029202880859375,0.49786535049676894,0.7789997750394045,-3.712641051226854
1789666843936155000,13.03915478515625,0.1523445246309042,0.5012175104688853,-3.3446260694801806
1789666843946105600,13.049105712890626,-0.31273265498578545,0.29679931892529127,-3.0370553273022174
1789666843956057900,13.059057861328125,-0.8407780396908521,0.14263868478313088,-2.8449142143338917
1789666843966009900,13.069009765625,-1.4157120168209074,0.06449424561187625,-2.723779651480913
1789666843975960800,13.0789609375,-1.9743255582690238,0.028680443300306797,-2.6173727021604773
1789666843985912800,13.088912841796875,-2.430804420888424,0.020149930842220783,-2.415379765002429
1789666843995864800,13.09886474609375,-2.7119857533127067,0.045272097139060496,-2.170598071953654
1789666844005816600,13.108816650390626,-2.861055786317587,0.046708705813437695,-1.9672920063704251
1789666844015767800,13.118767822265625,-3.007864888653159,0.02871536848321557,-1.801947276521474
1789666844025719800,13.1287197265625,-3.0677059016317125,0.0003121346890926361,-1.6696299331359565
1789666844035671800,13.138671875,-3.0645716952592132,0.07471607215777039,-1.5119320647783576
1789666844045622800,13.148622802734375,-3.0339550231993195,0.1935560943327844,-1.3696962617076933
1789666844055574800,13.15857470703125,-2.9825632741361856,0.3206115716673434,-1.2628656801477074
1789666844065526800,13.16852685546875,-2.938846882006526,0.3998179409816861,-1.0976656194664538
1789666844075478800,13.178478759765625,-2.8315876997709273,0.49230391697734593,-0.8747869845375418
1789666844085430000,13.188429931640625,-2.678658068728447,0.6260330268569291,-0.6237953309327363
1789666844095381800,13.1983818359375,-2.4694746355444193,0.745654554798454,-0.3152766403801739
1789666844105333800,13.208333740234375,-2.2400877877652645,0.8423487961389123,0.10477247998639941
1789666844115285800,13.21828564453125,-1.94260881601274,0.9223033534720539,0.5510090577937662
1789666844125236700,13.22823681640625,-1.5316256301552056,1.0818616088740527,0.986079440877214
1789666844135188700,13.238188720703125,-1.0341197606205939,1.2068287356272338,1.369910342849791
1789666844145141000,13.24814111328125,-0.5770464392393827,1.2801429781630635,1.6541607074558733
1789666844155091700,13.258091796875,-0.22692016540467738,1.3658525918915867,1.8474010138377546
1789666844165043700,13.268043701171875,0.009717676416039467,1.5007427083745597,2.0021794876173136
1789666844174996000,13.277995849609376,0.18973112921714783,1.6859579676024614,2.0389245794296262
1789666844184947700,13.28794775390625,0.3519675177872181,1.931147656930238,1.980053434396535
1789666844194899000,13.29789892578125,0.686497578561306,2.161948609291017,1.8653972737774251
1789666844204851000,13.307850830078126,1.1157143402457237,2.280655944997072,1.7202055435106158
1789666844214802700,13.317802734375,1.6720891628563403,2.3626985606506468,1.6625731464922426
1789666844224754700,13.327754638671875,2.3658237069338557,2.377255786052346,1.813656857407093
1789666844234706000,13.337705810546876,3.0333827762693164,2.235273080959916,2.140941477097571
1789666844244657700,13.34765771484375,3.5695828258574007,1.936052087845653,2.5013468606233595
1789666844254610000,13.35760986328125,3.9199101752221583,1.659318236349523,2.8606352228179572
1789666844264560600,13.367560546875,4.1390702280193565,1.4839223603464662,3.2412153793662783
1789666844274512600,13.3775126953125,4.37336472158432,1.339190941067785,3.508383968529105
1789666844284465000,13.38746484375,4.634195339897275,1.1405771249540149,3.6098914553701875
1789666844294417000,13.3974169921875,4.7542760097831485,0.8898165036261081,3.5666663538888095
1789666844304367900,13.407367919921874,4.726562657949328,0.6719165338926016,3.4375501446321604
1789666844314320000,13.41731982421875,4.585803357172012,0.45925928711816666,3.1514015451893207
1789666844324271900,13.42727197265625,4.466161663225293,0.25665713202059265,2.663728210622072
1789666844334222800,13.437222900390625,4.314887982696295,0.08462474110126494,2.208207379379868
1789666844344174800,13.4471748046875,4.239641895315051,-0.13101269052773715,1.825350510071218
1789666844354126600,13.457126708984376,4.142099220451712,-0.35982816815972324,1.57827500699684
1789666844364078800,13.467078857421875,3.793125039261579,-0.618141250693798,1.5107608290418981
1789666844374029800,13.47702978515625,3.242660901999473,-0.8609291395768522,1.566515741750598
1789666844383981800,13.48698193359375,2.4977058737725018,-1.057603804321587,1.624503820338845
1789666844393933800,13.496933837890625,1.7048311565071343,-1.201914367839694,1.6949394386984407
1789666844403885800,13.5068857421875,0.9951315660566091,-1.2993451067611574,1.650437010757625
1789666844413836800,13.5168369140625,0.42215164560377594,-1.3329264738455413,1.5208544991634785
1789666844423788800,13.526788818359375,-0.017218261304497717,-1.3881307669341563,1.3169370236836373
1789666844433740800,13.53674072265625,-0.38379590372443195,-1.461625626733899,1.0857882077332586
1789666844443691800,13.54669189453125,-0.7219061610728502,-1.5313231400772929,0.8351160684064031
1789666844453643800,13.556643798828125,-0.9862924260407686,-1.6385723854407668,0.6204534000936895
1789666844463595800,13.566595703125,-1.2759908269196747,-1.7488970927268266,0.41997568980418143
1789666844473547800,13.5765478515625,-1.5767197403788566,-1.888126407457888,0.20045822013774886
1789666844483498800,13.586498779296875,-1.770901419264078,-1.9965441120788454,0.014191899220645426
1789666844493451000,13.596450927734375,-1.9042051433384417,-2.085228942225873,-0.10352744836136699
1789666844503402800,13.60640283203125,-2.0066005189299583,-2.1288751917287705,-0.09227410507695749
1789666844513353700,13.616353759765625,-2.007628692933917,-2.148210883578658,-0.0038830519784241913
1789666844523306000,13.626305908203125,-1.991567200449109,-2.11104727409333,0.11250064481934532
1789666844533257700,13.6362578125,-1.9671260021537542,-2.065784529304504,0.1927773467789404
1789666844543209700,13.646209716796875,-1.9896663352638482,-1.9971692582398652,0.25613427719026804
1789666844553161000,13.656160888671875,-2.107887641018629,-1.8973650681853294,0.3246918997835368
1789666844563112700,13.66611279296875,-2.270486433160305,-1.7530688254535196,0.4022399804968387
1789666844573064700,13.676064697265625,-2.4540496873974798,-1.5567662088915706,0.4909149103043601
1789666844583017000,13.686016845703126,-2.670245045170188,-1.3434154268950222,0.5610270323306322
1789666844592967700,13.6959677734375,-2.881137620359659,-1.1231509199872611,0.5709330709256232
1789666844602920000,13.705919921875,-3.082660894179344,-0.9471718372687696,0.6175795251578092
1789666844612872000,13.715871826171876,-3.2372353698194023,-0.8053919612720608,0.5921588143058121
1789666844622822700,13.72582275390625,-3.356068669992685,-0.6944257412120699,0.5464096742395311
1789666844632775000,13.73577490234375,-3.4058699349939823,-0.5544453158527612,0.4810418606635183
1789666844642727000,13.745726806640626,-3.3798996274352073,-0.44681525447815656,0.4815738121157512
1789666844652678700,13.7556787109375,-3.2361165949225423,-0.36981735499352214,0.4885032460527494
1789666844662630000,13.7656298828125,-3.0091496677666902,-0.2970052167609334,0.4795183408906683
1789666844672582000,13.775581787109376,-2.772359850254655,-0.2704796134069562,0.4758700475161895
1789666844682533600,13.78553369140625,-2.5083687220841644,-0.28688188215345145,0.44930517159774896
1789666844692486000,13.79548583984375,-2.2235417266339064,-0.3560249764844775,0.3989457977896556
1789666844702436900,13.805436767578126,-1.9703180761933325,-0.42671909964978694,0.29949928033268075
1789666844712388900,13.815388916015625,-1.6113848110467195,-0.455652640928328,0.23959756840914487
1789666844722340900,13.8253408203125,-1.2438912228256462,-0.42972734155505893,0.2566806407603435
1789666844732291600,13.83529150390625,-0.9018319355905056,-0.44083384198099373,0.21179613643307238
1789666844742243800,13.845243896484375,-0.6377139661699534,-0.5493704968065023,0.14479500430049375
1789666844752195800,13.85519580078125,-0.5624439133912325,-0.6775181532919407,0.05495859753212425
1789666844762147800,13.86514794921875,-0.5347551114767789,-0.7343503398433328,-0.0647697928839363
1789666844772098800,13.875098876953125,-0.37782793523073194,-0.7726832853689789,-0.2921800250941887
1789666844782050800,13.88505078125,0.05331950225532055,-0.8675605404153466,-0.6123110832355916
1789666844792002800,13.8950029296875,0.6675999858677387,-1.0180655746594072,-0.8851048918690532
1789666844801953800,13.904953857421875,1.4353075286507606,-1.2158557994306087,-1.0488210706681012
1789666844811905800,13.91490576171875,2.1717460729449987,-1.4653162979453802,-1.0963641814790666
1789666844821858000,13.924858154296874,2.6349919454813002,-1.702763118061423,-1.1107654856666922
1789666844831809800,13.934809814453125,2.635883925884962,-1.912300479249656,-1.1182201855868101
1789666844841760800,13.9447607421875,2.389630114457011,-2.044520499740541,-1.1202473805654793
1789666844851712800,13.954712646484374,2.0761399191021916,-1.9250915717616677,-1.1471863139607013
1789666844861664800,13.964664794921875,1.6981126619070768,-1.5205284820795057,-1.1962683247767387
1789666844871616800,13.97461669921875,1.4991969402372836,-1.1453259269163012,-1.3348876909159124
1789666844881567700,13.984567626953124,1.4728075304836035,-0.9601377018257975,-1.585746658051759
1789666844891518700,13.994518798828125,1.6951906369805334,-0.8350000408113002,-1.9427832957968114
1789666844901471000,14.004470947265625,2.2784482058197257,-0.7673629671290516,-2.229747011014819
1789666844911422000,14.014421875,3.352732803568244,-0.7966308549284935,-2.4799177036255595
1789666844921374000,14.0243740234375,4.548486895212531,-0.9258043473303318,-2.5924972041010856
1789666844931326000,14.034325927734375,5.485456195157766,-1.2474381016522644,-2.7506539221420883
1789666844941278000,14.04427783203125,6.03622253023684,-1.4319102874279022,-2.676492415127158
1789666844951229000,14.05422900390625,5.971185702180862,-1.4675930107057094,-2.437240006893873
1789666844961181000,14.064180908203125,5.162204484245181,-1.4103516588315368,-2.1787752409294248
1789666844971133000,14.0741328125,3.7414188174217937,-1.2754805393099784,-1.949497260352224
1789666844981084000,14.084083984375,2.177237656098604,-0.9618439212217926,-1.820336335171014
1789666844991036000,14.094035888671876,0.6843026988655329,-0.5418854017481207,-1.9140859013617038
1789666845000988000,14.10398779296875,-0.546463669449091,-0.20225100357234477,-2.1501777997374534
1789666845010940000,14.11393994140625,-1.4004285229712723,0.09650368720442055,-2.351009584161639
1789666845020891000,14.123890869140626,-1.9029916758954524,0.37299510824680326,-2.4530454787909983
1789666845030843100,14.133843017578124,-2.06795661264658,0.48941754788607356,-2.4346660647526384
1789666845040795000,14.143794921875,-1.8876736952543258,0.4422124368578195,-2.2414956087365745
1789666845050747000,14.153746826171876,-1.5043103377282618,0.23063830914497374,-1.9855220750659703
1789666845060698000,14.163697998046874,-1.214605507108569,-0.10776800854057073,-1.7062388313479722
1789666845070649900,14.17364990234375,-1.1492413467943667,-0.4082698352456093,-1.432738554945588
1789666845080601900,14.183601806640626,-1.3314409114629029,-0.5946922783061862,-1.0532624871816485
1789666845090553000,14.193552978515624,-1.7614619752675293,-0.7365852592885493,-0.7277648239731789
1789666845100504800,14.2035048828125,-2.3285750495135784,-0.8609227098360657,-0.5294622657656669
1789666845110456800,14.213456787109376,-2.973914103734493,-0.8876014579251408,-0.4058055640239268
1789666845120409000,14.2234091796875,-3.544244386461377,-0.836770557615161,-0.31166166475340723
1789666845130359800,14.23335986328125,-3.9760581789016722,-0.7403115863353014,-0.29468619922883804
1789666845140312000,14.24331201171875,-4.315480103370547,-0.6398442561969161,-0.33304533864166586
1789666845150264000,14.25326416015625,-4.550450888761878,-0.5884726731389761,-0.3777021899592131
1789666845160214800,14.26321484375,-4.642982457464933,-0.5215618679046631,-0.4294807098502293
1789666845170167000,14.2731669921875,-4.618841118898987,-0.39538229662179947,-0.4714483951490372
1789666845180119000,14.283119140625,-4.500438026836514,-0.2856865348890424,-0.4633540090858936
1789666845190070800,14.29307080078125,-4.385650202661752,-0.15029665219038724,-0.3635651992635801
1789666845200022000,14.30302197265625,-4.152666791695356,0.07407119838297367,-0.24458573208525775
1789666845209974000,14.31297412109375,-3.9684821906894445,0.2682669057935476,-0.15650365360435098
1789666845219925800,14.32292578125,-3.8539141467452045,0.4358750505298376,-0.11472648590896278
1789666845229878000,14.3328779296875,-3.5935651744693518,0.5757669208228587,-0.052686099722608924
1789666845239828700,14.342828857421875,-3.1844583038777112,0.7458098914906383,0.03350278085626196
1789666845249781000,14.352781005859375,-2.660522692579031,0.932902196636796,0.09702024015812202
1789666845259733000,14.36273291015625,-2.071053409618139,1.1045483647175132,0.16944213696410879
1789666845269683700,14.37268359375,-1.4595961667329072,1.284081632786244,0.3965437416166067
1789666845279636000,14.382635986328125,-0.9179927967965602,1.4640272810481487,0.7553723773449659
1789666845289588000,14.392587890625,-0.5357891306996345,1.6256676034212112,1.1337180528394877
1789666845299540000,14.4025400390625,-0.18885726899206637,1.7969054829619824,1.4799465885832905
1789666845309491000,14.412490966796875,0.043351065948605536,1.907317430140078,1.7659269918523728
1789666845319443000,14.42244287109375,0.22706629587709903,1.9363193604797124,2.00898902150169
1789666845329395000,14.43239501953125,0.549322566011548,1.954776223668456,2.243067095836997
1789666845339347000,14.442346923828126,1.1879793659895659,2.0516073892615734,2.394950724957883
1789666845349298000,14.4522978515625,2.0983400604724882,2.2113798719361424,2.4874700187012553
1789666845359250000,14.46225,3.2615082258105277,2.2871625504121185,2.505266372154653
1789666845369202000,14.472201904296876,4.446208423998952,2.2531413306057453,2.497641868625581
1789666845379153000,14.48215283203125,5.597859754544496,2.2259413351215422,2.463428048856556
1789666845389105000,14.49210498046875,6.474638497421145,2.1563000820100306,2.419936113132536
1789666845399057000,14.502056884765626,6.94313805270195,1.9949987823329864,2.365128272015601
1789666845409009000,14.5120087890625,7.0932497037142515,1.864556439039111,2.386836392085254
1789666845418960000,14.5219599609375,6.941206792378425,1.822494097726792,2.4348512120611963
1789666845428911900,14.531911865234376,6.608109979277849,1.7746756771057843,2.2624805290982124
1789666845438864000,14.54186376953125,6.275934957197308,1.6298102561838923,2.0000705326393247
1789666845448814800,14.55181494140625,6.047364686498046,1.4701236982271075,1.8145374396339058
1789666845458766800,14.561766845703126,5.9478790608733885,1.289271164253354,1.6459344386413692
1789666845468719000,14.571718994140625,5.836777231734991,1.0177475947514176,1.5001846361003814
1789666845478670800,14.5816708984375,5.555971746885776,0.8000771959900855,1.3558134284362195
1789666845488621800,14.591621826171876,5.0628714188337325,0.625714170166105,1.235209173067659
1789666845498574000,14.601573974609375,4.44317066373825,0.4724136599846184,0.9961267876390367
1789666845508525800,14.61152587890625,3.7227410049587486,0.24999869704470037,0.7163493306633084
1789666845518477800,14.621477783203124,2.854117511487007,0.05016396083384752,0.5134875017162412
1789666845528429000,14.631428955078125,2.1340952644646167,-0.03973126801624894,0.6061335271118209
1789666845538380800,14.641380859375,1.4250345564395188,-0.15801993991881608,0.7642880897283554
1789666845548333000,14.6513330078125,0.8351917639911174,-0.2924700575493276,0.8665084740791469
1789666845558284000,14.661283935546875,0.38351474869549274,-0.3695180797860026,0.8226233743190765
1789666845568235800,14.67123583984375,0.1195616144478321,-0.37323198574259875,0.6401094830043613
1789666845578188000,14.68118798828125,-0.056176060730218885,-0.39511239363923667,0.39230716349277645
1789666845588140000,14.69114013671875,-0.0802396578848362,-0.49444399774596093,0.14852741402816028
1789666845598091000,14.701091064453125,-0.033595980131626124,-0.6456400829941034,-0.03213798160934821
1789666845608043000,14.71104296875,0.01238660336434841,-0.8611755155533551,-0.08885677091414108
1789666845617995000,14.7209951171875,0.023141221612691876,-1.1533099114075303,-0.2351834417613223
1789666845627946000,14.730946044921875,-0.006786883661150932,-1.4863751603260635,-0.35220048629287626
1789666845637898000,14.74089794921875,-0.1361275493234396,-1.7432891897171734,-0.3889410845931619
1789666845647850000,14.75085009765625,-0.3550286589235067,-2.0333856500029563,-0.35009277342390266
1789666845657802000,14.760802001953126,-0.6224316413640976,-2.327715510074794,-0.28939971019327637
1789666845667753000,14.7707529296875,-0.8804314201653003,-2.554922675727308,-0.22447803294956684
1789666845677705000,14.780705078125,-1.2400567592293024,-2.758789590063691,-0.15172566208019853
1789666845687657000,14.790656982421876,-1.7560329359561204,-2.9490026575788852,-0.12994396531768143
1789666845697609000,14.80060888671875,-2.4345067825376985,-3.016128274607658,-0.14785627330094575
1789666845707560000,14.810559814453125,-3.18401289819777,-2.9658339653924104,-0.2473362729024142
1789666845717512000,14.820511962890626,-3.815997965326905,-2.8489260803237557,-0.3669889996998012
1789666845727464000,14.8304638671875,-4.29978978228569,-2.720276611796021,-0.5012687291994691
1789666845737415000,14.840414794921875,-4.610474272570014,-2.637671978345513,-0.6014485841659829
1789666845747367000,14.850366943359376,-4.751842645156383,-2.5612118389993905,-0.6615950463645159
1789666845757319000,14.86031884765625,-4.80871253336966,-2.523592010179162,-0.639241541063413
1789666845767271200,14.870271240234375,-4.8574458768785,-2.4512527501553296,-0.5659079727726057
1789666845777222000,14.880221923828126,-4.89974363438189,-2.379695580419898,-0.44690366341397164
1789666845787174000,14.890173828125,-4.98820108551383,-2.3084160585820674,-0.37999293124489486
1789666845797126000,14.9001259765625,-5.126637496301531,-2.2332485893949867,-0.376685998653993
1789666845807078000,14.910077880859374,-5.277064789134264,-2.1630349432229994,-0.3764814525252208
1789666845817029000,14.920029052734375,-5.350846064659953,-2.0392636021256445,-0.3805507112581283
1789666845826980900,14.92998095703125,-5.211794152322411,-1.8440777146339415,-0.4415797284448519
1789666845836932900,14.939932861328124,-4.799668810692429,-1.7708377063781022,-0.5523791040379554
1789666845846884000,14.949884033203125,-4.405305920246243,-1.8132491533890365,-0.42243232570867983
1789666845856835800,14.9598359375,-3.866488966158032,-1.6628592699572442,0.053813112724851814
1789666845866787800,14.969787841796874,-3.2567917186826465,-1.5138959121972322,0.3380004768310115
1789666845876740000,14.979739990234375,-2.6816391303658484,-1.458919582645595,0.23536223239433018
1789666845886690800,14.98969091796875,-1.9506927537471055,-1.4570187174603342,0.060584122963435946
1789666845896642600,14.999642578125,-1.0413210703015328,-1.4530740714877843,-0.08149996014423667
1789666845906594600,15.009594482421875,-0.09796996036469936,-1.335463591107726,-0.3380265245877206
1789666845916545500,15.019545654296875,0.9848749604582786,-0.9916874169521033,-0.3814906224567443
1789666845926497500,15.02949755859375,1.755442568847537,-0.6485843197524547,-0.28500658980086446
1789666845936449500,15.039449462890625,2.5111943008989095,-0.612718787253648,-0.47394320763945574
1789666845946401500,15.049401611328125,3.279170723751187,-0.6803909322492778,-0.6530060817174613
1789666845956352500,15.0593525390625,3.887741013023257,-0.6961727310098708,-0.715999494312331
1789666845966304500,15.069304443359375,4.229109395384788,-0.7071433300964534,-0.5718263665035367
1789666845976256500,15.079256591796875,4.36176371563971,-0.7106620057418942,-0.3733632109068334
1789666845986208800,15.089208740234374,4.343842859023809,-0.6464370785906911,-0.19370551274083553
1789666845996159500,15.099159423828125,4.247438248279691,-0.44386984867602586,-0.11355813624933361
1789666846006111700,15.10911181640625,4.20540177206099,-0.09131868578195572,-0.2037796744443476
1789666846016063500,15.1190634765625,4.223640608584881,0.39025238638743753,-0.6699399731226265
1789666846026014500,15.129014404296875,4.508846958741546,0.5734747182324529,-1.3256731417164205
1789666846035966700,15.138966796875,5.328492194032669,0.42695144710093735,-1.6978619020164012
1789666846045918500,15.14891845703125,6.602295155519247,0.23367701925374565,-1.9461422508358954
1789666846055870500,15.158870361328125,7.9203189515262835,-0.07451583687793463,-1.9632855472080408
1789666846065821700,15.16882177734375,8.64402251740992,-0.40717670624665914,-1.775073444251716
1789666846075773400,15.1787734375,8.412341421213746,-0.7063949228819459,-1.5294801425591111
1789666846085725400,15.188725341796875,7.245369187417626,-0.8742432330496609,-1.202836962577328
1789666846095676700,15.1986767578125,5.473752313360571,-0.8001789758641272,-0.9103446931961924
1789666846105628400,15.20862841796875,3.670781100618839,-0.5491770931262523,-0.8019300573151558
1789666846115580700,15.21858056640625,1.892307784795761,-0.19296492350660263,-1.009425902738422
1789666846125532700,15.22853271484375,0.2502975338608026,0.1683245859099552,-1.4493424837440252
1789666846135483400,15.2384833984375,-1.2074714174449444,0.7004419327616691,-1.9446207403570412
1789666846145435600,15.248435546875,-2.2798095573008057,1.4030655934765934,-2.3783288221113383
1789666846155387600,15.2583876953125,-2.8912597859233617,1.937123662599921,-2.7910490608945486
1789666846165339400,15.26833935546875,-3.100372491958737,2.241291902858019,-3.22380218001157
1789666846175290600,15.27829052734375,-2.9714269630938768,2.2605146358527244,-3.563272912058234
1789666846185242600,15.28824267578125,-2.407101473739743,2.070098154719919,-3.638951837898791
1789666846195194400,15.2981943359375,-1.5747621765702962,1.6035364356338977,-3.4165725307941437
1789666846205145600,15.3081455078125,-0.7688795091718434,0.8910057134106755,-3.042654462483525
1789666846215097600,15.31809765625,-0.08967734831571579,0.21521197275854645,-2.4694436558842656
1789666846225049600,15.328049560546875,0.4131301347583532,-0.3327074484568089,-1.7998001814901827
1789666846235001600,15.338001708984375,0.5791448728233576,-0.7448232185408472,-1.2455253998987377
1789666846244952600,15.34795263671875,0.3073889558702707,-1.080480237518251,-0.8579229434981942
1789666846254904600,15.357904541015625,-0.24916589948236942,-1.2727046448558568,-0.6339697381403296
1789666846264856600,15.367856689453125,-1.0204933863282204,-1.2391112950727343,-0.49445590737946327
1789666846274807600,15.3778076171875,-1.8646897100299595,-1.0902661568649112,-0.4030301079612225
1789666846284759600,15.387759521484375,-2.5453192733407017,-1.016444987720251,-0.4068320940600708
1789666846294711600,15.397711669921875,-3.0530466771602627,-0.9851758431009948,-0.4346141272159293
1789666846304663600,15.40766357421875,-3.367852046766877,-0.8649559108749032,-0.37792039928715676
1789666846314614500,15.417614501953125,-3.4956302854180334,-0.7930066730819642,-0.3338718891263008
1789666846324566500,15.42756640625,-3.579597439393401,-0.8502773971810936,-0.36017186703085896
1789666846334518800,15.437518798828124,-3.607207330852747,-0.8605660053528845,-0.3140845079861581
1789666846344470500,15.447470458984375,-3.549429095622897,-0.7587697646982967,-0.19685502628032117
1789666846354421500,15.45742138671875,-3.5414182231247424,-0.7127297519266605,-0.15539960135258735
1789666846364373500,15.46737353515625,-3.467745668670535,-0.7306513391949236,0.04783829436525702
1789666846374325500,15.477325439453125,-3.386613445860147,-0.6833264011792838,0.3127639634395018
1789666846384276700,15.48727685546875,-3.275387113559246,-0.6186020000733434,0.5182040819093585
1789666846394228500,15.497228515625,-3.1883155638277527,-0.600087999869883,0.8596795048419386
1789666846404180500,15.507180419921875,-3.014574615424871,-0.49098362815901636,1.288789810477197
1789666846414132500,15.517132568359376,-2.7279543068170544,-0.29856355211883784,1.5260571823731064
1789666846424083500,15.52708349609375,-2.473341247844696,-0.12469576246589421,1.695702678155899
1789666846434035500,15.537035400390625,-2.1100889504551885,0.06107581547051668,1.976454971513152
1789666846443987700,15.54698779296875,-1.7725719828248023,0.2444584524437785,2.1029013770386578
1789666846453938400,15.5569384765625,-1.5207383254379032,0.49694925856515765,2.137152021686733
1789666846463890400,15.566890380859375,-1.1289724657475948,0.7468556011512875,2.177780384673178
1789666846473842700,15.5768427734375,-0.4080500550150871,0.8939788840025663,2.1770713596209883
1789666846483794400,15.58679443359375,0.47950785602927204,1.0563032431170343,2.093326762355119
1789666846493745700,15.59674560546875,1.512681860232353,1.2461593138881026,2.058764567539841
1789666846503697700,15.60669775390625,2.749700859200954,1.3772471154786645,2.138962578240037
1789666846513649400,15.6166494140625,3.9021190824657674,1.3309719787769019,2.3778880926065145
1789666846523600600,15.6266005859375,4.901436994296312,1.2193787128597497,2.6365228083103895
1789666846533552600,15.636552734375,5.764540847563743,1.186868043746799,2.805795379127562
1789666846543504400,15.64650439453125,6.28954554939866,1.2145884098432957,2.8450971696853635
1789666846553456600,15.65645654296875,6.455733305943012,1.353048932158947,2.599689745953679
1789666846563407600,15.66640771484375,6.3572939745008945,1.4993534459732472,2.161712608578056
1789666846573359600,15.676359619140625,6.251310803550481,1.5510086682781576,1.9589865348398685
1789666846583311600,15.6863115234375,6.34678427092433,1.4193337144494056,1.8371597519390284
1789666846593263600,15.696263671875,6.6783245022326705,1.1375051701627672,1.6462496420703827
1789666846603214600,15.706214599609375,6.826123784649372,0.8213932480022311,1.5526587735727428
1789666846613166600,15.71616650390625,6.589656623220443,0.5516299661710858,1.5729977972462772
1789666846623118600,15.72611865234375,6.046341773191094,0.30981822884380816,1.584446681369096
1789666846633069600,15.736069580078125,5.150002589797974,-0.029446459236741065,1.501302826475352
1789666846643021600,15.746021484375,3.951095587080717,-0.39099502144828435,1.4314710192278026
1789666846652973600,15.7559736328125,2.505234515711665,-0.610292436889559,1.4301897472456098
1789666846662925600,15.765925537109375,1.048110876572132,-0.6896583806797861,1.4883832852780818
1789666846672876500,15.77587646484375,-0.2504664606869221,-0.6881842164739966,1.5271458543926477
1789666846682828500,15.78582861328125,-1.2048323011130093,-0.6080521106168627,1.5738240189373491
1789666846692780500,15.795780517578125,-1.762913927641511,-0.5459158263079822,1.485503345927596
1789666846702731500,15.8057314453125,-1.897529903358221,-0.49923780789375305,1.2346347341805697
1789666846712683800,15.815683837890624,-1.7574913180708884,-0.5217686425231397,1.0181914660613984
1789666846722635500,15.825635498046875,-1.532115459498763,-0.5749257938235998,0.850877774227038
1789666846732587500,15.83558740234375,-1.351603409525752,-0.7087362983763218,0.6440588051520287
1789666846742538500,15.84553857421875,-1.2839771494984626,-0.8857911936327815,0.5347495585188269
1789666846752490500,15.855490478515625,-1.297628073710203,-1.0616638933673501,0.5054136104518547
1789666846762442500,15.8654423828125,-1.4033990632146596,-1.2884890739649533,0.4223857831532135
1789666846772393500,15.8753935546875,-1.5049661712884903,-1.4336258591741322,0.3007575184991583
1789666846782345500,15.885345458984375,-1.5954297015458345,-1.5462743332326412,0.12121274265572428
1789666846792297700,15.895297607421876,-1.6905992175370455,-1.6359931826025247,0.00973835387788713
1789666846802249700,15.905249755859375,-1.7213380546718835,-1.7596446967124937,-0.04189567950852215
1789666846812200400,15.915200439453125,-1.8097341310054063,-1.8717194625362752,0.005612506119534373
1789666846822152700,15.925152587890626,-1.9447101722061633,-1.970444332921505,0.09578246025778353
1789666846832104400,15.9351044921875,-2.1318986312031742,-2.0746490960225463,0.1813519348632544
1789666846842056400,15.945056396484375,-2.3945640637278554,-2.1259028979197145,0.2524711515728384
1789666846852007700,15.955007568359376,-2.6807436428308486,-2.1788871768712994,0.32067849942371246
1789666846861959400,15.96495947265625,-3.019782705461979,-2.196756887821853,0.35038360959663983
1789666846871911400,15.974911376953125,-3.312551015305519,-2.15522894564718,0.40840537125878035
1789666846881862700,15.984862548828126,-3.5470980223268267,-2.0687539005041122,0.4652224333062768
1789666846891817200,15.994817138671875,-3.7088960194796323,-2.03180247246474,0.5075919408716261
1789666846901769200,16.004769287109376,-3.813640004023909,-1.9961460526719688,0.5118474063590168
1789666846911721000,16.014720947265626,-3.9086563752800223,-1.9711086420491337,0.4863472735952586
1789666846921672200,16.024672119140625,-3.9904175436437126,-1.9231258246466516,0.4296467505995184
1789666846931624200,16.034624267578124,-4.0167221977233885,-1.8598337944313883,0.35439153006374835
1789666846941576000,16.044575927734375,-3.97169764560461,-1.7454577659279107,0.22576500402018426
1789666846951527200,16.054527099609373,-3.812484404247999,-1.6234195322334766,0.06615699119232595
1789666846961479000,16.06447900390625,-3.438030329364538,-1.5350202410295606,-0.059738319789059455
1789666846971431000,16.074430908203126,-2.834956299421191,-1.455795605406165,-0.08635017665438353
1789666846981383200,16.084383056640625,-2.2339760268867015,-1.4619962136119604,-0.12133191205598413
1789666846991334000,16.094333984375,-1.7369722616553305,-1.49663936470896,-0.13175685995854436
1789666847001286100,16.1042861328125,-1.3439444192051886,-1.393054779332876,-0.090289123538509
1789666847011238100,16.114238037109374,-1.1042319922447204,-1.1847416992425919,-0.10021613185629248
1789666847021190100,16.124190185546876,-0.9565157119363545,-0.9551002921804785,-0.162198869571276
1789666847031141000,16.13414111328125,-0.9020873716562986,-0.8062281198352574,-0.26475586546529084
1789666847041093000,16.144093017578125,-0.7246487377792596,-0.6792807790502905,-0.438168458696641
1789666847051045000,16.154045166015624,-0.2930237459093332,-0.546782526139915,-0.590188537146151
1789666847060996000,16.16399609375,0.28667876079678534,-0.5096279767438769,-0.7604602020032704
1789666847070948000,16.173947998046874,0.9161229112714528,-0.6093386432960629,-0.894596723639965
1789666847080899800,16.18389990234375,1.6329928317427633,-0.7774357405930757,-0.8879589661259204
1789666847090852000,16.19385205078125,2.4424060113549233,-0.9095645756691694,-0.6637076546043157
1789666847100803000,16.203802978515625,3.1934143482714887,-1.0136560876540839,-0.384889361516945
1789666847110755000,16.213755126953124,3.752824593055248,-1.1255819465264678,-0.18997016213741152
1789666847120707000,16.22370703125,4.053434264048934,-1.1343484596975146,-0.11448215575907379
1789666847130658000,16.233657958984374,4.048502652865648,-0.865182851498574,-0.10999552099746651
1789666847140610000,16.243610107421876,3.785625038895011,-0.43388256153836846,-0.09882191015207208
1789666847150562000,16.25356201171875,3.4161715487778186,0.058197337424755094,-0.2671268871792592
1789666847160514000,16.26351416015625,3.1427129195600747,0.5060008722878993,-0.5310361640188843
1789666847170465000,16.273465087890624,3.238394476726651,0.9295920491755009,-0.8818790616903454
1789666847180417000,16.2834169921875,3.8002696503192186,1.186839548304677,-1.4278263791151344
1789666847190369000,16.293369140625,4.789236264005303,1.2409804499454795,-2.025215933681279
1789666847200320000,16.303320068359376,5.974896247136592,1.1135522668410092,-2.5150100597947835
1789666847210272000,16.31327197265625,7.142844047966599,0.8217552862476557,-2.7429545998111364
1789666847220224300,16.323224365234374,8.040548089972138,0.38144707557596264,-2.7734081902638077
1789666847230176000,16.333176025390625,8.331346561047434,-0.1557915963448584,-2.7859166664421555
1789666847240127000,16.343126953125,7.825169309279322,-0.5494451694779098,-2.721753990872204
1789666847250079200,16.353079345703126,6.5056392003625625,-0.749627988474071,-2.6964748804479837
1789666847260031000,16.363031005859376,4.685628005492687,-0.710780809815973,-2.790392058290541
1789666847269982200,16.372982177734375,2.643356453722715,-0.494873767465353,-2.9915815701112147
1789666847279934200,16.382934326171874,0.7098667637109756,-0.17860636248216033,-3.1696997106850144
1789666847289886000,16.392885986328125,-0.8650099791496991,0.1567962433427572,-3.4355738761231303
1789666847299838000,16.402837890625,-2.00312845890522,0.44548327522203324,-3.6660520262703296
1789666847309789000,16.412788818359374,-2.7020792763262986,0.6120541858650743,-3.8539652924105523
1789666847319741000,16.422740966796876,-2.9494688137859106,0.7336189568288624,-3.985700159732997
1789666847329693200,16.432693115234375,-2.812244701397419,0.7342910108715295,-3.9769744169637558
1789666847339645200,16.442645263671874,-2.4941829603433607,0.5670398628793657,-3.8845176670625805
1789666847349596000,16.452595947265625,-2.0762895567059516,0.2363829902768135,-3.651122168163955
1789666847359548200,16.462548095703124,-1.5959961032569407,-0.2632920399904251,-3.257384716139734
1789666847369500200,16.472500244140626,-1.3155571136325597,-0.8020841518983245,-2.7612890056639907
1789666847379451100,16.482451171875,-1.2646300594717264,-1.2472867104828358,-2.219207350691408
1789666847389403100,16.492403076171875,-1.4722908131331205,-1.6322348529823123,-1.721351060283929
1789666847399355100,16.502355224609374,-1.8893354909867046,-1.949289316689968,-1.2916175812490285
1789666847409307000,16.512306884765625,-2.413998247516155,-2.1530314356029034,-0.8839834866236895
1789666847419258000,16.522258056640624,-2.9870617545992135,-2.2544632268592713,-0.5419750162603333
1789666847429209900,16.5322099609375,-3.4902363174200057,-2.3008684196814895,-0.3202285636991262
1789666847439162000,16.542162109375,-3.9191766002506014,-2.2243238169223067,-0.08996002858146093
1789666847449113000,16.552113037109375,-4.306533411327004,-2.05920865804553,0.12147190504856407
1789666847459065000,16.562065185546874,-4.531697672975063,-1.8612483374044297,0.22730236965529618
1789666847469017000,16.57201708984375,-4.709000113251805,-1.6774635493710637,0.286193790291436
1789666847478969000,16.581968994140624,-4.7862937808126205,-1.5158943925380706,0.31519319988042116
1789666847488920000,16.591920166015626,-4.761952535760402,-1.3623042517602444,0.3584741962675005
1789666847498872000,16.6018720703125,-4.664906119981408,-1.1761273078933359,0.4714075882146135
1789666847508824000,16.611823974609376,-4.463383430683613,-0.9812509247422218,0.6239633809760212
1789666847518775000,16.621775146484374,-4.1758594512343405,-0.8119125952124595,0.7529248380623758
1789666847528727000,16.63172705078125,-3.803651693972945,-0.6136912855476141,0.8525280256520956
1789666847538679000,16.641678955078124,-3.364363035607338,-0.4750082065224647,0.9695367407467216
1789666847548631000,16.651631103515626,-2.7790257378846404,-0.41560616948306556,1.1709228711180388
1789666847558582000,16.66158203125,-2.11584941367805,-0.39800358503609895,1.5354969186305998
1789666847568534000,16.671533935546876,-1.4369231471538544,-0.4024865756690502,1.997969468706846
1789666847578486000,16.681486083984375,-0.742337539204955,-0.3330000747278333,2.4653321289122103
1789666847588438000,16.69143798828125,-0.16441840878427028,-0.19249533323347567,2.888326655080914
1789666847598389200,16.70138916015625,0.2832709981799125,-0.01702668425515294,3.24587518787086
1789666847608341000,16.711341064453126,0.7455582548171281,0.25674524869546295,3.56522901456207
1789666847618293000,16.72129296875,1.1877367894053459,0.6438361023120581,3.7565345534890886
1789666847628244200,16.731244140625,1.6413286984115838,1.0283708417050539,3.6502857173398136
1789666847638196000,16.741196044921875,2.140537864732742,1.444166688541323,3.3767084301784633
1789666847648148000,16.75114794921875,2.749900765687227,1.8665498048134146,3.0285312445849177
1789666847658100200,16.761100341796876,3.5424995886206623,2.1703546185866,2.795194782397151
1789666847668051000,16.771051025390626,4.404186560827493,2.30764142094776,2.698652516748011
1789666847678003200,16.781003173828125,5.255976408398151,2.2624308447375894,2.703907953058183
1789666847687955200,16.790955078125,5.833944638657569,2.1289988181084394,2.7998119208037853
1789666847697906000,16.800906005859375,5.959409924191236,2.032934399104118,2.967297023682296
1789666847707858200,16.810858154296874,5.8254199714183805,2.0678217342205345,3.1747152007594703
1789666847717810200,16.82081005859375,5.544360804069042,2.167807418321818,3.357577320989966
1789666847727762000,16.830761962890627,5.114155031347274,2.287194260724634,3.3477865793377157
1789666847737713200,16.840713134765625,4.580867654335498,2.35326890739575,3.172135121138394
1789666847747665200,16.8506650390625,4.133631836357712,2.355257450864464,3.0031998194515706
1789666847757617000,16.860616943359375,3.8959412706136702,2.288069436123967,2.874121896378696
1789666847767568100,16.870568115234374,3.892159413987398,2.0739983770288526,2.7116455615729094
1789666847777519900,16.880519775390624,4.001065778908133,1.6861249947324395,2.540601889429986
1789666847787472100,16.89047216796875,4.133630082792044,1.1885168338671326,2.3356840047359464
1789666847797424000,16.900424072265626,4.156017855688929,0.6250242882058024,2.1280860871776937
1789666847807374800,16.910374755859376,3.9147739813774822,0.14167656175270676,1.9343511291466653
1789666847817327000,16.9203271484375,3.450014781668782,-0.2628606628358364,1.7948472352579234
1789666847827279000,16.930279052734374,2.8579385310798884,-0.6139999131053686,1.7214460450910032
1789666847837231000,16.940231201171876,2.0849469104140996,-0.8990681699655949,1.6213421414375304
1789666847847182000,16.95018212890625,1.2373521764457225,-1.0902774089112877,1.4377477614097296
1789666847857134000,16.960134033203126,0.39856794092059133,-1.1568600051045417,1.1952009147409348
1789666847867086000,16.970086181640625,-0.3304775705128908,-1.1394362843558192,0.8655104760177433
1789666847877037000,16.980037109375,-0.871215263530612,-1.0875506142958997,0.5313076744366437
1789666847886989000,16.989989013671874,-1.1722060427963732,-1.0828586570873855,0.32652265887465326
1789666847896938800,16.999938720703124,-1.3339707222014665,-1.1618816326588393,0.1543915568212047
1789666847906889700,17.0098896484375,-1.3913210874080657,-1.2461612135842441,0.02191504995175637
1789666847916841700,17.019841796875,-1.3791799832373857,-1.355219846457243,-0.003358808908611536
1789666847926793500,17.02979345703125,-1.3473206176400183,-1.5127204386770725,-0.015505253691400865
1789666847936745700,17.039745849609375,-1.2942542133629322,-1.6799851768031715,-0.04857137614646926
1789666847946696700,17.04969677734375,-1.2408715827435255,-1.7850658459559081,-0.11238621552628464
1789666847956648700,17.059648681640624,-1.268474459940195,-1.8866706556916235,-0.197707880249992
1789666847966600700,17.0696005859375,-1.4212515307694673,-1.9849603495299815,-0.2606122445882298
1789666847976552700,17.079552734375,-1.5873440102457999,-2.052815742138028,-0.267151765892189
1789666847986503700,17.089503662109376,-1.7925123625695705,-2.1324095033347605,-0.22953739869836717
1789666847996455700,17.09945556640625,-1.9624726233899592,-2.2343705791622397,-0.10776134133776649
1789666848006407700,17.10940771484375,-2.0821967349231243,-2.406937807610631,0.08528119571600108
1789666848016358700,17.119358642578124,-2.2736931202471253,-2.5456644335165617,0.25546571201262996
1789666848026310700,17.129310546875,-2.512287356832623,-2.619060801377892,0.3992484705306589
1789666848036262700,17.1392626953125,-2.7956226524204015,-2.6260747717931867,0.45816268752049655
1789666848046214700,17.149214599609376,-3.1334108382076025,-2.5591315255939957,0.4444823545511812
1789666848056165600,17.15916552734375,-3.4787487087219953,-2.4041695119410753,0.3687740564856678
1789666848066118000,17.169117919921874,-3.7436236339896913,-2.218956152409315,0.25832027945984154
1789666848076069600,17.179069580078124,-3.9051872378647325,-2.0213570662960407,0.10386676331833004
1789666848086020600,17.1890205078125,-4.030695193496347,-1.8445111376151442,-0.04493497413918376
1789666848095972900,17.198972900390626,-4.043931691688299,-1.6612439437150954,-0.15908618091084062
1789666848105924600,17.208924560546876,-3.956701152002811,-1.482472892190516,-0.21212726808357982
1789666848115876600,17.218876708984375,-3.7567940812081098,-1.3721037612408398,-0.22839721568729726
1789666848125827800,17.228827880859374,-3.440620930379629,-1.3350780989214777,-0.18147439219914377
1789666848135779600,17.238779541015624,-3.0203128668159245,-1.3660782173410058,-0.05483679321678355
1789666848145731600,17.248731689453123,-2.557889416578412,-1.4731415847435594,0.09733348909206688
1789666848155682800,17.258682861328126,-2.212891153281927,-1.5641931440219283,0.2847696940387599
1789666848165634600,17.268634521484376,-1.9525404274404048,-1.5848516089081763,0.5226105001747607
1789666848175586800,17.2785869140625,-1.7561626998156308,-1.4801868270799516,0.6582160714507103
1789666848185538800,17.288538818359374,-1.6702707152575254,-1.3013561543226242,0.6807969557669014
1789666848195489500,17.298489501953124,-1.577213076853752,-1.0889835697084664,0.5975719984609633
1789666848205441800,17.30844189453125,-1.4359849895209074,-0.828273362904787,0.4580909739911556
1789666848215393800,17.318393798828126,-1.2494810056567192,-0.514769723546505,0.2732657552604563
1789666848225345500,17.328345458984376,-0.9845926363855599,-0.2785039299085736,0.03416698495261371
1789666848235296800,17.338296875,-0.5971855564266443,-0.10593553241640329,-0.2640891999837942
1789666848245248800,17.348248779296874,0.12459960861504077,0.03717968383729458,-0.5107499665111302
1789666848255200500,17.358200439453125,1.0262520959854124,0.1301280166476965,-0.6967384020686149
1789666848265151700,17.36815185546875,1.9493202963501213,0.14699205768704413,-0.7970520029500127
1789666848275103500,17.378103515625,2.8665678277373314,0.08208616253435612,-0.9060423928923904
1789666848285055700,17.3880556640625,3.4911984404504297,-0.024131840085238217,-1.0279060006722807
1789666848295007700,17.3980078125,3.870345641586184,0.0179532975807786,-1.0739049507811664
1789666848304958500,17.40795849609375,4.098526036185026,0.1635166376389563,-1.1106924934957176
1789666848314910700,17.41791064453125,4.09613125000298,0.2390793897539377,-1.3611900069080292
1789666848324862700,17.42786279296875,3.9698897193998097,0.42947482809871435,-1.6056462673947214
1789666848334813700,17.437813720703126,3.8131384842425584,0.7597625751279294,-1.812940525831282
1789666848344765700,17.447765625,3.7224469904482365,1.0898160750098527,-2.1439254613444207
1789666848354717700,17.4577177734375,3.9854853479385373,1.186680558350682,-2.5301950617060065
1789666848364669700,17.467669677734374,4.6605683830380435,1.0943791451416909,-2.773267905010283
1789666848374620700,17.47762060546875,5.635307149407267,0.8068469093207269,-2.860145101213455
1789666848384572700,17.48757275390625,6.641877224323153,0.20324863630756734,-2.751777665475011
1789666848394524700,17.497524658203126,7.4661033576637506,-0.23578531664460897,-2.355684882496297
1789666848404475600,17.5074755859375,7.867152594006061,-0.6052702978786081,-1.7736824282847343
1789666848414427600,17.517427734375,7.627765161216258,-1.0957234724227338,-1.5020945613749324
1789666848424379600,17.527379638671874,6.709374889534711,-1.5249547740891576,-1.382874161580205
1789666848434331600,17.53733154296875,5.018194072717428,-1.822131255763769,-1.4298862342543899
1789666848444283000,17.547282958984376,3.2456565766841172,-1.711984973784536,-1.4274170676618814
1789666848454234600,17.557234619140626,1.5918120955705641,-1.2658448420889674,-1.425817815771699
1789666848464186600,17.5671865234375,0.0891407572209835,-0.8025153829224407,-1.7732789620503782
1789666848474137900,17.577137939453124,-1.0144324788540602,-0.564888091672957,-2.391844721766561
1789666848484089600,17.587089599609374,-1.869804861086607,-0.33843305956199765,-2.8438182357907293
1789666848494041600,17.59704150390625,-2.412752631369233,-0.025951895119249817,-3.091042061294615
1789666848503993900,17.606993896484376,-2.5659955661445855,0.12677242260947824,-3.0894086148738857
1789666848513944600,17.616944580078126,-2.415651275420189,0.09069178605526686,-2.916191690345108
1789666848523896600,17.626896484375,-2.1384897000312804,-0.020531039114296434,-2.6590181332349774
1789666848533848800,17.636848876953124,-1.921388917851448,-0.21263123555034397,-2.4567229982599614
1789666848543799600,17.646799560546874,-1.8052163613200187,-0.46585473986044523,-2.282252128147334
1789666848553751800,17.656751708984373,-1.879890201771259,-0.6704023299373686,-2.0685800052419303
1789666848563703800,17.666703857421876,-2.184655238878727,-0.8002522602960467,-1.8554652239583431
1789666848573655600,17.676655517578126,-2.5973703630954024,-0.8841837584361434,-1.6832031159363685
1789666848583606800,17.686606689453125,-3.01080912541151,-0.9214309545516968,-1.5353120635829864
1789666848593558800,17.696558837890624,-3.3977994412630794,-0.9443182014033198,-1.4965272826366125
1789666848603510500,17.706510498046875,-3.675374858149886,-0.9537956393226981,-1.5241498874470591
1789666848613461800,17.716461669921873,-3.809545428186655,-0.9234522312462329,-1.5010016515716909
1789666848623413800,17.726413818359376,-3.808175893399119,-0.9456097025185823,-1.4343497895345092
1789666848633365500,17.736365478515626,-3.669309274500608,-1.0129913401350379,-1.2829789322413503
1789666848643317800,17.74631787109375,-3.3674072256088254,-1.1013877087295054,-1.0876708796747028
1789666848653268500,17.7562685546875,-3.0298557711869476,-1.2249039060220122,-0.8293748944059014
1789666848663220700,17.766220703125,-2.73967455522716,-1.4009873258978127,-0.5051975200157612
1789666848673172700,17.7761728515625,-2.5634347757458684,-1.4726935487151145,-0.18618534636907277
1789666848683124700,17.786124755859376,-2.456462593758106,-1.5023112728655337,0.1545097398407757
1789666848693075700,17.79607568359375,-2.329396302768588,-1.5257517696857452,0.37427371334787457
1789666848703027700,17.80602783203125,-2.2062848868846894,-1.4646280234202742,0.5198744628069922
1789666848712979700,17.815979736328124,-2.0835791291922328,-1.3050573469281195,0.720261608736217
1789666848722930700,17.8259306640625,-1.970988522800803,-1.1648314223751426,0.8809204457912594
1789666848732882700,17.835882568359374,-1.739843433177471,-1.0358826786398887,0.9726929397553205
1789666848742834700,17.845834716796876,-1.4964765753626823,-0.8167112276658415,1.0711845859065652
1789666848752786700,17.85578662109375,-1.3180939386337995,-0.6020668987274169,1.1982350948050617
1789666848762737700,17.865737548828125,-1.2265811915844678,-0.3396837902754545,1.3384437759622931
1789666848772689700,17.875689697265624,-1.2520762828469276,0.0408057653799653,1.453757085315883
1789666848782641700,17.8856416015625,-1.2461252654880284,0.4238061348125338,1.5662841249518096
1789666848792592600,17.895592529296874,-1.2311322790175676,0.804960876378417,1.6276431412778793
1789666848802544600,17.905544677734376,-1.0183785861313341,1.2002286067098378,1.679468605583161
1789666848812496600,17.91549658203125,-0.5509703332185745,1.5724103527471422,1.703145979899168
1789666848822448600,17.92544873046875,0.199635852637887,1.8728657099619506,1.7493303695775568
1789666848832399600,17.935399658203124,1.253647477686405,2.045400205184519,1.8431297662593422
1789666848842351600,17.9453515625,2.525968091660738,2.0920511894613503,2.077314808100462
1789666848852303600,17.9553037109375,3.676868311578035,2.112721637046337,2.456080316442251
1789666848862254600,17.965254638671876,4.58815722682178,2.053816735874116,2.912861084617674
1789666848872206600,17.97520654296875,5.3067450571268795,1.960304777831584,3.3821856925457716
1789666848882158800,17.985158935546874,5.730711058676243,1.9929792592041193,3.844180103716254
1789666848892110600,17.995110595703125,5.9744707152009005,2.030827782213688,4.12756596044749
1789666848902061600,18.0050615234375,6.197569276490807,2.0225164654642342,4.19403545165509
1789666848912013600,18.015013671875,6.383458927848935,1.9437894040994346,4.039895568040013
1789666848921965600,18.024965576171876,6.536265224772691,1.8119136670015752,3.676173022790253
1789666848931916500,18.03491650390625,6.606553397485613,1.6521778630755841,3.2590579100489614
1789666848941868500,18.04486865234375,6.5982070094227785,1.4154652024529875,2.863694025866687
1789666848951820500,18.054820556640625,6.579455547201633,1.106692829400301,2.5471961731284853
1789666848961772500,18.0647724609375,6.4398196974962945,0.7531409650310874,2.341259612911194
1789666848971723500,18.0747236328125,6.0300873884826895,0.3104647100538015,2.206378264256567
1789666848981675500,18.084675537109376,5.279579402303695,-0.12998261682763695,2.1868008726052937
1789666848991627500,18.09462744140625,4.150591154465079,-0.49468233654648064,2.194317093454301
1789666849001579500,18.10457958984375,2.7722037829101085,-0.7250891750231385,2.237430843515694
1789666849011530800,18.11453076171875,1.4329302781254052,-0.9430077033266424,2.2298015176810324
1789666849021482500,18.124482421875,0.25493396148979663,-1.0447437382265925,2.1367413950592278
1789666849031434500,18.1344345703125,-0.7221861470580101,-1.0714224863156676,2.0076586496807636
1789666849041385700,18.1443857421875,-1.4332377366393805,-1.0543579542681574,1.8842006123162804
1789666849051337500,18.15433740234375,-1.8933266064494847,-1.0236419134870172,1.741077212756127
1789666849061289500,18.16428955078125,-2.140092459052801,-0.9873071560412645,1.615268666742742
1789666849071241700,18.17424169921875,-2.2918957164138556,-1.0235177025854587,1.4139369699724018
1789666849081192400,18.1841923828125,-2.356343346405029,-1.04949502440691,1.2302693785779177
1789666849091144400,18.19414453125,-2.2505898925572634,-1.082065168622136,1.1299573851317166
1789666849101096700,18.2040966796875,-1.9729349806934593,-1.1588163998693226,0.9762157801192253
1789666849111047400,18.21404736328125,-1.4725480027645825,-1.295399584005773,0.7202296061627567
1789666849120999700,18.223999755859374,-0.9566267710953951,-1.462535727316141,0.49115102061517535
1789666849130951700,18.23395166015625,-0.5093360080599785,-1.6726242926463484,0.2953715511444956
1789666849140903400,18.2439033203125,-0.2195166111499071,-1.8893921896100043,0.1879643022077158
1789666849150854700,18.253854736328126,-0.10769757365286349,-2.1161352448821065,0.1119877816600725
1789666849160806700,18.263806640625,-0.18426117337346076,-2.3333374416097996,0.07713599278107285
1789666849170758400,18.27375830078125,-0.4766267476350069,-2.5684192861601707,0.11337766511589288
1789666849180709600,18.283709716796874,-0.8626759832441806,-2.6925363719552755,0.25900362208150324
1789666849190661600,18.29366162109375,-1.3234651102781294,-2.8176591276615857,0.41097233566995706
1789666849200613400,18.30361328125,-1.7917209199309347,-2.922071396033466,0.5229547835677862
1789666849210565600,18.313565673828126,-2.154257178005576,-2.9356588996201753,0.5522449562642723
1789666849220516400,18.323516357421877,-2.4347639721691605,-2.8832234867230055,0.5353633065029978
1789666849230468600,18.333468505859376,-2.6654244931459425,-2.8041400131359695,0.5074195799794048
1789666849240420600,18.343420654296875,-2.8762919338941573,-2.6975571227267383,0.456842069908604
1789666849250371600,18.35337158203125,-3.0594162121921777,-2.558439743937552,0.3851401214076206
1789666849260323600,18.363323486328124,-3.2534254571199415,-2.400109422895312,0.3434356901548803
1789666849270275600,18.373275634765626,-3.418675056031346,-2.304831770354509,0.27683716574013234
1789666849280227600,18.3832275390625,-3.561741464707255,-2.237115493956208,0.2281118594072759
1789666849290178600,18.393178466796876,-3.6205578108131884,-2.1298411141514775,0.16778832360878584
1789666849300130600,18.403130615234375,-3.6101527366548773,-1.9837056732937692,0.083496321593225
1789666849310082600,18.41308251953125,-3.5292934855669733,-1.8469202445834874,0.001389958804345224
1789666849320033500,18.423033447265624,-3.3080402598828074,-1.7378323856160043,-0.05280177112468518
1789666849329985500,18.432985595703126,-3.0542467005997893,-1.6269199415698647,-0.09860239478303119
1789666849339937500,18.4429375,-2.780568875673413,-1.4489520231217146,-0.13312368219918572
1789666849349889500,18.4528896484375,-2.5342805774539707,-1.222354806061089,-0.12518486115708946
1789666849359840500,18.462840576171875,-2.382448093998432,-0.9617617958962916,-0.17131087171174586
1789666849369792500,18.47279248046875,-2.3389707713216543,-0.6768389388561248,-0.24898502649012952
1789666849379744500,18.48274462890625,-2.2640105151444674,-0.4110656034439802,-0.37983379516042765
1789666849389695700,18.49269580078125,-2.197738007813692,-0.18031185122579335,-0.5947997572686523
1789666849399647500,18.5026474609375,-1.991385998663306,-0.02745645446330309,-0.84134151879251
1789666849409599500,18.512599609375,-1.64131700797379,0.11085545316189527,-1.076461065004766
1789666849419551500,18.522551513671875,-1.27749187913239,0.08346241932362318,-1.3332697343252597
1789666849429502500,18.53250244140625,-0.6744809775531292,-0.04265957655310631,-1.6253997462652623
1789666849439454500,18.542454345703124,0.251872820353508,-0.040996027255058284,-1.7158118385963141
1789666849449406700,18.55240673828125,1.546143984851241,-0.09554784778431058,-1.7100557592876255
1789666849459357400,18.562357421875,3.154424400141835,-0.3245664467729628,-1.6876460668198763
1789666849469309700,18.572309814453124,4.748742341053486,-0.5731896176807582,-1.4926212151087819
1789666849479261700,18.58226171875,6.054343877860903,-0.7201936580665409,-1.2160139126017688
1789666849489213400,18.59221337890625,6.876319601926207,-0.7433803262561559,-1.0323840228691696
1789666849499164700,18.60216455078125,6.950575509226322,-0.607872004809603,-1.2834382203161716
1789666849509116700,18.61211669921875,6.487849276649952,-0.2721177360028028,-1.8255223595067858
1789666849519068400,18.622068359375,5.7538674778580665,0.35750637414865194,-2.420859949979186
1789666849529019600,18.63201953125,5.207067123800516,0.9682506464589387,-3.053300067399442
1789666849538971600,18.6419716796875,5.170924966317415,1.4517644501939415,-3.5429429484739896
1789666849548923400,18.65192333984375,5.5616568067848675,1.6376178611949086,-3.886810454174876
1789666849558875600,18.661875732421876,6.295362126722932,1.344693484006822,-4.031277669559419
1789666849568826600,18.67182666015625,7.122668105900288,0.8203992685288191,-3.6606302934825417
1789666849578778600,18.681778564453126,7.676426024010777,0.2615091751616448,-2.926613423377275
1789666849588730600,18.691730712890624,7.627970328399538,-0.25812219960447397,-2.1560691958636045
1789666849598682600,18.7016826171875,6.923359000998735,-0.7513320159129798,-1.6152898556612432
1789666849608633600,18.711633544921874,5.798336149659752,-0.9814875099770725,-1.1365955079719423
1789666849618585600,18.721585693359376,4.3577492193013425,-0.987170085658133,-0.8873661878645419
1789666849628537600,18.73153759765625,2.7661586575269697,-0.8605264039948582,-1.1212830802887677
1789666849638488600,18.741488525390626,1.3174474574238062,-0.6339275064337998,-1.5393202763110398
1789666849648440600,18.751440673828125,0.15213117414116858,-0.3869800136532634,-1.9561706006363033
1789666849658392600,18.761392578125,-0.7360802323758602,-0.19215090370997787,-2.307589690760523
1789666849668344600,18.771344482421874,-1.3555501013249158,-0.07890943219438194,-2.6108605437874792
1789666849678295600,18.781295654296876,-1.731738452655077,-0.03256736773625016,-2.8826453945741055
1789666849688247600,18.79124755859375,-1.9051134903550146,0.0004398527219891548,-2.9971266370177267
1789666849698199600,18.801199462890626,-1.9678613306909798,-0.029673692121356725,-3.0211744520813224
1789666849708150500,18.811150634765625,-1.9622277087181805,-0.1776090220078826,-2.954092966455221
1789666849718102500,18.8211025390625,-1.819158377432823,-0.39346316512748597,-2.8070161530941724
1789666849728054500,18.831054443359374,-1.662244060668349,-0.6729211808905005,-2.5942618756860494
1789666849738006500,18.841006591796877,-1.5400784012019633,-1.0242160601131618,-2.3498710816510022
1789666849747957500,18.85095751953125,-1.4856108979552984,-1.3580984706334769,-2.074202667429298
1789666849757909500,18.860909423828126,-1.528193317618966,-1.5785460790231822,-1.8200475813575088
1789666849767861500,18.870861572265625,-1.5722341193974017,-1.75562800841704,-1.5892910526603459
1789666849777812500,18.8808125,-1.6151000321775675,-1.9228984456315636,-1.4121381038568912
1789666849787764500,18.890764404296874,-1.752393118149042,-2.0798577705815435,-1.2352310926385224
1789666849797716700,18.900716796875,-1.9323726686805485,-2.174225907061994,-0.983149159578979
1789666849807668500,18.91066845703125,-2.152297276109457,-2.217686570864916,-0.7109414072051644
1789666849817619500,18.920619384765626,-2.4398633411347865,-2.272362748426199,-0.47065264166146514
1789666849827571700,18.93057177734375,-2.6473376323133704,-2.3281457181856036,-0.27845570685267446
1789666849837523500,18.9405234375,-2.7945728511065244,-2.3070780879765747,-0.17468772773370145
1789666849847474700,18.950474609375,-2.8986007963359355,-2.227509753482044,-0.03614055004790425
1789666849857426700,18.9604267578125,-2.992019669267535,-2.1195590818509458,0.100720574247092
1789666849867378400,18.97037841796875,-3.074270666974783,-2.011379277639091,0.23281126926988363
1789666849877330400,18.980330322265626,-3.10846110586822,-1.889955960972607,0.37850978001505137
1789666849887281700,18.99028173828125,-3.125515116521716,-1.7937343055799602,0.5775066040970385
1789666849897233400,19.0002333984375,-3.087030779826641,-1.7053849909976124,0.8321281386367976
1789666849907185700,19.010185546875,-2.933535331594944,-1.5745654849544166,1.0799226767007262
1789666849917136600,19.02013671875,-2.7231594737559557,-1.4460314594998955,1.3034165939837694
1789666849927088400,19.03008837890625,-2.482925653269887,-1.3028855558469892,1.4958940992996095
1789666849937040600,19.04004052734375,-2.2949375683277844,-1.135410097579658,1.7167282227888703
1789666849946992600,19.04999267578125,-2.105344386276603,-0.8871426082417369,1.9964573105782268
1789666849956943600,19.059943603515624,-2.0247224510759114,-0.5654124078080057,2.311253912356496
1789666849966895600,19.0698955078125,-1.907296679612994,-0.2647261644467711,2.6116402959883214
1789666849976847600,19.07984765625,-1.6976655026614664,0.012856266702711582,2.8446853740140794
1789666849986798600,19.089798583984376,-1.4831336941868065,0.30026158820837734,3.085900314491987
1789666849996750600,19.09975048828125,-1.2019395022809505,0.5357765634790063,3.2875665039137005
1789666850006702600,19.10970263671875,-0.7428618553400039,0.7516749841317534,3.47732305983305
1789666850016654600,19.119654541015624,-0.21885668593645094,0.9392056806951761,3.729851129224896
1789666850026605600,19.12960546875,0.4179045095533132,1.0294275111511348,3.957660060162842
1789666850036557600,19.1395576171875,1.1485755763620138,1.1543738873772322,4.154264582280814
1789666850046509600,19.149509521484376,1.8432354185909032,1.2761144532993436,4.271203154748678
1789666850056460500,19.15946044921875,2.507659112510085,1.3258050975330173,4.283021018314361
1789666850066412500,19.16941259765625,3.2065929787963627,1.443238613910973,4.2751422477632754
1789666850076364500,19.179364501953124,3.933715997734666,1.6313649382799862,4.317325438976288
1789666850086316500,19.189316650390627,4.5429637478768825,1.796292904021591,4.3087063714519145
1789666850096267500,19.199267578125,4.94174387024343,1.8633783351704478,4.244230099888146
1789666850106219500,19.209219482421876,5.147589098915457,1.8460702036254106,4.1747745786070825
1789666850116171500,19.219171630859375,5.344571806696057,1.7914299741603432,4.053182627375423
1789666850126122500,19.22912255859375,5.532761551690101,1.6201209290795027,3.8165263731151815
1789666850136074500,19.239074462890624,5.762534768438339,1.3882342273086308,3.4577795704513785
1789666850146026500,19.249026611328127,6.002980770370364,1.1387108926907181,3.1099545592963693
1789666850155978500,19.258978515625,6.180453891038894,0.7637593896791338,2.814652347061038
1789666850165929500,19.268929443359376,6.20233897511065,0.33719518833011386,2.618032042852044
1789666850175881700,19.2788818359375,5.884824931067228,-0.06420958345159888,2.543441204509139
1789666850185833500,19.28883349609375,5.18270249787271,-0.4812973697945475,2.5571967581391335
1789666850195784400,19.298784423828124,4.191986994692683,-0.7522609673261642,2.6527032509997484
1789666850205736700,19.30873681640625,3.0170664322406053,-0.8461528645969927,2.7695751879721877
1789666850215688400,19.3186884765625,1.8645815734803675,-0.8872250258281826,2.645746563729644
1789666850225640400,19.328640380859376,0.9350988298982381,-0.8685403452329337,2.3386524991527198
1789666850235591700,19.338591796875,0.26172610584795475,-0.7901838707461952,1.9785810237564145
1789666850245543400,19.34854345703125,-0.11338614068329333,-0.7255502166636287,1.645197210408002
1789666850255495400,19.358495361328124,-0.2505897948056459,-0.7010381450891494,1.373524733954668
1789666850265446700,19.36844677734375,-0.2557704123139381,-0.7162745849266647,1.11929943219088
1789666850275398400,19.3783984375,-0.24522154577076433,-0.7786553455159068,0.8854665647882968
1789666850285350700,19.3883505859375,-0.2654085937529802,-0.9300658041670918,0.6644714785836636
1789666850295302700,19.398302734375,-0.3067705317109823,-1.13204003662467,0.5283657757658511
1789666850305253600,19.408253662109374,-0.37124388066530223,-1.3969418498992918,0.4141971064027399
1789666850315205600,19.41820556640625,-0.45994507742524143,-1.6702011571526527,0.24947752271480858
1789666850325157600,19.42815771484375,-0.5107014511942863,-1.9299375504881142,0.0921327055785805
1789666850335109400,19.438109375,-0.5854968721985817,-2.188653368604183,-0.07728453440628945
1789666850345060600,19.448060546875,-0.7213684009343385,-2.409201660889387,-0.16652736376225946
1789666850355012600,19.4580126953125,-0.8753764748632907,-2.619117792262137,-0.17706936217322944
1789666850364964600,19.467964599609374,-1.0715215627759695,-2.7938576885744926,-0.15789434077776968
1789666850374915600,19.47791552734375,-1.3513631710290908,-2.941136454248428,-0.1496313201494515
1789666850384867600,19.48786767578125,-1.7420874127119779,-3.0008143856197593,-0.18476291235052048
1789666850394819600,19.497819580078126,-2.217234150922298,-3.008370207826793,-0.23273177429288625
1789666850404771600,19.507771484375,-2.702024915790558,-2.897984418003261,-0.3592456190314144
1789666850414722600,19.51772265625,-3.1811849812954662,-2.7133924052402376,-0.4818620179399848
1789666850424674600,19.527674560546874,-3.6202117738544937,-2.559858086302876,-0.5579280434019863
1789666850434626600,19.53762646484375,-3.9896179176986215,-2.4245307474464175,-0.6134319039590657
1789666850444577500,19.54757763671875,-4.276535747948289,-2.3137825540512797,-0.6420618591811508
1789666850454529500,19.557529541015626,-4.46323963829875,-2.1746640062183142,-0.6357322908334434
1789666850464481500,19.5674814453125,-4.541123672968149,-2.0535008017927407,-0.5954776565302163
1789666850474433500,19.57743359375,-4.4926036799490445,-1.9231573888286948,-0.5924854889769107
1789666850484384500,19.587384521484374,-4.4286178222507235,-1.8166764974892138,-0.6339959685601294
1789666850494336500,19.59733642578125,-4.275818539589643,-1.7221864881947635,-0.6377519600927829
1789666850504288800,19.607288818359375,-4.0329818431288,-1.6651768992498517,-0.6366646032474935
1789666850514239500,19.617239501953126,-3.697510702112317,-1.6141767798528075,-0.6431410327199846
1789666850524191700,19.627191650390625,-3.348013958352804,-1.5406176226451993,-0.632540947446227
1789666850534143500,19.6371435546875,-3.0177257729321716,-1.4735130484044552,-0.6820574041567743
1789666850544095500,19.647095458984374,-2.692207286131382,-1.4357842062518,-0.7419100345078855
1789666850554046700,19.657046630859377,-2.3291022882580754,-1.3471192498490214,-0.7953291977453977
1789666850563998500,19.66699853515625,-1.8792033885508774,-1.2416750080808996,-0.8203081561792641
1789666850573950500,19.676950439453126,-1.4279320314466952,-1.1187132298007607,-0.8843009550750255
1789666850583901700,19.686901611328125,-1.1181564727008342,-0.9790928699254989,-1.0420686007332056
1789666850593853400,19.696853515625,-0.9945184025943279,-0.8713260304287076,-1.239581835193932
1789666850603805400,19.706805419921874,-0.7822165451288223,-0.7184528057485818,-1.4688224063701927
1789666850613757700,19.7167578125,-0.3925397666722536,-0.5289285972803831,-1.706096061876416
1789666850623708400,19.72670849609375,0.1502782397508621,-0.3899585180073976,-1.9682053218230604
1789666850633660700,19.73666064453125,0.8891735295474529,-0.32379736209660764,-2.2671660565659404
1789666850643612700,19.74661279296875,1.617135337397456,-0.26632044790089127,-2.6067805809974667
1789666850653563400,19.7565634765625,2.2787433893740174,-0.19504180284589528,-2.8281322986200452
1789666850663515600,19.766515625,2.903603719189763,-0.1742152879163623,-2.8726383798226713
1789666850673467600,19.776467529296873,3.3845547597646712,-0.25277912154346704,-2.8858608494892715
1789666850683419400,19.78641943359375,3.7428380365699527,-0.35661665876731274,-2.8626415942043066
1789666850693370600,19.79637060546875,4.071208990192413,-0.2736367622636258,-2.7529548925608394
1789666850703322600,19.806322509765625,4.285875238701701,0.031176497899740932,-2.621430160857737
1789666850713274400,19.8162744140625,4.369970402970909,0.4675396242074668,-2.6185586970746515
1789666850723225600,19.8262255859375,4.315801005887985,0.8504261580020189,-2.8271692988067865
1789666850733177600,19.836177490234373,4.1762697856009,1.1350795504510403,-3.108425450032949
1789666850743129600,19.846129638671876,4.130027089864015,1.33840738947466,-3.261781782054901
1789666850753081600,19.85608154296875,4.3796202748477455,1.4621182325564324,-3.2968378978669644
1789666850763032600,19.866032470703125,4.871538699638843,1.3880144470781086,-3.2856282293274996
1789666850772984600,19.875984619140624,5.508402770981192,1.0567914650253951,-3.173976949612796
1789666850782936600,19.8859365234375,6.0257590038895605,0.6113770903211087,-2.8920132346391676
1789666850792888600,19.895888671875,6.252946880319715,0.22844050683975217,-2.435757367120683
1789666850802839600,19.905839599609376,6.113434949254989,-0.12920169558301567,-2.002743551240861
1789666850812791600,19.91579150390625,5.548105835816264,-0.4659303623799234,-1.779389992276579
1789666850822743600,19.92574365234375,4.413814805394411,-0.6702762193396687,-1.6144474134877322
1789666850832694500,19.935694580078124,2.957106176796555,-0.6261022927008569,-1.4863637621492147
1789666850842646500,19.945646484375,1.3282827396929264,-0.3673907123684883,-1.5502069965064524
1789666850852598800,19.955598876953125,-0.11968670213222503,-0.0681913465641439,-1.7067174086451529
1789666850862550500,19.965550537109376,-1.1930454172074794,0.21374168101027607,-1.8949439785182476
1789666850872501500,19.97550146484375,-1.8817156636327503,0.5180462609991431,-2.0629928527593613
1789666850882453500,19.98545361328125,-2.178105086582899,0.6956655121400952,-2.2061747045084834
1789666850892405500,19.995405517578124,-2.148534708705544,0.7506792510926723,-2.3128631011188028
1789666850902356500,20.0053564453125,-1.7843530215114354,0.6438659129284322,-2.369038577327132
1789666850912308500,20.01530859375,-1.1636094793647527,0.37411636736169457,-2.348293895462155
1789666850922260500,20.025260498046876,-0.5375222381025553,-0.10783215981796383,-2.171093161994219
1789666850932212500,20.03521240234375,0.007575403690338134,-0.6322805429443716,-1.8645251671180127
1789666850942163500,20.04516357421875,0.3645627954661846,-1.0325526574343442,-1.4855734885543583
1789666850952115500,20.055115478515624,0.6217413210123777,-1.3338770525686443,-1.127428889567405
1789666850962067500,20.0650673828125,0.6587941635996103,-1.5898421106718479,-0.8267100591108203
1789666850972018400,20.075018310546874,0.4516366832852363,-1.8061298229031264,-0.552425427397713
1789666850981970400,20.084970458984376,-0.02789280005395412,-1.9531907080426811,-0.3032310324732214
1789666850991922400,20.09492236328125,-0.7079869413137435,-1.965035751876235,-0.11959463993459939
1789666851001874400,20.10487451171875,-1.4965017098039388,-1.902749976094067,-0.044031632091291247
1789666851011825700,20.11482568359375,-2.1356343106001616,-1.8012075640700755,-0.006925963338278234
1789666851021777400,20.12477734375,-2.5914029791235924,-1.7099147433817385,0.050559462957456704
1789666851031729400,20.1347294921875,-2.8713825345426796,-1.666848193462938,0.09447718634549528
1789666851041680600,20.1446806640625,-3.081467300480604,-1.663092055799812,0.14557108497321605
1789666851051632400,20.15463232421875,-3.2309739713370798,-1.6359259625852107,0.24729272602163255
1789666851061584400,20.16458447265625,-3.3123522778630257,-1.5510655130319297,0.33856282342150806
1789666851071536600,20.17453662109375,-3.4081010550469157,-1.4191095503047109,0.39809710853844876
1789666851081487400,20.1844873046875,-3.507383851575851,-1.2803367471694946,0.4486046951781958
1789666851091439400,20.194439453125,-3.5473651488304134,-1.175386426398158,0.5239909216824918
1789666851101391600,20.2043916015625,-3.459840010112524,-1.0363254539713262,0.6313120632383972
1789666851111342300,20.21434228515625,-3.1989094385564325,-0.8946931697517633,0.8120242388933897
1789666851121294600,20.224294677734374,-2.844763992208242,-0.7722817188307642,1.0056151853438466
1789666851131246600,20.23424658203125,-2.513962596568465,-0.5568988464847207,1.2762461168549954
1789666851141198300,20.2441982421875,-2.3182108918875453,-0.26299597965329885,1.5949004169747232
1789666851151149600,20.254149658203126,-2.195917806649208,0.11180647027641534,1.9117450373239815
1789666851161101600,20.2641015625,-2.1445266421079636,0.5295128269091248,2.1842592252984643
1789666851171053300,20.27405322265625,-2.018041365876794,0.9167802061364054,2.3602166807070373
1789666851181004500,20.284004638671874,-1.7600807500422,1.2374633817352354,2.469201371560991
1789666851190956500,20.29395654296875,-1.3222726856231688,1.5291991336606443,2.5501629139795896
1789666851200908500,20.303908447265623,-0.7278291213810444,1.744430322576314,2.672247617164254
1789666851210860500,20.313860595703126,0.052479544299840926,1.8810329420655965,2.8412428323447703
1789666851220811300,20.323811279296876,0.9619044192373752,1.864802815015614,2.8758991351842877
1789666851230763500,20.333763427734375,1.8104934249401092,1.765804388386011,2.8476822177425025
1789666851240715500,20.343715576171874,2.5912124249875546,1.7089581733092665,2.957747105048597
1789666851250666500,20.35366650390625,3.35671222859323,1.6645456156089902,3.1979356250882147
1789666851260618500,20.363618408203124,3.9787861425608395,1.5655105102308093,3.5236686314225194
1789666851270570500,20.373570556640626,4.444183640173077,1.4117029273100197,3.8572646262168884
1789666851280522500,20.3835224609375,4.859457801222801,1.2468211387977004,4.2338983832269905
1789666851290473500,20.393473388671875,5.2009641307502985,1.1907077680401503,4.451243787817657
1789666851300425500,20.403425537109374,5.287263527065515,1.1534433285288512,4.199456599920988
1789666851310377500,20.41337744140625,5.081931508612633,1.1104146264024077,3.713538292327523
1789666851320328400,20.423328369140624,4.729968667000532,1.0628889051176607,3.2112726610451934
1789666851330280400,20.433280517578126,4.47394340314269,1.0713047051548956,2.6849349570408463
1789666851340232400,20.443232421875,4.289377109342813,1.1112297421775759,2.2512588778600096
1789666851350184400,20.453184326171876,4.143671584334969,1.0921725750081241,1.8630815441809594
1789666851360135700,20.4631357421875,3.9814679289907215,1.009677831672877,1.5902311099894344
1789666851370087400,20.47308740234375,3.802752114784717,0.8222622859217226,1.3618477401643991
1789666851380039400,20.483039306640624,3.619139176186919,0.4585721816368401,1.1711324222154915
1789666851389990700,20.49299072265625,3.2784441630423067,0.034568916817009444,1.1095568405292928
1789666851399942400,20.5029423828125,2.6939082448303697,-0.32177330892309547,1.2036398033928126
1789666851409894400,20.512894287109376,1.947605309125781,-0.5818284128189086,1.439192699521035
1789666851419846700,20.5228466796875,1.0470201587259769,-0.6973143022604287,1.6129352553591132
1789666851429797400,20.53279736328125,0.16311200236082077,-0.7056169973120093,1.594629637209326
1789666851439749400,20.542749267578124,-0.5745283189386129,-0.6950337901078164,1.4061217661768197
1789666851449701600,20.55270166015625,-1.1315151359677313,-0.6638806730836629,1.15171833136715
1789666851459652400,20.56265234375,-1.3815186553180216,-0.5733002384483814,0.9510990206498652
1789666851469604600,20.5726044921875,-1.403868434292078,-0.5212063324652612,0.8065466842651366
1789666851479556600,20.582556640625,-1.2382166843205689,-0.5384194792032242,0.7013997449431568
1789666851489508400,20.59250830078125,-1.044133205112815,-0.6633242082446813,0.6283354585804045
1789666851499459600,20.60245947265625,-0.8735545201331376,-0.8299114855006336,0.5872364458749071
1789666851509411600,20.61241162109375,-0.7196680267572403,-1.004906233356893,0.5557885106226429
1789666851519363300,20.62236328125,-0.6433586940586566,-1.1342653114587067,0.4949713095556944
1789666851529314600,20.632314453125,-0.6166390294373035,-1.2612731502592562,0.3579019493374973
1789666851539266600,20.6422666015625,-0.6503302866369486,-1.4021116537526248,0.23950572540722787
1789666851549218300,20.65221826171875,-0.7823048079341649,-1.5234776872739195,0.197509983057715
1789666851559170600,20.662170654296876,-1.0405167681813239,-1.6348729464009404,0.24792357127107678
1789666851569121300,20.672121337890626,-1.3320529058814048,-1.735897033639252,0.32517697988674044
1789666851579073500,20.682073486328125,-1.6481103213757275,-1.7986673780679703,0.4311894499968737
1789666851589025500,20.692025634765624,-1.9924533356338738,-1.7815885252341628,0.5520848703317344
1789666851598976300,20.701976318359375,-2.3460505004495382,-1.7376877164483069,0.618599735051021
1789666851608928500,20.711928466796873,-2.7386095563441515,-1.6397347072184085,0.6469938356906175
1789666851618880500,20.721880615234376,-3.1238895611464974,-1.4077818083435296,0.6560846123799682
1789666851628832500,20.73183251953125,-3.378804817935824,-1.1942167990744113,0.6073034476740286
1789666851638783500,20.741783447265625,-3.492081653025746,-1.0299734545961021,0.5630552502226084
1789666851648735500,20.751735595703124,-3.451599420511722,-0.9262801481485367,0.5939551962032914
1789666851658687500,20.7616875,-3.34069223716259,-0.8943658374935388,0.6080951460409909
1789666851668639500,20.771639404296874,-3.210311122536659,-0.9608806291475892,0.624468261758238
1789666851678590500,20.781590576171876,-3.047180999997258,-1.0528171545669436,0.5086917553396896
1789666851688542500,20.79154248046875,-2.718416078621149,-1.0581178913235665,0.2539752359928563
1789666851698494500,20.801494384765626,-2.133980698174238,-1.0620572765991092,0.006563852027617395
1789666851708445400,20.811445556640624,-1.252608782288432,-1.0958052324220537,-0.24074166041035203
1789666851718397400,20.8213974609375,-0.1400876851260662,-1.2586521541059017,-0.5678426306296139
1789666851728349400,20.831349365234374,1.0120166498839855,-1.4026961756423115,-0.7377209853202105
1789666851738300700,20.84130078125,1.89365218514204,-1.4245815519750118,-0.7814837738748639
1789666851748252400,20.85125244140625,2.2774521805197,-1.4244886129945515,-0.7656943032644689
1789666851758204400,20.861204345703126,2.0568132873415945,-1.46021122989133,-0.7437530320260674
1789666851768156400,20.871156494140624,1.4056354439646004,-1.475332518916577,-0.7019755720697343
1789666851778107400,20.881107421875,0.5613368289321661,-1.4148086382403968,-0.6978366456340998
1789666851788059400,20.891059326171874,-0.23706863445341586,-1.177616961929202,-0.7353142895046622
1789666851798011600,20.90101171875,-0.8579442785471677,-0.7180208440721034,-0.7370752347625792
1789666851807963400,20.91096337890625,-1.291744276368618,-0.2688596109896898,-0.9512127101574093
1789666851817914400,20.920914306640626,-1.4857149428516625,0.04487023833990097,-1.2968094508036971
1789666851827866600,20.93086669921875,-1.550780412480235,0.2599894913136959,-1.5841970905221998
1789666851837818400,20.940818359375,-1.45091893928051,0.4738590364873409,-1.7207485643461347
1789666851847769600,20.95076953125,-1.2393798828810452,0.6102804541908204,-1.7425820643611252
1789666851857721600,20.9607216796875,-1.0405512549728155,0.6472060171365738,-1.7465177963748573
1789666851867673300,20.97067333984375,-0.7973889798194169,0.5744176981709898,-1.6335907976359128
1789666851877625300,20.980625244140626,-0.381722020059824,0.5468455083735286,-1.4475792734637856
1789666851887576600,20.99057666015625,0.185129772901535,0.6424747508309782,-1.231994010413438
1789666851897528000,21.000528076171875,0.8162678678125143,0.7847044164218008,-1.0694199143216012
1789666851907480000,21.01047998046875,1.455378256776929,0.8217894077129662,-1.0364099904496222
1789666851917431000,21.02043115234375,2.167535761773586,0.8142785936914384,-0.9685524789497256
1789666851927383300,21.03038330078125,2.757197352436185,0.8265788339465856,-0.5981599544167518
1789666851937335000,21.0403349609375,2.9648224502623077,0.4904872229442,-0.4164980037562549
1789666851947287000,21.050287109375,3.0124551390528675,0.023963936172425745,-0.5620269300881773
1789666851957238300,21.06023828125,2.9622979002207517,-0.23523206667602062,-0.6304362302519381
1789666851967190000,21.07018994140625,2.84042333265543,-0.3119070178166032,-0.6060587083099409
1789666851977142000,21.08014208984375,2.8176386693954467,-0.334669761505723,-0.7672393407493829
1789666851987093200,21.09009326171875,2.7263281669199464,-0.26805677017420526,-1.0713058011334389
1789666851997045000,21.100044921875,2.6104402725487947,-0.22555355322659015,-1.3926879918470978
1789666852006997000,21.1099970703125,2.4677315912693736,-0.14800298829525707,-1.629853803064674
1789666852016949200,21.11994921875,2.305958144035935,-0.06475771885365247,-1.741303861118853
1789666852026900000,21.12989990234375,1.9296587335467337,-0.04289660017937422,-1.8124755386680365
1789666852036852200,21.139852294921877,1.394774442732334,-0.06704159200713038,-1.9330192960210144
1789666852046804200,21.14980419921875,0.8217360700905323,-0.09127426211833953,-2.0325068213418125
1789666852056755000,21.1597548828125,0.26960253831148145,-0.11634995892494916,-2.0740178123816846
1789666852066707200,21.169707275390625,-0.1781201864004135,-0.24517595306336878,-2.0641941913731396
1789666852076659200,21.1796591796875,-0.4904471831947565,-0.4643571947790682,-1.9991499106630681
1789666852086611000,21.18961083984375,-0.6553788021981716,-0.7095568209789693,-1.7546955498725174
1789666852096562200,21.199562255859377,-0.6419008964657783,-0.9638291036896407,-1.3943535869717598
1789666852106514200,21.20951416015625,-0.4350345080524683,-1.2034439154945313,-0.9863073313489555
1789666852116466000,21.2194658203125,-0.20269757829606533,-1.4156357367143033,-0.6798278915390372
1789666852126417200,21.229417236328125,-0.09733049341738223,-1.5411565518274903,-0.451943630342558
1789666852136369000,21.239368896484375,-0.10906652391850948,-1.6069938826113939,-0.327748401277326
1789666852146321200,21.249321044921874,-0.28657646946609017,-1.544647170422226,-0.29129863914977755
1789666852156273200,21.259273193359373,-0.7089677690446377,-1.385442989154905,-0.39389461534731085
1789666852166224100,21.26922412109375,-1.3624386917948723,-1.2043832421712577,-0.5869420660382136
1789666852176176000,21.279176025390626,-2.1141402716726065,-0.9756839382648468,-0.7140788284480571
1789666852186128100,21.289128173828125,-2.7723452372074124,-0.753572342185676,-0.759086283301562
1789666852196080000,21.299080078125,-3.3205390914499757,-0.5822809788919985,-0.7581240872059017
1789666852206031000,21.309031005859374,-3.714237965029478,-0.4818528117202222,-0.7643348514795303
1789666852215983000,21.318983154296873,-3.933208048212528,-0.3891391644485295,-0.7470444747868925
1789666852225935000,21.32893505859375,-3.99672687292099,-0.2555019706360996,-0.6600293314177542
1789666852235886000,21.338885986328126,-3.899893807631731,-0.07841141954436898,-0.570262039796263
1789666852245838000,21.348838134765625,-3.708745797353983,0.06321165845543146,-0.5029126604815944
1789666852255790000,21.3587900390625,-3.4757208853334185,0.22381883838847277,-0.5410652079390361
1789666852265741000,21.368740966796874,-3.197968942835927,0.3649322133004665,-0.6157767135195433
1789666852275693000,21.378693115234373,-2.89551452075839,0.48397301874458787,-0.690784681295976
1789666852285645000,21.38864501953125,-2.4790596254915,0.5781503088280558,-0.7227513066601008
1789666852295597000,21.39859716796875,-2.023024414986372,0.6691543757028877,-0.6536896070022136
1789666852305548300,21.40854833984375,-1.6007202091693877,0.7843966656468808,-0.4938039828093722
1789666852315500000,21.4185,-1.326461369484663,0.9137997290208936,-0.25154004473518576
1789666852325452000,21.4284521484375,-1.1689490868270396,1.057480031811446,0.024104655250790526
1789666852335404000,21.438404052734374,-1.0665589719325304,1.1906938856452702,0.34343758985102174
1789666852345355000,21.44835498046875,-1.0975643510490656,1.2590395459882915,0.5972985518144444
1789666852355307000,21.45830712890625,-1.0266741207897663,1.3177616379395127,0.7392348970144986
1789666852365259300,21.46825927734375,-0.7713526212871075,1.4522365977503358,0.8280293250158429
1789666852375210000,21.4782099609375,-0.36259061861038205,1.6050155682757496,0.763882139275968
1789666852385162200,21.488162353515627,0.24833587839901447,1.7043145852871238,0.5466127955961972
1789666852395114200,21.4981142578125,1.1397288375616073,1.7375392478883265,0.1997865496875718
1789666852405066000,21.50806591796875,2.1545213818997144,1.8051279523842036,-0.23996939739622175
1789666852415017200,21.518017333984375,3.156213621646166,1.828034780719131,-0.5799353290813043
1789666852424969200,21.52796923828125,4.1674446741104125,1.7906467148281633,-0.8136347428299486
1789666852434921000,21.5379208984375,4.9841532714277506,1.5847455181851982,-0.9611620764374732
1789666852444872200,21.5478720703125,5.443242024284601,1.2551552519008518,-0.8991790099289267
1789666852454824200,21.55782421875,5.451280369311571,0.8957173982329666,-0.6735092099115252
1789666852464776000,21.56777587890625,4.98685843873322,0.6700842038989067,-0.27031945440918204
1789666852474728200,21.577728271484375,4.245364949136972,0.6363983535267412,0.12177600256167352
1789666852484679000,21.587678955078125,3.4422108299195764,0.6580619038023054,0.28101978518702087
1789666852494631200,21.597631103515624,2.8214848234295844,0.6088035135060549,0.3172747553948313
1789666852504583200,21.607583251953123,2.4853023192733525,0.5203257502384484,0.24695242468398063
1789666852514534000,21.617533935546874,2.363166470423341,0.4104562393739819,0.162628273964487
1789666852524486100,21.627486083984376,2.4491753593593835,0.28045988628193735,0.1896913086634129
1789666852534438100,21.637438232421875,2.5909324390023944,0.1407405960768461,0.2787953140705824
1789666852544390100,21.64739013671875,2.6097745021164416,-0.004199935907870531,0.372552113719657
1789666852554341000,21.657341064453124,2.458012745809555,-0.14933555207327007,0.5369873275082558
1789666852564293000,21.667293212890623,2.086682940426469,-0.21034721626639366,0.7651347696855664
1789666852574245000,21.6772451171875,1.5315923124074935,-0.2849082439929247,0.9874236220277846
1789666852584196000,21.687196044921876,0.9275672653496265,-0.3621539807587862,1.201691518869251
1789666852594148000,21.697148193359375,0.3561468492984772,-0.36344255926460023,1.4199907170534134
1789666852604100000,21.70710009765625,-0.16581073992550371,-0.2307810786165297,1.640420789786428
1789666852614052000,21.717052001953125,-0.5641507173091173,-0.12478387914076447,1.728079053364694
1789666852624003000,21.727003173828123,-0.9417097724705934,-0.10607026471197605,1.5680249772697685
1789666852633955000,21.736955078125,-1.2474749265313148,-0.18489158023148775,1.2361509839624165
1789666852643907000,21.746906982421876,-1.4229396299868822,-0.31522651762813325,0.9342055343203246
1789666852653858300,21.7568583984375,-1.3025240290582178,-0.46080388621166346,0.661497285078466
1789666852663810000,21.76681005859375,-0.8754512936651706,-0.6668854078575969,0.4683507213946432
1789666852673762000,21.776761962890625,-0.2760498147547245,-0.9396195221930742,0.40694187457747755
1789666852683714000,21.786714111328124,0.26247487838864325,-1.294321725641191,0.4834108548171818
1789666852693665000,21.7966650390625,0.6269412277430295,-1.5983244000740349,0.6656351155355572
1789666852703617000,21.806616943359376,0.7199953590154647,-1.846786681331694,0.9126238171093165
1789666852713569300,21.8165693359375,0.5089285963028669,-2.0295748595431444,1.2132632987193763
1789666852723520000,21.82652001953125,-0.04555763608217239,-2.136257703195512,1.448848270486295
1789666852733472000,21.836471923828125,-0.9080331283181905,-2.122952815942466,1.5827299405790864
1789666852743424300,21.84642431640625,-1.875741265398264,-2.0050863149747253,1.608369116487354
1789666852753376000,21.8563759765625,-2.7289655296862123,-1.766295094512403,1.5890044908039271
1789666852763327200,21.8663271484375,-3.403817094117403,-1.5246236424386501,1.4723808295041323
1789666852773279200,21.876279296875,-3.8472885911256074,-1.267916533796489,1.347627199371159
1789666852783231000,21.88623095703125,-4.088475182291865,-0.9461579840511083,1.2667135877475142
1789666852793182200,21.89618212890625,-4.151603546378016,-0.6348135685533285,1.1608832692712545
1789666852803134200,21.90613427734375,-4.103205718433856,-0.4194233896836638,1.0075194845952093
1789666852813086000,21.9160859375,-4.0546956622868775,-0.2689689165830612,0.9856836464926599
1789666852823038200,21.9260380859375,-3.8687376218676564,-0.14430354925543068,0.9914206557746976
1789666852832989200,21.9359892578125,-3.5718916873216626,-0.023068156376481054,1.0437154911573976
1789666852842941000,21.94594091796875,-3.1872067258030174,0.0774266462907195,1.0658189672201872
1789666852852893200,21.95589306640625,-2.7043513129115104,0.0790318895302713,1.1048084769584239
1789666852862844000,21.965843994140624,-2.1372925992012024,0.021326135014742613,1.1173786201961338
1789666852872796200,21.975796142578126,-1.6457862623423336,-0.00006619710400700569,1.197010009989515
1789666852882748200,21.985748046875,-1.2852566679149866,0.01733399663865566,1.2851174055747687
1789666852892700200,21.9957001953125,-1.0393997468501328,0.05696034297570586,1.3439602012962102
1789666852902651000,22.00565087890625,-0.896426277154684,0.09817629659175872,1.4206404131338
1789666852912603000,22.015602783203125,-0.8094938436329364,0.19476912338435648,1.4539270350553095
1789666852922554600,22.0255546875,-0.6286117913037538,0.3059706135049462,1.39649337547943
1789666852932507000,22.0355068359375,-0.2751519891321659,0.3737428578741848,1.303259503725916
1789666852942457900,22.045457763671877,0.22487316974699495,0.37359526609703897,1.1387654724221676
1789666852952409900,22.055409912109376,0.9323194283127784,0.32136224390417334,1.0205956045936793
1789666852962361900,22.06536181640625,1.7527929311215877,0.18308511533141136,0.8151786112710833
1789666852972312800,22.075312744140625,2.4935528457462786,0.03566913314387202,0.6931706265844404
1789666852982264800,22.085264892578124,3.1052117486834523,-0.0060800505660474295,0.5493745153944939
1789666852992216800,22.095216796875,3.6183641001611946,0.21861425548270344,0.3838311942335218
1789666853002167800,22.105167724609377,3.9919390541225668,0.679333970542252,0.10517857656925916
1789666853012119800,22.115119873046876,3.9850037019014355,1.0610198963753878,-0.18596447016000747
1789666853022071800,22.12507177734375,3.6351626747488974,1.235230654247105,-0.4039765219658613
1789666853032023800,22.13502392578125,3.0940514722436663,1.4400316345632076,-0.5313469104684889
1789666853041974800,22.144974853515624,2.474062547856569,1.7730495372086763,-0.48863173127062615
1789666853051926800,22.1549267578125,1.9337457105994222,2.117697379632294,-0.37862726891487836
1789666853061879000,22.164879150390625,1.5884078400850294,2.3829914070948957,-0.3433548069383949
1789666853071830800,22.174830810546876,1.5795067407488823,2.5528975996404886,-0.5041215613473207
1789666853081781800,22.18478173828125,2.0222803186208007,2.6228403199166057,-0.8868855647407472
1789666853091733800,22.194733642578125,2.9534909089088437,2.530428578200936,-1.2118383804827928
1789666853101685800,22.204685791015624,4.32412752020657,2.198482104179263,-1.3583257035180925
1789666853111637000,22.214636962890626,5.690550897723436,1.6748212181687354,-1.3122124793797731
1789666853121588700,22.224588623046873,6.846282191058993,1.1230686485312877,-1.0143615325096995
1789666853131540700,22.234540771484376,7.426372820299863,0.5120128991190344,-0.7130602990552782
1789666853141492700,22.24449267578125,7.337818923056125,-0.12761121152117846,-0.5518623866874725
1789666853151443700,22.254443603515625,6.710614075940847,-0.7096006601206958,-0.4649512516820803
1789666853161395700,22.264395751953124,5.669854731175303,-1.217286562886089,-0.5491187140025198
1789666853171348000,22.274347900390627,4.267386226809024,-1.4718560749776661,-0.8040214035712182
1789666853181298700,22.284298583984373,2.6774106990158555,-1.5361344858817756,-1.159205691447854
1789666853191250700,22.294250732421876,1.298426530611515,-1.444472101228684,-1.6755178221307694
1789666853201203000,22.304202880859375,0.2069809547036886,-1.2628377692274748,-2.3032851254343987
1789666853211154700,22.31415478515625,-0.478176315164566,-1.1477930476821958,-2.757090092669427
1789666853221106000,22.32410595703125,-0.758378573423624,-1.11651367392987,-2.9564979817703363
1789666853231058000,22.334057861328127,-0.701712098827958,-1.2425655271798373,-2.9630937267735598
1789666853241009700,22.344009765625,-0.5252835187762975,-1.5005004240512847,-2.7922131362378595
1789666853250961000,22.3539609375,-0.3735241005569696,-1.8277733533039688,-2.4669004011422393
1789666853260913000,22.363912841796875,-0.4695686458170414,-2.1248864143535493,-2.0377188569016753
1789666853270864600,22.37386474609375,-0.7737877394795417,-2.3438383773580194,-1.6780138767302035
1789666853280817000,22.38381689453125,-1.3721446777731179,-2.5591353249862787,-1.4472212538063525
1789666853290768000,22.393767822265627,-2.091332227537036,-2.638192202827334,-1.2532073327034712
1789666853300719600,22.4037197265625,-2.8140988048315045,-2.6067560310781,-1.133854392570257
1789666853310672000,22.413671875,-3.4775790804207323,-2.4959999466374514,-1.0619597345087677
1789666853320622800,22.423622802734375,-4.016354533454775,-2.363156533551216,-1.002831619039923
1789666853330574800,22.433574951171874,-4.406190301865339,-2.3193556780084967,-1.0647888935200869
1789666853340526800,22.44352685546875,-4.6789808225631715,-2.3560125070154667,-1.1589403185099363
1789666853350478800,22.453478759765623,-4.808007015448808,-2.254048508578539,-1.0532770271636545
1789666853360429800,22.463429931640626,-4.7351720808625215,-2.0674682446077464,-0.8674677475653588
1789666853370381800,22.4733818359375,-4.498510858166218,-1.9053700954645871,-0.6844643191680312
1789666853380333800,22.483333740234375,-4.193083557757735,-1.7768147349610923,-0.48353543104492125
1789666853390285800,22.493285888671874,-3.9543823536664244,-1.661785795506835,-0.34212610539365557
1789666853400236800,22.50323681640625,-3.8854444265186783,-1.466407600313425,-0.2978754967894405
1789666853410188800,22.513188720703123,-4.041590096998214,-1.21387660831213,-0.3672050901358947
1789666853420140800,22.523140869140626,-4.3645314267873765,-0.9684422965735197,-0.4263994027087465
1789666853430091800,22.533091796875,-4.681302543509006,-0.6780529908210039,-0.3549116449477151
1789666853440044000,22.5430439453125,-4.844326867586374,-0.3803185830026865,-0.16680004322379827
1789666853449995800,22.552995849609374,-4.760982813945413,-0.18076660925596952,0.11677026669625193
1789666853459947800,22.56294775390625,-4.484389393833279,-0.007342471717298031,0.32123865405712276
1789666853469898800,22.572898681640623,-4.016763698777556,0.22423253375589847,0.5010543923290446
1789666853479850800,22.582850830078126,-3.507843870303035,0.5054463071450591,0.6575578998029231
1789666853489802800,22.592802734375,-2.9605262143731115,0.7652054968342185,0.807580995748937
1789666853499753700,22.602753662109375,-2.5248914023399354,0.940576676787436,0.9254637902643531
1789666853509705700,22.612705810546874,-2.237729241940379,1.0927747786849737,1.0102432104706764
1789666853519657700,22.62265771484375,-1.8572750498592852,1.1913017884105443,1.038380486804992
1789666853529610000,22.63260986328125,-1.2585054391115904,1.229249534010887,1.0064140075713395
1789666853539560700,22.642560791015626,-0.45550095749795433,1.2500281181454658,0.8651463188804686
1789666853549513000,22.652512939453125,0.48304596702754493,1.3123089254915714,0.7095351936690509
1789666853559464700,22.662464599609375,1.5182441705346106,1.3491034094035625,0.6734868519492447
1789666853569415700,22.672415771484374,2.6388860303103923,1.3737909836754203,0.8022681301631033
1789666853579368000,22.682367919921877,3.6464497924387453,1.3430147371396421,0.948836190284416
1789666853589319700,22.692319580078124,4.46588810698092,1.3089955631598829,1.1097001945227385
1789666853599271700,22.702271728515626,5.011702372610569,1.3547959219567476,1.2150687407061458
1789666853609223000,22.712222900390625,5.127512525570392,1.5414477898590266,1.281758596666157
1789666853619174700,22.722174560546875,4.8208939695507285,1.7598828893825411,1.2430876513577997
1789666853629127000,22.732126953125,4.452560423374176,1.933435767867416,0.9982674529295414
1789666853639078000,22.742077880859377,4.110942450165749,2.0871458817631003,0.7165547901075333
1789666853649029600,22.752029541015624,3.925096637949347,2.060057383829355,0.5340406795971095
1789666853658982000,22.76198193359375,4.076838520511984,1.9022144079126417,0.4460871959319338
1789666853668934000,22.771933837890625,4.52310695476234,1.6160076485417783,0.49004338816683735
1789666853678884900,22.781884765625,5.099820801046491,1.181799362180382,0.6117369000768289
1789666853688836900,22.7918369140625,5.620917389526963,0.7423710030831396,0.8212907374758273
1789666853698788900,22.801788818359373,5.858255488571524,0.3364785644933581,1.1050528071083128
1789666853708739800,22.81173974609375,5.61212091960907,-0.06387392175644636,1.2950040088169277
1789666853718691800,22.82169189453125,4.812925767150521,-0.364813847617805,1.387936559536308
1789666853728643800,22.831643798828125,3.6076200033068653,-0.4350912066757679,1.5694230074994264
1789666853738595800,22.841595947265624,2.1091005239397287,-0.47665495081618425,1.7572687613613902
1789666853748546800,22.851546875,0.6637514937460423,-0.5439994712926447,1.8878510976478455
1789666853758498800,22.861498779296873,-0.5007967277735471,-0.5586246473640203,1.9079666878290473
1789666853768450800,22.871450927734376,-1.3641186077058314,-0.5265459399275482,1.9360195007503032
1789666853778401800,22.88140185546875,-1.9026988304287193,-0.4784273673161864,2.0119221523441375
1789666853788353800,22.891353759765625,-2.056035288706422,-0.3839769593797624,2.038086521170288
1789666853798305800,22.901305908203124,-1.8744009567052125,-0.3921531054422259,1.9761103958591817
1789666853808257800,22.9112578125,-1.60526662042737,-0.580918750628084,1.8199765619479118
1789666853818208800,22.921208740234373,-1.2391162635087967,-0.7350242935821414,1.7004999954350293
1789666853828160800,22.931160888671876,-0.7861977237194776,-0.9510064469955861,1.502952201117575
1789666853838112800,22.94111279296875,-0.603171060577035,-1.312306002882123,1.4408530339486896
1789666853848063700,22.951063720703125,-0.5829974565982818,-1.5680962889403103,1.465299639071524
1789666853858015700,22.961015625,-0.5813309846907854,-1.929330670636147,1.7979829029351473
1789666853867967700,22.9709677734375,-0.7158756487369536,-2.210483215357363,2.064790549831092
1789666853877920000,22.980919921875,-0.9051111033916472,-2.200062505238503,2.1139535169288517
1789666853887870700,22.99087060546875,-1.2925713748425245,-1.9899910371735692,1.9946713039442896
1789666853897823000,23.000822998046875,-1.2224287480801344,-2.1454066398128866,1.2037195906307547
1789666853907775000,23.01077490234375,-1.466181974864006,-1.8812313872471451,0.6666613898433744
1789666853917727000,23.02072705078125,-1.583553970313072,-1.364092450351268,0.33132023188211024
1789666853927678000,23.030677978515627,-1.7749153310805559,-1.1923949904747306,0.2734156668588519
1789666853937630000,23.0406298828125,-1.8983499875694512,-0.9944080740876495,0.1941238477507606
1789666853947582000,23.05058203125,-1.7407973729014397,-0.6935445744633674,0.0350479325056076
1789666853957533000,23.060532958984375,-1.536852424892783,-0.503606670627743,-0.17454097620677203
1789666853967485000,23.07048486328125,-1.8391075250059365,-0.5427038785241544,-0.18992851495277135
1789666853977437000,23.08043701171875,-2.547137136417627,-0.6338904623590409,-0.08619999106135219
1789666853987388000,23.090387939453127,-3.5299236001640555,-0.8385342062868177,0.35019670872241254
1789666853997340000,23.10033984375,-4.546999871525168,-1.416788998402655,0.7983337863888591
1789666854007292200,23.110292236328124,-4.657379231607914,-2.4538451047360894,1.3078998768776655
1789666854017244000,23.120243896484375,-4.148822975748777,-1.8250841142199932,1.3489920579835772
1789666854027195000,23.13019482421875,-3.500010107937455,-1.5040392657019197,1.153160785260424
1789666854037147100,23.140147216796876,-2.988703092065453,-1.3499356224440038,0.9212981219522655
1789666854047099000,23.150098876953123,-2.2676801435679197,-0.8345878067485988,0.3178917913146317
1789666854057050000,23.160050048828126,-1.3603712378710509,-0.39566593586876986,-0.3893370981734246
1789666854067002000,23.170002197265624,-0.5666606543034315,-0.1838319881759584,-1.1470679482780397
1789666854076953900,23.179953857421875,-0.08702128084897995,0.013595979154109953,-1.7463403939813373
1789666854086905900,23.18990576171875,0.2546948920369148,0.33226913010478015,-1.9075339955002069
1789666854096857000,23.199857177734376,0.46773675421476363,0.7019752798087895,-1.8531579699292777
1789666854106808800,23.209808837890623,0.41601591932773585,0.8776203082673251,-1.7749755368351936
1789666854116761000,23.219760986328126,0.3751420571476221,0.7175387596435845,-1.6807136372081934
1789666854126713000,23.229713134765625,0.4466115485996008,0.38541064544469117,-1.5847222834400831
1789666854136663800,23.239663818359375,0.8831681516528129,0.0884777632676065,-1.4118117945119737
1789666854146616000,23.249615966796874,1.577483710488677,-0.07310907535254955,-1.2464794857531785
1789666854156568000,23.259568115234377,2.3549328950852155,-0.13879194622710347,-1.2434358802735805
1789666854166519000,23.26951904296875,3.0131974818527696,-0.11787278457805514,-1.4379120120607316
1789666854176471000,23.279470947265626,3.455952939546108,-0.08111088776141405,-1.7108127151347696
1789666854186423000,23.289423095703125,3.6848844447731968,-0.14177446916922926,-1.9792688598901031
1789666854196374000,23.2993740234375,3.5608161665558815,-0.479433329488337,-2.195063527907431
1789666854206326000,23.309325927734374,3.428451769158244,-0.5166926544331014,-2.378945931096375
1789666854216278000,23.319278076171877,3.150066204932332,-0.03600830197036266,-1.9094449436880647
1789666854226230000,23.32922998046875,2.8711148235172033,0.24011150928065178,-1.5757646316111087
1789666854236181000,23.339180908203126,3.029823622483015,0.8209620169781148,-1.6115692277029157
1789666854246133000,23.349133056640625,2.3840736493736503,1.4264166584476827,-1.3718047782942653
1789666854256085000,23.3590849609375,2.7201082694917917,1.7521166392952203,-0.9733442432709037
1789666854266036000,23.369035888671874,2.4869307972580192,1.2631354369997978,0.6021066827485337
1789666854275988000,23.378988037109377,2.07368083551228,-0.6068015260338783,1.7369639322184025
1789666854285940000,23.38893994140625,2.2119705313056706,-2.5124685586184263,2.3332808891169727
1789666854295892000,23.39889208984375,2.544918291324377,-2.337929153314233,1.1579779032185673
1789666854305843000,23.408843017578125,4.170516921162605,-2.045198837393522,-0.4351559424750507
1789666854315795000,23.418794921875,5.150979910397529,-0.36103374455720183,-4.372353498715162
1789666854325747000,23.428746826171874,2.8816882399797437,7.24392600287199,-10.372972216129302
1789666854335699200,23.43869921875,2.214870344400406,1.7178247858539222,-6.403440224125981
1789666854345650000,23.44864990234375,0.2782832728952169,-2.9864366084381935,-1.0664359300747512
1789666854355602000,23.458601806640626,-2.0905881311714647,-3.6851466028407214,2.22135269215703
1789666854365554200,23.46855419921875,-3.3514813422024248,-3.042210810369253,2.8819395843923092
1789666854375505000,23.4785048828125,-4.255916153767704,-2.0813269663512703,2.461557286548614
1789666854385457200,23.48845703125,-5.075489492866397,-0.8743833721727132,1.3467268895305693
1789666854395409000,23.498408935546873,-5.274896212923527,1.5050567721813917,-1.4462965401768684
1789666854405359900,23.50835986328125,-4.632889517995715,3.893494461983442,-5.960295474854111
1789666854415312100,23.51831201171875,-2.974820112663507,4.458044992265105,-8.6347911632061
1789666854425263900,23.528263916015625,1.4436094930499792,1.8449378385946154,-6.564942453202605
1789666854435216000,23.5382158203125,4.714552486681938,-1.9605270422801375,-3.8286025953561067
1789666854445167000,23.5481669921875,4.813741759708523,-2.5268060037896034,-3.018599925418198
1789666854455118800,23.558118896484373,3.1116309680759904,-1.9602026326313613,-2.425888737926632
1789666854465070800,23.56807080078125,0.9515531210929155,-1.796135229241848,-2.2576734210774303
1789666854475022000,23.57802197265625,-1.8014134619057178,-1.9596505517065523,-2.573207981741428
1789666854484973800,23.587973876953125,-5.673112856188416,-1.4623197464779019,-1.4499690912097691
1789666854494926000,23.597926025390624,-6.893579948806762,-0.4901151747614145,0.49029436725322156
1789666854504878000,23.607878173828126,0.8238280739337206,1.4486568395674229,2.5719784399464727
1789666854514828800,23.617828857421873,-0.10408405933082103,0.09833996272087096,3.5236858748182653
1789666854524781000,23.627781005859376,-0.2730652459859848,-1.4529431385844944,2.967183626435697
1789666854534733000,23.637733154296875,0.19751228461265563,-1.917019032204151,2.529140876477957
1789666854544684000,23.64768408203125,0.32877661181390283,-1.576864409546554,1.386362442087382
1789666854554636000,23.657635986328124,0.4482353504091501,-1.0179495470643043,0.40768735918253657
1789666854564588000,23.667588134765627,-0.012355039182305336,-0.6452192272335291,0.42208069925941527
1789666854574539800,23.677539794921874,-0.5315501779556274,-0.4046691804051399,0.830267532396689
1789666854584491000,23.687490966796876,-0.9408066861510276,-0.5081666720196605,1.189677986600995
1789666854594443000,23.697443115234375,-1.3582885863780974,-0.4162435906037688,1.1226677395801992
1789666854604395000,23.70739501953125,-1.8882412660092114,-0.3624883272796869,0.9641288172885775
1789666854614346000,23.717345947265624,-2.4277035322636364,-0.3485755372613668,0.9879694193422793
1789666854624298000,23.727298095703127,-2.9691596026837823,-0.24952596496641635,1.1242759784944354
1789666854634250000,23.73725,-3.3587218148499725,-0.08612316296547651,1.2481325136572121
1789666854644202000,23.747201904296876,-3.433300378233194,0.22987696938365695,1.232131226927042
1789666854654153000,23.757153076171875,-3.176226482105255,0.49972705271542067,1.0551211206603794
1789666854664105000,23.76710498046875,-2.7398025655210017,0.5722442996546626,1.120084372023493
1789666854674057000,23.777056884765624,-2.1453058097869158,0.4735600535407662,1.380717860329151
1789666854684008000,23.787008056640627,-1.3842267452329395,0.43603228691816326,1.6577064172387121
1789666854693960000,23.7969599609375,-0.767476072114706,0.4724243275091052,1.887708766567707
1789666854703912000,23.806911865234376,-0.10101356584429741,0.49168257020860906,2.086038066651672
1789666854713864200,23.8168642578125,0.7478659472376108,0.5298439585596323,2.289568734771013
1789666854723815000,23.82681494140625,1.5698445939123629,0.5615305979385972,2.4994296288251876
1789666854733767000,23.836766845703124,2.180671722200513,0.5550374365270138,2.7006153412535787
1789666854743719000,23.846718994140623,2.5475574076563117,0.4582967256963253,2.773252707441151
1789666854753670000,23.856669921875,2.85827053951323,0.3510138703241944,2.6625194193542003
1789666854763622100,23.8666220703125,3.2482612062245604,0.3560419276192784,2.49073428119421
1789666854773574000,23.876573974609375,3.2913802169829607,0.40450142262279987,2.4083655023261903
1789666854783526000,23.88652587890625,2.8249633131951093,0.3925070334464311,2.4037242523916063
1789666854793477000,23.89647705078125,2.1254718130260706,0.45970659249424933,2.320563592493534
1789666854803428900,23.906428955078123,1.413987677246332,0.7130500699222088,2.0026985430553554
1789666854813380900,23.916380859375,0.8191431309878826,1.004954748673737,1.566885597976297
1789666854823332000,23.92633203125,0.5568056152433156,1.1725021031334995,1.2262518134996294
1789666854833283800,23.936283935546875,0.4564630805283785,1.1935393382042645,1.0972137109804898
1789666854843236000,23.946236083984374,0.6020353345453738,1.077389870287478,1.074482823734358
1789666854853188000,23.95618798828125,1.0450158331662416,0.8919108455568552,1.0283568131797014
1789666854863138800,23.966138916015623,1.6030425146371126,0.6986863212659955,0.9595363749317825
1789666854873091000,23.976091064453126,2.229581591320038,0.3612865502744913,0.8626512871943414
1789666854883043000,23.98604296875,2.855540822288394,-0.10434826322495937,0.8171534184753895
1789666854892994000,23.995994140625,3.479138584822416,-0.5356178657859564,0.9258565159089863
1789666854902946300,24.0059462890625,3.8275714987426994,-0.8354828558921813,1.1424766018997876
1789666854912898300,24.015898193359376,3.7317245218813415,-1.0746589840188623,1.4201416698314249
1789666854922850000,24.02585009765625,3.096553225931525,-1.2953574984297156,1.739342644048482
1789666854932801300,24.03580126953125,2.1499872456014155,-1.3366463711515069,1.9973853852085768
1789666854942753000,24.0457529296875,1.0333107823252676,-1.1015165958061814,2.0471600544638933
1789666854952705000,24.055705078125,-0.007550853770971298,-0.8207564114034175,2.110308438424766
1789666854962656300,24.06565625,-0.7767769844233989,-0.5130471375375986,1.9764444501191376
1789666854972608000,24.07560791015625,-1.2080191144555807,-0.22872896839231252,1.6583786174118518
1789666854982560300,24.085560302734375,-1.3033791845828293,-0.07129150453656911,1.4239596206843852
1789666854992512300,24.09551220703125,-1.291891575884819,-0.010986088916659354,1.3645169593736528
1789666855002463000,24.105462890625,-1.3472645035386084,0.009646657006442546,1.2644589406885205
1789666855012415200,24.115415283203124,-1.5000111792296171,-0.029150983421504496,1.1014151812583208
1789666855022367200,24.1253671875,-1.614729445299506,-0.35123891125172374,1.2539166500166057
1789666855032318200,24.135318115234377,-1.548195656684041,-0.6147320267722011,1.320595984582603
1789666855042270200,24.145270263671875,-1.3101818503350018,-0.8019359755992889,1.145316136174649
1789666855052222200,24.15522216796875,-1.0449340001016854,-0.9393769456088542,0.9082993049737066
1789666855062174200,24.16517431640625,-0.828251151072979,-1.0480740516930818,0.6493260049652307
1789666855072125200,24.175125244140624,-0.7670131307780742,-1.1692279037684201,0.36349516623467204
1789666855082077200,24.1850771484375,-0.7890975368142128,-1.3161331599548458,0.054533335024490946
1789666855092029200,24.195029296875,-0.8892161996454,-1.5025038728281854,-0.16057926901280878
1789666855101980200,24.204980224609375,-1.085597434401512,-1.6128183509811758,-0.29282888092435894
1789666855111932200,24.21493212890625,-1.3244681498408317,-1.662723953139782,-0.43325412744171915
1789666855121884200,24.22488427734375,-1.5915806249022484,-1.6228712507009506,-0.621608342282474
1789666855131836200,24.234836181640624,-1.7991513621926307,-1.417137957970798,-0.7302554717451334
1789666855141787400,24.244787353515626,-1.8154525086522102,-1.1254665034532547,-0.8215684584386647
1789666855151739100,24.2547392578125,-1.766155101519823,-0.9213657803609967,-1.2888779271520674
1789666855161691100,24.264691162109376,-1.8183447229623793,-0.8675257613629103,-1.3027702589042485
1789666855171642400,24.274642333984374,-1.8753116418093443,-0.8455819328412413,-1.1855334341421722
1789666855181594000,24.284593994140625,-1.8571306729525328,-0.8095125483334064,-1.2530410362258553
1789666855191546000,24.294546142578124,-1.769101676365733,-0.7668143933355808,-1.478071150100231
1789666855201498400,24.304498291015626,-1.6704957561850546,-0.7011328376352787,-1.6528379344195125
1789666855211449000,24.314448974609373,-1.6050310581058262,-0.630386984282732,-1.6910547062195838
1789666855221401000,24.324401123046876,-1.5738058987587689,-0.5365720977708697,-1.6322916977360844
1789666855231353300,24.334353271484375,-1.5033873776644466,-0.48320671054720876,-1.6059817829594014
1789666855241304000,24.344303955078125,-1.3320856391072273,-0.4279188308283686,-1.7982813013598322
1789666855251256300,24.35425634765625,-1.0254185677707195,-0.3387044238492846,-2.051725754944235
1789666855261208300,24.364208251953126,-0.7067565227359532,-0.239748375056684,-2.289422458168119
1789666855271160000,24.37416015625,-0.41239597526490684,-0.28251491911560295,-2.3969091655492782
1789666855281111300,24.384111328125,-0.17103928822875022,-0.41993250824958084,-2.3602780555054546
1789666855291063000,24.39406298828125,-0.16204466539025306,-0.47849663316011426,-2.3268800821639597
1789666855301015000,24.40401513671875,-0.24559388621449468,-0.4674085451737046,-2.245000986509025
1789666855310966300,24.41396630859375,-0.0919470468133688,-0.03726443951129913,-2.5905302879422902
1789666855320918000,24.42391796875,0.07088964573740959,0.37693975421935316,-3.043343613791466
1789666855330870300,24.433870361328125,0.330708456659317,0.6070177991330623,-3.1432422041311856
1789666855340822300,24.443822265625,0.727096715453267,0.670663465091586,-3.0066216105937955
1789666855350773000,24.45377294921875,1.2183517078995705,0.6343851140081882,-2.635502817612886
1789666855360725200,24.463725341796874,1.6490882264971731,0.7210182723224162,-2.4350769836410877
1789666855370677200,24.47367724609375,1.8845377353161572,0.8722460678830742,-2.395838467577845
1789666855380629200,24.483629150390627,2.0994734484165907,0.9133031776756048,-2.3034968684889376
1789666855390580200,24.493580322265625,2.286484212759137,0.998173417970538,-2.195129725011438
1789666855400532200,24.5035322265625,2.3541017049580812,1.1796978598564862,-2.106105579907447
1789666855410484000,24.51348388671875,2.3382746057510375,1.4892723430722952,-1.9307035664245484
1789666855420435200,24.523435302734374,2.0786621310561895,1.727946366895735,-1.7338563215918839
1789666855430387200,24.53338720703125,1.8484481848031282,1.7823150859430432,-1.6425312060691415
1789666855440339200,24.543339111328127,1.7763824810236692,1.7085960619986056,-1.4588251823604106
1789666855450291200,24.553291259765626,1.9286714760750532,1.2712725662261246,-1.3248977734297513
1789666855460242200,24.5632421875,2.60834125444293,1.0147802693784236,-0.9555216593977063
1789666855470194200,24.573194091796875,3.5592590002417563,0.6928510392412542,-0.678697280073911
1789666855480146200,24.583146240234374,4.5029017866015435,0.10229849108830094,-0.7447941385768353
1789666855490097400,24.593097412109376,5.135168593281507,-0.4720736143752932,-0.6575399257548153
1789666855500049200,24.603049072265627,4.939794489741325,-1.0293138216435909,-0.5199941071312875
1789666855510001200,24.613001220703126,4.360193689844012,-1.3178538462676108,-0.6925609702534973
1789666855519953200,24.622953125,3.41473245588541,-1.3486430984154343,-0.7474669379826635
1789666855529904000,24.632904052734375,2.1867034035801884,-1.2285562910497188,-0.7515536958396435
1789666855539856100,24.642856201171874,0.9989064084202051,-0.935276232291758,-0.6968216233726591
1789666855549808400,24.652808349609376,-0.04293313279747963,-0.49821869397908447,-0.6248499545522034
1789666855559760100,24.662760009765623,-0.789995946958661,-0.08357552430927753,-0.6602344986010342
1789666855569711000,24.672711181640626,-1.3663760312438011,-0.09305676162093877,-0.7445123259607702
1789666855579663400,24.682663330078125,-1.0296429074674844,0.23638094445019958,-0.529791534252651
1789666855589615000,24.692614990234375,-0.6817658738642931,0.31972967426627874,-0.07827380117196589
1789666855599566300,24.70256640625,-0.6520522881239652,-0.01594108097553253,0.025215141809917983
1789666855609518300,24.712518310546876,-0.31648879264891144,-0.06840045927017926,0.07974665020350366
1789666855619470000,24.722469970703123,-0.026114684465527532,-0.1523088687956333,0.21951083899624643
1789666855629422000,24.732422119140626,0.04973872115910053,-0.46648324702233074,0.299659822922945
1789666855639373300,24.742373291015625,-0.13440028713941574,-0.752703450396657,0.4570516210060566
1789666855649325000,24.752324951171875,-0.3504273026078939,-0.9121060768455267,0.4351287622071802
1789666855659277300,24.76227734375,-0.5527016870558261,-0.9549301963105797,0.3516043835632503
1789666855669228000,24.77222802734375,-0.4027390891253948,-0.8807850559085607,0.34767179335467513
1789666855679180000,24.782179931640623,-0.2674152574002743,-0.7611021531686186,0.4202301029566675
1789666855689132300,24.79213232421875,-0.40277766757011413,-0.822937554834783,0.46250696380250156
1789666855699084300,24.802084228515625,-0.6163637196272611,-0.9659490184530615,0.4929833506088704
1789666855709035300,24.81203515625,-0.7249421677678823,-0.9706967975020409,0.404226989595592
1789666855718987300,24.8219873046875,-0.9352572353303432,-0.9117810826748609,0.2896567536942661
1789666855728939300,24.831939208984377,-1.3383295019328594,-0.8721636502966285,0.3079924016561359
1789666855738891000,24.84189111328125,-1.7598697376400232,-0.819599350322783,0.2626603179581463
1789666855748842200,24.85184228515625,-2.1522294715702532,-0.774182584016025,0.08328055995069443
1789666855758794000,24.8617939453125,-2.410827800786495,-0.766476539683342,-0.10732574466578662
1789666855768746200,24.871746337890624,-2.54763514906764,-0.7530947878018022,-0.1523399215210229
1789666855778697200,24.881697265625,-2.6860797431617973,-0.7052873269662261,-0.06281827522367239
1789666855788649000,24.89164892578125,-2.804045612850785,-0.6204369604155421,0.07500804084166884
1789666855798601200,24.901601318359376,-2.7349907813251018,-0.469097521173954,0.1698942829120904
1789666855808553200,24.91155322265625,-2.426016017568111,-0.35024405499547717,0.15761179750934243
1789666855818504200,24.921504150390625,-2.0754630427539347,-0.3083417265504598,0.0944037192504853
1789666855828456200,24.931456298828124,-1.704246050095558,-0.34332653069198127,0.05040142285153269
1789666855838408200,24.941408203125,-1.4922206714838742,-0.35925621349066494,-0.00415726580992341
1789666855848359200,24.951359130859377,-1.3841834906131028,-0.2240978014603257,-0.16957440330795942
1789666855858311200,24.961311279296876,-1.2553139495939016,-0.10585603743940591,-0.3552702856596559
1789666855868263200,24.97126318359375,-1.0014315429836511,-0.03925824367702007,-0.48330743097532536
1789666855878215200,24.981215087890625,-0.6928232744514942,0.006179565417766571,-0.43037572246119377
1789666855888166100,24.991166259765624,-0.3671452131748199,0.015041209526360034,-0.23374537178222088
1789666855898118100,25.0011181640625,0.07046002214848995,0.06236556302011013,-0.010189239450544119
1789666855908070100,25.011070068359373,0.5255377857983112,0.025799042645096776,0.3661555445503443
1789666855918020900,25.021020751953124,1.1343833848804235,-0.13615999028831718,0.6508570869900285
1789666855927973000,25.03097314453125,1.8870751448392866,-0.26456337510049344,0.7719310056969523
1789666855937925000,25.040925048828125,2.5968933932334184,-0.3526449786573648,0.7529069370795041
1789666855947877000,25.050877197265624,3.0402129145503043,-0.5137538245022296,0.7798395137991756
1789666855957828000,25.060828125,3.1892168965816494,-0.6854431010723113,0.9403077236529439
1789666855967780000,25.070780029296873,3.0947382854640484,-0.7221960839301347,1.0345437581863253
1789666855977731800,25.08073193359375,2.883965537261963,-0.5903735383242368,0.985331179793179
1789666855987684000,25.09068408203125,2.2935779704123735,-0.2955608631715178,0.9423010894272476
1789666855997635000,25.100635009765625,1.6300538556814193,0.01800765811651945,0.8848709369827061
1789666856007587000,25.110587158203124,1.2067588852614164,0.2573547588959336,0.8729900181181728
1789666856017539000,25.1205390625,1.0646791495352983,0.4280962332218885,0.882515240702033
1789666856027490000,25.130489990234373,1.1611965730041265,0.43487581035941836,0.9652868282172828
1789666856037442000,25.140442138671876,1.4914818358153104,0.3158355894371867,1.1711286958884448
1789666856047394000,25.15039404296875,1.9698896216481923,0.1414642341762781,1.2965382326468824
1789666856057346000,25.160345947265625,2.4035914197921753,0.020261866784095764,1.3248248543240129
1789666856067297000,25.170297119140624,2.6163842756450175,-0.11811696859747171,1.3457700271971522
1789666856077249000,25.1802490234375,2.673894215327501,-0.2554170688316226,1.397644006819278
1789666856087201000,25.190200927734374,2.4605606767266988,-0.3729793261557817,1.4063573284983635
1789666856097152000,25.200152099609376,1.961753076943755,-0.43417029243856664,1.4060462167225778
1789666856107104000,25.21010400390625,1.390546595904231,-0.4186941986262798,1.3715174857854842
1789666856117056300,25.22005615234375,0.8616127379268407,-0.3033139615163207,1.300204500069469
1789666856127008000,25.230008056640624,0.43078678748011584,-0.18426643407046794,1.2721452574074268
1789666856136959000,25.239958984375,0.142810972610116,-0.09928513461649417,1.2737833800032734
1789666856146911200,25.2499111328125,-0.025212767189741133,-0.10532909095585345,1.3464461728930472
1789666856156863000,25.259863037109376,-0.11688333514928817,-0.1922416507333517,1.4674921806797385
1789666856166814200,25.269814208984375,-0.29517127933204174,-0.2510562432736158,1.5292048327490686
1789666856176766200,25.27976611328125,-0.5641431185245513,-0.285842017711699,1.5898364115834236
1789666856186718000,25.289718017578124,-0.8233060958862304,-0.3328200419858098,1.6461077493816614
1789666856196670000,25.299669921875,-1.01381697730422,-0.4239741848558187,1.606875809189677
1789666856206621200,25.30962109375,-1.1166729561448097,-0.5744850643187761,1.5162110572718084
1789666856216573000,25.319572998046876,-1.120780975985527,-0.7538359615579246,1.4043033185780047
1789666856226525200,25.329525146484375,-1.151281328189373,-0.960058499109745,1.2414822619877754
1789666856236476000,25.339475830078126,-1.2881050430834293,-1.154371695420146,1.071062201635912
1789666856246428000,25.349427978515624,-1.5530957036852835,-1.2585144992008805,0.9345779478292912
1789666856256380200,25.359380126953123,-1.82537476772964,-1.2551114127591252,0.7996327401582152
1789666856266332200,25.369332275390626,-2.104392784640193,-1.1483853144869207,0.6406319725085049
1789666856276283100,25.379283203125,-2.5435581088870762,-1.0919614164754747,0.422620578289777
1789666856286235100,25.389235107421875,-2.9950235272586343,-1.091977490827441,0.3008619652543217
1789666856296187100,25.399187255859374,-3.378254782837629,-1.0564818145543335,0.1986726701615378
1789666856306139000,25.409138916015625,-3.6213188583135603,-0.9505407291799783,0.03491181197054684
1789666856316090000,25.419090087890623,-3.816542155206203,-0.7947355427011847,-0.1342197794733569
1789666856326042000,25.4290419921875,-3.9130449656277895,-0.662399786876142,-0.24691125242337583
1789666856335994000,25.438994140625,-3.9195062705963846,-0.5631549842700362,-0.36510793519355356
1789666856345945000,25.448945068359375,-3.9070582924336192,-0.5317559296607971,-0.5096811317032203
1789666856355896800,25.458896728515626,-3.7688872545838352,-0.5269193032845855,-0.6879894245542586
1789666856365849000,25.46884912109375,-3.615148060724139,-0.4929571201890707,-0.8326886220637708
1789666856375801000,25.478801025390624,-3.4794624099493023,-0.43878129336535926,-0.9387113943722099
1789666856385752000,25.488751953125,-3.2842671701073645,-0.34275983671993016,-0.9111414695970713
1789666856395704000,25.4987041015625,-3.0170038883984085,-0.2167635130494833,-0.8467564565133303
1789666856405656000,25.508656005859375,-2.6330951719492672,-0.08471797234266996,-0.8581250419415533
1789666856415607000,25.51860693359375,-2.1683651983350516,0.07891688484847545,-0.8712779535032809
1789666856425559000,25.52855908203125,-1.783743949702382,0.190782684096694,-0.8377845569632947
1789666856435511000,25.538510986328124,-1.3970289436608552,0.2997629910364747,-0.847719456326589
1789666856445463000,25.548463134765626,-1.0144079289346932,0.4512786636278033,-0.9686817313525825
1789666856455414000,25.5584140625,-0.7430962486177682,0.6147513159945607,-1.2108730425819754
1789666856465366000,25.568365966796875,-0.5142459919333457,0.7061541729286313,-1.432568020684272
1789666856475318000,25.578318115234374,-0.27685119426548477,0.7925266344800591,-1.5731586868964136
1789666856485269000,25.58826904296875,-0.020299276185035704,0.8629463246181607,-1.676125871026516
1789666856495221200,25.59822119140625,0.2393628828704357,0.8596668645560741,-1.6269998749382792
1789666856505173000,25.608173095703126,0.6663204674512148,0.8605357563450932,-1.487476399566233
1789666856515125000,25.618125,1.3143991757690905,0.8210475033044815,-1.1796000985704362
1789666856525076200,25.628076171875,2.267942593896389,0.7925351100474596,-1.2047796210777013
1789666856535028000,25.638028076171874,3.187673758792877,0.9186004073008894,-1.2505597408041358
1789666856544980000,25.64797998046875,3.7994589184582233,1.044580364358425,-1.0566762411478907
1789666856554931200,25.65793115234375,3.9648260062694547,1.219346564155817,-1.0078507623761892
1789666856564883000,25.667883056640626,4.011078638878464,1.4220312829703092,-1.1003829156011342
1789666856574835000,25.6778349609375,4.167142476293445,1.552369142976403,-1.4944401010990143
1789666856584787200,25.687787109375,4.059254933026433,1.6367305569663644,-1.8198020821638403
1789666856594738000,25.697738037109374,3.707249421316385,1.7220558475524186,-1.7811974800899624
1789666856604690200,25.707690185546873,3.282511850872636,1.6306673114046453,-1.8358347869455813
1789666856614642200,25.71764208984375,3.0453561226576564,1.6489958720386027,-1.591312621615827
1789666856624593000,25.727593017578126,3.106797556570172,1.696174387320876,-1.1740273399394006
1789666856634545200,25.737545166015625,3.4867893918365236,1.1329138968497514,-0.9882589038081466
1789666856644497200,25.7474970703125,3.9234108768194913,0.536136921223998,-0.4744911969110369
1789666856654449000,25.757448974609375,4.2561885409682985,-0.1127075107693672,-0.4138789072990417
1789666856664400100,25.767400146484373,4.3104286651998756,-0.758947313222289,-0.46952407602295276
1789666856674352000,25.77735205078125,3.906892288216948,-1.3093164656773209,-0.6387804994229227
1789666856684304000,25.787303955078126,3.0439421642065048,-1.733720858643949,-0.8159743647586554
1789666856694255000,25.797255126953125,1.9150158756881952,-1.830467999215424,-0.8997006226502359
1789666856704206800,25.807206787109376,0.8683873466283083,-1.5753142574951051,-1.0709621022623033
1789666856714159000,25.8171591796875,-0.05328793807327747,-0.9396984326481819,-1.073512809658423
1789666856724111000,25.827111083984374,-0.5657762726843357,-0.5502466951191425,-1.0349925248671323
1789666856734062000,25.83706201171875,-0.9966916549801826,-0.776691059705615,-1.0194709844779222
1789666856744014000,25.84701416015625,-0.9479647412121296,-0.5742950947046279,-0.7617015803664923
1789666856753966000,25.856966064453125,-0.6606196254611015,-0.4694193004742264,-1.0069604624729602
1789666856763917000,25.8669169921875,-0.1193786590963602,-0.6614587066337466,-0.8034723183210939
1789666856773869000,25.876869140625,0.43648119972944255,-0.993604210358858,-0.5537010733567178
1789666856783821000,25.886821044921874,0.9931669879853725,-1.1731290028601884,-0.41396000971123575
1789666856793773000,25.89677294921875,1.3471844240397215,-1.2747995713084936,-0.26804244938790794
1789666856803724000,25.90672412109375,1.4184803124904632,-1.4135598072230815,-0.09439202881269157
1789666856813676000,25.916676025390625,1.2206021171748638,-1.4815677600443362,-0.012953479999490081
1789666856823628000,25.9266279296875,0.7374743170827627,-1.5331266823679208,0.03991524628102779
1789666856833579000,25.9365791015625,0.049857963624596595,-1.523074074909091,0.008394830314442514
1789666856843531000,25.946531005859374,-0.6285878259062767,-1.4107359819740055,-0.0319222382331267
1789666856853483000,25.95648291015625,-1.234703123241663,-1.252961541248858,-0.06819510942380876
1789666856863435000,25.96643505859375,-1.7224533224374055,-1.091580308203399,-0.08637151170335709
1789666856873386200,25.97638623046875,-2.071315275424719,-0.9803326408535241,-0.07211597266197205
1789666856883338000,25.986337890625,-2.301227023860812,-0.9031389265358447,-0.04457834272123873
1789666856893290000,25.9962900390625,-2.498264676699042,-0.8780535851180553,0.019147110475227234
1789666856903241200,26.0062412109375,-2.6309622515738007,-0.8883104829773306,-0.013501140477508305
1789666856913193200,26.016193115234376,-2.7725539115220306,-0.9549994621545076,-0.09954480846598744
1789666856923145200,26.026145263671875,-2.842024338111281,-1.011577381683886,-0.22597535883523523
1789666856933097200,26.03609716796875,-2.8965619839847085,-1.0508391324922441,-0.39073370363097637
1789666856943048200,26.046048095703124,-2.908288077613711,-1.0808294893473387,-0.5628454433968291
1789666856953000200,26.056000244140623,-2.885941805770993,-1.0963339324712753,-0.6814923176199197
1789666856962952200,26.0659521484375,-2.888959692287445,-1.1243716939538717,-0.7462812353294342
1789666856972903200,26.075903076171876,-2.869575192859769,-1.1134770827129483,-0.7321934540703893
1789666856982855200,26.085855224609375,-2.8156571401894093,-1.081158867432177,-0.6984199254147708
1789666856992807200,26.09580712890625,-2.6971944268941876,-0.9590086977958678,-0.6644366995312273
1789666857002759200,26.10575927734375,-2.587393743482232,-0.7882192926749586,-0.6121269588403403
1789666857012710100,26.115710205078123,-2.4014082305341957,-0.5862418453469872,-0.6476384172044694
1789666857022662100,26.125662109375,-2.179199896082282,-0.34389527049064633,-0.7352315796572715
1789666857032614100,26.1356142578125,-2.0353005437135696,-0.15885200682878492,-0.9192582136224955
1789666857042565000,26.145565185546875,-1.9859055214256047,-0.12118804660588502,-1.0942622407637537
1789666857052517000,26.15551708984375,-1.9556074137955903,-0.12042290745228529,-1.2309212666153908
1789666857062469000,26.16546923828125,-1.7708897288262844,-0.05362491494268179,-1.33430463033095
1789666857072421000,26.175421142578124,-1.320327396774292,0.05216653282791376,-1.321685971776396
1789666857082372000,26.1853720703125,-0.6702782651662826,0.08962269551903009,-1.136694876693189
1789666857092324400,26.195324462890625,0.23293489564955233,0.045293139927089214,-0.8521581694263964
1789666857102276000,26.205276123046875,1.3516197761386632,0.02174859821051359,-0.6650809157188982
1789666857112227300,26.215227294921874,2.6373697805285454,0.07001373968571424,-0.6325384632281958
1789666857122179300,26.225179443359377,3.9079643013626333,-0.022132921352982518,-0.6772907742768526
1789666857132131000,26.235131103515624,4.874635496610403,-0.25687661999017,-0.6545761075131594
1789666857142083000,26.2450830078125,5.198820688980818,-0.5834162665322422,-0.4073358057985082
1789666857152034300,26.255034423828125,4.9648698942869895,-0.8171759225681424,-0.20169271210245787
1789666857161986000,26.264986083984375,4.35258730649352,-0.5824933064684271,-0.1061209171869792
1789666857171938300,26.274938232421874,3.5832571309447285,0.11868921552747487,-0.04863280574381351
1789666857181890300,26.284890380859373,2.8327023830145595,0.7057140279456973,0.10440711727272718
1789666857191841000,26.294841064453124,2.3431834205806252,0.9890595526665449,0.4783914557525888
1789666857201793300,26.304793212890626,2.2918021929115056,1.0712769403651357,0.9516620613601058
1789666857211745300,26.314745361328125,2.693445888015628,0.9425693119093775,1.3788755934633314
1789666857221696300,26.3246962890625,3.3510978958427904,0.7320917472615838,1.683173451450467
1789666857231648300,26.334648193359374,3.9478006371885535,0.5203937009081244,1.8944893666185438
1789666857241600300,26.344600341796873,4.478902486854792,0.3114750561401248,2.0979045916646717
1789666857251552000,26.354552001953124,4.745902733713388,0.1278422437980771,2.294198878789693
1789666857261503200,26.364503173828126,4.5149674874484536,-0.054452890199422836,2.5046610997378824
1789666857271455200,26.374455322265625,3.7876083216667173,-0.18994594101160764,2.7334374144032596
1789666857281407200,26.3844072265625,2.6252088026136158,-0.15082242963016032,2.952434970115125
1789666857291358200,26.394358154296874,1.2896446737408638,0.019135200841724872,3.1803584673434493
1789666857301310200,26.404310302734373,0.02550269004702568,0.23313304857015607,3.3761388135969637
1789666857311262200,26.41426220703125,-1.105057337152958,0.3396683004453778,3.55153103633821
1789666857321214200,26.424214111328126,-1.9863135177046058,0.3605778174832463,3.6396474189475176
1789666857331165200,26.434165283203125,-2.5913725839853283,0.40368806041330096,3.6943387940779324
1789666857341117200,26.4441171875,-2.9941502515554426,0.4136328235834837,3.7258395554959773
1789666857351069200,26.454069091796875,-3.1924288443654776,0.29810207208693024,3.6923414827808734
1789666857361020200,26.464020263671873,-3.175500505918264,0.0839297445744276,3.5206562978640195
1789666857370972200,26.47397216796875,-3.0930484326809644,-0.11790800202190875,3.3097283591002222
1789666857380924200,26.483924072265626,-3.0946050144731996,-0.323453663225472,3.433556106559932
1789666857390876400,26.49387646484375,-2.8833810153722763,-0.6384586470574141,3.0943063237875696
1789666857400827100,26.5038271484375,-2.7462925120621917,-0.7801622429475188,2.840288600359857
1789666857410779100,26.513779052734375,-2.4886276643037792,-0.9131117467567325,2.652452783370018
1789666857420731100,26.523731201171874,-2.201895127493143,-1.023759694647789,2.3880130346491932
1789666857430682000,26.53368212890625,-1.9267466454923152,-1.1404895928010343,2.130856720934808
1789666857440634400,26.54363427734375,-1.6880167998284101,-1.1787605790063738,1.8524533287912606
1789666857450586000,26.553586181640625,-1.6194266632050276,-1.213447861506045,1.5695809745401144
1789666857460538000,26.5635380859375,-1.7124001304566858,-1.2544853898152708,1.2538570287838577
1789666857470489300,26.5734892578125,-1.9015829781413076,-1.2654556966409087,0.9505440171156078
1789666857480441000,26.583441162109374,-2.138446445411444,-1.1871332705542446,0.6516371314518153
1789666857490393000,26.59339306640625,-2.4490444264560938,-1.0707029398694634,0.3941673678740859
1789666857500344300,26.60334423828125,-2.7366490699261425,-0.9301365313157439,0.14149075685702264
1789666857510296000,26.613296142578125,-2.9083102894455193,-0.7771323737323284,-0.06945943027120083
1789666857520248000,26.623248046875,-2.9709979240268467,-0.6205959503695369,-0.27118016289174557
1789666857530200300,26.633200439453127,-2.898931051203608,-0.47532004895061253,-0.44868470161184665
1789666857540151000,26.643151123046874,-2.7047236533552406,-0.345141763420403,-0.6214985982976854
1789666857550103300,26.653103271484376,-2.3717384839355944,-0.24754385123848913,-0.8218094275876879
1789666857560055300,26.66305517578125,-1.992874191394448,-0.14646014276742933,-0.9545017417654394
1789666857570006000,26.673006103515625,-1.6562790147840976,-0.08046060715913772,-1.0619641914881766
1789666857579958300,26.682958251953124,-1.3173644553154706,-0.007328150931000709,-1.1940415886379778
1789666857589910300,26.69291015625,-1.0114315434724093,0.09188391844928263,-1.3207684185400606
1789666857599862000,26.702862060546874,-0.6463157902985811,0.2140706207036972,-1.4694951910652219
1789666857609813200,26.712813232421876,-0.2805406964331865,0.3075084905967116,-1.6065367864936588
1789666857619765200,26.72276513671875,0.04133621899485588,0.44898850686401126,-1.7436285046741364
1789666857629717000,26.732717041015626,0.2622171042352915,0.6282762757390737,-1.872757719542831
1789666857639668200,26.742668212890624,0.37462241718769074,0.8437444882810116,-2.03289406709373
1789666857649620200,26.7526201171875,0.395614351812005,1.0684428859829902,-2.178114146672189
1789666857659572200,26.762572265625,0.4250637336581945,1.3036072942502797,-2.320843578478694
1789666857669524200,26.772524169921876,0.47344636403322216,1.6031915677189825,-2.4707296040415763
1789666857679475000,26.782474853515627,0.5933066691666841,1.8875817791871725,-2.491500004869699
1789666857689427200,26.79242724609375,0.8157008815795183,2.0955252953127026,-2.379908784779161
1789666857699379200,26.802379150390625,1.0734323648333548,2.155394657602906,-2.2018137328200043
1789666857709330200,26.812330078125,1.3815426207154988,2.1887172276206313,-2.040907569940388
1789666857719282200,26.8222822265625,1.7805822708010672,2.266401063542813,-2.0584683610722423
1789666857729234200,26.832234130859376,2.283514841559529,2.376351092297584,-2.246850998289883
1789666857739186200,26.842186279296875,2.675073195978999,2.306004467395693,-2.3718767233625053
1789666857749137200,26.85213720703125,2.9636089828193186,2.057730109925568,-2.3836527936130762
1789666857759089200,26.862089111328125,3.2785727578580377,1.8729155404530464,-2.3952915012195706
1789666857769041400,26.87204150390625,3.585217032840848,1.8060419984892009,-2.401762889190763
1789666857778992000,26.8819921875,3.8059856898784634,1.6996727508306502,-2.3810244909361002
1789666857788944100,26.891944091796876,3.8823657497256994,1.6181046208210288,-2.2972443839654324
1789666857798896000,26.901896240234375,3.8827544567823407,1.5965864703655241,-2.21765968285799
1789666857808848100,26.91184814453125,3.8618981312364338,1.5922632003389299,-1.9781119449399411
1789666857818799400,26.92179931640625,3.894959273838997,1.3642635691344738,-1.4887335600204765
1789666857828751000,26.931751220703124,4.132788955792784,0.8354678044535219,-1.0642876659996807
1789666857838703000,26.941703125,4.573223277062177,0.09463102520033717,-0.9140743081785738
1789666857848654300,26.951654296875,4.892879009309411,-0.7673926316149532,-0.9664502459734677
1789666857858606000,26.961606201171875,4.920698744127154,-1.5768397134967147,-1.0873680973358453
1789666857868558000,26.97155810546875,4.480276113295555,-2.223920204557478,-1.1172349739417433
1789666857878510300,26.98151025390625,3.578113338315487,-2.5844685036852955,-0.9450519225053489
1789666857888461000,26.9914609375,2.341976967400312,-2.592960729959607,-0.6342648486293851
1789666857898413000,27.0014130859375,1.014613680639863,-2.2613551783300934,-0.32168080833405255
1789666857908365300,27.011365234375,-0.14633856221437452,-1.7086052682183681,-0.08131956207603215
1789666857918316000,27.02131591796875,-1.0029244118899105,-1.1628349878609179,0.1417341371588409
1789666857928268300,27.031268310546874,-1.5343980174779892,-0.6703402244865894,0.3506565813191235
1789666857938220300,27.04122021484375,-1.6780162148177622,-0.2839998969763517,0.51102571471259
1789666857948172000,27.051172119140624,-1.4576169756144284,-0.09110270494371651,0.5900964749485254
1789666857958123300,27.061123291015626,-1.0780191081017254,-0.11985036826133727,0.5811100354164839
1789666857968075300,27.0710751953125,-0.5141881242662668,-0.3393058968737721,0.44626375807523727
1789666857978027000,27.081027099609376,-0.1416425133526325,-0.7130608835771679,0.2517617611944675
1789666857987978200,27.090978271484374,-0.17630173880159855,-1.0235732321649789,0.16769808804206549
1789666857997930200,27.10093017578125,-0.37021862927079197,-1.1680673355564475,0.2434552667506039
1789666858007882200,27.11088232421875,-0.7681506103754043,-1.1702367885500191,0.1410524385049939
1789666858017834200,27.120834228515626,-1.0399258165508507,-0.9821496271476149,0.09026917672902345
1789666858027785200,27.13078515625,-1.2220663445085287,-0.9916492768988012,0.0029059505745768544
1789666858037737200,27.1407373046875,-1.5387538745999336,-1.5451745552971958,-0.2528033061366528
1789666858047689200,27.150689208984375,-1.6424492268741129,-1.4515890936270355,-0.4047196684833616
1789666858057640200,27.16064013671875,-1.7027391526639462,-1.3491329277589916,-0.7465602714665234
1789666858067592200,27.17059228515625,-1.752462091732025,-1.2152055188283324,-0.486350196204707
1789666858077544200,27.180544189453126,-1.4580641348600387,-0.575684503236413,0.2733144715066999
1789666858087496200,27.19049609375,-1.3450620250582694,-0.671997051782906,0.46004035449326036
1789666858097447200,27.200447265625,-1.0836182432830332,-0.4381409496352076,0.7278959760721773
1789666858107399200,27.210399169921875,-1.174030335614085,-0.3996344011083245,0.6298781579777598
1789666858117351200,27.22035107421875,-1.4160902024835347,-0.4684621458798647,0.5258008937139064
1789666858127302100,27.23030224609375,-1.5685247434854506,-0.4940747260421514,0.30206279241144657
1789666858137254100,27.240254150390626,-1.9419056361794471,-0.6560580166339874,0.17963727643247693
1789666858147206100,27.2502060546875,-2.375312835291028,-0.8361085865750908,-0.023821458961814642
1789666858157158100,27.260158203125,-2.7769349030852317,-1.01013361261636,-0.1540654666719958
1789666858167109400,27.270109375,-3.0477304505735634,-1.061413717998564,-0.2640033300649375
1789666858177061000,27.28006103515625,-2.992531125921011,-0.955608533963561,-0.3929286563919857
1789666858187013000,27.29001318359375,-2.7053262954235073,-0.8213637296468019,-0.5464123776532709
1789666858196965000,27.299965087890627,-2.485055066514015,-0.8964066956713795,-0.5659249604400247
1789666858206916000,27.309916015625,-2.077993438014388,-1.0025462262272835,-0.45760041399523615
1789666858216868000,27.3198681640625,-1.079549386408925,-0.957958604221046,-0.2565127551138401
1789666858226820400,27.3298203125,0.22773089726567267,-0.8184905122980475,0.26720585243329403
1789666858236771000,27.33977099609375,0.9527578207075595,-0.5317202738255262,0.2695639598667621
1789666858246723000,27.34972314453125,1.7062018603384494,-0.4364198249310255,-0.4732449231769889
1789666858256675300,27.35967529296875,2.434474049311876,-0.7038818440824747,-1.0882644616536796
1789666858266627000,27.369626953125,2.8839988550096747,-0.8350535245642066,-1.5157557147197425
1789666858276578300,27.379578369140624,3.5478590698271986,-0.8787482893839478,-1.7437006931275127
1789666858286530300,27.3895302734375,4.247386810353398,-0.9306839360654353,-1.5238228474497795
1789666858296482000,27.39948193359375,4.75815255895555,-1.1253829168230294,-1.0992338186312467
1789666858306433300,27.409433349609376,4.918926473757624,-1.2626052756458521,-0.6974065105885267
1789666858316385300,27.41938525390625,4.464747704774141,-1.2608487873673437,-0.22395766233727335
1789666858326337000,27.4293369140625,3.4935914730668065,-0.8883516917705535,0.14725943991895765
1789666858336289300,27.439289306640624,2.217497770294547,-0.23943828619420526,0.3392978596977889
1789666858346240300,27.449240234375,1.0508230581402778,0.5153244348198175,0.4832118251137435
1789666858356192000,27.45919189453125,0.07830372138619422,1.032446858972311,0.6557157060023396
1789666858366144300,27.469144287109376,-0.7457914790511131,1.2902718657284975,0.7572191742554306
1789666858376095200,27.47909521484375,-1.4137392554432153,1.1778104386746884,1.4685918124847113
1789666858386047200,27.489047119140626,-0.9635346507877111,1.5468138469368218,1.385939248239249
1789666858395999200,27.498999267578125,0.007433949393033981,2.1265052477270365,0.9877456935890019
1789666858405951200,27.508951171875,0.6049918462634086,1.6481529914736748,1.5769769300103187
1789666858415902200,27.518902099609374,1.2045838793098926,0.7669353893667459,2.5218729313015937
1789666858425854200,27.528854248046876,2.1777403449237345,0.5734849473655224,2.8418615487650034
1789666858435806200,27.53880615234375,2.6318805354624986,0.2329886716634035,3.160351159842312
1789666858445757200,27.548757080078126,2.5989146699279546,-0.06042728843390941,3.305967545261979
1789666858455709200,27.558709228515625,2.023936269134283,-0.49662382600307464,2.9648715501010416
1789666858465661200,27.5686611328125,1.1823340535789728,-0.5129430926412344,2.5293223705247043
1789666858475613200,27.57861328125,0.1607622243642807,0.1976040545493364,2.4513861672766506
1789666858485564200,27.588564208984376,-1.0184487287580966,0.008098550781607627,2.20847421362251
1789666858495516400,27.598516357421875,-2.0029449190318585,-0.524807133436203,1.6721496608719228
1789666858505468200,27.60846826171875,-2.4440502714306116,0.0039747488498687745,1.7254747160851955
1789666858515419100,27.618419189453125,-2.807666141435504,0.23719898283481597,2.0157386418923733
1789666858525371100,27.62837109375,-3.0693115832626816,0.05722936917543411,2.139732247438282
1789666858535323100,27.6383232421875,-3.1573984475165604,-0.2298907056480646,2.2357518043875695
1789666858545275100,27.648275146484377,-2.943703089866042,-0.3783364692747593,2.321117134723067
1789666858555226000,27.65822607421875,-2.5971038211137056,-0.5725806920021772,2.396554506892711
1789666858565178000,27.66817822265625,-2.180018226727843,-0.6619026510089635,2.5003669096753
1789666858575130000,27.678130126953125,-1.778331861525774,-0.7080465625464916,2.595573250545561
1789666858585081000,27.6880810546875,-1.4773878440111874,-0.815466488301754,2.5719243716716766
1789666858595033000,27.698033203125,-1.3489321444898843,-0.9561334346204996,2.3494155929684637
1789666858604985300,27.7079853515625,-1.3479226751863955,-1.1720543593659996,1.94897805878371
1789666858614937000,27.71793701171875,-1.5133417854458093,-1.4513061850324271,1.5375266708925366
1789666858624888000,27.72788818359375,-1.6931149997502564,-1.6003116283684968,1.113726527429372
1789666858634840300,27.73784033203125,-1.6973200502246617,-1.532234701964259,0.7643143932133912
1789666858644792000,27.7477919921875,-1.6939420982241629,-1.5278449425727127,0.6363935312211513
1789666858654743300,27.757743408203126,-1.8863631971776484,-1.574700801771879,0.9901585268843919
1789666858664695300,27.7676953125,-1.977255181980133,-1.4428008070155978,1.2905249637067318
1789666858674647000,27.77764697265625,-1.8139543790489434,-1.0058189642876385,0.6911176395773887
1789666858684599000,27.78759912109375,-1.7625521085917948,-0.790441644899547,0.3189410811718553
1789666858694550300,27.79755029296875,-1.8051999947071073,-0.8388593465879559,0.11370729892905801
1789666858704502000,27.807501953125,-1.862764294925332,-0.9871405673027038,-0.08732497650329023
1789666858714454300,27.817454345703126,-1.8663743021160364,-1.0782315818086265,-0.3309176789632067
1789666858724405200,27.8274052734375,-1.8863725495278834,-0.9892164967939258,-0.6374445015788078
1789666858734357000,27.83735693359375,-1.9260510644435882,-0.8066232566326856,-0.844128299966827
1789666858744309200,27.847309326171874,-1.928044868609309,-0.5754731985732913,-1.0389179546825587
1789666858754261200,27.85726123046875,-1.7842799562752245,-0.40349166105836626,-1.1884928684696554
1789666858764212200,27.867212158203124,-1.6063737048864364,-0.28931700034588576,-1.285909432735294
1789666858774164200,27.877164306640626,-1.3828034344315527,-0.21915508436113595,-1.4169991340219974
1789666858784116200,27.8871162109375,-1.066971644386649,-0.1535799116447568,-1.6423612563297152
1789666858794067200,27.897067138671876,-0.7498281872212886,0.06715601216703652,-2.0156782900072634
1789666858804019200,27.907019287109375,-0.49865445504784583,0.43067397475540636,-2.05712980594486
1789666858813971200,27.91697119140625,-0.3707639881938696,0.6346881886079907,-1.8068460083484648
1789666858823923200,27.926923095703124,-0.2908376340419054,0.8991486878558993,-1.8096718794241546
1789666858833874200,27.936874267578126,-0.16608780330121517,1.3023103863075374,-1.90677747804448
1789666858843826200,27.946826171875,-0.08449439271986484,1.6727601939857004,-2.035615454881638
1789666858853778200,27.956778076171876,0.03790449098050594,1.9887854607760904,-2.0820118798755107
1789666858863730200,27.966730224609375,0.3986515275508165,2.255406060667336,-2.0469920044206082
1789666858873681200,27.97668115234375,0.9610007483959198,2.4641364893868563,-1.952908530100435
1789666858883633200,27.986633056640624,1.5451795237332582,2.569804310777783,-1.8178756441459059
1789666858893585200,27.996585205078127,2.113017989644408,2.6460019997954367,-1.663398783661425
1789666858903536400,28.006536376953125,2.700554258716106,2.7563620706558227,-1.4121785819977521
1789666858913488400,28.01648828125,3.246960060498118,2.9757968487411737,-1.1269899866934865
1789666858923440400,28.0264404296875,3.7532688296914096,3.214591576334834,-0.9270913914661854
1789666858933392600,28.036392578125,4.223424335485697,3.39596199670285,-0.780243053098768
1789666858943343400,28.04634326171875,4.512171134728193,3.4768855451986194,-0.6754607823707163
1789666858953295400,28.05629541015625,4.568197557854652,3.5384146573945876,-0.46901020821668205
1789666858963247600,28.06624755859375,4.513808380541205,3.4396962167501446,-0.18903649801649153
1789666858973198300,28.0761982421875,4.498754603794217,2.955318416596949,0.0514066543713212
1789666858983150600,28.086150634765627,4.664852343967556,2.162799088640511,-0.0006822831757366657
1789666858993102600,28.0961025390625,4.971867205828428,1.2375778018951415,-0.4551994903333485
1789666859003054300,28.106054443359376,5.151189169234037,0.29123773927539587,-1.206353957722336
1789666859013005600,28.116005615234375,4.945334003689885,-0.5760889923840761,-1.959463212440908
1789666859022957300,28.125957275390626,4.4133495259702205,-1.1809575045287608,-2.5244004039525985
1789666859032909300,28.135909423828124,3.5933266895383595,-1.429409410522878,-2.7439690375506878
1789666859042860500,28.145860595703127,2.5456144568949934,-1.4642396086245775,-2.678994753336906
1789666859052812300,28.155812255859374,1.4842080454200506,-1.3547574896425008,-2.455748308008909
1789666859062764300,28.165764404296876,0.5475245766788721,-1.1104726401999592,-2.130063670860976
1789666859072716500,28.175716552734375,-0.17729659505784512,-0.8233420439824461,-1.759179709549248
1789666859082667300,28.185667236328126,-0.6221107388466596,-0.5557683811500668,-1.491237359534949
1789666859092619500,28.19561962890625,-0.9106634768217802,-0.4500917919307947,-1.2912095849700271
1789666859102571500,28.205571533203123,-1.0753946048170326,-0.5362032644584774,-1.1043778304561973
1789666859112522200,28.215522216796874,-1.1453034228235484,-0.7353434425339103,-0.9248854789197445
1789666859122474500,28.225474609375,-1.0494862565785645,-0.8973834317490458,-0.7502262466281652
1789666859132426500,28.235426513671875,-0.7668395277768373,-1.0490274068951606,-0.5761513900958001
1789666859142378200,28.245378173828126,-0.30884792250692844,-1.299901863861084,-0.35821035769954324
1789666859152329500,28.25532958984375,0.1381669461965561,-1.6806410103634,-0.22830036771669981
1789666859162281500,28.265281494140623,0.35778117250204083,-2.1093743724450467,-0.28328195796534417
1789666859172233200,28.275233154296874,0.24387948351204394,-2.438803018426895,-0.4332387106768787
1789666859182184400,28.285184326171876,-0.07049275537431239,-2.630568283820152,-0.5753973568581044
1789666859192136400,28.295136474609375,-0.560855767416954,-2.749280295701325,-0.6629409080155193
1789666859202088400,28.30508837890625,-1.0550491514027118,-2.247723689471185,-0.07335092128440737
1789666859212040400,28.31504052734375,-1.2493120788305998,-2.1749936765640974,0.0762755765594542
1789666859221991400,28.324991455078123,-1.7961212007164955,-2.9090815660789606,-0.36812691768854855
1789666859231943400,28.334943359375,-2.1392659451007843,-3.150886873665452,-0.6819098123796283
1789666859241895400,28.3448955078125,-2.567465638697147,-2.9747286349877715,-0.6613751200035214
1789666859251846700,28.3548466796875,-2.7521657880097625,-2.773246569961309,-0.5749366805437952
1789666859261798400,28.36479833984375,-2.8454443756878374,-2.640461024542153,-0.36652043233998116
1789666859271750400,28.37475048828125,-2.957082211399078,-2.2096561168834565,0.08508570967651903
1789666859281702400,28.384702392578124,-2.6622932093828915,-2.0266472816586494,0.17298991083987056
1789666859291653400,28.3946533203125,-2.7661645027458666,-2.647074889723956,-0.21561229718774555
1789666859301605400,28.40460546875,-2.959378797903657,-2.930259963186085,-0.32731844889484346
1789666859311557600,28.4145576171875,-3.027700638979673,-2.7402891799941655,-0.2738871568281203
1789666859321508400,28.42450830078125,-3.0139065069049593,-2.5057795823737976,-0.37196620359048244
1789666859331460400,28.43446044921875,-3.0070933197587726,-2.3244003941774367,-0.20407076634541152
1789666859341412600,28.44441259765625,-3.0126123754411935,-2.1586039750382304,-0.13794278205186128
1789666859351364400,28.4543642578125,-2.9473481683701275,-1.9447525500431655,-0.12584449410960077
1789666859361315600,28.464315673828125,-2.8114468290179966,-1.6872005150094627,-0.14559066645652055
1789666859371267300,28.474267333984375,-2.7127099759340285,-1.4494891987383365,-0.1492851370602846
1789666859381219300,28.48421923828125,-2.643974293360114,-1.216923720923066,-0.1618146560266614
1789666859391170600,28.494170654296877,-2.5236750122874976,-0.9655357614770531,-0.13413462194055317
1789666859401122300,28.504122314453124,-2.3332038783580065,-0.7022714862763881,-0.05788600645326077
1789666859411074300,28.51407421875,-1.9603958171159028,-0.4219473552033305,0.042954248650744556
1789666859421026600,28.524026611328125,-1.518663272729516,-0.234847159011662,0.11667802183553576
1789666859430977300,28.533977294921876,-1.0985217979043722,-0.19770634588003158,0.17066128522921353
1789666859440929500,28.543929443359374,-0.4058130897432565,-0.22882103058993816,0.2831552628457546
1789666859450881500,28.553881591796873,0.7173217558920383,-0.2737748555600643,0.5138961190497502
1789666859460832300,28.563832275390624,1.9458266090154646,-0.30023265437483787,0.6516394695393741
1789666859470784500,28.573784423828126,3.037726942953467,-0.3145525638893246,0.6792240804269909
1789666859480736500,28.583736572265625,3.733081781709194,-0.3220774064362049,0.6011287045618519
1789666859490688300,28.593688232421876,3.9159839416891336,-0.19675562102645636,0.48501463675200934
1789666859500639500,28.603639404296874,3.8221740236133335,0.16728139699995517,0.4549746686015278
1789666859510591500,28.613591552734373,3.489414479643106,0.7259487144619226,0.5218814552478492
1789666859520543200,28.623543212890624,2.9831524722009894,1.2577046441227198,0.6043542790122329
1789666859530495500,28.63349560546875,2.4160043266415596,1.7661217837721108,0.5611665138665587
1789666859540446500,28.643446533203125,2.071282542198896,2.2006524339556695,0.4831794572141021
1789666859550398500,28.6533984375,2.1579700610488652,2.48249076898396,0.4995499425828457
1789666859560350500,28.6633505859375,2.6746692913532257,2.4174510183185336,0.6486919448453933
1789666859570301400,28.673301513671873,3.4058021304547785,2.0332289981365204,0.7815051089238375
1789666859580253400,28.68325341796875,4.230605771422386,1.5729282391414046,0.8815153429444879
1789666859590205400,28.693205322265626,5.272597288331389,1.1452212974980474,0.9578246756430715
1789666859600157400,28.703157470703125,6.288410407888889,0.6018997254669666,1.1301019081689416
1789666859610108400,28.7131083984375,6.789287215161323,0.058226563519239424,1.2851836026787757
1789666859620060400,28.723060302734375,6.606774931281804,-0.24942630398422477,1.3875550128728151
1789666859630012400,28.733012451171874,5.726413069221377,-0.2546849551647901,1.4582036894612014
1789666859639963400,28.74296337890625,4.370777043178677,-0.08903642006367445,1.5769225694745779
1789666859649915400,28.752915283203127,2.9032354703992604,0.013587211325764655,1.8308923621073365
1789666859659867600,28.76286767578125,1.5615513973414896,0.07513882761448622,2.1111995420455933
1789666859669819400,28.7728193359375,0.4509586378931999,0.0935369463533163,2.3261297021880742
1789666859679770400,28.782770263671875,-0.3596305997610092,-0.012977262733876704,2.4667794051110743
1789666859689722600,28.79272265625,-0.8466460549414158,-0.20179273841083048,2.563985979887843
1789666859699674400,28.80267431640625,-1.1343699408769607,-0.4375628574863076,2.6101287223815914
1789666859709625600,28.81262548828125,-1.2790624894499778,-0.6969853625670075,2.646641759003699
1789666859719577600,28.82257763671875,-1.3474597338497638,-0.8147668155997991,2.675947348465025
1789666859729529300,28.832529296875,-1.4141472517222164,-0.921911723805964,2.740568581457436
1789666859739481300,28.8424814453125,-1.4766396559923887,-1.0921934716656803,2.7224302826985713
1789666859749432300,28.852432373046874,-1.6197785453826188,-1.3366633222863078,2.6478131408706305
1789666859759384300,28.86238427734375,-1.8410335246324538,-1.572724241001904,2.4295909534454343
1789666859769336600,28.872336669921875,-2.143141325229406,-1.734500318583846,2.1782062088698146
1789666859779287300,28.882287353515625,-2.4486545503556725,-1.8459861786037683,1.8848694514885544
1789666859789239300,28.8922392578125,-2.772745634701848,-1.9459040581658482,1.5674256962023674
1789666859799191600,28.902191650390623,-2.96410991807878,-2.014475197827816,1.3123051260992884
1789666859809143600,28.9121435546875,-3.087622315979004,-1.9750252309709786,1.0031802132818848
1789666859819094500,28.922094482421876,-3.1044805117994545,-1.7430369685217737,0.6014780659887939
1789666859829046500,28.932046630859375,-3.744872757267952,-2.0193074402898548,0.7149222935348749
1789666859838998300,28.941998291015626,-4.127774927023053,-2.099009922558069,0.6843542098570614
1789666859848949500,28.951949462890624,-4.249311056414246,-1.892137981186807,0.502476168760471
1789666859858901500,28.961901611328123,-4.349015877747536,-1.6499936509042978,0.2621336454692296
1789666859868853200,28.971853271484374,-4.38774279102683,-1.4614230898991227,0.01604680637232959
1789666859878805500,28.981805419921876,-4.372265820431709,-1.3384636497065423,-0.20865148173179476
1789666859888756500,28.991756591796875,-4.28692094836235,-1.1904758589804172,-0.3586450227897614
1789666859898708200,29.001708251953126,-4.016189113759994,-1.1215578055769204,-0.5078598710928112
1789666859908660500,29.011660400390625,-3.8917964258939026,-1.352550919508934,-0.3617718495734036
1789666859918611200,29.021611083984375,-3.3873931980609893,-1.2428931516990065,-0.4851879840249195
1789666859928563500,29.0315634765625,-2.8852544080287217,-0.9653548519521951,-0.6333475876539946
1789666859938515500,29.041515380859376,-2.4886703344017267,-0.7748106527864933,-0.6570112257055938
1789666859948467200,29.05146728515625,-2.2180261780828237,-0.6024623277857899,-0.690440178707242
1789666859958418400,29.06141845703125,-1.9841461105376481,-0.31173283029347654,-0.8047005449417978
1789666859968370200,29.0713701171875,-1.6914923669844866,0.09362988533377647,-1.0189284020338207
1789666859978322200,29.081322265625,-1.315041565325856,0.4542246539518237,-1.2861455795787273
1789666859988273400,29.0912734375,-0.9087111737102269,0.7511597280859946,-1.5311556745558976
1789666859998225200,29.10122509765625,-0.5439917263776064,1.1113754342585802,-1.7556379452891646
1789666860008177400,29.111177490234375,-0.08184417047202587,1.5487769637033342,-2.026505827361345
1789666860018129400,29.12112939453125,0.6076473292082548,2.0593764158278702,-2.2258803987145424
1789666860028080000,29.131080078125,1.3625672866106033,2.454179743517935,-2.201822354517877
1789666860038032400,29.141032470703124,2.2891332659631964,2.4437647324874994,-2.2155466362267733
1789666860047984400,29.150984375,3.4844401983618734,2.3666540202781556,-2.1851007906891406
1789666860057935400,29.160935302734377,4.843865095293522,2.3219401415437457,-2.0950036095261573
1789666860067887400,29.170887451171875,6.186717043086886,2.207608975095302,-1.982058052217215
1789666860077839400,29.18083935546875,7.204464930099248,2.0141062183849514,-1.748733280467242
1789666860087791000,29.190791015625,7.7719228722602125,1.8374881071105598,-1.5202961346283554
1789666860097742300,29.200742431640624,7.945584325686097,1.9586470737524329,-1.2671195381999014
1789666860107694300,29.2106943359375,7.658449637815356,2.315159541492909,-0.9526718959897756
1789666860117646300,29.220646240234377,6.874139919799566,2.667817818023264,-0.549752627991885
1789666860127598300,29.230598388671876,5.742732920381426,2.9623551833659407,-0.14725954951681197
1789666860137549300,29.24054931640625,4.552395593088865,3.130485013888776,0.05110847514234483
1789666860147501300,29.250501220703125,3.5526802063733336,3.2545980080306527,0.043041123216599225
1789666860157453300,29.260453369140624,2.5484061334401367,2.7992802981451153,0.5578516171649098
1789666860167404300,29.270404296875,1.8397937537044287,2.2861437287583946,0.7666544535335152
1789666860177356300,29.280356201171877,1.4839233832597731,1.903153003937006,0.5426761867996305
1789666860187308300,29.290308349609376,1.2187111888617277,1.4530463066980241,0.02975779020823538
1789666860197260300,29.30026025390625,0.971591700515151,0.9239484903305768,-0.36942316804416475
1789666860207211300,29.310211181640625,0.815837659701705,0.3821469674736261,-0.6432640015125274
1789666860217163300,29.320163330078124,0.4999579388618469,-0.017177344772219657,-0.9519588523495942
1789666860227115500,29.330115478515626,0.0173585465580225,-0.21676585113704203,-1.2914946855217218
1789666860237066200,29.340066162109373,-0.5572071817815304,-0.17456453974545,-1.7029196237973867
1789666860247018200,29.350018310546876,-1.3804320291250944,-0.3048652826115489,-1.6313570472344756
1789666860256970500,29.359970458984375,-2.021750157266855,-0.48977469076067204,-1.4481198100812733
1789666860266922200,29.369922119140625,-2.236609882521629,-0.3365110054582357,-1.6267464846991002
1789666860276873500,29.37987353515625,-2.301167402628064,-0.05567687903642654,-2.0114707553148268
1789666860286825500,29.389825439453126,-2.223897115942836,0.12494915270507335,-2.2056392824575304
1789666860296777200,29.399777099609373,-1.922979401913285,0.08358750700801611,-1.939020436131954
1789666860306728400,29.409728515625,-1.3934943397939203,-0.059037003119289874,-1.4154530736237763
1789666860316680200,29.41968017578125,-0.7889116588532924,-0.22595804237425327,-0.9067126203041523
1789666860326632200,29.429632080078125,-0.2939782701551914,-0.5023585702627897,-0.4820564445335418
1789666860336584400,29.43958447265625,0.1445014099150896,-0.7863219346210361,-0.13426687001809476
1789666860346535200,29.44953515625,0.40163025110065936,-1.0985986625328659,0.020508681152015925
1789666860356487200,29.459487060546873,0.46130759795010085,-1.4184300436079502,-0.002396101356297731
1789666860366439400,29.469439453125,0.3687672614187002,-1.7230615174636243,-0.17052417831346392
1789666860376390100,29.47939013671875,0.22001929997503755,-2.072605022974312,-0.4817709786556661
1789666860386342400,29.48934228515625,0.029488544812798497,-2.3717016590565443,-0.9521059326700866
1789666860396294400,29.49929443359375,-0.16115034689903257,-2.621362648579478,-1.387010530732572
1789666860406246400,29.509246337890627,-0.3339449543625116,-2.7632234808579086,-1.6565164768017828
1789666860416197400,29.519197265625,-0.511259669598937,-2.7987589046195147,-1.7272402644529938
1789666860426149400,29.5291494140625,-0.6235697054833174,-2.808637324555218,-1.6740635316692292
1789666860436101000,29.53910107421875,-0.7967161951243877,-2.7156825620040297,-1.5449546289362013
1789666860446052400,29.54905224609375,-1.1629331875383853,-2.527170453187823,-1.3563210856974124
1789666860456004400,29.55900439453125,-1.6691314820945262,-2.24732270745486,-1.202167758078873
1789666860465956000,29.5689560546875,-2.2474662075787784,-1.9957962163209915,-1.093175176179409
1789666860475908400,29.578908447265626,-2.732004458990693,-1.8837258344113825,-1.0943585407450795
1789666860485859300,29.588859375,-3.074295801416039,-1.8044944767862556,-1.175672988254577
1789666860495811300,29.598811279296875,-3.3032506875187155,-1.6859397012934088,-1.266719432966411
1789666860505763300,29.608763427734374,-3.4721161388397213,-1.5525491757184267,-1.3165335574492811
1789666860515714300,29.61871435546875,-3.5996693365633488,-1.354130297654867,-1.2241913738384842
1789666860525666300,29.628666259765627,-3.6809962051630016,-1.1037561914265155,-0.9331601169206202
1789666860535618300,29.638618408203126,-3.5336259618133306,-0.978591057883203,-0.8069988119468092
1789666860545570300,29.6485703125,-2.7585388301730154,-1.2636357877373694,-1.5155807965442538
1789666860555521300,29.658521240234375,-2.660672330182791,-1.5437427689284084,-1.7176007678396998
1789666860565473300,29.668473388671874,-2.0064695860266686,-1.4204451828226445,-2.1693897190771994
1789666860575425300,29.67842529296875,-1.3948995304167269,-1.1737196622297168,-2.684054959335923
1789666860585376300,29.688376220703127,-1.0811001229822634,-0.7535384399160743,-2.625401987098157
1789666860595328300,29.698328369140626,-0.7852408613860606,-0.2987722264334559,-2.310345273078978
1789666860605280500,29.708280517578125,-0.058249944394826884,0.41979894499778747,-2.7663381057471037
1789666860615232300,29.718232177734375,0.2298562188565731,0.12199819394499063,-1.631465037653595
1789666860625183200,29.728183349609374,0.857688257959485,-0.47369595488011834,0.0299982479006052
1789666860635135500,29.738135498046876,2.441993923422694,-0.42936552250534293,1.42462670629099
1789666860645087200,29.748087158203123,4.4157729537248605,-0.2611401226535439,2.5280577574163674
1789666860655038500,29.75803857421875,6.251916952750086,-0.009052490505576133,2.1927621190972624
1789666860664990500,29.767990478515625,7.010618766778707,0.04362053053975105,1.6582209426321088
1789666860674942200,29.777942138671875,7.170659691131115,-0.18250307765975593,0.5813603569157422
1789666860684894200,29.787894287109374,6.2612733946383,-0.18746581463366746,0.9050278090223669
1789666860694845200,29.79784521484375,4.946881233131886,0.2597651810385287,1.256947103753686
1789666860704797200,29.807797119140623,3.898635916525125,0.6997294005781411,1.7179459280155598
1789666860714749400,29.81774951171875,3.361098480853438,1.222679215709865,2.311858454120904
1789666860724700200,29.8277001953125,3.2274417055577036,1.380824243313074,2.786479268760979
1789666860734652200,29.837652099609375,3.305148630094528,1.3661422224879265,3.0762521961808202
1789666860744604400,29.8476044921875,3.684817224755883,1.4191032666943966,3.2630572088181973
1789666860754556400,29.857556396484377,3.9998879673004146,1.3305578450180588,3.2375860829532144
1789666860764507400,29.86750732421875,4.299804395332933,1.070992570465803,3.0993729595273734
1789666860774459400,29.87745947265625,4.350429836198687,0.6791274881847202,2.84573839019835
1789666860784411100,29.8874111328125,3.883635915791988,0.4016422337993979,2.3616163183718917
1789666860794362400,29.8973623046875,2.977939121466875,0.3723072721131146,1.9554744350656865
1789666860804314400,29.907314453125,1.6822919924408197,0.3232826905727386,1.7515294870570302
1789666860814266000,29.91726611328125,0.2662152339607477,0.3049469695456326,1.735485237967968
1789666860824218400,29.92721826171875,-0.921260858681798,0.29657500865012404,1.7833388760328293
1789666860834169300,29.93716943359375,-1.8283458924949167,0.3598451192945242,2.020531575257331
1789666860844121300,29.947121337890625,-2.5460195305645463,0.4948739135958254,2.4049989485025405
1789666860854073300,29.9570732421875,-3.0695261027961966,0.5482908848762512,2.7537138942345973
1789666860864025300,29.967025390625,-3.224650029012561,0.48023017895445225,3.1271810039073227
1789666860873976300,29.976976318359377,-3.0297166549772023,0.43423166723698375,3.3752065011829138
1789666860883928300,29.98692822265625,-2.503456984645128,0.36188188581913705,3.4176018738418814
1789666860893880300,29.99688037109375,-1.770440816015005,0.15719050335735082,3.0688182467877865
1789666860903832000,30.00683203125,-1.0098305380165575,-0.021184534586966036,1.964490977475047
1789666860913783800,30.01678369140625,-0.47881461306810374,-0.30982670441120863,1.269362348690629
1789666860923735800,30.02673583984375,-0.21742402278482914,-0.7198366613224149,0.7668474188223481
1789666860933687800,30.036687744140625,-0.1199754559457302,-1.143632859262824,0.5230845474272966
1789666860943638800,30.046638671875,0.0027069208711385725,-1.367472594308853,0.5421558892525732
1789666860953590800,30.0565908203125,0.12020809565782546,-1.505552446743846,0.45177273075506086
1789666860963543000,30.06654296875,-0.039926936718821526,-1.6218755176618693,0.22664807046502827
1789666860973493800,30.07649365234375,-0.3376578374058008,-1.7263764872305094,-0.04893807230070233
1789666860983445800,30.08644580078125,-0.649639381763339,-1.8074520114175974,-0.3095316669873893
1789666860993398000,30.09639794921875,-0.9506880286961793,-1.849410892355442,-0.4584752240683883
1789666861003349800,30.106349853515624,-1.2500760489404201,-1.915508627641201,-0.5862551432199776
1789666861013301000,30.116301025390626,-1.5065484720438718,-1.960370974935591,-0.7560186393592506
1789666861023253000,30.1262529296875,-1.6277128455132246,-1.8718235074326395,-0.8963860182095319
1789666861033204700,30.136204833984376,-1.6804180152624844,-1.6097513646259902,-0.9299780528184026
1789666861043156000,30.146156005859375,-1.8203601544380188,-1.2558484948620199,-0.8637738614834845
1789666861053107700,30.156107666015625,-2.0205477957397697,-0.9434215448245405,-0.8146908277541398
1789666861063059700,30.166059814453124,-2.247453348097205,-0.686193334917724,-0.7525436567250638
1789666861073012000,30.176011962890627,-2.573576230531931,-0.5004448455959558,-0.696706910951808
1789666861082962700,30.185962646484374,-2.836321158033609,-0.404458168002963,-0.6750012751001865
1789666861092915000,30.1959150390625,-2.9575194337725637,-0.38500907890647645,-0.7143227932717651
1789666861102867000,30.205866943359375,-2.9946318975925443,-0.3694789168193936,-0.7714657262727618
1789666861112817700,30.215817626953125,-3.114212801262736,-0.3808861537575722,-0.8187928562454879
1789666861122770000,30.22577001953125,-3.263693753156066,-0.3408376364856958,-0.9076777390092611
1789666861132722000,30.235721923828127,-3.397479707789421,-0.23330431348383426,-0.9239771319031714
1789666861142674000,30.245673828125,-3.5114755048036574,-0.10148907440155744,-0.84845661149472
1789666861152625000,30.255625,-3.459591588309407,0.04041647380143404,-0.9296287279240787
1789666861162577000,30.265576904296875,-3.2670869027256964,0.1432066939294338,-1.1170810985542834
1789666861172528600,30.275528564453126,-2.9932734687209126,0.2435518589928746,-1.2977134139060973
1789666861182480000,30.28547998046875,-2.660315771830082,0.327543562887609,-1.5343562241628765
1789666861192431900,30.295431884765627,-2.3641297624975444,0.4835547933325171,-1.7771335916519164
1789666861202384000,30.3053837890625,-2.0663328108370305,0.6802940477460623,-1.9282586574904619
1789666861212335900,30.3153359375,-1.8050410047531127,0.8170952585473656,-2.008121591017395
1789666861222286800,30.325286865234375,-1.46268653396368,0.9452800321727991,-2.033108586627245
1789666861232238800,30.33523876953125,-1.074506131544709,1.0910685592889786,-1.9760669951088725
1789666861242190800,30.34519091796875,-0.6755822167932987,1.2384592609047889,-1.7026766088217495
1789666861252142000,30.35514208984375,-0.15263386296629905,1.2834651083230972,-1.2830084505967796
1789666861262093800,30.36509375,0.6409001949906349,1.330957804121077,-0.8841591354515403
1789666861272045800,30.3750458984375,1.6937129656434058,1.3478756211742757,-0.7610746806398033
1789666861281997800,30.384997802734375,2.8640590597867965,1.2127303608864546,-0.8657280642911791
1789666861291948800,30.39494873046875,3.960909125086665,1.0259449297323822,-0.9972422746002674
1789666861301900800,30.40490087890625,4.8237896909922355,0.8747934142783284,-1.1108078635036944
1789666861311853000,30.41485302734375,5.238377038821578,0.8941612548321485,-1.2487553217306733
1789666861321803800,30.4248037109375,5.184987978461384,1.0559029917530716,-1.3910522073388099
1789666861331755800,30.434755859375,4.8328743302017445,1.19809860894382,-1.4134643840245902
1789666861341708000,30.4447080078125,4.389957544466853,1.1451894410550594,-1.2778404003091155
1789666861351659800,30.45465966796875,4.12699634386599,0.8771372009254992,-1.0610326097264886
1789666861361611000,30.464611083984376,4.245503480824828,0.3959017904512584,-0.9387691889740526
1789666861371563000,30.47456298828125,4.601050610664487,-0.14987404286414385,-0.9617986938405781
1789666861381514800,30.4845146484375,4.945572488620877,-0.6255857214808463,-0.9892617972403764
1789666861391466000,30.494466064453125,5.1340457267314195,-0.9097314566686749,-0.9482235382787882
1789666861401418000,30.50441796875,4.972651049682498,-1.049375489680469,-0.781762079359591
1789666861411369700,30.51436962890625,4.348980221912265,-1.115606642087549,-0.592656790423207
1789666861421322000,30.524322021484377,3.345251507902145,-1.068894429142773,-0.5866377858620136
1789666861431272700,30.534272705078124,2.119721286675334,-1.0127353195473552,-0.7297118663877248
1789666861441224700,30.544224609375,0.8466682667732238,-0.9115551649644971,-0.782011962467432
1789666861451177000,30.554177001953125,-0.17578151431977748,-0.7295356330379843,-0.8914517036125064
1789666861461129000,30.56412890625,-0.7813631431698799,-0.47376463620215653,-1.0756108048509805
1789666861471080000,30.574079833984374,-0.9345090473115444,-0.32815964895933863,-1.1894134904459117
1789666861481032000,30.584031982421877,-0.7764829699128866,-0.4370867644071579,-1.194917494689673
1789666861490984000,30.59398388671875,-0.3667623513370752,-0.770698833553493,-1.0448135885924101
1789666861500935000,30.603934814453126,0.21847323957681655,-1.0549906992137432,-0.8299845507368445
1789666861510887000,30.613886962890625,0.7770482025802135,-1.2388529363974927,-0.6549770895294845
1789666861520838700,30.623838623046876,1.1783692416012286,-1.3396291863545775,-0.46220882110614325
1789666861530790000,30.633789794921874,1.3214169455766678,-1.458022341544926,-0.2611122117333114
1789666861540742000,30.643741943359377,1.1999994741290807,-1.5848308583810924,-0.13723057866189628
1789666861550693600,30.653693603515624,0.7903940063655376,-1.6682099833354354,-0.07400953132361174
1789666861560646000,30.66364599609375,0.14594927063584326,-1.6843553547114132,-0.11839337438605725
1789666861570596900,30.673596923828125,-0.611675269550085,-1.6784779871106146,-0.2205413510877639
1789666861580548900,30.683548828125,-1.422447462555766,-1.654855119460821,-0.30295948552284385
1789666861590500900,30.6935009765625,-2.136045229488611,-1.531218510659039,-0.3706292558982968
1789666861600452900,30.703452880859373,-2.700577055069804,-1.3290300509288906,-0.4040344992307946
1789666861610403800,30.71340380859375,-3.105098935958743,-1.147478721036017,-0.4508621187161654
1789666861620355800,30.72335595703125,-3.3228824397057295,-0.9868930222824215,-0.4329916040480137
1789666861630307800,30.733307861328125,-3.467870756354928,-0.8199366194531321,-0.39576935971062627
1789666861640258800,30.7432587890625,-3.5164281587749717,-0.6801894183278083,-0.31111857085265215
1789666861650210800,30.7532109375,-3.4794098029792306,-0.5411401363387703,-0.18100560564361512
1789666861660162800,30.763162841796873,-3.4484617070078847,-0.4295385409846902,-0.0502252625670284
1789666861670114800,30.77311474609375,-3.3860464596271513,-0.34955841081887484,-0.017837635311856864
1789666861680065800,30.783065673828126,-3.286423471358418,-0.29938422085195776,-0.034238588884100314
1789666861690018000,30.79301806640625,-3.160321641486883,-0.27913667485415933,-0.08643522458933293
1789666861699969800,30.8029697265625,-2.899933506244421,-0.21206337253451346,-0.14906411472074688
1789666861709920800,30.812920654296875,-2.5722429361015555,-0.19045476731657981,-0.18319040233679115
1789666861719873000,30.822873046875,-2.2553046461194755,-0.19266981301754713,-0.1509364844638854
1789666861729824800,30.83282470703125,-1.952799370637536,-0.19458236864060163,-0.05943184765577316
1789666861739776800,30.84277685546875,-1.675392880576849,-0.18515724543035028,-0.10579678153283893
1789666861749728000,30.85272802734375,-1.3753835135638712,-0.12462240496873855,-0.3233914116442203
1789666861759679700,30.8626796875,-1.1310796671599148,-0.022770050212740898,-0.6085658688252792
1789666861769631700,30.8726318359375,-0.9750760354995727,0.06144581782668829,-0.8165726229127496
1789666861779582700,30.882582763671873,-0.8337924185872078,0.1158276886165142,-0.9177925980493425
1789666861789534700,30.89253466796875,-0.6514625055372715,0.13684972611814736,-0.8755835417427122
1789666861799487000,30.902487060546875,-0.36721009510457514,0.0809533591121435,-0.6382214773006737
1789666861809439000,30.91243896484375,-0.05252455248534679,-0.03120031716674566,-0.19691161530576645
1789666861819389700,30.9223896484375,0.5333259554564953,-0.12415917137116193,0.28094321281947193
1789666861829342000,30.932342041015627,1.3997808727174996,-0.19392711960226297,0.6007785394173115
1789666861839294000,30.9422939453125,2.3984248308092355,-0.2750684025019407,0.7106089603804051
1789666861849245000,30.952244873046876,3.320857655879855,-0.44120209077149625,0.638000454961136
1789666861859197000,30.962197021484375,3.9288323173463344,-0.7185156418517231,0.5346672139976173
1789666861869149000,30.97214892578125,4.064095943316817,-1.044183473995328,0.3974612948529422
1789666861879100700,30.9821005859375,3.829146785235405,-1.2991603978440165,0.3470628676760942
1789666861889052000,30.992052001953127,3.2368285425841807,-1.2726523301467298,0.4624664856616407
1789666861899003600,31.002003662109374,2.5099048456102606,-0.8768579455927014,0.59309521837309
1789666861908955000,31.011954833984376,1.8157628897756337,-0.2671960616916418,0.7333924545966088
1789666861918905900,31.02190576171875,1.188241816318035,0.3672781919047236,0.9046502078816294
1789666861928857900,31.03185791015625,0.6785106714606285,0.933290026910603,1.1342733486346899
1789666861938809900,31.041809814453124,0.3949398135513067,1.334594407057762,1.4532234168305993
1789666861948761900,31.051761962890627,0.5078068987965584,1.4571753693267702,1.6132082270815968
1789666861958712800,31.061712890625,1.0572539679706097,1.2242711610764265,1.6862002519257366
1789666861968664800,31.071664794921876,1.8608903177469969,0.7777136807516217,1.817326339700073
1789666861978616800,31.081616943359375,2.7044126877099273,0.2594116914257407,1.7933628419190644
1789666861988568800,31.09156884765625,3.376890508747101,-0.16566972401961683,1.7404646338157355
1789666861998519800,31.101519775390624,3.815201846513152,-0.5393560294009745,1.7748004725292323
1789666862008472000,31.11147216796875,3.824294669029116,-0.7559180285289883,1.7838807278245687
1789666862018423800,31.121423828125,3.1449077992558476,-0.7909564625538885,1.8980540733627973
1789666862028374800,31.131374755859376,2.029361216792464,-0.5917499412439763,1.950000095307827
1789666862038326800,31.141326904296875,0.9842547827333211,-0.2330272501081228,1.823606589013338
1789666862048278800,31.15127880859375,-0.006310498321056366,0.07446808874607086,1.8028991704188286
1789666862058230800,31.161230712890625,-0.9172083684206008,0.20210721118748187,1.855626698130369
1789666862068181800,31.171181640625,-1.6335709238916634,0.29211247628331183,1.852157560715079
1789666862078133800,31.1811337890625,-2.0329361526697873,0.4088268846064806,1.71909729000777
1789666862088086000,31.1910859375,-2.2042963434159755,0.4180906797751784,1.6112413109228014
1789666862098036700,31.20103662109375,-2.1047984428316355,0.2693383344173431,1.6206643883064389
1789666862107988700,31.21098876953125,-1.6813257777571677,0.055577802576124664,1.7050298939496278
1789666862117941000,31.22094091796875,-1.0395295107096434,-0.1875397566527128,1.6610799853250384
1789666862127893000,31.23089306640625,-0.3493289859771728,-0.4182479161635041,1.4627499545887113
1789666862137844000,31.240843994140626,0.285163095536828,-0.669546443760395,1.1828195720735937
1789666862147796000,31.2507958984375,0.7647282347112894,-0.9401055521443485,0.8080421835198998
1789666862157747700,31.260747802734375,0.9297060309439897,-1.2227435131177304,0.4253634472571313
1789666862167699000,31.270698974609374,0.7248200026929378,-1.4045632846884428,0.10943002346865832
1789666862177651000,31.28065087890625,0.1525397549420595,-1.3820045391388236,-0.08103219650201499
1789666862187602700,31.290602783203123,-0.6263683962911367,-1.1961261398270726,-0.20042481105849147
1789666862197555000,31.300554931640626,-1.4844634814858435,-0.8947584900729357,-0.2618580616645515
1789666862207506000,31.310505859375,-2.303144840180874,-0.5312430117025971,-0.2409751403726637
1789666862217457700,31.320457763671875,-2.934424973911047,-0.1739095829680562,-0.1857217839779332
1789666862227410000,31.330409912109374,-3.3678771812081334,0.1650187127649784,-0.10777286737877875
1789666862237361000,31.34036083984375,-3.611238778325915,0.4747475097596645,-0.04697959517668932
1789666862247313000,31.35031298828125,-3.7841836079150437,0.6843433231368661,-0.06655307783782481
1789666862257265000,31.360264892578126,-3.8487580791562794,0.7615215476244688,-0.10375219702795148
1789666862267217000,31.370216796875,-3.8208705397993326,0.7626201565161347,-0.17517722828369586
1789666862277167900,31.38016796875,-3.710235743650794,0.691878102555871,-0.29973175564799454
1789666862287120000,31.390119873046874,-3.5516795048981904,0.6142743461325765,-0.5069599265784025
1789666862297071900,31.40007177734375,-3.2323733167409894,0.5171665555551648,-0.744179221548885
1789666862307022800,31.41002294921875,-2.808227282449603,0.42734453807175155,-0.9301678032368421
1789666862316974800,31.419974853515626,-2.273639928755164,0.3641090603493154,-1.0565081180393696
1789666862326926800,31.4299267578125,-1.6899667648524046,0.3063052522867918,-1.1456100045546889
1789666862336878800,31.43987890625,-1.124738773700595,0.20883418135493992,-1.1154976287551224
1789666862346829800,31.449829833984374,-0.5474801530152559,0.12281126389354467,-1.0686751603689044
1789666862356782000,31.459781982421877,-0.0026081366717815397,0.11058408887460827,-1.1226796492137014
1789666862366733800,31.46973388671875,0.4420955324798822,0.15294585152491927,-1.23392994691208
1789666862376684800,31.479684814453126,0.7211433600068092,0.2004385473228991,-1.395701202188432
1789666862386636800,31.48963671875,0.7418044552415609,0.27652970722615716,-1.5668277303092182
1789666862396588800,31.4995888671875,0.5543021079897881,0.38523543500825763,-1.6763025427676737
1789666862406540800,31.509540771484374,0.35264848578870295,0.4894562724612653,-1.7715175053358077
1789666862416491800,31.51949169921875,0.2492103231459856,0.610656009504944,-1.9394567817226052
1789666862426443800,31.52944384765625,0.3142407214611769,0.7113425353519618,-2.048004250203073
1789666862436395800,31.539395751953126,0.5828600939542055,0.7159338086649775,-1.9558781935609877
1789666862446346800,31.5493466796875,1.1303156970500945,0.6235499778695404,-1.760861963547766
1789666862456298800,31.559298828125,1.8421283341318369,0.5573150260701776,-1.571116221283376
1789666862466251000,31.5692509765625,2.5869839936375616,0.5880940490849316,-1.5473067450203
1789666862476203000,31.579203125,3.2762276560366153,0.6174914084829389,-1.5432614151522517
1789666862486153700,31.58915380859375,3.7830537271022795,0.5673607653968036,-1.5077645698353648
1789666862496106000,31.59910595703125,4.065346235638857,0.5574105953991413,-1.4556152804031968
1789666862506057700,31.6090576171875,4.161752015426755,0.6170408882364631,-1.4850404045909642
1789666862516009000,31.619009033203124,3.9990345653414723,0.7210733635105192,-1.5463780858680605
1789666862525961000,31.6289609375,3.507729304012656,0.8317306637518107,-1.5434231815852224
1789666862535912700,31.63891259765625,2.918704257687926,1.0245482146769762,-1.4757253176264464
1789666862545864700,31.64886474609375,2.394393383336067,1.2246741889193653,-1.3243271339349447
1789666862555816000,31.65881591796875,2.145245019510388,1.3396728793658315,-1.1343615383747965
1789666862565767700,31.668767578125,2.244317972680926,1.3281735802300274,-0.953772039251402
1789666862575720000,31.678719970703124,2.651519886434078,1.0104948471441864,-0.8775025271065533
1789666862585671000,31.6886708984375,3.0421336534798145,0.444028984760493,-0.9123618782375007
1789666862595622700,31.69862255859375,3.2206723575532434,-0.08839768376871943,-1.1443390347708016
1789666862605575000,31.708574951171876,3.0423645396262406,-0.6296433263085782,-1.4409842591129243
1789666862615527000,31.71852685546875,2.497849666157365,-1.031430375406146,-1.5861888488613067
1789666862625478000,31.728477783203125,1.68838972479403,-1.1488007634200155,-1.603794794309139
1789666862635430000,31.738429931640624,0.8483902682602406,-0.9932640186190604,-1.4695574426464735
1789666862645382000,31.7483818359375,0.12080839963853358,-0.7570406028181313,-1.275079703424126
1789666862655332900,31.758332763671874,-0.49574704316854473,-0.479261772313714,-1.0656024018600583
1789666862665284900,31.768284912109376,-0.9391951593011617,-0.20075842692703008,-0.9281544906530529
1789666862675236900,31.77823681640625,-1.2043494860321282,-0.07921294518560171,-0.9170690330151468
1789666862685188900,31.78818896484375,-1.3312936119467018,-0.09439707031399011,-0.846788239891082
1789666862695139800,31.798139892578124,-1.059616020926833,-0.2043912304714322,-0.7168558188807219
1789666862705091800,31.808091796875,-0.2929799067676067,-0.4563116893589496,-0.4681090581258759
1789666862715043800,31.8180439453125,0.7419067465722561,-0.7411138426288962,-0.17963323957817628
1789666862724995800,31.827995849609376,1.8211755624741315,-1.0224646864011884,-0.05412684571598656
1789666862734947000,31.837947021484375,2.565289463701844,-1.3355527306959032,-0.030478213437274096
1789666862744898800,31.84789892578125,2.7835633813142775,-1.7672607246741652,0.05385245835455134
1789666862754850800,31.857850830078124,2.4518600683987137,-2.1709964236214754,0.20705591963604092
1789666862764801800,31.8678017578125,1.7143495109587907,-2.4623405458807945,0.25000417693741617
1789666862774753800,31.87775390625,0.6421726991444826,-2.473337156191468,0.2545848557911813
1789666862784705800,31.887705810546876,-0.5460024816781283,-2.189864205698669,0.1569610054504126
1789666862794658000,31.897657958984375,-1.6680998009592294,-1.8024895667046308,0.07350262298109009
1789666862804608800,31.90760888671875,-2.613335993990302,-1.4597826292157172,0.058927587928064164
1789666862814560800,31.917560791015624,-3.3033336896270513,-1.2066171387031674,0.05449095718748867
1789666862824513000,31.927512939453123,-3.7550598047614097,-1.0102563622131944,0.005219214219320565
1789666862834463700,31.937463623046874,-4.011275038233399,-0.8601327285021543,-0.018399799239262937
1789666862844416000,31.947416015625,-4.109171348839998,-0.7456567467555403,0.03910413082754239
1789666862854367700,31.95736767578125,-4.182059474918246,-0.6270981718704104,0.10781060557328163
1789666862864319700,31.96731982421875,-4.187465717875957,-0.4970119485378265,0.2326918076086789
1789666862874271000,31.97727099609375,-4.055981610444188,-0.37092940788865086,0.310980915947631
1789666862884222700,31.98722265625,-3.788472245019674,-0.31234774732142684,0.38510731511656193
1789666862894174700,31.9971748046875,-3.4088603489816185,-0.3316255715042353,0.3610773645032197
1789666862904126000,32.0071259765625,-2.938686138486862,-0.46055940993130207,0.24396376426201313
1789666862914078700,32.01707861328125,-2.452558572056889,-0.6716279262095689,0.0815676185529679
1789666862924030700,32.02703076171875,-1.9618296493113039,-0.8826137326404452,-0.01044558883178979
1789666862933982700,32.036982666015625,-1.4578554605454206,-1.0492375425145029,-0.03721238053049892
1789666862943933700,32.04693359375,-0.973656231829524,-1.1229755634203553,-0.05608516757637262
1789666862953885700,32.0568857421875,-0.6782441294789314,-1.0129311343804002,-0.049419974066130815
1789666862963837700,32.06683764648437,-0.5874789859265088,-0.8180255251348019,-0.02688325768522918
1789666862973788700,32.07678857421875,-0.7483259659647941,-0.6090253395631909,-0.1092188832023181
1789666862983740700,32.08674072265625,-1.0523077437400816,-0.38417876556217667,-0.2897780054537579
1789666862993692700,32.09669262695313,-1.414506148162484,-0.17769874611794947,-0.3437959017693996
1789666863003644700,32.10664477539063,-1.6847434772461651,0.015217150615155696,-0.3488302792074159
1789666863013595600,32.116595703125,-1.81371823220551,0.21326105788648128,-0.3841539599144831
1789666863023547600,32.12654760742188,-1.6519447849720716,0.3724810212448239,-0.3161674517400563
1789666863033499600,32.136499755859376,-1.1484282768458127,0.3840317583069205,-0.17659800006812437
1789666863043450600,32.14645068359375,-0.2495715576738119,0.21037001262009142,-0.09387567678838968
1789666863053402600,32.156402587890625,0.9031512014955282,-0.0799891902551055,-0.12582812749668956
1789666863063354600,32.166354736328124,2.045491682860255,-0.348991132324934,-0.2934103523404337
1789666863073307000,32.17630688476562,2.9643606779694553,-0.5562944508507848,-0.3912510420359671
1789666863083257600,32.18625756835937,3.496781793540716,-0.6976499639555811,-0.34681181552447377
1789666863093209900,32.1962099609375,3.655706865605712,-0.7515864290654659,-0.14067107450459151
1789666863103161600,32.20616162109375,3.5713001511692997,-0.5865335217699408,0.06783691623643971
1789666863113112600,32.21611254882812,3.3182454275548454,-0.21742606861144304,0.20838285739086568
1789666863123064800,32.22606494140625,2.89678293325901,0.07909662532955408,0.35978827454075213
1789666863133016600,32.2360166015625,2.541195471408963,0.24239362886846064,0.4654143756818026
1789666863142968600,32.24596850585937,2.4190835879564285,0.23187457294166086,0.5628542112251743
1789666863152919800,32.255919921875,2.5377199042528864,0.1058215506479144,0.7668409890815615
1789666863162871600,32.26587158203125,2.840588752350211,-0.12263678410947322,1.070256072884798
1789666863172823600,32.27582348632812,3.2543080851733683,-0.38147213695198295,1.439956231239438
1789666863182775800,32.28577587890625,3.6585476419895886,-0.5812710711970925,1.804212152713537
1789666863192726500,32.2957265625,3.7832477883696556,-0.7449424610063433,2.102009104374051
1789666863202678800,32.3056787109375,3.5637568961828947,-0.8661328456997871,2.303694875279069
1789666863212630800,32.315630859375,3.110703331837058,-0.9684785369306802,2.4149556943714616
1789666863222581500,32.32558154296875,2.4698767866045235,-0.8332476441860198,2.609836753697693
1789666863232533800,32.33553369140625,1.638262296578288,-0.5878700310707092,2.8078640020951626
1789666863242485800,32.34548583984375,0.6550234128892422,-0.29797026240080593,3.015017390756309
1789666863252436700,32.35543676757813,-0.31293899121284485,-0.04171498917937279,3.208754540744424
1789666863262388700,32.365388671875,-1.1422644935190678,0.021395546989142894,3.401377592010796
1789666863272340700,32.3753408203125,-1.6736796469181776,0.06342062503099441,3.529501575359702
1789666863282292500,32.38529248046875,-1.8512655803114175,0.2647065829634666,3.577885082517564
1789666863292243700,32.39524365234375,-1.9124732054680584,0.41736031967401505,3.4593405361577867
1789666863302195700,32.40519580078125,-1.9017711941897868,0.4596855497062206,3.3219565570324656
1789666863312147700,32.41514770507813,-1.8427578642070293,0.36919074752777814,3.187601278078556
1789666863322099700,32.425099609375,-1.741005462694168,0.2582102066814899,3.0238097690209744
1789666863332050700,32.43505078125,-1.5435925468027591,0.14258680846542118,2.7259742389157413
1789666863342002700,32.445002685546875,-1.356646664389968,0.007498246800899505,2.3602399154521523
1789666863351954700,32.45495458984375,-1.1614783125549555,-0.17660364435762166,2.049538181772083
1789666863361905700,32.46490576171875,-0.9428121807545423,-0.09088234019130467,1.8772906867973504
1789666863371857700,32.47485766601562,-0.7890899380296468,-0.019933365482091903,1.53691438421309
1789666863381809700,32.4848095703125,-0.8709867154717444,-0.030305706414580344,1.3042438385881483
1789666863391761700,32.49476171875,-1.0884288584351538,0.008038052766025067,1.2499585600405931
1789666863401712600,32.50471264648438,-1.3332920922875404,0.040788814245164395,1.1131664093285798
1789666863411664600,32.51466455078125,-1.6215525693178177,0.12955606197863817,0.9421987980965524
1789666863421617000,32.524616943359376,-1.9176304421007633,0.2314326743930578,0.8098544936388731
1789666863431567600,32.53456762695313,-2.13679341750741,0.25467443377077575,0.7694649078443646
1789666863441519600,32.54451953125,-2.269400976011157,0.34858693543821573,0.6251810862027108
1789666863451471600,32.5544716796875,-2.395173135536909,0.4950102533265948,0.41752734680399295
1789666863461423600,32.56442358398437,-2.5121546703636644,0.6092728845834732,0.13587063368661328
1789666863471374800,32.574374755859374,-2.5975825445413587,0.6570119563579558,-0.09978919341480359
1789666863481326600,32.58432666015625,-2.597933257675171,0.6207818283304571,-0.3080820892335847
1789666863491278600,32.59427856445313,-2.45863759970963,0.5455468468651176,-0.48699594676233826
1789666863501229800,32.60422973632812,-2.199155473396182,0.46409401379823684,-0.6059197747632861
1789666863511181600,32.614181640625,-1.8391244761407375,0.37814386931210753,-0.7036872713584452
1789666863521133600,32.624133544921875,-1.4550439102560282,0.3245265531539917,-0.8292369472399354
1789666863531085800,32.6340859375,-1.0837409928798676,0.291897664488852,-0.964431526562199
1789666863541036500,32.64403662109375,-0.8343746023893356,0.2919748213782906,-1.0960647601410747
1789666863550988800,32.65398876953125,-0.6616238340675831,0.3189125126644969,-1.2277511121466755
1789666863560940800,32.66394091796875,-0.570686256557703,0.43945407806038855,-1.3751998275600372
1789666863570892500,32.673892578125,-0.5483914226412773,0.5938017592072486,-1.602182829067856
1789666863580843800,32.68384375,-0.6587392185419797,0.6875862505808472,-1.8386752710685133
1789666863590795800,32.69379565429688,-0.842936094507575,0.707066611598432,-2.0128534418448805
1789666863600747500,32.70374755859375,-0.9449456856518983,0.696081691725552,-2.1419234738722444
1789666863610698800,32.71369873046875,-0.8872843547999858,0.731550479991734,-2.3270984010897577
1789666863620650800,32.723650634765626,-0.6388152054101228,0.7525590734899044,-2.4479003709875045
1789666863630602500,32.7336025390625,-0.13884908324182033,0.7020183882981539,-2.3879725565083323
1789666863640554800,32.7435546875,0.6393868678182363,0.5612253313817084,-2.1735776722863314
1789666863650505700,32.753505615234374,1.52827924233675,0.474619791726768,-1.9708108281463383
1789666863660457700,32.76345776367187,2.438094577896595,0.5273223311275244,-1.9288181910693645
1789666863670409700,32.77340966796875,3.2100328901171684,0.5434839229859412,-1.805693331182003
1789666863680360700,32.78336059570312,3.7904315623939033,0.5098419117555022,-1.5625795713454484
1789666863690312700,32.79331274414063,4.1495302472352975,0.5402275515384972,-1.3106200956217944
1789666863700264700,32.8032646484375,4.188795505174994,0.7588472138486803,-1.134175952674821
1789666863710216700,32.813216796875,3.981036551836133,1.0559127824947236,-1.0118336945325135
1789666863720167700,32.82316772460938,3.6953175759822128,1.2103829209774732,-0.8924573735237121
1789666863730119700,32.83311962890625,3.458183475077152,1.218266659964621,-0.7589733244463801
1789666863740071700,32.84307177734375,3.497757360574603,1.0579574400648475,-0.6222939864590764
1789666863750022700,32.853022705078125,3.917103301107883,0.6620312458246946,-0.4009223950922489
1789666863759974700,32.862974609375,4.519429727554321,0.1305189156614244,-0.173822525739111
1789666863769927000,32.87292700195312,5.111084537860751,-0.35509763250648974,-0.13889840227626263
1789666863779878700,32.88287866210938,5.430995121651888,-0.8088062997601926,-0.11678305311258881
1789666863789829600,32.89282958984375,4.924890350598097,-1.1887309150092302,0.0625557152973488
1789666863799782000,32.90278198242188,3.7687802870780227,-1.3457234115764498,-0.10581669180970639
1789666863809733600,32.912733642578125,2.385714402318001,-1.2563793868683277,-0.5119788507189601
1789666863819685600,32.922685546875,0.7780185089170932,-1.2404418130241335,-0.4748617837890982
1789666863829636600,32.93263671875,-0.872722160962224,-1.2551885696485638,-0.33535189855098724
1789666863839588600,32.94258862304687,-2.0901398028820752,-1.0491495719701052,-0.4414333422441035
1789666863849540600,32.95254052734375,-2.7983400946855546,-0.7038862279966474,-0.6464690080989152
1789666863859491600,32.96249169921875,-3.0576416037350893,-0.4120075604692101,-0.8231004903115332
1789666863869443600,32.97244360351562,-2.891885808867216,-0.21125848589241503,-0.8496798696793615
1789666863879395800,32.98239575195313,-2.235018813937902,-0.13845306966155765,-0.8188270507760346
1789666863889347800,32.99234790039063,-1.210211656063795,-0.2491030633792281,-0.8018399678789079
1789666863899298600,33.00229858398438,-0.051667058873176575,-0.43268151518553494,-0.8322063184395432
1789666863909250000,33.01225,1.103152964836359,-0.5536208477273583,-0.9120121880169957
1789666863919201800,33.02220190429688,2.1842957579165696,-0.7088555408418178,-0.989819650318846
1789666863929153000,33.03215307617187,2.9390514646679162,-0.9596317981302738,-1.0626416523583233
1789666863939105000,33.04210498046875,3.2494460320949554,-1.249399172592163,-1.1384969576790929
1789666863949056800,33.052056884765626,3.0567963850826025,-1.492696472302079,-1.1705667511567472
1789666863959009000,33.062009033203125,2.3591607419133185,-1.5927873703435063,-1.0999909206088632
1789666863968960000,33.0719599609375,1.2487322331160307,-1.6058073031753302,-0.9084511345345526
1789666863978912000,33.081912109375,-0.026418635848164555,-1.4461936643242834,-0.8197239265505224
1789666863988864000,33.091864013671874,-1.1085960326731203,-1.1461641313061117,-0.8034132816102355
1789666863998816000,33.10181591796875,-2.044395704317093,-0.9209826262623071,-0.5950572391610592
1789666864008767000,33.11176708984375,-2.7509575812637803,-0.7951572752445936,-0.329109716225788
1789666864018719000,33.12171899414062,-3.194335554769635,-0.6281424202263355,-0.15738836401700973
1789666864028671000,33.1316708984375,-3.4377304696351287,-0.4529992038100958,-0.06591141893342137
1789666864038622000,33.1416220703125,-3.513146652886271,-0.38928631783425804,-0.022502704513445496
1789666864048574000,33.15157397460938,-3.467790676856041,-0.39292496659755705,0.03162416860200465
1789666864058526000,33.16152587890625,-3.342991161754727,-0.4346531075194478,0.08068338306434453
1789666864068478000,33.17147802734375,-3.176653767606616,-0.48053690681606526,0.11364873714223503
1789666864078429000,33.181428955078125,-3.0883295874655246,-0.4935448569491505,0.168897746155411
1789666864088381000,33.191380859375,-3.072918083322048,-0.45036096426099537,0.26312895838320255
1789666864098333000,33.2013330078125,-3.0663164930999276,-0.4087330688431859,0.3697982119016349
1789666864108284000,33.211283935546874,-3.004367694187164,-0.39652825178653,0.3782475488822907
1789666864118236000,33.22123583984375,-2.891066893699765,-0.4035065663665533,0.3431822268504649
1789666864128188000,33.23118798828125,-2.6850720274239777,-0.5605044697612523,0.18717545338496563
1789666864138140000,33.241139892578126,-2.454740592271089,-0.6307061332345009,0.15139379977732895
1789666864148091000,33.2510908203125,-2.0932553045541047,-0.4823550621539354,0.16531389631927013
1789666864158043000,33.26104296875,-1.847277387458086,-0.46380116833150387,-0.014510390585288404
1789666864167995000,33.270994873046874,-1.6981155845165252,-0.5239402874737977,-0.21039390495233237
1789666864177945900,33.28094580078125,-1.3848650431364773,-0.5897682659074663,-0.3461471410706639
1789666864187897900,33.29089794921875,-1.1548843211174011,-0.5856894721612333,-0.6037407136911526
1789666864197850000,33.30085009765625,-0.9081669838309288,-0.6236123755812645,-0.6668360157579183
1789666864207801900,33.3108017578125,-0.6028010582208633,-0.6413166668370366,-0.5004672035582364
1789666864217752800,33.3207529296875,-0.20476912387311458,-0.5920014317870139,-0.35205855707153677
1789666864227705000,33.330705078125,0.3287690130293369,-0.4672220826908946,-0.20413115476313978
1789666864237656800,33.34065673828125,1.0484878931909798,-0.4132970157578587,0.031510625224933024
1789666864247608800,33.35060888671875,1.8645120153754948,-0.2815519193023443,0.15061192868463694
1789666864257560000,33.36056005859375,2.680346167945862,0.00924655177295208,0.15235416924208403
1789666864267511800,33.37051171875,3.260822581633925,0.18277824133932588,0.34503296928368504
1789666864277463800,33.3804638671875,3.576137654328346,0.3015668255880475,0.6887058291953057
1789666864287415000,33.3904150390625,3.669125734627247,0.450501541775465,1.0716443123728037
1789666864297366800,33.40036669921875,3.692331253647804,0.6766469234153628,1.467561008132249
1789666864307319000,33.41031909179687,3.76430869462192,0.9865569221958518,1.729479567812383
1789666864317271000,33.42027099609375,3.8914340223222967,1.1492828478485344,1.8771197141446172
1789666864327221800,33.4302216796875,4.12332262378931,1.1003364461109042,2.0337994915008544
1789666864337174000,33.44017407226563,4.407950297275185,0.8328603984341025,2.13538077423051
1789666864347126000,33.4501259765625,4.7363919780462975,0.4244643064603209,2.1731416189566253
1789666864357077000,33.460076904296876,5.0116439204216,0.013312778298556803,2.0923472497984767
1789666864367029000,33.470029052734375,5.151822206440568,-0.31210414782389995,1.8531128156132994
1789666864376981000,33.47998095703125,5.027841606506705,-0.6226986217372119,1.6680943941317499
1789666864386932700,33.4899326171875,4.353061353746057,-0.917889774813503,1.6979171393349766
1789666864396884000,33.499884033203124,3.2066327262848615,-0.8322413897529244,1.9176295653179287
1789666864406836000,33.5098359375,1.9817787968844174,-0.5521614426992834,1.8938766415476798
1789666864416788000,33.5197880859375,0.7130763734072446,-0.5655928789414465,2.3626960764326155
1789666864426739000,33.52973901367187,-0.48902328787148,-0.23481457191631197,2.3026820449747145
1789666864436691000,33.53969091796875,-1.6332932759940624,0.04677051900327205,2.2929680218204855
1789666864446643000,33.549642822265625,-2.4788655642241237,0.14760522114932537,2.3840625434577465
1789666864456595000,33.559594970703124,-2.9070687649518248,0.18576164106428622,2.5618171114161608
1789666864466546000,33.5695458984375,-2.889015806388855,0.21288141091912985,2.712862243886292
1789666864476498000,33.57949780273437,-2.5248235978007316,0.09191635941416025,2.6885072625696655
1789666864486450000,33.58944995117187,-1.9700176319420337,-0.16203326721340416,2.6040134543716906
1789666864496402000,33.59940185546875,-1.4191852458894252,-0.4601844391390681,2.473984221923351
1789666864506353000,33.60935278320313,-0.9973077410519122,-0.7331237206578254,2.246745345958322
1789666864516305000,33.61930493164063,-0.8007026344120503,-0.9276157806664704,2.0041990107461807
1789666864526257200,33.629257080078126,-0.8491729430705308,-1.0364961343631147,1.7891028463870287
1789666864536208000,33.63920776367188,-1.0819430035471915,-1.0400564571931958,1.6017439992591738
1789666864546159900,33.649159912109376,-1.4162942006230352,-0.9440256481975317,1.440168997207284
1789666864556112100,33.659112060546875,-1.7800947795450686,-0.8236533018887042,1.3249775606676935
1789666864566063900,33.66906396484375,-2.208868473637104,-0.7525231253936886,1.1948962327059358
1789666864576015000,33.67901513671875,-2.6638024449020623,-0.6914931948915124,1.1242035708453506
1789666864585966800,33.688966796875,-2.944818357631564,-0.6515934384405613,0.9117284026395529
1789666864595918800,33.6989189453125,-3.1204929044455287,-0.5948454230412841,0.7351496735274792
1789666864605870000,33.7088701171875,-3.295422185850143,-0.5805009636074304,0.676450524060428
1789666864615821800,33.71882177734375,-3.4790316173166036,-0.5365577769845724,0.6348933557912707
1789666864625773800,33.72877392578125,-3.5760078904688357,-0.4158662817239761,0.5445945876415819
1789666864635726000,33.73872607421875,-3.5533763719439504,-0.2619967394828796,0.3694803781241178
1789666864645676800,33.7486767578125,-3.44647491710484,-0.16381956610828638,0.21205096971066667
1789666864655628800,33.75862890625,-3.207275115841627,-0.07984832047969102,0.14835388409215955
1789666864665581000,33.7685810546875,-2.9416549251645803,0.01777326483875513,0.21128215902894734
1789666864675532800,33.77853271484375,-2.6989655282199383,0.11619476836323737,0.20568386409785597
1789666864685484000,33.78848413085937,-2.4132377845376727,0.2408992986574769,0.09678467783657833
1789666864695436000,33.79843603515625,-2.1040087537586687,0.3877697757914662,0.028244170774891973
1789666864705387800,33.8083876953125,-1.7996014440476893,0.429675026845932,-0.009734664083458482
1789666864715339000,33.81833911132812,-1.4042775996148587,0.4843211015298962,-0.08222040163958445
1789666864725291000,33.828291015625,-0.9607494039833545,0.575563214944303,-0.23955082492427898
1789666864735242800,33.83824267578125,-0.5806815808713436,0.6941228127427399,-0.4359773418605327
1789666864745195000,33.848195068359374,-0.29565292536914345,0.8593632054343819,-0.6387880982074886
1789666864755146000,33.85814599609375,-0.08388473638892173,1.0329891491554677,-0.8547544695299119
1789666864765098000,33.86809790039062,-0.016533786171674728,1.1083360665626822,-1.0524346580553798
1789666864775050000,33.87805004882812,0.03101297790110111,1.0877376613005996,-1.2987120695546268
1789666864785001000,33.8880009765625,0.16148469341993332,1.0714235092289746,-1.5324281787097453
1789666864794953000,33.89795288085938,0.36393268086910247,1.117990322353691,-1.8336708869099616
1789666864804905000,33.90790502929688,0.6643786857336759,1.12036479640007,-2.050260066305846
1789666864814857000,33.91785693359375,1.056733158966899,1.1384531185373663,-2.070845027564466
1789666864824808000,33.92780786132813,1.5947306133657693,1.1105503816112876,-1.9219756316982208
1789666864834760000,33.937760009765626,2.1782512170553208,1.062711210463196,-1.812462240795046
1789666864844712000,33.9477119140625,2.7452263441354035,1.0876651805862785,-1.8348647728696463
1789666864854664000,33.95766381835937,3.2443694594830275,1.059488449024409,-1.8873678441755473
1789666864864615000,33.967614990234374,3.612821079081297,0.9784626091979444,-1.9709848695389924
1789666864874567000,33.97756689453125,3.837412509277463,0.9040025576278566,-2.073656139462441
1789666864884519000,33.98751879882813,4.014528487071395,0.931227249161899,-2.150400648707896
1789666864894470000,33.99746997070312,4.055649017488956,1.0038938414439558,-2.1433375784538686
1789666864904422100,34.00742211914063,3.973297482016682,1.0422152426622808,-1.994183812688291
1789666864914374000,34.017373779296875,3.832144798007607,1.0846271280646325,-1.690127069980651
1789666864924326000,34.027325927734374,3.7641982199847694,1.054937946113199,-1.4657278013557196
1789666864934277000,34.037277099609376,3.8797394928753373,0.8799941977918148,-1.4018776988662778
1789666864944228900,34.04722875976562,4.031352196100354,0.5460277622498572,-1.330764765767008
1789666864954180900,34.05718090820312,4.13484997997582,0.09180661542937159,-1.3255952541746199
1789666864964132000,34.067132080078125,3.9628742876797913,-0.3263935160696506,-1.3203348494283855
1789666864974083800,34.07708374023437,3.4821219845473763,-0.5907999470427632,-1.2798190069057047
1789666864984036000,34.0870361328125,2.712209040674567,-0.6921288624465465,-1.1798261624112725
1789666864993988000,34.09698803710938,1.6788023967593908,-0.7063524719797074,-1.0383744223903864
1789666865003938800,34.10693872070313,0.5803349593907594,-0.6216653331667185,-0.8830852956749499
1789666865013891000,34.11689111328125,-0.41987668640911574,-0.4317452572487294,-0.812645439531654
1789666865023843000,34.126843017578125,-1.163961361542344,-0.23698227134421465,-0.8937965862382203
1789666865033794800,34.136794921875,-1.6400100170284508,-0.16732567453309893,-0.9903708544608205
1789666865043746000,34.14674609375,-1.8937837025672197,-0.14187778341323137,-1.1623083336383104
1789666865053698000,34.15669799804687,-1.913404933360219,-0.13007716324329374,-1.3476771759927273
1789666865063649800,34.16664990234375,-1.8194050456702708,-0.2573193953216076,-1.4208184000492095
1789666865073601000,34.17660107421875,-1.636660122078657,-0.454492657238245,-1.3444571910329162
1789666865083553000,34.18655297851563,-1.2748662068039178,-0.5989405834004282,-1.2100953362077473
1789666865093505000,34.19650512695313,-0.6507143175184726,-0.646246816715598,-0.9695632634274661
1789666865103457000,34.20645703125,0.015359481695294379,-0.5918421495720744,-0.7635160824425518
1789666865113408000,34.21640795898438,0.705768680742383,-0.6401917544603347,-0.5192769718378782
1789666865123360000,34.226360107421876,1.2958540497750044,-0.8180763785392046,-0.3358643781177699
1789666865133312000,34.23631201171875,1.6075684676289557,-1.0702855912402272,-0.229469411496073
1789666865143263000,34.246262939453125,1.5765186648488043,-1.3533362246677278,-0.26062481180885805
1789666865153215000,34.256215087890624,1.1790087085485457,-1.562505629326403,-0.3554316137012094
1789666865163167000,34.2661669921875,0.4466062879025936,-1.6288918261647223,-0.40248566235359756
1789666865173119000,34.27611889648438,-0.4758417347371578,-1.5803203952193259,-0.3761701580863446
1789666865183070000,34.28607006835937,-1.443342951068282,-1.414209795564413,-0.3465765089312568
1789666865193022000,34.29602197265625,-2.2189532297998666,-1.2615519672006368,-0.363926616454497
1789666865202974200,34.30597412109375,-2.7626380821853873,-1.1532605193078518,-0.3611033026620745
1789666865212925000,34.31592504882813,-3.00480433203876,-1.0575178796038032,-0.33488954173624513
1789666865222877000,34.325876953125,-2.944991376110911,-0.9914847339868545,-0.2906102184941992
1789666865232829200,34.3358291015625,-2.671687645193934,-0.920828020222485,-0.24961930580567568
1789666865242781000,34.34578100585937,-2.293328964087367,-0.8502925947502255,-0.12049531510137021
1789666865252732200,34.355732177734374,-1.985992615187168,-0.8050026696935295,-0.08717658100854606
1789666865262684000,34.36568383789062,-1.8992653488487004,-0.8278975153297186,-0.2403903627546504
1789666865272636000,34.37563598632813,-1.9104092586755752,-0.8974509440273046,-0.5246823014801367
1789666865282588000,34.385587890625,-1.9563830743432045,-0.9035843322157859,-0.8064749342031776
1789666865292539000,34.39553881835938,-2.0502023447692395,-0.9514034834891557,-1.0055034685976802
1789666865302491000,34.405490966796876,-2.1913503526031968,-0.969293944966793,-1.1044470963001252
1789666865312443100,34.415443115234375,-2.3441005354255435,-0.8843655447438359,-1.1932190932739526
1789666865322393900,34.425393798828125,-2.3696809668838976,-0.7312792618349194,-1.2729596425302325
1789666865332345900,34.435345947265624,-2.304378765890002,-0.597143178589642,-1.3420682500697672
1789666865342298000,34.44529809570312,-2.1794150001376864,-0.5008107562988996,-1.4106288683377206
1789666865352249900,34.45524975585938,-2.0128321067959067,-0.5071656782835722,-1.4208470416218042
1789666865362201000,34.465201171875,-1.7231448118329047,-0.4829226329088211,-1.390610016529262
1789666865372153000,34.47515307617188,-1.4285434413433074,-0.44234336976110933,-1.3946195444315672
1789666865382104800,34.485104736328125,-1.1378870090872049,-0.42261721728891133,-1.225354718529433
1789666865392056000,34.49505615234375,-0.8554109606772661,-0.459212963758409,-0.970074062493816
1789666865402008000,34.50500805664063,-0.5766957261055707,-0.5421414223358034,-0.6919144890435039
1789666865411959800,34.514959716796874,-0.19480594826340675,-0.6924369054824113,-0.3398365696843713
1789666865421912000,34.524912109375,0.4244534928053617,-0.8227858714044094,0.013725268089585005
1789666865431863000,34.534863037109375,1.17329383803308,-0.8147060253232717,0.2538496368518099
1789666865441814800,34.54481469726562,2.0173212349087,-0.728853788253665,0.45349612048156557
1789666865451767000,34.55476708984375,2.8445079716205597,-0.6930936158254742,0.8770254841793328
1789666865461719000,34.56471899414063,3.4068560234218834,-0.6751976013898849,1.3757415332213043
1789666865471670000,34.574669921875,3.6319267615675925,-0.587613133700192,1.837545390255749
1789666865481622000,34.5846220703125,3.5660271792024374,-0.2672320097878575,2.1433950077295303
1789666865491574000,34.594573974609375,3.1344027718544005,0.2466518708348274,2.277989794527739
1789666865501525000,34.60452490234375,2.449211599716544,0.7332263042494654,2.435224575418234
1789666865511477000,34.61447705078125,1.8956395595669746,1.079006657834351,2.7549183015882965
1789666865521429000,34.62442895507812,1.6769348493218421,1.3145805236853658,3.1291341838017104
1789666865531381000,34.63438110351562,1.8729402365028858,1.4103684638358651,3.3152696266144512
1789666865541332000,34.64433203125,2.4562603491842747,1.2956534126363695,3.1540190342113372
1789666865551284000,34.65428393554687,3.1990029620587825,0.9563977846451103,2.754801981732249
1789666865561236000,34.66423608398438,3.88467694927752,0.5648747937999665,2.362332357686758
1789666865571188000,34.67418798828125,4.180143412163853,0.23610928790196775,2.1240859116256234
1789666865581139200,34.68413916015625,3.6092823835611343,0.04159939997568726,2.187086849939823
1789666865591091000,34.694091064453126,2.7319033367037773,0.09505246548280119,1.787350011370331
1789666865601043000,34.70404296875,1.6903449505150316,0.33370500812679527,1.5706355981595814
1789666865610994000,34.713993896484375,0.49272272691130636,0.49879649386703967,1.8464318765446543
1789666865620946000,34.72394580078125,-0.4671621691972017,0.7760239740990101,1.9005895831897854
1789666865630898000,34.73389794921875,-1.2331933032006024,0.9755246560499071,1.809696283213049
1789666865640850200,34.74385009765625,-1.738122016212344,1.0932473646327852,1.6571173653043805
1789666865650801000,34.75380078125,-1.7713818962574004,1.1377471622250974,1.3400393745906651
1789666865660753000,34.7637529296875,-1.4518015673339366,0.9557209082968533,1.0627027348957956
1789666865670705200,34.773705078125,-0.9272732508391142,0.5874855617977679,0.8655834681887179
1789666865680656000,34.78365576171875,-0.34637890399992466,0.13798515988886356,0.695380557718873
1789666865690608000,34.79360815429688,0.09646014032363891,-0.3066908906035125,0.41668742538113146
1789666865700560100,34.80356005859375,0.40185763011574743,-0.6322929640345275,0.13332717801518737
1789666865710511900,34.81351196289062,0.5509188952922821,-0.8277994617827236,-0.0691897830169648
1789666865720463000,34.823463134765625,0.5473223321050406,-0.967606138010323,-0.2041550836279988
1789666865730414800,34.83341479492187,0.3134019325494766,-0.9799367734037339,-0.2139849882468581
1789666865740366800,34.84336694335938,-0.19689678306281566,-0.8579439862862229,-0.14165478831231593
1789666865750318000,34.85331811523437,-0.8528273739248514,-0.6814879337057471,-0.11486622317321597
1789666865760269800,34.86326977539063,-1.473121418738365,-0.5301477638117968,-0.10212452276088296
1789666865770221800,34.873221923828126,-1.9781173517674207,-0.4974938868358731,-0.1267060063097626
1789666865780174000,34.883174072265625,-2.4065689742982386,-0.5140726811930537,-0.2194511446982622
1789666865790124800,34.893124755859375,-2.742632820510864,-0.5960565523967146,-0.2941363102611154
1789666865800077000,34.9030771484375,-2.938835191568732,-0.6946557505756616,-0.3858348622061312
1789666865810029000,34.91302905273437,-2.982767856797576,-0.7615434671953321,-0.545892555030249
1789666865819980800,34.92298071289063,-2.9517811823815108,-0.806221690094471,-0.7166753477472811
1789666865829932000,34.93293212890625,-2.8908541277319193,-0.8263339192748069,-0.8467580639485269
1789666865839884000,34.94288403320313,-2.808486225646734,-0.844161252388358,-0.9353122534532099
1789666865849835800,34.952835693359376,-2.70931273471117,-0.8346355914130806,-0.9717397306837141
1789666865859787000,34.962787109375,-2.633848620665073,-0.7703969279974698,-0.9963115696214139
1789666865869739000,34.97273901367188,-2.5261259125709534,-0.6917987537093461,-1.0126303978681563
1789666865879691000,34.98269091796875,-2.364974981150031,-0.5989607494056225,-0.9650441785678266
1789666865889643000,34.99264306640625,-2.2087550763905046,-0.51330549621284,-0.9209384948596357
1789666865899594000,35.002593994140625,-2.1155478003829717,-0.4197371318079531,-0.8995335955202579
1789666865909546500,35.01254638671875,-2.096574804365635,-0.29077728215679527,-0.9637927172020078
1789666865919498200,35.02249829101562,-2.0522218678981066,-0.13534282868653535,-1.1535006116740405
1789666865929450200,35.0324501953125,-2.0297920094251634,-0.01900792120024562,-1.4103320773482322
1789666865939401500,35.0424013671875,-1.9759452684253453,0.104880470405519,-1.6593066920422017
1789666865949353200,35.05235327148438,-1.8429349743396042,0.24867943113967775,-1.8613140961170196
1789666865959305200,35.06230517578125,-1.718114416450262,0.3490397937722504,-2.0592833307169376
1789666865969256400,35.07225634765625,-1.6431886470645665,0.4752037290945649,-2.2275408792726696
1789666865979208200,35.082208251953126,-1.4101771790474653,0.6079563951574266,-2.3742054585710166
1789666865989160200,35.09216015625,-0.974361165228486,0.620753332888335,-2.451337359698862
1789666865999112400,35.102112548828124,-0.4269645988434553,0.6198971544504165,-2.5102839080557224
1789666866009063200,35.112063232421875,0.17440964144468307,0.7252670158080756,-2.6227976498186587
1789666866019015400,35.122015380859374,0.8543862938046455,0.7885498398035764,-2.5356889829471707
1789666866028967400,35.13196752929687,1.7815122451275587,0.8183084337294101,-2.2280722096703944
1789666866038918100,35.14191821289062,2.7927544035077094,0.8784525213077664,-1.925529086396098
1789666866048870400,35.15187036132812,3.7358559225976467,0.9967330099038779,-1.6888951900981366
1789666866058822400,35.16182250976563,4.4822354306697845,1.1436965721488,-1.5038998572312294
1789666866068774100,35.171774169921875,4.963021051549911,1.2819447668880224,-1.1802239295572041
1789666866078725400,35.18172534179688,5.092721198174357,1.3285875678583978,-0.7777232522975653
1789666866088677400,35.191677490234376,4.652440021640062,1.291140172995627,-0.21106756643019614
1789666866098629000,35.20162915039062,4.055533282154799,1.285613080137223,0.13341714872042648
1789666866108581400,35.21158129882812,3.378038509738445,1.1551210524827242,0.6435231639053672
1789666866118532400,35.221532470703124,2.6956343379706142,1.0295439771376549,0.9102410136260092
1789666866128484400,35.231484375,1.954790836715698,0.9357748294636606,0.758958711399138
1789666866138436400,35.24143627929688,1.4096891032695769,0.823058843126893,0.44883883272763336
1789666866148387000,35.25138696289063,1.1568021374374626,0.6377591204859316,-0.09808922109650448
1789666866158339300,35.26133935546875,1.1658388458520172,0.39393969659805295,-0.5782167251277714
1789666866168291300,35.271291259765626,1.4089777401298285,0.03544716095626354,-0.8866479565925895
1789666866178243300,35.281243408203125,1.7108207523107528,-0.34019787727743384,-1.0853246088095008
1789666866188194300,35.2911943359375,1.7749609237879513,-0.5881804121941328,-1.224080022418499
1789666866198146300,35.301146240234374,1.622034799876809,-0.7290810211382805,-1.2537868861570953
1789666866208098300,35.31109838867187,1.3536065660417078,-0.780443397976458,-1.2546531475976108
1789666866218049300,35.32104931640625,1.0938169812142848,-0.6851686680451035,-1.2502636804670095
1789666866228001300,35.33100122070312,0.892325271576643,-0.5256532288715243,-1.2267505568020045
1789666866237953500,35.34095361328125,1.0433113673359156,-0.3807682264663279,-1.5830574189677833
1789666866247905300,35.3509052734375,1.2225123347103595,-0.16828429043218493,-1.1754890830550342
1789666866257856300,35.36085620117188,1.5555319909214973,0.0017659867592155932,-0.5891540795318781
1789666866267808300,35.370808349609376,1.8302397434175013,0.06398132765367627,-0.4375407187197357
1789666866277760300,35.38076025390625,2.0255945577353236,0.020315058276057243,-0.40112449353560803
1789666866287711500,35.39071142578125,2.291825573787093,-0.3164635120771825,-0.24218086290061472
1789666866297663200,35.400663330078125,2.509053781738877,-0.7890458066269755,-0.18150135327130554
1789666866307615200,35.410615234375,2.519012865695357,-1.1242949754558502,-0.2749135042011738
1789666866317567200,35.42056713867188,2.366155715367198,-1.2020385787412524,-0.9008031770646572
1789666866327518200,35.43051831054687,1.793188069874048,-1.076940080693364,-1.0332054222546516
1789666866337470200,35.44047021484375,0.950774537935853,-0.9082673754654824,-0.7365982649005949
1789666866347422500,35.45042236328125,0.0307563727915287,-0.8524005268149077,-0.6089308662127703
1789666866357374200,35.460374267578125,-0.8813117101311683,-0.719953857961297,-0.5587737004458904
1789666866367325200,35.4703251953125,-1.5802426538079977,-0.48332829110026354,-0.5275641770593822
1789666866377277400,35.48027734375,-2.052970055916905,-0.30338512705639004,-0.42737201060056684
1789666866387229200,35.49022924804687,-2.4437352141320705,-0.2550935359656811,-0.3348125309772789
1789666866397180400,35.500180419921875,-2.671433378171921,-0.2425350831657648,-0.2570326873347163
1789666866407132400,35.51013232421875,-2.8737007483571766,-0.27753946879059077,-0.23864677049033342
1789666866417084200,35.52008422851563,-3.030733138543367,-0.2987263414651155,-0.2574038587346673
1789666866427036200,35.5300361328125,-3.051250441393256,-0.2482011461034417,-0.14304017825610935
1789666866436987400,35.5399873046875,-2.9538667564839125,-0.29168431399911643,-0.02216463166549802
1789666866446939100,35.54993920898438,-2.823689639997482,-0.3095154465049505,0.04157024694643915
1789666866456891400,35.559891357421876,-2.6636025384157893,-0.2807660296216607,0.1741310436990112
1789666866466842400,35.56984228515625,-2.4104244806826114,-0.3319607948079705,0.18934512557424604
1789666866476794400,35.57979443359375,-2.0690666197150946,-0.37422435778081414,0.10323241093754768
1789666866486746400,35.589746337890624,-1.696748972338438,-0.46231385238319633,0.0037289573952555654
1789666866496698400,35.59969848632812,-1.2660253132224082,-0.6107303899154066,-0.12237659880332648
1789666866506649300,35.6096494140625,-0.8193529743462801,-0.644680298051238,-0.21019684801027178
1789666866516601300,35.61960131835937,-0.32980478581786155,-0.5584039903506637,-0.2596370246142149
1789666866526553300,35.62955322265625,0.21745850957632062,-0.35227439177930353,-0.20917254646383224
1789666866536505300,35.63950537109375,0.7081482693552971,-0.20857377685308456,-0.0273404268682003
1789666866546456300,35.64945629882813,1.0256833561867476,-0.2451537412315607,0.1084139052286744
1789666866556408300,35.659408203125,1.098958435755968,-0.4517255306124687,0.25009448556937275
1789666866566360300,35.6693603515625,1.0808704058796166,-0.6911670316770673,0.3921733445126563
1789666866576311300,35.679311279296876,1.1223591850876808,-0.9128010733723639,0.5049692276852205
1789666866586263300,35.68926318359375,1.251219373756647,-1.135886629050225,0.5480037750305607
1789666866596215300,35.69921533203125,1.3948504305779934,-1.3416941560603677,0.4155859304126352
1789666866606167300,35.70916723632813,1.4159230292230844,-1.473379923544079,0.2315801017734222
1789666866616118300,35.7191181640625,1.2803437614321709,-1.533832346419245,0.05076057502012699
1789666866626070300,35.7290703125,1.063480295139551,-1.5029197601526976,-0.1854161703611724
1789666866636022300,35.739022216796876,0.7276046649754047,-1.3803336833171547,-0.31910518569238483
1789666866645973200,35.74897314453125,0.38578386267125603,-1.1961316927850245,-0.29169777626888826
1789666866655925200,35.75892529296875,0.06940612918138504,-0.8911601733200252,-0.1508651179944165
1789666866665877200,35.768877197265624,-0.26109599125087257,-0.5663843215800821,0.006680733572668396
1789666866675829500,35.77882958984375,-0.506457237753272,-0.2608031457841396,0.20081717137694358
1789666866685780200,35.7887802734375,-0.6546423046171664,0.04756722233891487,0.5303690784122794
1789666866695732500,35.798732421875,-0.6630360389530658,0.2775580273605883,0.8934078061163425
1789666866705684500,35.8086845703125,-0.25758652182519437,0.5140972311124206,1.1491764648646117
1789666866715635200,35.81863525390625,0.6362514924019574,0.6489001077033579,1.2548831569612025
1789666866725587500,35.82858740234375,1.6438345437526702,0.6139950907997787,1.303195644709468
1789666866735539200,35.83853930664063,2.5209669223725792,0.41501916337534783,1.2923963105365632
1789666866745491200,35.8484912109375,3.2639982890605923,0.07672258967459201,1.3510614116035402
1789666866755442400,35.8584423828125,3.4091888502836225,-0.37431627384796734,1.699592671331763
1789666866765394200,35.868394287109375,3.0040894617676734,-0.7836217357516289,1.9108499881803989
1789666866775346200,35.87834619140625,2.391635609060526,-0.726510293867439,1.6973415314041078
1789666866785298400,35.88829833984375,1.6372358761399983,-0.43112288756668565,1.434042331020534
1789666866795249200,35.89824926757812,0.8649567876577376,-0.22342574741765855,1.466057179440558
1789666866805201400,35.90820141601562,0.18786708891093729,0.0224561619579792,1.8128595695495604
1789666866815153400,35.9181533203125,-0.39655250944495196,0.3294939663030207,2.182614965222776
1789666866825104100,35.92810424804688,-0.7980775466054677,0.6741270495489239,2.452589551717043
1789666866835056400,35.93805639648438,-0.9600181670993566,0.9951875340275466,2.6374694415107367
1789666866845008400,35.94800830078125,-0.9325205038428306,1.1210565780565143,2.7601743224203585
1789666866854960000,35.95796020507812,-0.8227227430403232,0.9548458790279925,2.7896467928811908
1789666866864911400,35.967911376953126,-0.6492138498276472,0.5448116644583643,2.5856138743281365
1789666866874863400,35.97786328125,-0.4030944784343242,0.07305442255586385,2.103755948041379
1789666866884815000,35.98781518554687,-0.1832400136321783,-0.38325916649922726,1.560009282466024
1789666866894766300,35.997766357421874,-0.1212222411364317,-0.74621671872586,1.029389444163069
1789666866904718300,36.00771826171875,-0.17118600322306154,-1.0755568096414208,0.5183865988694131
1789666866914670000,36.01767016601563,-0.31356150702536106,-1.3471034677579998,0.13107991054505108
1789666866924621800,36.027621826171874,-0.5299029952704906,-1.5502356380790472,-0.10386296392604707
1789666866934573000,36.037572998046876,-0.8418781098872423,-1.594297336515039,-0.24422712790593504
1789666866944525000,36.047525146484375,-1.2854717719703912,-1.519834070074558,-0.3342946445830166
1789666866954476800,36.05747680664062,-1.7732850995302198,-1.3873057142868637,-0.3780856363188475
1789666866964428000,36.067427978515624,-2.3026012348234652,-1.1815198145866392,-0.25335659263785926
1789666866974380000,36.07738012695312,-2.874136217164993,-1.0813901919700204,0.1682760705931112
1789666866984331800,36.08733178710938,-2.737629313135147,-0.9163846309475601,-0.7454831437543034
1789666866994284000,36.097283935546876,-3.0233617329925297,-0.6767085904747248,-0.8687835794042795
1789666867004235000,36.10723510742187,-3.0341081679344177,-0.48717561417818067,-1.0115000055987386
1789666867014186800,36.117186767578126,-2.948221444073319,-0.4444928028799593,-1.2122223382990807
1789666867024139000,36.127138916015625,-2.8894319859743116,-0.4189066723331809,-1.2961569782443343
1789666867034090000,36.13709008789063,-2.781365579009056,-0.387726375041157,-1.2956108886688946
1789666867044042000,36.1470419921875,-2.631749602559209,-0.328902137889713,-1.2030220368206501
1789666867053994000,36.15699389648437,-2.463932198986411,-0.21750994750261304,-1.0006202266007662
1789666867063946000,36.16694604492187,-2.2742653671771285,-0.024209727627038956,-0.7656614969734102
1789666867073897000,36.17689697265625,-1.9870698890298604,0.2703637319423258,-0.6821368260685354
1789666867083849000,36.18684887695313,-1.6207845075547693,0.5965012274242937,-0.676236662114039
1789666867093801000,36.19680102539063,-1.37715753749907,0.8614138543538749,-0.4397454987550154
1789666867103753000,36.2067529296875,-1.0929203246355057,1.019095940620452,-0.28313385473154484
1789666867113704000,36.21670385742188,-0.908899389758706,1.073013408768922,-0.15871040640100836
1789666867123656000,36.226656005859375,-0.7573375399380922,1.1227432159692048,-0.09857895910851656
1789666867133608000,36.23660791015625,-0.6127408529549837,1.2496822273172437,-0.1400992294333875
1789666867143559000,36.246558837890625,-0.5133668710112571,1.3436448517367243,-0.26434732119701804
1789666867153511200,36.25651123046875,-0.32314357436299324,1.4170235378108917,-0.46516690372675656
1789666867163463000,36.266462890625,-0.03601590075492859,1.4703620370276271,-0.5377857113443315
1789666867173415000,36.27641479492188,0.3425029393494129,1.4378880466632544,-0.5332809472709894
1789666867183366000,36.28636596679687,0.8112807270497083,1.34293012759611,-0.4459567014200613
1789666867193318000,36.29631787109375,1.4517290866196155,1.1968106149598956,-0.4373595169339329
1789666867203270000,36.306269775390625,2.204917690184712,1.0498702874600887,-0.6314791634336113
1789666867213220900,36.31622094726563,2.874354828351736,0.8830823730655014,-0.9044725132271647
1789666867223172900,36.3261728515625,3.374612626942992,0.6469939818210899,-1.1541926125261932
1789666867233124900,36.33612475585937,3.7346418706327675,0.3878447407238185,-1.3500588104322553
1789666867243077000,36.3460771484375,3.9648938108086584,0.2517075467891991,-1.5547178980596363
1789666867253027800,36.35602783203125,3.953475175693631,0.23929639350548385,-1.715250697582215
1789666867262980000,36.36597998046875,3.7099750468879935,0.3437101231820881,-1.7866493157550691
1789666867272932000,36.37593212890625,3.367854384854436,0.48737610518634317,-1.701268933980912
1789666867282882800,36.3858828125,3.109343733921647,0.6621453737236559,-1.5874949630238115
1789666867292835000,36.3958349609375,3.0791765591949223,0.7286642570309341,-1.5616593877606093
1789666867302786800,36.405786865234376,3.246033008781075,0.5636063812993467,-1.5451795237332582
1789666867312738800,36.41573876953125,3.5880934650599956,0.14212415938973427,-1.5458042315028606
1789666867322690000,36.42568994140625,4.005922571289539,-0.37235417999476195,-1.4917374180115759
1789666867332641800,36.435641845703124,4.242735769677162,-0.8631978151611983,-1.4604979378782212
1789666867342593800,36.44559375,4.068561106032133,-1.3009447970427572,-1.4731749024912715
1789666867352546000,36.45554614257812,3.4473300726294513,-1.6248571638211606,-1.369822372305393
1789666867362496800,36.46549682617187,2.4158570271253583,-1.688627040681243,-1.1691730317760258
1789666867372449000,36.47544897460938,1.1401871027231216,-1.5464299621857702,-0.9714146634478121
1789666867382401000,36.48540112304688,-0.17896248244345186,-1.2744307379961013,-0.7480265446268022
1789666867392351700,36.49535180664063,-1.4119775064676998,-0.8810334777116775,-0.5486878483045846
1789666867402304000,36.505303955078126,-2.2089573209643363,-0.48441827829405665,-0.541346910957247
1789666867412256000,36.515256103515625,-2.556454999861121,-0.21315745138153433,-0.6552841096520423
1789666867422207700,36.52520776367187,-2.522403677177429,-0.12081088385656476,-0.739186820089072
1789666867432159000,36.535158935546875,-2.169270038220286,-0.26053017406165596,-0.7129308274567127
1789666867442111000,36.545111083984374,-1.5143693749278784,-0.6148816643759608,-0.5737110842715949
1789666867452062700,36.55506274414063,-0.6078256083846092,-0.944407340991497,-0.3959396017109975
1789666867462014000,36.56501391601562,0.38055005367100236,-1.0848995152652263,-0.2855491905112751
1789666867471966000,36.57496606445312,1.1840806049853563,-1.1733235025189817,-0.18929726784452794
1789666867481918000,36.58491796875,1.682442214566469,-1.2349832553572953,-0.02348945052847266
1789666867491870000,36.594869873046875,1.8755571410030125,-1.3137448035135864,0.05961454727891832
1789666867501821000,36.60482104492188,1.773130201229453,-1.4135450480453668,0.046217926621809596
1789666867511773000,36.61477294921875,1.3763625877290964,-1.539092312774062,-0.0202114883037284
1789666867521725000,36.62472485351562,0.713928021800518,-1.6638230004228651,-0.02176547628007829
1789666867531677000,36.63467700195312,0.003771335232257843,-1.647572268976271,-0.08123060515094548
1789666867541628000,36.6446279296875,-0.6567489215075969,-1.5274131270267068,-0.3023430706575513
1789666867551580000,36.65457983398438,-1.2813619985640048,-1.3423806770198046,-0.48335463111791754
1789666867561532000,36.66453198242188,-1.7611065859586,-1.1595181183978915,-0.5542512911180034
1789666867571483000,36.67448291015625,-2.084732975402474,-1.0582795116260648,-0.5504897100947796
1789666867581435000,36.68443481445313,-2.2532599885493516,-1.0116416790917515,-0.5127574338760227
1789666867591387100,36.69438720703125,-2.2961679869055747,-0.9444450426533818,-0.4004960594389587
1789666867601339000,36.7043388671875,-2.2526912487506867,-0.843836842739582,-0.25813494948819277
1789666867611289900,36.714289794921875,-2.2053625113427637,-0.7582979094028472,-0.12557090133260934
1789666867621242000,36.7242421875,-2.1092904935538765,-0.6894993907257914,-0.04714896039422601
1789666867631193900,36.73419384765625,-1.9556132590144872,-0.6474892179921269,0.01086677338592708
1789666867641145000,36.74414501953125,-1.8234335705339908,-0.6729062755823135,0.0638026100859046
1789666867651096800,36.75409692382812,-1.6245008977293967,-0.7526283393338322,0.11967782470602542
1789666867661048800,36.764048828125,-1.461219384020567,-0.8060977714538574,0.13855766254719346
1789666867671000800,36.774000732421875,-1.3615244995594025,-0.825242616906762,0.1380064218726009
1789666867680951800,36.78395190429688,-1.3366712133318186,-0.8305407233148813,0.1703087089318782
1789666867690903800,36.79390380859375,-1.3624591500610113,-0.7933750680029392,0.23430896048173308
1789666867700856000,36.80385595703125,-1.484015153196454,-0.6855506531000137,0.21610439155362546
1789666867710806800,36.813806884765626,-1.6607471001088618,-0.5881640455812216,0.09080467184521257
1789666867720759000,36.823759033203125,-1.7534364897221326,-0.5275497101426124,-0.09360467782728374
1789666867730711000,36.8337109375,-1.667289069098234,-0.5104650120899081,-0.16807868485748767
1789666867740663000,36.8436630859375,-1.4667647431880235,-0.49652358049899337,-0.1406047678027302
1789666867750614000,36.85361401367187,-1.061395305559039,-0.474008089569211,-0.07316350895352661
1789666867760566000,36.86356591796875,-0.4333300422221422,-0.48043870713859793,0.02350084870532155
1789666867770517800,36.873517822265626,0.3283873202353716,-0.572139085714519,0.1716285593587905
1789666867780469000,36.88346899414063,1.1189321332484483,-0.6516083437487482,0.31323139828816055
1789666867790421000,36.8934208984375,1.861016574475169,-0.6973775767549872,0.3308844708133489
1789666867800372700,36.903372802734374,2.531481302124262,-0.6550570228978991,0.23694427742138505
1789666867810325000,36.91332495117187,2.847328874260187,-0.5893199376180768,0.26348683191016314
1789666867820276000,36.92327587890625,2.5767875937938687,-0.7305500707775354,0.5011174841605126
1789666867830228000,36.93322802734375,1.9445798238247631,-0.933247064551711,0.8979462532635778
1789666867840180000,36.94317993164063,1.360544256350398,-0.8607306943953037,1.1693067411582916
1789666867850132000,36.95313208007813,1.0714134262263775,-0.42484249212294817,1.235939679299295
1789666867860083000,36.9630830078125,1.0123954200685024,0.14961334610134364,1.225627836382389
1789666867870035000,36.97303491210938,1.1101900238662958,0.2784814258158207,1.2235223154705017
1789666867879987000,36.982987060546876,1.4952157616466284,0.43451369904875753,1.3645724889531732
1789666867889938000,36.99293798828125,2.1128151605486867,0.31640579054057594,1.4141153952792287
1789666867899890000,37.002889892578125,2.8296494251847264,-0.0718780722528696,1.3297574884206056
1789666867909842000,37.012842041015624,3.459834164893627,-0.5281871312633156,1.2125862762406467
1789666867919794200,37.02279418945312,3.806697637540102,-0.9904659123331307,1.0511085240181535
1789666867929745000,37.03274487304687,3.9136803409218786,-1.4033826966017484,0.869914921521768
1789666867939697200,37.042697265625,3.783703130921721,-1.6316184746496378,0.7821150575157254
1789666867949649200,37.05264916992188,3.410540849414468,-1.6534525591865181,0.7305319505989551
1789666867959599900,37.06259985351563,2.760896791476011,-1.513754457899928,0.7228270753100514
1789666867969552100,37.07255224609375,1.9548703316926954,-1.4027302240423858,0.7079729858536273
1789666867979503900,37.08250390625,1.0546838252216577,-1.1954843347921966,0.740108026587218
1789666867989456000,37.09245581054687,0.11358780073523521,-0.9531848139479756,0.7700437306456267
1789666867999407000,37.102406982421876,-0.7724725652277469,-0.638132483842969,0.8918011746373027
1789666868009358800,37.11235888671875,-1.530811975684762,-0.21829905205368993,1.041517323525995
1789666868019310800,37.12231079101562,-2.085059723138809,0.17078619025051592,1.2337734411761163
1789666868029262000,37.132261962890624,-2.438491468259692,0.49916079713478684,1.4395686932265757
1789666868039213800,37.1422138671875,-2.5432126564502715,0.5946146830253303,1.5581521102920173
1789666868049166000,37.152166015625,-2.4616835432767865,0.5199363125294446,1.5698860949665308
1789666868059118000,37.1621181640625,-2.132152898225188,0.47308615241870283,1.4997573505990207
1789666868069068800,37.17206884765625,-1.6908686821281909,0.25245851128697394,1.321019178430736
1789666868079021000,37.18202099609375,-1.2337222955107687,-0.062158496140688656,1.0837626932550222
1789666868088973000,37.19197314453125,-0.7983242148429155,-0.41754225211218,0.9466464251551776
1789666868098924800,37.2019248046875,-0.3473883733034134,-0.7286369306325912,0.876744840607047
1789666868108876000,37.2118759765625,0.08462474110126494,-0.9432698613941669,0.9119134768828749
1789666868118828000,37.221828125,0.44748423978090285,-1.0860917937897145,0.9074840430680662
1789666868128779800,37.23177978515625,0.6589888093888759,-1.1848736550591885,0.780812158223614
1789666868138731000,37.24173095703125,0.5953910742253065,-1.2656056265056133,0.7287451402474194
1789666868148683000,37.25168310546875,0.4204389964669943,-1.2027088792182505,0.8133255307503044
1789666868158635000,37.26163500976563,0.15016718059182166,-1.1909265253573655,0.8364712093424052
1789666868168587000,37.2715869140625,-0.1219967326402664,-1.2431525332875548,0.4260674308080226
1789666868178538000,37.2815380859375,-0.43672260726988316,-1.242334348772466,0.06719656337313354
1789666868188490000,37.291489990234375,-0.7978647806376218,-1.375464469845593,-0.08807327411994338
1789666868198442000,37.30144189453125,-1.1910650570452213,-1.4862604479052126,-0.2972771655701101
1789666868208393000,37.31139306640625,-1.6443115136146544,-1.345072984843701,-0.3581461333569139
1789666868218345000,37.32134497070312,-2.0499784728854893,-1.149626108328253,-0.2668493671458214
1789666868228297000,37.331296875,-2.290964573043585,-0.9590472762405872,-0.11922083818614482
1789666868238249000,37.3412490234375,-2.366219428253174,-0.7447332021698355,0.055521907670423386
1789666868248200000,37.35119995117188,-2.2171569940328597,-0.5390060469195246,0.02777699165455997
1789666868258152000,37.36115185546875,-1.9326871414572,-0.3946419996485114,-0.1719512885071337
1789666868268104200,37.371104248046876,-1.6238491558223962,-0.3576831189550459,-0.3198385414682329
1789666868278056000,37.38105590820312,-1.2588912235587835,-0.36601883949339387,-0.3286804579630494
1789666868288007000,37.3910068359375,-0.7739747864842415,-0.3474994324624538,-0.21806202842742203
1789666868297959200,37.400959228515624,-0.3113239572316408,-0.24922683588936922,-0.05727540027424693
1789666868307911000,37.41091088867187,0.1525315716356039,-0.041952158936113114,0.09767864926792681
1789666868317862100,37.420862060546874,0.587993365189433,0.22348580704182386,0.25968831641003487
1789666868327814000,37.43081396484375,0.9430892441302537,0.3888262991070747,0.3239719149459153
1789666868337766000,37.44076586914063,1.1535352445960043,0.4844401978649199,0.2843758176166564
1789666868347718000,37.4507177734375,1.2246604526549576,0.5101639833167195,0.21007095660828054
1789666868357668900,37.4606689453125,1.1750737071871757,0.4861252283424139,0.09273600523397325
1789666868367620900,37.470620849609375,1.0596060840547084,0.4722808273851871,-0.05131999900117516
1789666868377573000,37.480572998046874,0.9378986897498368,0.45716567583978174,-0.11847440373301506
1789666868387523800,37.49052392578125,0.8551730602681636,0.38453620069772004,0.024846052769199014
1789666868397475800,37.50047583007812,0.9185627056390047,0.3209798204578459,0.20542057351917029
1789666868407428000,37.51042797851562,1.0247224022001027,0.27516850187554953,0.280381779544428
1789666868417380000,37.52038012695313,1.028798857858777,0.19993322814926504,0.26648740196563303
1789666868427331000,37.5303310546875,0.9645733461856841,0.13970438489690423,0.20282069321908056
1789666868437283000,37.54028295898438,0.8433207099109887,0.1619862132012844,0.17016214006803929
1789666868447234800,37.55023486328125,0.6769780550658703,0.1657027495063841,0.22396051188148558
1789666868457186800,37.560186767578124,0.5149538479417562,0.2134516120225191,0.3188444523969665
1789666868467138000,37.570137939453126,0.3223117997139692,0.28577231347635385,0.40888128167483956
1789666868477089800,37.58008984375,0.14674305136203766,0.326850758317858,0.4392635604569688
1789666868487042000,37.5900419921875,0.025492753174901007,0.3999113183535635,0.40635117867533116
1789666868496993000,37.599992919921874,-0.09025836307406425,0.5142813555076718,0.2864868184212595
1789666868506944800,37.60994482421875,-0.29790216560065746,0.5659726720392704,0.1826878596421331
1789666868516897000,37.61989697265625,-0.5608224496692419,0.5623550660640001,0.06337638403046876
1789666868526849000,37.62984912109375,-0.7571727047652006,0.5372377220727503,0.07503587869666517
1789666868536800000,37.63980004882813,-0.706357878807187,0.48379620087295766,0.23352511662766337
1789666868546752000,37.649751953125,-0.3706447457283735,0.4399012373059988,0.4455457094663754
1789666868556704000,37.6597041015625,0.17914076161980627,0.36188057064488527,0.5249886274829506
1789666868566655000,37.66965502929688,0.8234633322745561,0.12203341138884424,0.3596691051404923
1789666868576607000,37.67960693359375,1.5189216314047573,-0.23891835397332906,0.07815832156613468
1789666868586559000,37.68955908203125,2.1193056916117667,-0.6821449363097548,-0.1580696060131304
1789666868596511000,37.69951098632812,2.368358193847537,-1.1361973024345933,-0.27039080261234194
1789666868606462000,37.7094619140625,2.1456956858873366,-1.5060048666864632,-0.1810142638741061
1789666868616414000,37.7194140625,1.6150287205070257,-1.6506905471272766,-0.10975065199146046
1789666868626366000,37.72936596679688,0.8628776432961225,-1.5396898402757941,-0.11627744167800992
1789666868636317000,37.73931689453125,0.04995616330206394,-1.2709534172743557,-0.13360773025592787
1789666868646269200,37.74926928710938,-0.5297632945388555,-1.0064479098409413,-0.11967682005902752
1789666868656221000,37.759220947265625,-0.9183242207080126,-0.8473828447833657,-0.12606990949646568
1789666868666173000,37.7691728515625,-1.1121101782739162,-0.8970116758272051,-0.24410662506511432
1789666868676124200,37.779124267578126,-1.1166618502289056,-1.0957413734056054,-0.21007501172889023
1789666868686076000,37.78907592773437,-1.0495043767571448,-1.3133029049649834,-0.04777492397257592
1789666868696028000,37.79902783203125,-1.0055454080432653,-1.464649066208303,0.041615702656516804
1789666868705980200,37.80898022460938,-1.0070926374852656,-1.5273086437389254,-0.02760036557917483
1789666868715931000,37.81893090820312,-1.0538730933606624,-1.5759265441745518,-0.11648836274864151
1789666868725883000,37.8288828125,-1.074090536481142,-1.5679143565021454,-0.08861149091618135
1789666868735835100,37.83883520507813,-1.1721125192940234,-1.5105007168009876,0.03962411784734577
1789666868745785900,37.84878588867188,-1.2601409313589333,-1.372122173680365,0.07647880751397461
1789666868755738000,37.858738037109376,-1.298700671377778,-1.2134065065823494,0.10137448984486981
1789666868765690000,37.868690185546875,-1.271288932839036,-1.077838052446395,0.07254239051365294
1789666868775641900,37.87864184570312,-1.1523656162947415,-0.992306279502809,0.053029588531190525
1789666868785593000,37.888593017578124,-0.9971008203029632,-0.9250430075690149,0.10760363915855996
1789666868795544800,37.898544921875,-0.8472270696997642,-0.9193661309763789,0.08997427630252204
1789666868805496800,37.90849682617188,-0.6718699182718992,-0.9427778400935232,0.031379564457479865
1789666868815448000,37.91844799804687,-0.5567454094886779,-0.960997387395054,0.0051837593134492635
1789666868825399800,37.92839990234375,-0.4972077633708715,-0.9067648619480431,0.07105766381465364
1789666868835352000,37.93835205078125,-0.3997252942621708,-0.7559777958922088,0.11752225410733372
1789666868845304000,37.948303955078124,-0.22841011170148848,-0.6545141481928527,-0.04227501138204243
1789666868855254800,37.9582548828125,0.0018546879559755325,-0.6262549990445375,-0.1728641838346608
1789666868865207000,37.96820703125,0.26340251462757586,-0.7089382506892085,-0.1937296242687851
1789666868875159000,37.97815893554687,0.6787959181427955,-0.9257432647928595,-0.23423655283264813
1789666868885111000,37.98811108398438,1.133157057955861,-1.1612304752737284,-0.27897883567763493
1789666868895062000,37.99806201171875,1.4603005156099795,-1.3397390764698385,-0.2884336233737878
1789666868905014000,38.00801391601563,1.696995056053996,-1.3879765992857516,-0.20611111306659877
1789666868914966300,38.01796630859375,1.7758219245314597,-1.391520117111504,-0.15425002945866434
1789666868924917500,38.02791748046875,1.6515619231343268,-1.3449861833430825,-0.13345310594979673
1789666868934869200,38.037869140625,1.4576964705914257,-1.2179663618437946,-0.09560452814130112
1789666868944821200,38.0478212890625,1.2126070267677307,-1.087686515635252,-0.04587572558801621
1789666868954773500,38.0577734375,1.0097633179992436,-1.031442504235357,-0.033407476388779465
1789666868964724200,38.06772412109375,0.7945920425772667,-0.936541576052457,0.06738700791131705
1789666868974676500,38.077676513671875,0.5584878692418337,-0.8535979199059307,0.23820330103915183
1789666868984628500,38.08762841796875,0.37115152620673175,-0.8132125718951225,0.3854756735049188
1789666868994579200,38.0975791015625,0.21883739671409128,-0.7471393865287304,0.3712137777879834
1789666869004531500,38.10753149414062,0.16167407851219176,-0.685727178710699,0.24338846685839816
1789666869014483500,38.1174833984375,0.23248539831638335,-0.7127581012383103,0.04444406708339229
1789666869024435200,38.127435302734376,0.376626742747426,-0.8285228076212108,-0.1753233952887356
1789666869034386400,38.13738647460937,0.6354121189683676,-1.0310454677417873,-0.2676627293553203
1789666869044338400,38.14733837890625,0.8295236552268266,-1.1863532260924576,-0.21201920459922402
1789666869054290200,38.157290283203125,0.8648124107509851,-1.2812537158839403,-0.09184375083567574
1789666869064241400,38.16724145507813,1.0547750106364489,-1.306218499661982,-0.038155999789852645
1789666869074193200,38.177193115234374,1.1430582742452622,-1.0938973529741167,0.21050258949119596
1789666869084145400,38.1871455078125,0.8365852641761302,-0.9174285870425403,0.20112037384090944
1789666869094097400,38.19709741210937,0.6518781006008386,-0.764356917180866,0.08607784425271675
1789666869104048000,38.20704809570312,0.2972165214240551,-0.6536446718819439,-0.14598573018871247
1789666869114000400,38.21700048828125,-0.018033669340610504,-0.5993282675437629,0.06292385448999703
1789666869123952400,38.22695239257813,-0.20872575254440306,-0.5825343691311776,0.34425380160473285
1789666869133904400,38.236904296875,-0.25004852753579615,-0.7028133380681276,0.4260513199234381
1789666869143855400,38.24685546875,-0.02785188352167606,-0.7228460722714662,0.4512621508844197
1789666869153807400,38.256807373046875,0.19100597145855425,-0.6400497156411409,0.47710379056222735
