time,seconds_elapsed,z,y,x
1789911239471639800,0.055639892578125,-0.2860702735096216,-0.09896306305527687,0.2857112674714997
1789911239481648600,0.065648681640625,0.010223872372508049,-0.12431260836720466,0.522756155723147
1789911239491657700,0.07565771484375,0.18434242191612718,-0.08512742992639541,0.5099919512180611
1789911239501666800,0.085666748046875,0.25108839197754856,0.03249123376011848,0.4265083064433187
1789911239511676000,0.095676025390625,0.20074352161884307,0.07946867351233959,0.3342875572551042
1789911239521685000,0.10568505859375,0.0874111569494009,0.09201835848391056,0.2559735336706042
1789911239531693800,0.11569384765625,-0.09139408910572529,0.08727671691477298,0.16710249676909297
1789911239541702700,0.12570263671875,-0.24936405240297316,0.08047112855315208,0.09455890981219708
1789911239551711700,0.135711669921875,-0.3234370043516159,0.02716565482318401,-0.004192519786395133
1789911239561720800,0.145720947265625,-0.28728783260583873,-0.044126141974329944,-0.07961794578991829
1789911239571730000,0.15572998046875,-0.09850479789376258,-0.08101941008567809,-0.11402958968598395
1789911239581738800,0.16573876953125,0.12909575099051,-0.10617314056456088,-0.07255666563417762
1789911239591747800,0.175747802734375,0.2671522225499153,-0.16687632333040237,-0.0016090791644528507
1789911239601757000,0.1857568359375,0.33866204601228234,-0.21477380053699016,0.008566497086919844
1789911239611765800,0.195765869140625,0.32889877688884733,-0.24487258620262145,-0.03182604784965515
1789911239621774600,0.205774658203125,0.22772622109055518,-0.22433657865226267,-0.01773315202407539
1789911239631783700,0.21578369140625,0.1263946753382683,-0.12879939839243887,0.02254384024143219
1789911239641792800,0.225792724609375,0.028030747219920157,-0.03621346915364265,0.11166001101043074
1789911239651801900,0.2358017578125,-0.01655073730647564,-0.01044248355925083,0.10496935426536946
1789911239661811000,0.24581103515625,-0.001449029764533043,-0.028941432324051854,-0.0037135771630331872
1789911239671819800,0.25581982421875,-0.06409282520413398,-0.1281061554312706,-0.08950206481404602
1789911239681828900,0.265828857421875,-0.17164777551591395,-0.22961831844747066,-0.1710102447973564
1789911239691837700,0.275837646484375,-0.2247790617227554,-0.24071488200128077,-0.21292393488660452
1789911239701846800,0.2858466796875,-0.1937497172087431,-0.19563713839054106,-0.22029216209966687
1789911239711855900,0.29585595703125,-0.052693479311466215,-0.15040274291336536,-0.1858316010279581
1789911239721864700,0.30586474609375,0.0692114833921194,-0.1357826814085245,-0.13104556988403201
1789911239731873800,0.315873779296875,0.1272428166002035,-0.10629179850816727,-0.10753050999026745
1789911239741883000,0.3258828125,0.0760743548989296,0.03152969525158405,-0.021834815189242362
1789911239751892000,0.33589208984375,-0.010150807136297225,0.17486030782163142,0.04660221323166042
1789911239761900500,0.345900634765625,-0.03634147944748401,0.2309188796520233,0.08285301872100681
1789911239771909600,0.35590966796875,-0.08201777347326278,0.18232640591859817,0.07613298975098878
1789911239781918700,0.365918701171875,-0.07737433158159256,0.11151625515818596,0.03360138695910573
1789911239791927800,0.375927734375,-0.05186579631567001,0.05990647943019867,-0.005776902901008725
1789911239801937000,0.38593701171875,-0.03203822929561138,0.03466974684298038,0.0416435679109767
1789911239811945700,0.39594580078125,0.12271686360836029,0.011477087303996086,0.08089720847811549
1789911239821954800,0.405954833984375,0.26677579045295713,-0.028611761978268622,0.0960516325879842
1789911239831964000,0.4159638671875,0.3450701594889164,-0.06504793397188187,0.030480843785777686
1789911239841972700,0.42597265625,0.2516483639478683,-0.1071270802885294,-0.04153532176353037
1789911239851981800,0.43598193359375,0.07848375412821769,-0.12578501900732517,-0.10526351490635424
1789911239861990700,0.44599072265625,-0.05462064798176288,-0.10529869581758976,-0.18750362589340655
1789911239871999700,0.455999755859375,-0.07310965987443924,-0.10968494807779788,-0.2150211994268
1789911239882008800,0.4660087890625,-0.010522563058137892,-0.11994213819801806,-0.14979838381204752
1789911239892018000,0.476017822265625,0.09452537286877631,-0.12329670932292937,-0.07632646649647504
1789911239902027000,0.486027099609375,0.21183365543186664,-0.09916472310721873,-0.0073247533975169055
1789911239912035600,0.49603564453125,0.24527415274083614,-0.010545943933725356,0.08853672691322863
1789911239922044700,0.506044677734375,0.21419453934431074,0.03961012585461139,0.17233959370497612
1789911239932053800,0.5160537109375,0.1695902584642172,0.09129179777503013,0.15073336310721933
1789911239942062800,0.526062744140625,0.07206336569190025,0.05395078589618206,0.08627415227610617
1789911239952071700,0.53607177734375,-0.0324514862716198,-0.0034621231526136397,0.042000637720339
1789911239962080800,0.546080810546875,-0.07607318585515022,-0.04602876072525978,-0.017285262126103044
1789911239972089900,0.55608984375,0.00016483517289161682,-0.08040390853583812,-0.06739698131605983
1789911239982099000,0.566098876953125,0.13505904330909252,-0.13007716324329374,-0.07986015704795718
1789911239992107800,0.576107666015625,0.2433884851247072,-0.19653087235987185,-0.03146517864800989
1789911240002116600,0.58611669921875,0.36791970467865465,-0.2371276711642742,-0.01309003892596811
1789911240012125700,0.596125732421875,0.3979951094686985,-0.24195231484174726,-0.007433912860415876
1789911240022134800,0.606134765625,0.3178402072578668,-0.1875882719695568,0.003554368013329804
1789911240032144000,0.616143798828125,0.2041191355317831,-0.1387327633857727,-0.0213132390005514
1789911240042153000,0.626153076171875,0.15977847402393816,-0.10500468130707741,-0.03100015495214611
1789911240052162000,0.636162109375,0.1305553021490574,-0.0756119980841875,0.0036788346432149407
1789911240062171000,0.6461708984375,0.1521393574476242,-0.07241992404460906,0.05167235610280185
1789911240072179700,0.6561796875,0.17099428004324435,-0.06309212372899055,0.14338186783324927
1789911240082188800,0.666188720703125,0.22347031721174715,-0.03699497492015361,0.1932853511000052
1789911240092198000,0.676197998046875,0.25112755494415756,-0.018852584508061408,0.1728301902335137
1789911240102207000,0.68620703125,0.1821633243113756,0.00457096117734909,0.13990984434112905
1789911240112216000,0.696216064453125,0.07247720718979835,0.04865852470695972,0.0967564563890919
1789911240122225000,0.706224853515625,0.001474164205789566,0.08935644579827785,0.08484163525495678
1789911240132234000,0.71623388671875,-0.058200260034203526,0.1132569613456726,0.08398249767497182
1789911240142242800,0.726242919921875,-0.0841910258591175,0.09446867424547671,0.09367029040940106
1789911240152252000,0.736251953125,-0.08610708861351013,0.05926701248288154,0.10037640045192092
1789911240162261000,0.746260986328125,-0.026009470525383948,0.040402737537026404,0.10830105597134679
1789911240172269800,0.756269775390625,0.03382335914671421,0.03167407215833664,0.11741988971140235
1789911240182279000,0.76627880859375,0.07742226237654685,0.009196282890439033,0.1029017907436937
1789911240192288000,0.7762880859375,0.06692541828155517,0.017073884397745133,0.07203220336865633
1789911240202297000,0.786297119140625,0.00043429976403713225,0.03191197256743908,0.01588273838441819
1789911240212306000,0.796305908203125,-0.0440063149869442,0.0260813667178154,0.022094671701826153
1789911240222314800,0.806314697265625,-0.04760521626174449,0.01452770704627037,0.010591792369447649
1789911240232323800,0.81632373046875,-0.031653613892197605,-0.019440029007196425,-0.008235767295211553
1789911240242333000,0.8263330078125,0.03720540280044079,-0.05483049134016037,0.02008362414035946
1789911240252342000,0.836342041015625,0.11650807209610939,-0.059414896520972246,0.08279109593331814
1789911240262350800,0.846350830078125,0.14370061492621897,-0.06483341443836689,0.13003193586207926
1789911240272360000,0.85635986328125,0.11812193703353405,-0.054063598620891565,0.135592236870341
1789911240282369000,0.866369140625,0.0971925462514162,-0.027670097213983533,0.11522431589588522
1789911240292377900,0.8763779296875,0.022203648501634598,-0.0008019640326499939,0.10163831014651804
1789911240302387000,0.886386962890625,-0.019997662889957427,0.007709259203076363,0.10470986307896674
1789911240312395800,0.896395751953125,-0.033625206226110455,-0.0012204817056655883,0.12607088674400002
1789911240322404900,0.90640478515625,-0.026857611787319182,-0.019689619854092597,0.10205105566587298
1789911240332414000,0.9164140625,0.03579495148062706,-0.06566168195605278,0.08574757111873477
1789911240342423000,0.926423095703125,0.0686409900277853,-0.10797931320369243,0.09507215656396001
1789911240352432000,0.93643212890625,0.09091244306862353,-0.1248860243409872,0.07885730014834552
1789911240362440700,0.946440673828125,0.056738955309987064,-0.13309972593486308,0.09854487417582422
1789911240372449800,0.95644970703125,-0.03433656936585903,-0.1325017600417137,0.09966565836668013
1789911240382459000,0.966458984375,-0.10572305870950222,-0.11409867286682128,0.07499054171759635
1789911240392468000,0.976468017578125,-0.19117314471900462,-0.09487257887125014,0.018940116661041975
1789911240402476800,0.986476806640625,-0.21067805565595626,-0.06207797825038433,-0.03380195103250444
1789911240412486000,0.99648583984375,-0.2659177123188972,-0.05616320124864578,-0.024218787716329095
1789911240422495000,1.006494873046875,-0.3233656926810741,-0.0438449869453907,-0.011260229682922363
1789911240432504000,1.016504150390625,-0.3562485561072826,-0.06326748029589653,-0.016229177201911808
1789911240442513000,1.026512939453125,-0.36703590758144855,-0.10939502522051334,-0.050916313571110365
1789911240452521700,1.036521728515625,-0.3622480887830257,-0.15786708744466305,-0.059687064525857564
1789911240462530800,1.04653076171875,-0.2943266452014446,-0.14722352835536,-0.08025573223680257
1789911240472540000,1.056539794921875,-0.1362888773649931,-0.10240998863875865,-0.1034175582461059
1789911240482549000,1.066549072265625,0.005747603741288185,-0.10618716908991337,-0.07834156917855144
1789911240492558800,1.076558837890625,0.09332885656058788,-0.12163900524377823,-0.019127455926686524
1789911240502567000,1.08656689453125,0.07698504000306129,-0.13225918345749377,-0.0006227350082248449
1789911240512576800,1.09657666015625,-0.0015104045629501341,-0.12201952899396419,-0.0527467438686639
1789911240522585900,1.1065859375,-0.17204817301034928,-0.12895429669320582,-0.13290018477477133
1789911240532594000,1.116593994140625,-0.3292091580122709,-0.16990531576275825,-0.16293533061966298
1789911240542604000,1.12660400390625,-0.3919651816546917,-0.19000994615852831,-0.17844803011529148
1789911240552613000,1.136613037109375,-0.3662485565960407,-0.15243337195813655,-0.16429470933936535
1789911240562622000,1.1466220703125,-0.22579145363569258,-0.13158406067490577,-0.12252762464657425
1789911240572630800,1.156630859375,-0.04979015908539295,-0.1198445230424404,-0.049925329772382974
1789911240582639900,1.166639892578125,0.03922551045119762,-0.13207622810602188,0.024025895492732523
1789911240592649000,1.17664892578125,0.057060442349314684,-0.12578618805110453,0.048087300690263506
1789911240602657800,1.18665771484375,0.0789542942494154,-0.06635258682966232,0.0053626230116933585
1789911240612667000,1.1966669921875,0.13704057251513002,-0.018544541472196578,0.04006079223155975
1789911240622676000,1.206676025390625,0.1963414872676134,-0.01941372552216053,0.08680917246825992
1789911240632685000,1.21668505859375,0.21350246542692183,-0.03652735740840435,0.11012465466931462
1789911240642694000,1.22669384765625,0.165075411388278,-0.05326747980713844,0.06339307943694293
1789911240652702700,1.23670263671875,0.12200257785916328,-0.06876607771217823,-0.00006144786365330219
1789911240662711800,1.2467119140625,0.06953297043144703,-0.10604805288016796,-0.06870733326226472
1789911240672721000,1.256720947265625,-0.006804419317841529,-0.13497954833209513,-0.09026735009811818
1789911240682730000,1.26672998046875,-0.033682489371299744,-0.17688859877884386,-0.08699475816823542
1789911240692739000,1.276739013671875,-0.04407938022315502,-0.16784546062350272,-0.07022862454541028
1789911240702748000,1.286747802734375,-0.043781274059414864,-0.11976853519678116,-0.024777152251452206
1789911240712757000,1.296757080078125,-0.0725140320688486,-0.05645312410593033,0.027644378250837324
1789911240722765800,1.306765869140625,-0.06412789651751517,-0.026094226199388504,0.046505073000118136
1789911240732775000,1.31677490234375,-0.03539981468319893,-0.008214286115765572,0.04654715857617557
1789911240742784000,1.326783935546875,-0.01744330223202705,0.01102291379570961,0.09163286629766225
1789911240752792800,1.336792724609375,0.016180734950304032,0.02174947499334812,0.11040325241498648
1789911240762802000,1.346802001953125,0.031275428229570384,0.017600538620352744,0.11171075481697916
1789911240772811000,1.35681103515625,-0.021147417446970938,0.02571487149298191,0.12310199046842753
1789911240782820000,1.366820068359375,-0.06675532241165638,0.03480594044327736,0.09939239438325166
1789911240792828700,1.37682861328125,-0.10661094745993614,0.027262100934982297,0.01850048313476145
1789911240802837800,1.386837646484375,-0.133556822052598,-0.003525836038589477,-0.03668393620960414
1789911240812846800,1.396846923828125,-0.10462357303500175,-0.014894202271103859,-0.04582995021753013
1789911240822856000,1.40685595703125,-0.02566518713235855,-0.042910920965671534,-0.055320941738225514
1789911240832865000,1.416864990234375,0.03925415202379227,-0.07809680063724517,-0.02793287633601576
1789911240842873900,1.426873779296875,0.06452069522738456,-0.08290040152668952,0.019133483808673916
1789911240852883000,1.436883056640625,0.1048480294406414,-0.04499123437106609,0.03495006162170321
1789911240862892000,1.44689208984375,0.09310732276439666,-0.016176058775186537,0.06937558791264892
1789911240872900900,1.45690087890625,0.049965515652298925,0.03398877884149551,0.08387015987429768
1789911240882910000,1.466909912109375,-0.03170329825282096,0.07927402772307396,0.0653344227630645
1789911240892918800,1.476918701171875,-0.0915413886219263,0.10156476998627186,0.024271321621164677
1789911240902928000,1.486927978515625,-0.060548284465074535,0.06020458559393883,-0.040602826686389745
1789911240912937000,1.49693701171875,-0.04082183973193168,0.019546411991119384,-0.04356434337310493
1789911240922946000,1.506946044921875,0.055260114929080006,-0.026934184154868125,-0.04724767152834684
1789911240932955000,1.516954833984375,0.1764993072003126,-0.08456804247796534,-0.026726861547119913
1789911240942963700,1.526963623046875,0.2109726546883583,-0.11948854921162128,0.011400551469065249
1789911240952972800,1.536972900390625,0.1715332092255354,-0.13265607382059097,0.05193403924629092
1789911240962982000,1.54698193359375,0.1717453906714916,-0.1126075575262308,0.03517462762519717
1789911240972991000,1.556990966796875,0.13857669604122638,-0.06639817953705787,0.03671696169637143
1789911240982999800,1.566999755859375,0.020623101311922073,-0.02111760683059692,0.08233034655377268
1789911240993009000,1.5770087890625,-0.0555915388405323,0.002957096239924431,0.09929824982639401
1789911241003018000,1.58701806640625,-0.10223580111563205,0.023231237983703613,0.09142291334141045
1789911241013027000,1.597027099609375,-0.08921849863231182,0.028642157116532323,0.05161141969580203
1789911241023036000,1.607035888671875,-0.06594634411633014,-0.0008382043898105621,0.021394122217036782
1789911241033044700,1.617044677734375,-0.003723404437303543,-0.058414779567718504,0.006927132382057607
1789911241043054300,1.627054443359375,0.050875616234540934,-0.15894669937491415,0.005222045497223734
1789911241053063400,1.6370634765625,0.0657780018121004,-0.21905834598839283,0.017342216477729377
1789911241063072500,1.647072509765625,0.052989247387647626,-0.2433241877168417,0.041825609946995974
1789911241073081600,1.65708154296875,-0.02061784061491489,-0.22383272078335284,0.051933016332983965
1789911241083090400,1.66709033203125,-0.0893587838858366,-0.1484054316163063,0.005748188263177871
1789911241093099300,1.677099365234375,-0.1314180564582348,-0.10511106429100037,-0.04768416324947029
1789911241103108400,1.6871083984375,-0.1377004977285862,-0.09121171827614306,-0.08109064869098365
1789911241113117400,1.697117431640625,-0.03265782249867916,-0.09350947382450103,-0.07740121958851814
1789911241123126500,1.70712646484375,0.08107084801197051,-0.0854763894945383,-0.046435368764773007
1789911241133135400,1.71713525390625,0.16304244425594805,-0.09027940586209296,-0.004854344695992768
1789911241143144400,1.72714453125,0.17010989842414856,-0.059841597500443454,0.01831354572791606
1789911241153153500,1.737153564453125,0.15583587387800216,-0.04808393968939781,0.025744462913647292
1789911241163162400,1.747162353515625,0.15891805780231952,-0.04098901299238205,-0.0029677272317931054
1789911241173171500,1.75717138671875,0.16931261056661606,-0.06454758323431015,-0.029503925045020876
1789911241183180300,1.76718017578125,0.1862818655461073,-0.09610942718982696,-0.04798175795655697
1789911241193189400,1.777189453125,0.14053835150301455,-0.14421031801402567,-0.06469616139214486
1789911241203198500,1.787198486328125,0.10710662202239037,-0.15425766477584837,-0.09823986334726213
1789911241213207600,1.79720751953125,0.05763794997632503,-0.13189853345155717,-0.08534644297193736
1789911241223216400,1.80721630859375,0.012387772408127783,-0.0737251614242792,-0.009521203995868564
1789911241233225500,1.8172255859375,0.012418167546391487,-0.0014700725525617598,0.0608997647838667
1789911241243234300,1.827234375,0.012400047367811202,0.011992635610699652,0.10843998951800167
1789911241253243400,1.837243408203125,-0.018856676161289214,-0.0073942019045352934,0.0975516618873924
1789911241263252500,1.84725244140625,-0.03639116380810738,-0.05249591091275215,0.04258249272890389
1789911241273261300,1.85726123046875,-0.03258417274057865,-0.09547112928628922,0.01915185971558094
1789911241283270400,1.8672705078125,-0.003161094379425049,-0.1412941383063793,-0.019637159014493227
1789911241293279500,1.877279541015625,0.021228665989637373,-0.17860943122208117,-0.04636427628993988
1789911241303288600,1.88728857421875,0.0017518121033906935,-0.2000222216069698,-0.05852715390101075
1789911241313297400,1.89729736328125,-0.05637830530405044,-0.21884441097676752,-0.09732092187143862
1789911241323306200,1.90730615234375,-0.11433832684159279,-0.2616892809689045,-0.10171608809046447
1789911241333315300,1.9173154296875,-0.10416296978592872,-0.2797872477173805,-0.12008563832193613
1789911241343324400,1.927324462890625,-0.05740589478611946,-0.2297936750143766,-0.11612513719312846
1789911241353333500,1.93733349609375,0.006907879692316055,-0.14943243657648564,-0.03948043506033718
1789911241363342600,1.947342529296875,0.06016600714921951,-0.09623626843988894,0.05599558959677815
1789911241373351400,1.957351318359375,0.0859732331007719,-0.046184243547916407,0.13020312771052123
1789911241383360500,1.967360595703125,0.073259297478199,-0.0679828183799982,0.1746082327567041
1789911241393369300,1.977369384765625,0.02633621826171875,-0.04505319369137287,0.06125811323486268
1789911241403378400,1.98737841796875,-0.00127834937274456,-0.035392215898633,-0.04328231156133115
1789911241413387300,1.99738720703125,-0.011593407160043716,-0.0999637645304203,-0.0747985628094524
1789911241423396400,2.007396240234375,0.022146365356445312,-0.12660744130611418,-0.06001059739179909
1789911241433405400,2.017405517578125,0.06567921761274337,-0.1429886672645807,-0.016467004545778034
1789911241443414500,2.02741455078125,0.09442483510375023,-0.19185294367671013,0.13102832648828625
1789911241453423600,2.037423583984375,0.14518880765736103,-0.136022335383296,0.11825506189391016
1789911241463432200,2.04743212890625,0.19094693474769592,-0.11450140844881534,0.050915144527330994
1789911241473441300,2.057441162109375,0.24841595789790152,-0.1947206080675125,0.11503525959718972
1789911241483450400,2.067450439453125,0.29542729991972444,-0.22693594749569893,0.18765490746498106
1789911241493459500,2.07745947265625,0.2640542565345764,-0.13909633600115776,0.1675536015374586
1789911241503468500,2.087468505859375,0.18491934502124785,0.006367781466245651,0.08762056191638111
1789911241513477400,2.097477294921875,-0.010785597908496857,-0.04080021242201328,0.02391103694140911
1789911241523486500,2.107486572265625,-0.14354863923490047,-0.039085225197672845,0.00376841262280941
1789911241533495600,2.11749560546875,-0.1585784505844116,-0.07256546999514102,-0.004738792024925351
1789911241543504400,2.12750439453125,-0.18724106596708295,-0.07941957367360591,-0.0342675227176398
1789911241553513200,2.13751318359375,-0.20611177065372466,-0.019714169773459432,-0.03913746684156358
1789911241563522300,2.147522216796875,-0.16760346856117248,0.027736732709407803,-0.05557824096754193
1789911241573531400,2.157531494140625,-0.07832768678367137,0.07784078004956245,-0.05821823408231139
1789911241583540500,2.16754052734375,0.011090133813023567,0.07226794835329055,-0.03596241700202226
1789911241593549600,2.177549560546875,0.06355097341239452,0.05328092381060123,-0.0147905227009207
1789911241603558400,2.187558349609375,0.09025251785516739,0.033110242441296574,0.012711086078360675
1789911241613567200,2.197567138671875,0.11099018545746803,0.03277706496417522,0.11248064321093261
1789911241623576300,2.207576416015625,0.13778466888070107,0.055666357642412186,0.18838117591291664
1789911241633585400,2.21758544921875,0.1700771651983261,0.10668401269614695,0.16045841911211609
1789911241643594500,2.227594482421875,0.15853344239890574,0.1470288825660944,0.08243935988619923
1789911241653603300,2.237603271484375,0.12460253122448921,0.09839373873472212,0.08751074486635625
1789911241663612400,2.2476123046875,0.07846738751530646,0.06512801347076892,0.1526476722959429
1789911241673621500,2.25762158203125,0.11560907742977142,0.07280863110125065,0.1865761723175645
1789911241683630600,2.267630615234375,0.12127309454083442,0.0764531250834465,0.17928221591711044
1789911241693639400,2.277639404296875,0.08904314206540584,0.009435936865210532,0.20204035649634897
1789911241703648300,2.287648193359375,0.09249941999912262,-0.04960603469014167,0.21736739722676574
1789911241713657300,2.2976572265625,0.11443418843150138,-0.09984101493358612,0.18962138523235916
1789911241723666400,2.30766650390625,0.1820727234184742,-0.09229425281584262,0.11196911349222063
1789911241733675500,2.317675537109375,0.19324527481794357,-0.10285013362169265,0.020596797826886174
1789911241743684400,2.327684326171875,0.14401801031231878,-0.1137058741569519,-0.0128570704203099
1789911241753693400,2.337693359375,0.03328618353009224,-0.11254793629348277,0.009898074484243988
1789911241763702300,2.347702392578125,-0.04374094204902649,-0.09903671281337738,0.020129837902262807
1789911241773711400,2.35771142578125,-0.0900251388400793,-0.06827098767161369,0.00005655249282717705
1789911241783720400,2.367720458984375,-0.1202022504389286,-0.04078676841855049,0.059997007257863874
1789911241793729300,2.377729248046875,-0.10551204630732536,-0.01355564714372158,0.10198993659578263
1789911241803738400,2.38773828125,-0.02823065370619297,0.004095744881033897,0.11230009901225566
1789911241813747500,2.39774755859375,0.06856032600700855,-0.005340776506066322,0.07816007513180374
1789911241823756500,2.407756591796875,0.14328385081887243,-0.03162204971015453,0.017850640923902393
1789911241833765600,2.417765625,0.12432429880499839,-0.09274258110523223,0.0005577069479972123
1789911241843775500,2.427775390625,0.06808218710124492,-0.1628665031671524,-0.014518208565562962
1789911241853784300,2.437784423828125,0.004770867663621902,-0.18499474834501742,-0.07774784106910228
1789911241863793400,2.44779345703125,-0.01187865384221077,-0.21930618326961993,-0.1137558507785201
1789911241873802500,2.457802490234375,0.04628127418160438,-0.2552361593067646,-0.10794380349889397
1789911241883811600,2.4678115234375,0.09079612321257591,-0.29202772060930726,-0.11652129690386354
1789911241893820400,2.4778203125,0.12702829706668853,-0.26312662029564376,-0.04681581944972277
1789911241903829200,2.487829345703125,0.1097322943508625,-0.17275602901875972,0.08539521401710808
1789911241913838300,2.49783837890625,0.0745101743221283,-0.031039865908026692,0.17395561406686902
1789911241923847400,2.507847412109375,-0.010094108512997626,0.060550622552633285,0.14712510948218405
1789911241933856500,2.5178564453125,-0.11108780061304568,0.09254442818462848,0.11138853712528943
1789911241943865300,2.527865234375,-0.16881342887282372,0.10443594150841236,0.10485621274709701
1789911241953874400,2.53787451171875,-0.2020394066482782,0.07071195108294487,0.09113689947426319
1789911241963883500,2.547883544921875,-0.24618425332307814,-0.0036930092990398403,0.03976115169785917
1789911241973892400,2.557892333984375,-0.26198621808886524,-0.06685936730802058,-0.02719758433140814
1789911241983901400,2.5679013671875,-0.25244331371784207,-0.120263040715456,-0.08953063332140446
1789911241993910300,2.57791015625,-0.19344927295744418,-0.13002163366377353,-0.06169014797657728
1789911242003919400,2.58791943359375,-0.06814180833399296,-0.07016951476931571,0.01282945176102221
1789911242013928400,2.597928466796875,0.045448330488801,0.008256956213712691,0.11171265451312064
1789911242023937500,2.6079375,0.08950082270503043,0.012304185777902602,0.14887239154092965
1789911242033946600,2.617946533203125,0.07018821946978569,-0.004927519530057906,0.1177862022731453
1789911242043955200,2.627955078125,0.021819033098220825,-0.012166823133826256,0.09499708203375339
1789911242053964000,2.637964111328125,-0.013690087178349495,-0.0011328034222126005,0.0666183981589973
1789911242063973000,2.64797314453125,-0.017177929294109343,-0.008860767325758934,0.06600333500057458
1789911242073982200,2.657982177734375,-0.02348141335248947,-0.020708441507816314,0.07359824710898101
1789911242083991000,2.667990966796875,-0.015986089161038396,-0.03904372414350509,0.07231069151647389
1789911242094000000,2.678000244140625,-0.0002951835542917251,-0.055775663235783576,-0.00574183158762753
1789911242104009200,2.68800927734375,-0.04014379433989525,-0.13104279340505598,-0.09363806864023208
1789911242114018300,2.698018310546875,-0.023543957194685935,-0.1590185955673456,-0.15009674570411444
1789911242124027100,2.708027099609375,-0.0011842413485050201,-0.14662497794032095,-0.10198599107302725
1789911242134036000,2.718035888671875,0.05901566807031631,-0.1513110899299383,-0.03423486255705356
1789911242144045000,2.728045166015625,0.10077040473818778,-0.11313771888017654,0.0319094152841717
1789911242154054100,2.73805419921875,0.10845686758756637,-0.08556406777799129,0.065185223550722
1789911242164063200,2.748063232421875,0.046969256445765495,-0.020986673927307128,0.06520999266579747
1789911242174072300,2.758072265625,0.03872457519173622,0.03644961599707603,0.014813465185090899
1789911242184081200,2.7680810546875,-0.006738368344306946,-0.008916881427168845,-0.030995076918229458
1789911242194090200,2.77809033203125,-0.0066261401414871215,-0.07853928370773791,-0.09544818680211901
1789911242204099000,2.78809912109375,0.0785311004012823,-0.18558628449738024,-0.1445316589228809
1789911242214108200,2.798108154296875,0.12231471254825592,-0.17811784831285477,-0.27632432084716857
1789911242224117000,2.808116943359375,0.06324176133275032,-0.2044634189248085,-0.3195808403801173
1789911242234126000,2.8181259765625,-0.02839315079152584,-0.27626024263501164,-0.1693243010044098
1789911242244135200,2.82813525390625,-0.04562134896814823,-0.22796529054343698,-0.01271766194961965
1789911242254144300,2.838144287109375,-0.02480593995451927,-0.11410393356382846,0.026948431875929234
1789911242264153300,2.8481533203125,-0.08046411429047584,-0.01686521008312702,0.03389898166619241
1789911242274162200,2.858162109375,-0.116751233202219,0.08346271158456801,0.052134237993508574
1789911242284171000,2.8681708984375,-0.14355916062891483,0.16190262657105922,0.1341590987946838
1789911242294180000,2.87818017578125,-0.08512684540450573,0.22504443466067311,0.17607209476418792
1789911242304189200,2.888189208984375,-0.027466099074482917,0.2258031440734863,0.21662746557965873
1789911242314198300,2.8981982421875,-0.03858955063521862,0.17581717015504836,0.18739289552792907
1789911242324207000,2.90820703125,-0.0719131435662508,0.08998363778591155,0.09938369962014257
1789911242334216200,2.91821630859375,-0.057739656785130496,-0.032197219249606134,-0.01177745849005878
1789911242344225300,2.928225341796875,-0.014125555986166,-0.13790683395564554,-0.09457271914184093
1789911242354234000,2.938234130859375,0.008238836035132409,-0.2044721867531538,-0.1039224390283227
1789911242364243200,2.9482431640625,0.03172609460651874,-0.21295126128494737,-0.07391096631996333
1789911242374252000,2.958251953125,0.0033037177205085754,-0.18834873494803905,-0.05057400293946266
1789911242384261000,2.96826123046875,-0.021724340552091596,-0.12528116113841534,-0.011630670430511235
1789911242394270200,2.978270263671875,-0.013275661158561707,-0.027498832300305365,0.03391987832374871
1789911242404279300,2.988279296875,0.006758826610445976,0.039682022047042846,0.06871511470992117
1789911242414288100,2.9982880859375,0.013019056048989295,0.09935293915569782,0.13627839250359683
1789911242424297200,3.008297119140625,0.003355740168690681,0.12578443448543547,0.17137473072819412
1789911242434306000,3.01830615234375,0.007386603119969367,0.13021160327792167,0.1663655973292887
1789911242444315100,3.028315185546875,0.026926585370302198,0.06564414629936217,0.13506477893013508
1789911242454324200,3.03832421875,-0.008050035464763641,-0.05777414357662201,0.05125376536455005
1789911242464333000,3.0483330078125,0.007781155395507812,-0.18201485575139523,-0.0982618925159797
1789911242474342100,3.058342041015625,0.11000701963901519,-0.27010522713661195,-0.17649371770974248
1789911242484351200,3.068351318359375,0.15229367122650145,-0.32759529307484625,-0.16069840188045054
1789911242494360300,3.0783603515625,0.11581132200360297,-0.2880921347260475,-0.09105338590927421
1789911242504369200,3.088369140625,0.024659809482097624,-0.16949556591808795,-0.0867084155075252
1789911242514378000,3.0983779296875,-0.16395254483819008,-0.07460077521502971,-0.09328611339740454
1789911242524387000,3.108386962890625,-0.29046470907628535,0.04437865543067455,-0.023983261927403507
1789911242534396200,3.118396240234375,-0.24105039756596086,0.15486498301923274,0.03748652129676193
1789911242544405200,3.1284052734375,-0.16896306647658346,0.20552666424214838,0.13570073874611407
1789911242554414300,3.138414306640625,-0.12525368860960007,0.203705294033885,0.17609054373633115
1789911242564423200,3.148423095703125,-0.04277063571214676,0.1562140595406294,0.14604297680128364
1789911242574432300,3.158432373046875,0.05349661238789558,0.09432312829494476,0.07795534633994101
1789911242584441000,3.168441162109375,0.23071546603441237,0.0189835174113512,-0.031207185298949478
1789911242594450200,3.1784501953125,0.360328518897295,-0.09415127885937691,-0.07694273523129522
1789911242604459000,3.188458984375,0.4342138393193483,-0.14054302767813204,-0.07550064666420221
1789911242614468000,3.198468017578125,0.35438685388863084,-0.13173311375677585,-0.026897176612727343
1789911242624477200,3.208477294921875,0.22204174571335314,-0.09431494498848915,-0.049560916906781494
1789911242634486300,3.218486328125,0.11208850208818912,-0.03220774064362049,-0.06416979943048208
1789911242644495400,3.228495361328125,0.0576741903334856,0.006056231299042702,-0.0616099588798359
1789911242654504000,3.23850390625,0.04244447249770164,0.01568272230029106,-0.010628507650643586
1789911242664513000,3.248512939453125,0.03919979148805141,0.001110007068514824,0.0656132031718269
1789911242674522000,3.258522216796875,0.018560323563218115,-0.03437164067924022,0.07359795484803616
1789911242684531200,3.26853125,-0.06753507461249827,-0.03404138581156731,0.05086692147143185
1789911242694540300,3.278540283203125,-0.14028057734966276,-0.04312251788973808,0.042992863628081975
1789911242704549000,3.288549072265625,-0.1521609847575426,-0.06126549282371997,0.006858122266456484
1789911242714558200,3.29855810546875,-0.14411913259923456,-0.1000765772551298,-0.005909370174258947
1789911242724567300,3.3085673828125,-0.1109650510162115,-0.11416472384035586,-0.017638057619147003
1789911242734576000,3.318576171875,-0.019428338569402695,-0.1040548332363367,-0.010693827971816063
1789911242744585000,3.3285849609375,0.08293722640573978,-0.11580430774092673,-0.0036031025258824226
1789911242754594000,3.338593994140625,0.09118366122543811,-0.11269698937535286,-0.013012260982021689
1789911242764603100,3.34860302734375,0.06285363879799842,-0.0999637645304203,-0.036520818069763476
1789911242774612200,3.3586123046875,0.00523497804403305,-0.08582125740945339,-0.05177088457383215
1789911242784621300,3.368621337890625,-0.0373398428350687,-0.06751812347769737,-0.04359736885987222
1789911242794630100,3.378630126953125,-0.07473053907454014,-0.07405716985762119,-0.0034224121967330575
1789911242804639000,3.388638916015625,-0.05297931051552295,-0.03933949221968651,0.015937573844194412
1789911242814648000,3.39864794921875,0.015344284126162528,-0.030541853258013722,0.0376814593469724
1789911242824657200,3.4086572265625,0.07296879009902477,-0.05178571681678295,0.09001585955508053
1789911242834666200,3.418666259765625,0.07708791585564613,-0.06473404571712017,0.11399707565587014
1789911242844675000,3.428675048828125,0.0525941105902195,-0.046512160328030586,0.14159805315639823
1789911242854684200,3.43868408203125,0.03344634252786636,-0.017049334478378295,0.11030355490017682
1789911242864693200,3.448693359375,0.04061258089542389,-0.013032500052452087,0.04897507984284311
1789911242874702300,3.458702392578125,0.053687166523933405,-0.02218961997628212,-0.007589322617836296
1789911242884711200,3.468711181640625,0.05091419467926025,-0.04678980822563171,-0.05893737866971641
1789911242894720000,3.478719970703125,0.06174070912003517,-0.06560556785464286,-0.046132696023769675
1789911242904729000,3.48872900390625,0.05219955831468105,-0.08341361174583435,0.010467691065743565
1789911242914738200,3.49873828125,0.01114274078309536,-0.07896832277476787,0.055601219984330236
1789911242924747300,3.508747314453125,-0.10664192712008952,-0.05321779544651508,0.07819116438981145
1789911242934756000,3.518756103515625,-0.17285130608677862,-0.03726502403318882,0.04556786521524191
1789911242944765200,3.52876513671875,-0.24592238751649856,-0.010225041416287422,0.018496245351061223
1789911242954774000,3.53877392578125,-0.29939737259447574,0.0007423427999019623,0.04085767823029309
1789911242964783000,3.548783203125,-0.27920447939336296,-0.005989595803618431,0.03369834452755749
1789911242974792200,3.558792236328125,-0.2338514259725809,-0.021480010402202605,0.026439203712157903
1789911242984801000,3.568801025390625,-0.16389526169300078,-0.03298457023501396,0.031182854575291276
1789911242994810000,3.57881005859375,-0.1414087045967579,-0.03137655051648617,0.0627453926505521
1789911243004819200,3.588819091796875,-0.14742109675407408,-0.017150456765294073,0.027096936968527732
1789911243014828300,3.598828369140625,-0.036168460968136786,-0.021403438034653662,-0.019840901425667107
1789911243024837400,3.60883740234375,0.100590956518054,-0.054339492952823636,-0.026450455758534372
1789911243034846000,3.618845947265625,0.26813421932458875,-0.09027005351185798,-0.028912535023130476
1789911243044855800,3.628855712890625,0.36231706236600875,-0.11998539281785488,-0.008623195710219442
1789911243054865000,3.638864990234375,0.326629662913084,-0.13884849871993063,0.00549238687120378
1789911243064874000,3.6488740234375,0.2533738725662231,-0.1175356615781784,-0.03682908030133694
1789911243074883000,3.658883056640625,0.1380710846066475,-0.07497077757120132,-0.04235401773527264
1789911243084892000,3.668891845703125,0.012245149067044258,-0.03216448602378368,-0.03668561671003699
1789911243094900700,3.678900634765625,-0.12524550530314446,-0.011174889487028121,-0.05149393079597503
1789911243104909800,3.688909912109375,-0.17958266016840935,0.01988894181847572,-0.01792819967214018
1789911243114919000,3.6989189453125,-0.16896423552036285,0.021971593311429023,0.009666055826656519
1789911243124928000,3.708927978515625,-0.0682224723547697,0.009890694895386696,0.018124087570421398
1789911243134936800,3.718936767578125,0.08145955506861209,-0.021423896300792694,0.017805851934105155
1789911243144946000,3.72894580078125,0.22242986824810504,-0.07791501432955264,0.0030941666230559347
1789911243154955000,3.738955078125,0.30913433823287484,-0.12669511958956717,0.0026777313092723487
1789911243164963800,3.7489638671875,0.31485096231400966,-0.1370288820773363,-0.03799954885281622
1789911243174973000,3.758972900390625,0.27832185133993625,-0.11053951908051966,-0.041213286734931166
1789911243184981800,3.768981689453125,0.20617899067103862,-0.11142506974339485,-0.04069306225311011
1789911243194990800,3.778990966796875,0.09781740015149117,-0.11288637446761131,-0.05298515573441982
1789911243205000000,3.789,0.014345336216688155,-0.1330897890627384,-0.0720522963086143
1789911243215009000,3.799009033203125,-0.03517360471189022,-0.15594225686192512,-0.06175013453550637
1789911243225018000,3.80901806640625,-0.039541736793518065,-0.13387246387302876,-0.005978307224623859
1789911243235027000,3.81902685546875,-0.07361117965579032,-0.08010112619698047,0.06076477675996721
1789911243245035800,3.829035888671875,-0.14515724347531794,-0.018837971460819242,0.08078337284009904
1789911243255044900,3.839044921875,-0.2114958017796278,0.009957330390810966,0.05075085734371096
1789911243265054000,3.849053955078125,-0.23616204100251195,0.003562660917639732,0.027307839772850274
1789911243275062800,3.859062744140625,-0.21547639584839343,-0.029456980630755424,-0.00354739028327167
1789911243285072000,3.86907177734375,-0.15415011274814605,-0.08697335005402565,0.016306589819677173
1789911243295081000,3.8790810546875,-0.07339373751282692,-0.09501403316855431,0.00039415041673928497
1789911243305090000,3.889090087890625,0.03112754419147968,-0.09830430688560009,-0.007755363367125391
1789911243315099000,3.899098876953125,0.09445756832957267,-0.1165250232309103,0.032689861604757606
1789911243325107700,3.909107666015625,0.12165478733479976,-0.1154354744285345,0.00999448406342417
1789911243335116800,3.91911669921875,0.17012041981816292,-0.103427641248703,-0.05512337333951145
1789911243345126000,3.9291259765625,0.22612053945958613,-0.10714870759844779,-0.09754866621270775
1789911243355135000,3.939135009765625,0.19617723661661146,-0.10143734421432017,-0.09395257794950157
1789911243365144000,3.94914404296875,0.1483189223766327,-0.08276537697017192,-0.05721464653033763
1789911243375153000,3.95915283203125,0.11331599805653095,-0.028337036690115926,-0.05119629955627024
1789911243385162000,3.969161865234375,0.09328735550642013,-0.026648352950811385,-0.037302725695073605
1789911243395170800,3.9791708984375,0.03787409584224224,-0.024701310536265373,0.0039202421836555005
1789911243405180000,3.989179931640625,-0.016268997755646705,-0.043566170004010196,0.003244754074886441
1789911243415188700,3.999188720703125,-0.04382102154791355,-0.07141103926301003,0.005828486957773566
1789911243425197800,4.00919775390625,0.004051905739307403,-0.06450140600502491,0.02955700693912804
1789911243435207000,4.01920703125,0.06280804609060286,-0.050770986816287035,0.055130497200042004
1789911243445216000,4.029216064453125,0.06593699176609516,-0.036707390150427816,0.07639416143782436
1789911243455225000,4.03922509765625,0.020641806012392044,-0.029855624559521673,0.04513349238596856
1789911243465234000,4.04923388671875,0.0426075541049242,-0.04240764761865139,-0.0018628712624311446
1789911243475242800,4.05924267578125,0.07801905922591686,-0.0672942515939474,-0.05778590707965195
1789911243485252900,4.0692529296875,0.10642331593334674,-0.1428413677483797,-0.09085925157666205
1789911243495261000,4.079260986328125,0.10351999570727348,-0.2005371853917837,-0.061279594414308663
1789911243505270000,4.08927001953125,0.09111468764245509,-0.16416297271847724,-0.031851072693057356
1789911243515280100,4.099280029296875,0.005658171892166137,-0.12943302012085914,0.01608344858828932
1789911243525288000,4.109287841796875,-0.08442483461499213,-0.06378828929960727,0.09501169508099555
1789911243535297000,4.119297119140625,-0.11202771181166171,-0.007852467066049576,0.12125840842835604
1789911243545307000,4.129306884765625,-0.1321440326452255,0.02678454655110836,0.11006474117562175
1789911243555315000,4.13931494140625,-0.1622217755228281,0.06174947694838047,0.11774700277391821
1789911243565325000,4.149324951171875,-0.19897008220553397,0.03739011171758175,0.1226987799623981
1789911243575334000,4.159333984375,-0.19031214397549628,0.046719081076979634,0.07483125950265675
1789911243585342000,4.169342041015625,-0.13649404454827307,0.012776479464769362,0.0686558953359723
1789911243595351800,4.179351806640625,-0.06643558893799781,-0.02192424703836441,0.11190182040967046
1789911243605361000,4.18936083984375,-0.04514379458427429,-0.0013853168785572052,0.1082409963471815
1789911243615369000,4.199368896484375,-0.049289223825931545,0.011289455777406691,0.04556479647532105
1789911243625378800,4.20937890625,-0.083912208917737,-0.018538111731410026,-0.016084690697304904
1789911243635388000,4.219387939453125,-0.08477437870502472,-0.05446399611532688,-0.1009338516715914
1789911243645397000,4.22939697265625,-0.03778174138367176,-0.14530629655718802,-0.17164828697256743
1789911243655406000,4.239406005859375,-0.03639934711456299,-0.23346914865672588,-0.22466522608473896
1789911243665414000,4.249413818359375,0.016581716966629027,-0.27826515271663665,-0.1808508900059387
1789911243675423700,4.259423828125,0.08132043885886668,-0.24913375077843664,-0.11112930166721344
1789911243685432800,4.269432861328125,0.14584230313003063,-0.1942149966329336,-0.05915588025860488
1789911243695441000,4.27944091796875,0.18591770840883254,-0.1523825185537338,-0.020067768984101713
1789911243705451000,4.289450927734375,0.17488135060966015,-0.12894962051808834,-0.0053551338249817485
1789911243715459800,4.2994599609375,0.08435118485689162,-0.09517536121010779,-0.027282120809704064
1789911243725469000,4.309468994140625,-0.009743979901075362,-0.07261281626820563,-0.07093147558514028
1789911243735478000,4.31947802734375,-0.1070832411468029,-0.07344459091722964,-0.09120083155594766
1789911243745486800,4.32948681640625,-0.1369990714609623,-0.0893845028489828,-0.08960490413401276
1789911243755496000,4.339495849609375,-0.061279521349072455,-0.07878478290140628,-0.08693440628312528
1789911243765504800,4.3495048828125,0.03248129688799381,-0.05685293707847595,-0.04560856255181134
1789911243775512800,4.359512939453125,0.11186813733577727,0.0005704933643341064,0.019678185144625604
1789911243785523000,4.36952294921875,0.1763905861288309,0.03019815438687801,0.09139704824779182
1789911243795532000,4.379531982421875,0.1900058545053005,0.03596387830674648,0.13978333188463002
1789911243805539800,4.389539794921875,0.13892214847803114,0.04804010054767131,0.1296230993328616
1789911243815550000,4.399550048828125,0.07196750410199165,0.05540215374827385,0.10649298363607376
1789911243825558000,4.40955810546875,-0.021306991922855376,0.038113165295124055,0.1051882942456752
1789911243835567000,4.419567138671875,-0.0886094268232584,0.051447863164544104,0.1238909854216501
1789911243845577000,4.429576904296875,-0.10817863516807555,0.025521979269385337,0.11895024108383803
1789911243855584800,4.439584716796875,-0.06136661511063576,-0.02567863113582134,0.12093578887786716
1789911243865593900,4.44959375,-0.027105449068546294,-0.0548334139496088,0.13786164310704915
1789911243875604000,4.45960400390625,-0.015085340929031372,-0.07743629090189934,0.11968626374080776
1789911243885612000,4.469612060546875,-0.06791209123134613,-0.06515022530257701,0.08511822370663284
1789911243895622000,4.479621826171875,-0.11734218483269214,-0.053150575429201125,0.07738635081294924
1789911243905630000,4.4896298828125,-0.2172463281303644,-0.028835633862018584,0.062800118512474
1789911243915639000,4.49963916015625,-0.28588498007059093,0.013584288716316222,0.018777765706181525
1789911243925648000,4.50964794921875,-0.26235797401070593,0.040461774247884746,-0.013613734006509184
1789911243935657000,4.519656982421875,-0.11748422365188597,0.038811084431409834,-0.016488047333806752
1789911243945665800,4.529665771484375,0.0853413649380207,-0.002021276694536209,0.03213314103744924
1789911243955675000,4.5396748046875,0.240203425347805,-0.07769231148958206,0.04700016304068267
1789911243965684000,4.54968408203125,0.30071605397760864,-0.12781973970532418,-0.022058760138228533
1789911243975693000,4.559693115234375,0.32402970954775806,-0.15414192944169045,-0.1182681040385738
1789911243985702000,4.569701904296875,0.302144040954113,-0.1687877099096775,-0.13825498980619014
1789911243995711000,4.5797109375,0.20039865370392798,-0.15790566588938235,-0.11012542185429483
1789911244005719800,4.5897197265625,0.058282677620649335,-0.10682020629644394,-0.09592789661046117
1789911244015729000,4.59972900390625,-0.06885960121452808,-0.05140343950092792,-0.10778024696763604
1789911244025738000,4.609738037109375,-0.12114391520321369,-0.03760755386054516,-0.10919584938660264
1789911244035746800,4.619746826171875,-0.1281494100511074,-0.013114917638897895,-0.07832900195792317
1789911244045755400,4.62975537109375,-0.0910053820490837,0.03153963212370872,0.004189560644328594
1789911244055764200,4.63976416015625,-0.029655133551359174,0.07066460480988025,0.11006032072883098
1789911244065773300,4.649773193359375,0.03950783452391624,0.09617138651013374,0.16787523470725862
1789911244075782400,4.659782470703125,0.10564999347329139,0.12417349215745925,0.1510998583320528
1789911244085791200,4.669791259765625,0.15448212118148802,0.0861696324557066,0.10595573495421558
1789911244095800300,4.67980029296875,0.1436029997706413,0.02430091304183006,0.0417447632631287
1789911244105809200,4.68980908203125,0.13414075942039488,-0.04638181194663048,-0.013269925537519156
1789911244115818200,4.699818359375,0.14584230313003063,-0.08587561794519424,-0.06332699193079024
1789911244125827300,4.709827392578125,0.13239537705779075,-0.0919511384665966,-0.0625699630184099
1789911244135836400,4.71983642578125,0.11539572694003582,-0.05286357518136501,-0.011957893090881407
1789911244145845200,4.72984521484375,0.07565875983536242,-0.029209727871417998,0.013632329109124838
1789911244155854300,4.739854248046875,0.02871639139652252,0.01040156702697277,0.029341281829215585
1789911244165863200,4.74986328125,-0.0015004676908254623,0.048152913272380825,0.05594206931125372
1789911244175872300,4.759872314453125,-0.03461772439479828,0.04830430444180965,0.0684486092608422
1789911244185881300,4.76988134765625,-0.0241945300579071,0.014449381113052367,0.07977423233017325
1789911244195890200,4.77989013671875,0.025332009655237197,-0.008950783696770668,0.10317571231424807
1789911244205899300,4.789899169921875,0.08683072671294212,-0.05893208144009113,0.09419712729509919
1789911244215908400,4.799908447265625,0.0933148280352354,-0.09415595503449439,0.10761033376082778
1789911244225917400,4.80991748046875,0.07893383598327636,-0.10231529609262943,0.05853285298943519
1789911244235926300,4.81992626953125,0.0244517196893692,-0.09409574927985667,-0.032518998549878594
1789911244245935000,4.82993505859375,-0.02074526638686657,-0.10570903018414973,-0.09378668333068489
1789911244255944200,4.839944091796875,-0.06365443378686904,-0.14346739069223402,-0.08816562857851386
1789911244265953300,4.849953369140625,-0.11254501368403434,-0.172186704698205,-0.0794579694552347
1789911244275962400,4.85996240234375,-0.11947452068626879,-0.1615121659487486,-0.07355780550073832
1789911244285971200,4.86997119140625,-0.1379740539729595,-0.14235504553616046,-0.019934753721579906
1789911244295980300,4.879980224609375,-0.1306587625235319,-0.10816986733973026,0.06234499515611678
1789911244305989400,4.8899892578125,-0.13049568091630934,-0.05872983686625957,0.14119933616239577
1789911244315998200,4.899998291015625,-0.1499310337483883,-0.023922142857313155,0.18803122996408492
1789911244326007300,4.91000732421875,-0.16593407404422758,0.00848491975069046,0.17236860060375184
1789911244336016100,4.92001611328125,-0.1932610569089651,-0.0027969372421503065,0.06296776669695973
1789911244346025200,4.930025146484375,-0.138409522780776,-0.0590291120737791,-0.07737623127773403
1789911244356034300,4.940034423828125,-0.058626376491785044,-0.11699790143966673,-0.1297311262845993
1789911244366043400,4.95004345703125,0.03502572067379951,-0.15050912589728832,-0.09634539137016981
1789911244376052500,4.960052490234375,0.06142156016826629,-0.1309077688485384,-0.06629523061923683
1789911244386061300,4.970061279296875,0.022211831808090207,-0.0955453635662794,-0.03295527107529342
1789911244396070100,4.980070068359375,-0.02270107662975788,-0.01329202777147293,0.04003218719158321
1789911244406079200,4.990079345703125,-0.0433873063057661,0.09416180025339126,0.10467888341881335
1789911244416088300,5.00008837890625,-0.03496668396294117,0.1559562853872776,0.15926679817475378
1789911244426097400,5.010097412109375,0.045421442481875414,0.16689911968410015,0.18042937665823847
1789911244436106200,5.020106201171875,0.19047113392949103,0.1559995400071144,0.19239256697874516
1789911244446115300,5.030115234375,0.2870499321967363,0.12135901925861835,0.16802848904021084
1789911244456124400,5.04012451171875,0.24917408278882502,0.07500701792836188,0.15107373751010744
1789911244466133200,5.05013330078125,0.10326923581659793,0.03508417286276817,0.1025209747325629
1789911244476142000,5.06014208984375,-0.05376198532581329,-0.002969371199607849,0.014164901615865528
1789911244486151200,5.070151123046875,-0.0930231516122818,-0.02471007836461067,-0.021771723357774317
1789911244496160300,5.08016015625,0.021243863558769224,-0.014368717092275619,0.005750709013827145
1789911244506169300,5.09016943359375,0.14849427894353864,0.018562077128887175,0.10314473265409468
1789911244516178400,5.100178466796875,0.18776947375535963,0.07174655482769011,0.20802476466819642
1789911244526187300,5.110187255859375,0.09441957440674305,0.11222761829793453,0.26628409794587643
1789911244536196400,5.1201962890625,-0.01903670890331268,0.1591974592655897,0.2558060316165909
1789911244546205200,5.130205078125,-0.07271393855512141,0.14055296455025673,0.21849344211462884
1789911244556214300,5.14021435546875,-0.05848316862881183,0.07495791808962822,0.16821027534790337
1789911244566223400,5.150223388671875,-0.0010287585258483885,-0.0031347908943891523,0.1180217280620709
1789911244576232200,5.160232177734375,0.025738836890459058,-0.08774550347030162,0.08569584093149751
1789911244586241300,5.1702412109375,-0.016681085687875748,-0.15156535695195197,-0.009869980900920927
1789911244596250400,5.18025048828125,-0.0779734665185213,-0.1546487099200487,-0.10834138798173516
1789911244606259500,5.190259521484375,-0.10275894820690154,-0.09882160875797272,-0.13299162591788918
1789911244616268300,5.200268310546875,-0.04954173728227615,-0.054475102031230925,-0.08029478560555726
1789911244626277000,5.210277099609375,0.03566226501166821,-0.012605214551091194,0.008343940377421677
1789911244636286200,5.2202861328125,0.04832008653283119,-0.010795534780621528,0.07750073444023728
1789911244646295300,5.23029541015625,-0.03587327741384506,-0.041975685942173005,0.07031484152413904
1789911244656304400,5.240304443359375,-0.10430676217079161,-0.0996937154173851,0.04666556079145521
1789911244666313200,5.250313232421875,-0.15041151074171066,-0.10446575212478637,0.007333302030153572
1789911244676322300,5.260322265625,-0.1425631353288889,-0.12564064210057257,-0.04343702719900757
1789911244686331400,5.270331298828125,-0.11041969209313392,-0.15994214015305042,-0.08584807235114277
1789911244696340200,5.28034033203125,-0.028059388792514798,-0.166552498203516,-0.12311112362295389
1789911244706349300,5.290349365234375,0.10269231271147727,-0.19227029230594633,-0.17675361075494436
1789911244716358100,5.300358154296875,0.2957902880132198,-0.17965981705784798,-0.16958130797278134
1789911244726367200,5.3103671875,0.3255985662996769,-0.19422142637372017,-0.1215227584529668
1789911244736376300,5.320376220703125,0.23707740228176116,-0.23229425965845585,-0.13713256164751947
1789911244746385400,5.330385498046875,0.13936580059230327,-0.21920564550459384,-0.16096563798189162
1789911244756394500,5.34039453125,0.07153963407874107,-0.16173077713549136,-0.17001721517201512
1789911244766403000,5.350403076171875,-0.02542202602624893,-0.06031915188431739,-0.11849372948799282
1789911244776412200,5.360412109375,-0.1447398948460817,-0.031712066081166265,-0.08030932558756321
1789911244786421200,5.370421142578125,-0.13388590787649154,-0.00374444722533226,-0.06561440874822437
1789911244796430300,5.380430419921875,-0.02196867070198059,0.04047521825134754,0.004992364927195013
1789911244806439400,5.390439453125,0.10242226359844207,0.02864507972598076,0.0322428850222379
1789911244816448300,5.4004482421875,0.2237386127591133,-0.020368249768018723,-0.016053857167623937
1789911244826457300,5.410457275390625,0.2440168461561203,-0.08528408179283141,-0.08449537910055369
1789911244836466400,5.420466552734375,0.2361164482951164,-0.17297347116172312,-0.14327639816477894
1789911244846475300,5.430475341796875,0.2205529684603214,-0.23474165281057358,-0.1798990326412022
1789911244856484000,5.440484130859375,0.17731237714886663,-0.2626443897366524,-0.12463208611253648
1789911244866493200,5.4504931640625,0.07942424984872341,-0.23357845425009727,-0.08516034581530839
1789911244876502300,5.460502197265625,-0.08830313735306262,-0.1752525220096111,-0.0713237993709743
1789911244886511400,5.470511474609375,-0.23162732018232343,-0.09636369421184063,-0.10259677991513162
1789911244896520400,5.4805205078125,-0.30306407840847965,-0.05029752408564091,-0.14044106514099985
1789911244906529300,5.490529296875,-0.3576180908948183,-0.05848316862881183,-0.10565737306214869
1789911244916538000,5.5005380859375,-0.34693653788268564,-0.010966799694299697,-0.08167940836437046
1789911244926547200,5.510547119140625,-0.28437808263897896,0.008947861087322234,-0.08139054495301097
1789911244936556300,5.520556396484375,-0.1872439885765314,0.02257774251103401,-0.10948171712327748
1789911244946565400,5.5305654296875,-0.07153261981606483,0.010109890604019164,-0.14803922865241764
1789911244956574200,5.54057421875,0.0216021754771471,-0.03277764948606491,-0.16552129199225454
1789911244966583300,5.550583251953125,0.14832009142041205,-0.07337211020290851,-0.18468301551472394
1789911244976592400,5.56059228515625,0.2825187185078859,-0.06690788262486458,-0.11933266453016549
1789911244986601500,5.5706015625,0.36286183676719663,-0.02258124964237213,0.029512364079803226
1789911244996610000,5.580610107421875,0.32944705842137334,0.04406768978536129,0.11378186200261116
1789911245006619100,5.590619140625,0.1940320412814617,0.09964929175376891,0.08887922020796686
1789911245016628200,5.600628173828125,0.08765607162117958,0.12444471031427383,0.04234645548332482
1789911245026637300,5.61063720703125,0.05909691661298275,0.08047112855315208,0.01828289486132562
1789911245036646400,5.620646484375,0.0961076736241579,-0.014528876090049743,-0.0014266352696344256
1789911245046653700,5.63065380859375,0.17426760262548924,-0.08789338750839233,-0.02010824712496251
1789911245056662800,5.640662841796875,0.2761456763446331,-0.12810089473426342,-0.014208667692355811
1789911245066671600,5.650671630859375,0.2553098090648651,-0.12801613906025885,0.04595741252209991
1789911245076680700,5.6606806640625,0.1601397085517645,-0.07946165924966335,0.03216623958945274
1789911245086689800,5.670689697265625,0.03069499799311161,-0.016767010405659675,0.006472958873771131
1789911245096699000,5.680698974609375,-0.10667290678024291,0.04099310464560985,-0.004892119423113763
1789911245106707700,5.690707763671875,-0.17918869241476057,0.03775193076729774,-0.007904964438267052
1789911245116716500,5.700716552734375,-0.17242577415108679,0.00012508768439292906,-0.03731971336249262
1789911245126725600,5.7107255859375,-0.10314590169787406,-0.0965647697418928,-0.07350753661822527
1789911245136734700,5.720734619140625,-0.06403495753705502,-0.20279227084219453,-0.07197484715823084
1789911245146743800,5.730743896484375,-0.04129296437501907,-0.2614168937683105,-0.06285831497311592
1789911245156752600,5.740752685546875,-0.0338935017734766,-0.22957214121818542,-0.017330526039935647
1789911245166761700,5.75076171875,-0.060141457229852674,-0.1466980431765318,0.08134360053874552
1789911245176770600,5.7607705078125,-0.1178185701727867,-0.05190495928227901,0.11128317705467343
1789911245186779600,5.770779541015625,-0.16410335148572922,0.00947743791937828,0.0581507948692888
1789911245196788700,5.780788818359375,-0.1861538552522659,0.031140403673052788,0.002445347325503826
1789911245206797600,5.790797607421875,-0.15128712453246115,-0.006775777745246887,-0.0628135990485549
1789911245216806700,5.800806640625,-0.07929799312055111,-0.06346271060705184,-0.10640808183159678
1789911245226815700,5.810815673828125,-0.0390694431066513,-0.13445114054381846,-0.08505768915843218
1789911245236824800,5.820824951171875,-0.007142857491970062,-0.15425883381962777,-0.08998451456874608
1789911245246834000,5.830833984375,0.03677519468963146,-0.11936813770234585,-0.12133757461179047
1789911245256842500,5.840842529296875,0.10407061532735824,-0.049071781682968135,-0.11089534678086638
1789911245266851600,5.8508515625,0.2375847672820091,-0.0036649522483348843,-0.04046520831398666
1789911245276860700,5.860860595703125,0.4075789303719997,0.014038462224602699,-0.054256381246633824
1789911245286869800,5.870869873046875,0.48384325488507746,-0.012381927189230918,-0.02064388837162405
1789911245296878800,5.88087890625,0.3650993865609169,-0.11525894881784915,0.07345456432197242
1789911245306887700,5.8908876953125,-0.14269932892918585,-0.16430267345011235,-0.11312555351834744
1789911245316896800,5.900896728515625,-0.2920499324411154,0.17679039910137653,-0.12636906597297637
1789911245326905600,5.910905517578125,-0.2868646387577057,0.17053367679417133,-0.13439572056215254
1789911245336914700,5.920914794921875,-0.08677344356775284,0.11595160725712776,0.021594868953526018
1789911245346923500,5.930923583984375,0.12523030773401259,-0.038567923325300214,0.09420830627623945
1789911245356932600,5.9409326171875,0.5421066432833671,-0.06644961746335029,0.15021368661466986
1789911245366941700,5.950941650390625,0.9870254164904355,0.0015758710145950317,0.18050825058072803
1789911245376950800,5.96095068359375,1.002239352235198,0.030299861195683477,0.26784710947889834
1789911245386960000,5.9709599609375,0.5314373652309179,-0.1450765794545412,0.33534466509260236
1789911245396968700,5.98096875,-0.32019699951708314,-0.327226459762454,0.09654734368305652
1789911245406977500,5.9909775390625,-1.6913807233035563,-0.1817366233319044,-0.21565018151272086
1789911245416986600,6.000986572265625,-1.7087001068949699,-0.16100655451416968,-0.20156795321162788
1789911245426995700,6.01099560546875,-1.7654338015079498,-0.0017670096725225448,-0.1455633400581777
1789911245437004800,6.0210048828125,-1.237704058623314,0.25567338168025017,-0.06658358257394284
1789911245447013600,6.031013671875,-0.39990474248230456,0.3559434356808662,0.09092818862702697
1789911245457022700,6.041022705078125,0.3650403498500585,0.21339432887732981,0.3646612874045968
1789911245467031800,6.05103173828125,0.8181400914251804,0.02403378653824329,0.5367362022913992
1789911245477040600,6.06104052734375,0.9209949012219906,-0.0809498519808054,0.3923459976658225
1789911245487049500,6.071049560546875,0.7350614107221365,-0.14720073200166225,0.19916852738708257
1789911245497058600,6.08105859375,0.3750152158975601,-0.17085341026782988,0.052595243101380765
1789911245507067600,6.091067626953125,0.046771688047051424,-0.2225450190603733,-0.11309070140067487
1789911245517076700,6.10107666015625,-0.1747217761337757,-0.21019114892184734,-0.14228683913815765
1789911245527085800,6.1110859375,-0.30894144600927825,-0.16916706461608408,-0.0628899156877771
1789911245537094700,6.1210947265625,-0.3652268123328686,-0.043324177941679955,0.010023344831727444
1789911245547103700,6.131103759765625,-0.3617997604936361,0.07623860554993152,0.012091675538383424
1789911245557112600,6.141112548828125,-0.2701373758405447,0.1206862345635891,0.02489361823797226
1789911245567121700,6.15112158203125,-0.18642741149663924,0.07655892354547977,0.07130608105119317
1789911245577130800,6.161130859375,-0.05033201087713241,0.03047229515314102,0.06880582520067692
1789911245587139600,6.1711396484375,0.12186346164941787,-0.023020225581526756,0.010531367419101297
1789911245597148700,6.181148681640625,0.19317513219118118,-0.1234609599739313,0.04963774500265717
1789911245607156700,6.19115673828125,0.28189444912970063,-0.2863789010673761,0.2056497426325455
1789911245617165800,6.201165771484375,0.32592122238278387,-0.2141840179502964,0.22880999773927033
1789911245627174700,6.211174560546875,0.3272393192440271,-0.021678747844696044,-0.05025521931387484
1789911245637183700,6.221183837890625,0.2422860768407583,-0.029718846437335012,-0.18222754865400492
1789911245647192800,6.23119287109375,0.3360667688220739,-0.11707973450422286,-0.1410706317488104
1789911245657201700,6.24120166015625,0.5519090753734112,-0.12723755590319633,-0.19815175155997275
1789911245667210500,6.25121044921875,0.6277578048229218,-0.20375848552584647,-0.17357582096904514
1789911245677219600,6.261219482421875,0.5420002602994441,-0.27693185828626155,-0.09478636189252138
1789911245687228700,6.271228759765625,0.3634171325623989,-0.2807517088353634,-0.00947751098461449
1789911245697237800,6.28123779296875,0.19651333670318125,-0.19751696078777312,0.11457885759919881
1789911245707246800,6.291246826171875,0.06007248364686966,-0.07076046639978885,0.2500068072859198
1789911245717255700,6.301255615234375,-0.08873743711709976,-0.028237083446979522,0.3176066176977008
1789911245727264800,6.3112646484375,-0.18036124332547188,0.09453355617523193,0.31453239788413045
1789911245737273600,6.321273681640625,-0.2525017659068107,0.11173369730114936,0.2579725985333323
1789911245747282700,6.33128271484375,-0.3084931177198887,0.05962532440125942,0.24687749628424643
1789911245757291800,6.341291748046875,-0.3643851008117199,-0.013120178335905074,0.19984708423577247
1789911245767300600,6.351300537109375,-0.24164076467454432,-0.056557753524184226,0.14411409109793602
1789911245777309700,6.361309814453125,-0.06531856760680675,-0.0900035115301609,0.22068229392841457
1789911245787318800,6.37131884765625,0.07567804905772209,-0.10937807408571243,0.3039450990267098
1789911245797328000,6.381327880859375,0.19404256267547607,-0.033977672925591465,0.3030143940478563
1789911245807336700,6.391336669921875,0.2802922746300697,0.12598492549359797,0.24374862367399036
1789911245817345500,6.401345458984375,0.36204642873108384,0.19852292295992374,0.203955177141726
1789911245827354600,6.411354736328125,0.3995329865604639,0.14117372679710388,0.21481610530875622
1789911245837363700,6.42136376953125,0.3375017700612545,0.018070494219660758,0.20666443610042332
1789911245847372800,6.431372802734375,0.1678945604622364,-0.11232231084406376,0.16521613503322005
1789911245857381600,6.441381591796875,-0.026492285606265067,-0.17508008805215358,0.09684713034722954
1789911245867390700,6.451390625,-0.14370704466700554,-0.2072165170252323,0.02628492646589875
1789911245877399800,6.46139990234375,-0.279167069992423,-0.19597908369600772,-0.02732672713641077
1789911245887408600,6.47140869140625,-0.28517244788706303,-0.1514069515198469,-0.10471636588498949
1789911245897417700,6.481417724609375,-0.2022626940101385,-0.16482114436626433,-0.15471512621976435
1789911245907426600,6.491426513671875,-0.10498656112849712,-0.13575053270459175,-0.06465487953368575
1789911245917435600,6.501435546875,-0.05635024825334549,-0.11245558183491229,0.064294192995131
1789911245927444700,6.51144482421875,-0.004014496338367462,-0.09318447965383529,0.024549006051383913
1789911245937453800,6.521453857421875,0.08087795578837394,-0.14892039540112018,-0.03982782372590154
1789911245947463000,6.531462890625,0.17975626316964624,-0.18865911607146263,-0.054287287841551006
1789911245957471500,6.541471435546875,0.2636275555551052,-0.2108423063069582,-0.05452938950173557
1789911245967480600,6.55148046875,0.23243337586820123,-0.20480419518649576,-0.06684416973888874
1789911245977489700,6.56148974609375,0.1248468613743782,-0.1567886445581913,-0.05962433802057057
1789911245987498800,6.571498779296875,0.01057633907198906,-0.08337386425733566,-0.0009729001527652144
1789911245997507800,6.5815078125,-0.05695172127783298,0.01146598138809204,0.09565945493262261
1789911246007516700,6.5915166015625,-0.09324760801792144,0.08859481377601623,0.08638144857548177
1789911246017525800,6.60152587890625,-0.18310265098810194,0.0786924284428358,0.03255874603837728
1789911246027534800,6.611534912109375,-0.15360066217184065,0.05873159043192863,-0.07322123049013317
1789911246037543700,6.621543701171875,-0.010890811848640441,-0.004718845215439796,-0.16485146643929183
1789911246047552000,6.631552001953125,0.11002221720814705,-0.08192658805847168,-0.12795849058888853
1789911246057561000,6.64156103515625,0.15393150156140326,-0.12125029818713665,-0.04789974222891032
1789911246067570200,6.651570068359375,0.13104571601450443,-0.10542904419898987,0.03153528474215418
1789911246077579300,6.661579345703125,0.03307634017169475,-0.09986381128728389,0.09869502323623747
1789911246087588000,6.671588134765625,-0.07165478489100932,-0.42238603888154025,-0.028419454276561736
1789911246097597200,6.68159716796875,-0.4113414977759123,-1.0880682084292173,-0.2289854639040306
1789911246107606300,6.691606201171875,-0.2911953614383936,-0.939006358730793,-0.2205102618297562
1789911246117615000,6.701614990234375,0.43362464125454425,-0.31738252661824223,-0.013271204179152845
1789911246127624200,6.711624267578125,0.7957020496457815,0.17414251494109628,0.04062237163707614
1789911246137633000,6.721633056640625,0.5984393558800221,0.09845920518636703,0.09530808421168475
1789911246147642000,6.73164208984375,0.31335283271074293,0.04611410092115402,0.08929510753247887
1789911246157651200,6.741651123046875,0.021631986093521117,-0.33480186345279217,-0.15088650784231722
1789911246167660300,6.751660400390625,-0.4629086034059524,-0.9573311199724673,-0.2256578903838992
1789911246177669000,6.761669189453125,-0.6375146442055701,-1.2606120560020209,0.0966429495446384
1789911246187678200,6.77167822265625,-0.27973230265974997,-1.1627508167088032,0.38475623665656894
1789911246197687000,6.78168701171875,-0.1365495741277933,-0.9979378556489944,0.3887808525301516
1789911246207696100,6.791696044921875,-0.1606879900842905,-0.7945610629171133,0.3146391827268526
1789911246217705200,6.801705322265625,-0.2604980253577232,-0.5495972912997007,0.23677103974632918
1789911246227714000,6.811714111328125,-0.5449737231522799,-0.40805239310264585,0.13050368155967443
1789911246237723100,6.82172314453125,-0.7821341275423764,-0.33992169068455697,0.09840257962830364
1789911246247732200,6.831732177734375,-0.952380219566822,-0.24427228222191333,0.07927863083295524
1789911246257741300,6.8417412109375,-1.346331022080779,-0.6543494591504335,-0.28958916835077103
1789911246267750100,6.851750244140625,-1.942619921928644,-1.0196534283727408,-0.8201544999875128
1789911246277759000,6.861759033203125,-1.9079507596075533,-0.7716016276121139,-1.0523901613265276
1789911246287768000,6.87176806640625,-1.0877730248749256,-0.23978783028423784,-0.8258851525940001
1789911246297777200,6.881777099609375,-0.16715046409666537,-0.02725684023797512,-0.5756893255420029
1789911246307786200,6.8917861328125,0.46334407221376894,-0.013462708163261413,-0.45544761987552046
1789911246317795000,6.901795166015625,0.9333195452660321,0.27294015830159185,-0.2997521773815155
1789911246327804200,6.91180419921875,1.105683944618702,0.5584381848812103,-0.23681027577817437
1789911246337813200,6.921813232421875,1.0868114863663911,0.6483218694239854,-0.39825748673193156
1789911246347822000,6.931822021484375,0.9621370589494704,0.7117927633374929,-0.4094473545923829
1789911246357831200,6.9418310546875,0.7077730063021183,0.8750783686995506,-0.05989128186106681
1789911246367840000,6.951840087890625,0.26200726087689397,0.7814590047597885,0.12546776975169777
1789911246377849000,6.96184912109375,-0.23584406109452247,0.5662649329841136,0.3283334711562842
1789911246387858200,6.971858154296875,-0.46119595426917076,0.4262017977774143,0.6050944298550486
1789911246397867300,6.9818671875,-0.5093067819654942,0.3938227922201156,0.5521412036288529
1789911246407875000,6.991875,-0.39313890160918236,0.5007780230730772,0.27025464554466305
1789911246417884200,7.00188427734375,-0.2263654541313648,0.6199310567200184,0.055403688118234276
1789911246427893200,7.011893310546875,-0.09145780199170112,0.6231447580695152,-0.05990794073492288
1789911246437902300,7.02190234375,0.06657704323530196,0.5409136341065168,-0.0874834184680134
1789911246447911200,7.0319111328125,0.24299743998050688,0.40709728433489795,-0.09311185280904173
1789911246457920000,7.041919921875,0.4597200364977121,0.3108563397198915,-0.0363258434869349
1789911246467929000,7.05192919921875,0.6984165644139051,0.1506926657706499,0.1053239763893187
1789911246477938200,7.061938232421875,0.8918629147619008,-0.033921558824181554,0.30909466380961237
1789911246487947300,7.071947265625,0.9583002572655678,-0.08746902461647987,0.5125550431717187
1789911246497956000,7.0819560546875,0.8635849147826433,-0.04878711952269077,0.6101699795536697
1789911246507965200,7.091965087890625,0.6309545550376177,-0.05471007983088493,0.548978063422814
1789911246517974000,7.10197412109375,0.3613642916858196,-0.0987216555148363,0.3857585820995271
1789911246527983000,7.111983154296875,0.07920739222764968,-0.11585633018910885,0.1710351235102862
1789911246537992200,7.1219921875,-0.14995909079909323,-0.0920645357131958,-0.006771393831074238
1789911246548001000,7.1320009765625,-0.24962241107821462,-0.024028525841236114,-0.1091632622912526
1789911246558010000,7.142010009765625,-0.2779278835862875,0.08269698790907859,-0.07489829685688018
1789911246568019200,7.152019287109375,-0.3471107254058122,0.16699439675211905,0.07737330866828561
1789911246578028300,7.1620283203125,-0.18921148925721645,-0.4155295971155166,-0.43706908261999483
1789911246588037400,7.172037353515625,-0.5903782144993543,-1.0102782817840577,-0.47272725597843523
1789911246598046000,7.1820458984375,-0.6415542749851941,-1.3412234698086976,0.3072026395179331
1789911246608055000,7.192054931640625,-0.39763095233142376,-0.6092202776134014,0.4936263246875256
1789911246618064100,7.202064208984375,-0.3310819661468267,0.17186989383399487,0.2254972199294716
1789911246628073200,7.2120732421875,-0.37636779955029487,0.306508081382513,-0.14579393394365905
1789911246638082300,7.222082275390625,-0.2712795316129923,0.32380759122967717,-0.3155257197704166
1789911246648091100,7.232091064453125,0.28520050493776794,0.3849281226247549,-0.3459439466487616
1789911246658100200,7.242100341796875,0.3571639173865318,0.2288058330208063,-0.19453202669285236
1789911246668109000,7.252109130859375,0.005970306581258774,0.22815876728892326,-0.07034099887870252
1789911246678118100,7.2621181640625,-0.1229600247144699,0.6088596276074647,0.04593231461346149
1789911246688127000,7.272126953125,-0.2723895386815071,0.6979910324782133,0.23296192978695032
1789911246698136000,7.282135986328125,-0.4828437224537134,0.4590443291932344,0.2719568463526666
1789911246708145200,7.292145263671875,-0.6120446873843669,0.1325152040451765,0.03288016001246869
1789911246718153200,7.3021533203125,-0.859321996641159,-0.024468670824170112,0.18285306014120578
1789911246728162000,7.312162109375,-0.7066133148729801,-0.16833090605288742,0.36200931159108873
1789911246738171100,7.322171142578125,-0.4755979891091585,-0.2490489951044321,0.42114604875780637
1789911246748180200,7.33218017578125,-0.011661211699247359,-0.5375713379412889,0.14154007589146494
1789911246758189300,7.342189208984375,0.5243599741905928,-0.7862704966947436,-0.1596255484845489
1789911246768198100,7.3521982421875,0.891651902359724,-0.9019380263134836,-0.1624272349670529
1789911246778207000,7.36220703125,1.1745119816511869,-0.8515221365451813,-0.13372004979029298
1789911246788216000,7.372216064453125,1.3017384316384792,-0.5254007154151797,-0.1876315265893936
1789911246798225200,7.38222509765625,1.3461767083019018,-0.16098112781196833,-0.3259714182000607
1789911246808234200,7.392234130859375,1.179388647776842,0.1444210381552577,-0.37126134325675664
1789911246818243300,7.402243408203125,0.7631751600503921,0.29428982032239437,-0.1942061557393521
1789911246828252200,7.412252197265625,0.28358021025955676,0.3219885591089725,-0.05995426409468054
1789911246838261200,7.42226123046875,-0.09157295280396938,0.3121010790839791,0.01679302162975073
1789911246848270000,7.43227001953125,-0.2673445302516222,0.29901246493011713,0.010421367705985903
1789911246858279200,7.442279052734375,-0.3479062596976757,0.24923838019669053,0.004254954030737281
1789911246868288000,7.4522880859375,-0.25996026521921156,0.1966317023858428,0.016913287008553744
1789911246878297000,7.462297119140625,-0.05570435156524181,0.1820215777531266,0.07099230239428579
1789911246888306200,7.47230615234375,0.13926701639294622,0.20266864446252583,0.08023300894834101
1789911246898315300,7.482315185546875,0.2660439690470695,0.27979104710966346,0.03266615193560719
1789911246908324400,7.492324462890625,0.30930151149332524,0.33632103584408757,-0.015689955758675933
1789911246918333000,7.5023330078125,0.3109738286197185,0.3148848645836115,-0.05030789934918284
1789911246928342000,7.512342041015625,0.321318112501502,0.23635785583555696,-0.07748612139299511
1789911246938351000,7.52235107421875,0.30193244403004643,0.10784282734245061,-0.1002716614358127
1789911246948360200,7.532360107421875,0.2919236757129431,-0.05537029730528593,-0.14352708499021827
1789911246958369300,7.542369384765625,0.2310837148249149,-0.18866759163886307,-0.19567476698718964
1789911246968378000,7.552378173828125,0.11527122377753257,-0.2665869898825884,-0.21980602255053816
1789911246978387200,7.56238720703125,-0.03707330085337162,-0.2754775678247213,-0.14230558037124574
1789911246988396300,7.572396240234375,-0.11527531543076038,-0.20803777028024195,-0.04223119507320225
1789911246998405000,7.582405029296875,-0.18889760100245476,-0.09401830012947321,0.08179419385045766
1789911247008414200,7.592414306640625,-0.3649409811288118,0.058550096385180946,0.21644918640330432
1789911247018422000,7.602422119140625,-0.6488900247007608,0.11465075379163026,0.2717627120200544
1789911247028431000,7.61243115234375,-0.9048293638408184,0.07361351774334907,0.27894970091469584
1789911247038440200,7.622440185546875,-0.9996733011394738,-0.03728022160232067,0.2696019537895918
1789911247048449000,7.632448974609375,-0.93649408364892,-0.18694383658617733,0.17829620055444537
1789911247058457900,7.642457763671875,-0.724131435906887,-0.32131226728260515,0.07403386204726993
1789911247068467000,7.652467041015625,-0.3563157761245966,-0.4002820513620972,0.010031710801273583
1789911247078476000,7.66247607421875,0.05291501310765743,-0.971572995814681,-0.30628077543266113
1789911247088485000,7.672485107421875,0.14755378322303295,-2.059839649425447,-0.7530914998661726
1789911247098494000,7.682493896484375,0.6764245128363371,-1.9648960511445999,-0.40701567046605047
1789911247108502800,7.692502685546875,1.2356886271476746,-1.6423863907709717,-0.012919906523451208
1789911247118511900,7.702511962890625,1.039065984851122,-1.3124632392704485,0.31030148231610655
1789911247128521000,7.71252099609375,0.387083839353919,-0.9329819838747382,0.3884307239182293
1789911247138530000,7.722530029296875,-0.4850251581460237,-0.8875424212142825,0.11016410989686846
1789911247148539100,7.7325390625,-0.9083838414520025,-1.2514441224232316,-0.5313320051603019
1789911247158548000,7.7425478515625,-0.9375263493061066,-1.3357158123031259,-0.7096811780110002
1789911247168557000,7.75255712890625,-0.5037561621010304,-0.9139484898418188,-0.5097109788522124
1789911247178566000,7.76256591796875,-0.16981413034796713,-0.4170677664682269,-0.48722602919116614
1789911247188575000,7.772574951171875,-0.3302420081913471,-0.23999241294562815,-0.36314079983904957
1789911247198583800,7.782583740234375,-0.67591539427042,-0.2861214191749692,-0.22830226741284132
1789911247208593000,7.792593017578125,-0.7355868959009647,-0.544083788575232,-0.09985489732846617
1789911247218602000,7.80260205078125,-0.4971452195286751,-1.3764426672279835,-0.2885166437484324
1789911247228611000,7.812611083984375,-0.27885259721577166,-2.951534514144063,-0.7613985057666898
1789911247238620200,7.8226201171875,0.06604688188135624,-4.171640956756472,-1.2314015974782406
1789911247248628700,7.832628662109375,0.01724047313630581,-4.339086019885539,-1.5208895704768597
1789911247258637800,7.842637939453125,-0.7415069335997104,-3.815127612233162,-1.6721736262694
1789911247268647000,7.85264697265625,-1.6512807681053876,-2.9220003766238687,-1.699554823539406
1789911247278656000,7.862656005859375,-2.1036580406248566,-2.042552999059856,-1.5848602306060493
1789911247288663800,7.872663818359375,-1.6565309437185525,-1.3693927487164734,-1.1102766792364418
1789911247298673000,7.8826728515625,-0.9907570042341947,-0.7176382744953036,-0.2754476110778749
1789911247308682000,7.892681884765625,-0.0009410802423954009,0.21726678639650343,0.5299202386662364
1789911247318691000,7.902691162109375,1.1114198579221963,0.9223162129536271,0.9739201434627175
1789911247328700200,7.9127001953125,1.208717618113756,1.4345990881204604,1.0690300382211804
1789911247338709000,7.922708984375,0.6977209833651781,1.5773203366205095,0.9864902867004275
1789911247348717800,7.9327177734375,0.6230488964796066,1.2354109792500734,0.5227487396016717
1789911247358727000,7.942726806640625,0.7686796026855707,0.33678660752922296,-0.029254589926451444
1789911247368736000,7.952736083984375,0.7223731940627097,-1.0596209893628954,-0.15301584802120924
1789911247378744800,7.962744873046875,0.4045335713267326,-2.0098992682144043,0.0015019289955496787
1789911247388754000,7.97275390625,0.16261574327647685,-2.386550560881197,-0.3917619141675532
1789911247398763000,7.982762939453125,0.13814999506175518,-2.4755031020537017,-1.495717135297507
1789911247408772000,7.992772216796875,-0.48634442405104633,-2.110634893900156,-1.589689988850057
1789911247418781000,8.002781005859376,0.38028175812363624,-1.4147963632807135,-1.4346094633840023
1789911247428789800,8.012789794921876,1.227507658779621,-1.163949963365495,-1.5706547412514686
1789911247438798800,8.022798828125,2.045771668845415,-1.3900705028250813,-2.346895719102025
1789911247448808000,8.032807861328125,1.997497759541869,-2.134096141247451,-2.4708146519765255
1789911247458817000,8.042817138671875,0.6632189943045377,-3.13087868938148,-2.24862852935642
1789911247468826000,8.052826171875,-1.0570639983564614,-3.2853391832530496,-2.0651257731348274
1789911247478835000,8.0628349609375,-2.2430367006987333,-2.3472047850511966,-1.8597300417959688
1789911247488844000,8.072843994140625,-2.715922508239746,-1.4875392356693744,-1.659588577723503
1789911247498852900,8.082852783203125,-2.7624662327498197,-1.596508728954196,-1.0521779798805713
1789911247508862000,8.092862060546874,-2.5128338847994804,-2.4421286557182666,-0.1783046030566096
1789911247518870800,8.102870849609374,-1.9417220963060855,-3.299583397182822,0.7537886152848601
1789911247528879900,8.1128798828125,-1.403189219856262,-3.6380718401938674,1.804313275000453
1789911247538889000,8.122888916015626,-0.8335258766055107,-2.8087930996388195,2.6003677913457155
1789911247548898000,8.13289794921875,-0.8643196587979793,-1.0965054896458983,2.9312919365823267
1789911247558905900,8.14290576171875,-1.0687760634601116,0.4901189741536975,2.9898779810637235
1789911247568915000,8.1529150390625,-0.29617198080718515,1.3262117786377667,2.978424274635315
1789911247578924000,8.162924072265625,1.3331652510374783,1.7369637860879301,3.0235841435715556
1789911247588932900,8.172932861328125,5.104287132805585,1.9687761074483394,3.4343794056415557
1789911247598942000,8.18294189453125,12.951316976237296,3.9593639414712785,6.600015520149469
1789911247608950800,8.19295068359375,16.654340304291246,5.3471419494450085,8.219483684408663
1789911247618960000,8.2029599609375,12.954979590398072,3.764997553668916,6.597474603495002
1789911247628969000,8.212968994140626,7.681970214134454,2.0259788808777928,4.986693019038438
1789911247638978000,8.22297802734375,5.094110022184252,1.0450313229963182,3.740860599017143
1789911247648987100,8.232987060546876,3.014168372711539,0.032543895529117434,2.9548323866456747
1789911247658996000,8.242995849609375,1.0039981786012648,-0.9880696648463606,1.8660458008140324
1789911247669004800,8.2530048828125,-0.048880058503150935,-1.9713328061938284,0.6846627643495797
1789911247679014000,8.263013916015625,-1.0734230124831199,-2.9247607812479135,-0.29178865115642544
1789911247689023000,8.27302294921875,-1.8026935648441313,-4.090575661702454,-1.3974685041218995
1789911247699031800,8.28303173828125,-2.016349759528041,-4.421160784243047,-0.869512551265955
1789911247709041000,8.293041015625,-2.3930296937674282,-4.203618980297446,0.08580839792788028
1789911247719050000,8.303050048828124,-2.401763619843125,-3.1503952907562254,0.5349287144780158
1789911247729059000,8.31305908203125,-2.112949016061425,-1.463977158296108,0.5090583601623774
1789911247739068000,8.32306787109375,-1.6149556552708149,0.11288315959721804,-0.7081605443149804
1789911247749076700,8.33307666015625,0.2768178765177727,0.8961378156021237,-1.8632599694877863
1789911247759085800,8.3430859375,2.7699755854666233,1.0063758675180374,-1.1966764671862125
1789911247769095000,8.353094970703125,2.6051217078745363,0.9488539451368152,0.16043781471550464
1789911247779104000,8.36310400390625,2.0713474241286516,1.1176467696130274,1.148300851073861
1789911247789113000,8.373113037109375,1.9214678283065556,1.3271698100149631,2.43909235676229
1789911247799122000,8.383121826171875,1.4596043500393627,1.1108966377656906,3.5362083795219657
1789911247809130000,8.3931298828125,1.0171624883398414,0.7043849712990224,4.508772139939666
1789911247819139000,8.40313916015625,1.1347276682734488,0.07063815519437193,5.141664969563484
1789911247829148200,8.413148193359374,0.9231564631700515,-0.7017875752169639,5.002517780157923
1789911247839157000,8.423156982421874,0.5645362094953655,-1.3640467115134,4.639045118016004
1789911247849165800,8.433165771484376,0.2207061131954193,-1.9261144850686192,4.469931244891882
1789911247859175000,8.4431748046875,-0.717805155494809,-2.3739365785017608,4.582084044387936
1789911247869184000,8.45318408203125,-1.7464467769652603,-2.7479513851851225,4.581985844710469
1789911247879192800,8.46319287109375,-2.167358651641011,-3.014386983898282,4.60171696561873
1789911247889202000,8.473201904296875,-1.6760224106520414,-3.1793478289961814,4.457260563889146
1789911247899211000,8.4832109375,-1.2808341752976178,-3.3826772754549976,4.184249678438902
1789911247909220000,8.49322021484375,-1.282217738610506,-3.3762247383147477,4.504599238169193
1789911247919229000,8.50322900390625,-0.8999030133545398,-3.0688363669663667,4.896739191868901
1789911247929237800,8.51323779296875,-0.3787561559915542,-2.849397497227788,5.18264696829319
1789911247939246800,8.523246826171874,-0.2557236505627632,-3.0084923729017374,5.76745702727139
1789911247949256000,8.533255859375,-0.35830315054953094,-2.9582307969123125,6.76305270370841
1789911247959265000,8.54326513671875,-1.4339406242117285,-3.1969030671700835,7.213382396048307
1789911247969274000,8.553274169921876,-2.432306934405863,-4.136462675869464,6.677189360722899
1789911247979283000,8.563282958984376,-2.908698996502161,-5.2436505953103305,6.418831270003318
1789911247989292000,8.5732919921875,-4.063137911939621,-5.959399987319111,6.542244299182295
1789911247999300900,8.58330078125,-5.426026101067662,-6.359257383528352,6.093077805402874
1789911248009310000,8.59331005859375,-6.176701260507106,-6.561106236040592,5.118582200139761
1789911248019319000,8.603319091796875,-6.781414874351024,-6.484522178053855,3.802406077826023
1789911248029328000,8.613327880859375,-6.626583209079504,-5.710318843510747,1.997176857024431
1789911248039337000,8.6233369140625,-6.58811465447545,-4.987374571561813,0.43595454550683493
1789911248049346600,8.6333466796875,-6.700374421477317,-4.9495302863359445,-0.5314876341134309
1789911248059354400,8.643354248046874,-5.911389112865924,-5.229268434214592,-1.6899515672832726
1789911248069363500,8.653363525390626,-5.276410124617815,-5.087198050838708,-2.4620921240776776
1789911248079372300,8.663372314453126,-5.028199333903193,-4.2670539261147375,-2.7084417970955372
1789911248089381400,8.67338134765625,-4.647543481770158,-3.336974970205128,-3.4116450112640857
1789911248099390500,8.683390380859375,-4.222510727772116,-2.678511938256025,-5.255296024918556
1789911248109399300,8.6933994140625,-4.4687078405767675,-2.567825996442139,-7.865521777933836
1789911248119408400,8.703408447265625,-5.096981778228282,-2.8137910540565847,-10.807851825881004
1789911248129417500,8.71341748046875,-5.602914115324616,-2.8048429007083175,-13.469098156559467
1789911248139426600,8.723426513671875,-5.694800371861458,-2.4852105493366716,-15.002251142412423
1789911248149435600,8.733435546875,-4.9859986070334905,-2.0671160701692104,-15.182444043433666
1789911248159444200,8.7434443359375,-3.639624914854765,-1.471780525523424,-14.367400748980044
1789911248169453300,8.753453369140624,-2.1769687760293484,-0.8214519924521446,-13.747674274921417
1789911248179462400,8.76346240234375,-1.0939151808917522,-0.2125017639517784,-13.216128773140907
1789911248189471500,8.773471435546876,-0.5036339970260858,0.37418402577042575,-12.298058819454909
1789911248199480300,8.783480224609375,-0.19475787133798003,0.8710913448899984,-11.363140606820583
1789911248209489400,8.793489501953125,0.6191409292556345,1.2046043375760316,-10.436374136459827
1789911248219498500,8.80349853515625,0.955927025328204,1.4791501775085925,-9.182870451158285
1789911248229507300,8.81350732421875,1.587974124842882,1.7547791365027428,-7.909097300288081
1789911248239516400,8.823516357421875,2.5696558422178026,2.0891618977606297,-7.128106497561931
1789911248249525200,8.833525146484375,2.972504821458459,2.662691853311658,-6.409367276087403
1789911248259534300,8.843534423828125,5.889979829612374,3.3871652345240113,-4.93950573592782
1789911248269543400,8.85354345703125,9.392288277620077,4.266699998110533,-2.8162422466009853
1789911248279552500,8.863552490234374,8.140553355556726,5.335085600948333,-1.5742343533039092
1789911248289561600,8.8735615234375,7.92349641251862,5.886483219668269,-0.8793710974574088
1789911248299570400,8.8835703125,6.642887862670421,5.445194911918044,-0.5728747065126896
1789911248309579300,8.893579345703126,5.057853298410773,4.351002083128691,-0.34462300024330617
1789911248319587600,8.903587646484375,3.8743081154763694,2.7810902691990136,-0.8082435513108969
1789911248329596400,8.913596435546875,2.631799286919832,0.8238444405466318,-1.6216384940356015
1789911248339605200,8.923605224609375,2.9743150857508183,-0.1655284158527851,-2.1360300319194794
1789911248349614300,8.9336142578125,3.294248465895653,-0.36010347796976566,-2.241639108860493
1789911248359623400,8.94362353515625,2.5925065564513203,-0.17616496067941187,-1.7151386155098676
1789911248369632500,8.953632568359374,2.1344214276790616,0.29396891780495643,-0.9118944799214601
1789911248379641300,8.963641357421874,1.3165455401480197,0.941277810794115,-0.3320727307498455
1789911248389650400,8.973650390625,0.320025734603405,1.5387608888626099,-0.12057342183887958
1789911248399659500,8.983659423828126,-0.33237083691358565,2.3098481372117994,-0.5489958182752132
1789911248409668400,8.99366845703125,-0.8268734329789876,3.0302164211928844,-1.6394406927078962
1789911248419677400,9.003677490234375,-1.0808359190881252,3.0569506988614794,-2.006730282789469
1789911248429686300,9.013686279296875,-0.3141273242145777,2.876676549297571,-1.706777029877901
1789911248439695400,9.0236953125,0.7354968795299529,2.4969413191407916,-1.9390379717886448
1789911248449704400,9.033704345703125,0.43877018744945523,2.24015208517313,-1.5927613591194152
1789911248459713500,9.043713623046875,-0.5307927106518298,2.013193925845623,-0.6551303803950548
1789911248469722600,9.05372265625,-0.3437888875067234,0.7211816461905837,1.0173878215283154
1789911248479731200,9.063731201171874,1.3090373564749955,-0.24875994902998208,1.663369265305996
1789911248489740300,9.073740234375,-0.03295885127186775,0.014297405421733855,1.5510457854181527
1789911248499749400,9.083749267578124,-0.5896083991706371,-0.7217123920664191,2.958767972528934
1789911248509758500,9.093758544921876,-1.5307120224416255,-1.8913167279317975,3.2548283096551893
1789911248519767600,9.103767578125,-0.8778280327338724,-2.262910737209022,3.733893098092079
1789911248529776400,9.1137763671875,-0.41013453313894566,-2.703561039316654,3.0209353826284406
1789911248539785500,9.123785400390625,-1.5356097313553094,-1.8117536541342734,3.0447610793739557
1789911248549794600,9.133794677734375,-1.4472629009909928,-0.48308220738470553,3.72628203856647
1789911248559803400,9.143803466796875,-0.12820976193621753,-1.2631100102975963,4.572842753311991
1789911248569812200,9.153812255859375,1.0229692749224601,-1.2682587713629005,5.201770770958066
1789911248579820300,9.1638203125,-1.8244021233052015,3.2426091718122363,5.744951180952787
1789911248589829400,9.173829345703124,0.25482567880973217,0.8472101185649633,5.487533001431823
1789911248599838500,9.18383837890625,2.6879376459881663,-2.5123098609253764,4.050892762872577
1789911248609847300,9.193847412109376,0.2584019298613071,-2.2130036737456917,3.183089938133955
1789911248619856400,9.2038564453125,-1.1194070572838186,-1.5573901860088109,2.2909610659122466
1789911248629865500,9.213865478515626,-0.03622749767899513,-2.7407652730733156,1.3502818055331707
1789911248639874600,9.22387451171875,-1.3049635311648249,-4.506261033901572,0.2898766800552606
1789911248649883400,9.23388330078125,-3.5537756003946064,-6.323144452139735,-0.569914103141427
1789911248659892200,9.243892333984375,-4.7447819129899145,-9.108403531455993,-1.5341361516714096
1789911248669901300,9.2539013671875,-4.1437908268004655,-11.142799235284327,-3.3938533339858052
1789911248679910400,9.263910400390625,-3.0122464647382494,-9.288893369597195,-2.6891736175239083
1789911248689919500,9.27391943359375,0.15294117534980178,-5.487307375982404,-0.3348182300657034
1789911248699928600,9.283928466796874,3.8697184495985506,-2.607334123227,1.0776315700888632
1789911248709937400,9.2939375,0.9990046080976724,-1.4506097272008656,2.4384043744981287
1789911248719946500,9.303946533203124,0.14688465178981422,-2.4077795191317795,2.6344880876123904
1789911248729955300,9.313955322265626,1.0058639724731444,-3.0339830802500245,1.1136579922378063
1789911248739964400,9.32396435546875,-1.1554004539459943,-3.7372850786179304,-0.7615618796348571
1789911248749973200,9.33397314453125,0.011948796468973158,-4.359512137320637,-3.0235300752967595
1789911248759982300,9.343982421875,-1.1456903763145208,-4.431073983231187,-3.1977444864302873
1789911248769991400,9.353991455078125,0.6182423729807138,-3.097639267602563,-3.1447306891232727
1789911248780000500,9.36400048828125,0.40240591164827344,-1.1734200947612523,-2.7771085060864684
1789911248790009600,9.374009521484375,-3.726343413364887,-0.41416123137176036,-2.3436054453849793
1789911248800018400,9.384018310546875,-5.9146565902292725,-0.8525099785387515,-3.8220056813091037
1789911248810027300,9.39402734375,3.566284953355789,-0.22496493968367576,-5.7752890360713005
1789911248820036400,9.404036376953124,-1.0201238954287022,2.090684577283263,-7.220516485711932
1789911248830044400,9.41404443359375,0.050022287340834734,3.173368754586577,-8.53380331632495
1789911248840053200,9.42405322265625,1.7639128755509852,4.668077151232958,-9.58818085207641
1789911248850062300,9.434062255859375,4.577859704691171,6.595702917647361,-9.870837517750262
1789911248860071400,9.444071533203125,4.669980354505777,7.7792235506623975,-9.457512152680755
1789911248870080500,9.45408056640625,5.482338355398178,7.983821994143724,-8.57903011301756
1789911248880089600,9.464089599609375,5.02035329657793,6.946679086309671,-6.759702224236726
1789911248890098400,9.474098388671875,3.924759368818998,5.293620202615857,-4.388205147841573
1789911248900107300,9.484107177734375,3.6887422892451283,4.390488290342688,-1.7614654823988676
1789911248910116400,9.494116455078125,3.295287745815515,3.981389018535614,0.7086480355709791
1789911248920125400,9.50412548828125,3.297858473086357,3.3971845242351293,3.031934915548563
1789911248930134300,9.51413427734375,3.276332577715814,2.961459695830941,4.661199082157015
1789911248940143400,9.524143310546876,3.102036625778675,1.9206568041846155,5.660561417651176
1789911248950152400,9.53415234375,2.118990049791336,1.6487854441583156,5.280631541705131
1789911248960161500,9.54416162109375,0.2655016057986766,1.5158809485346079,2.816815662574768
1789911248970170600,9.554170654296875,-0.2848468326618895,0.43813568893820043,3.4734681379705665
1789911248980179200,9.56417919921875,-0.5850643260002136,0.5660483676239848,2.6832477346062658
1789911248990188300,9.574188232421875,-0.3477437626123428,0.6645125412464141,3.39804143332541
1789911249000197400,9.584197265625,0.2259066227142699,0.1512915084466338,3.3532372459590434
1789911249010206500,9.59420654296875,-1.1619459300667048,-0.14317980592250823,1.8535393704622982
1789911249020215600,9.604215576171875,-3.2315660920113323,-1.5109092976018785,1.184151916655898
1789911249030224400,9.614224365234374,-5.543966836315393,-2.5821649029180405,1.7863351352393626
1789911249040233500,9.6242333984375,-5.871117892754078,-2.956435145667195,3.0183079567342994
1789911249050242300,9.6342421875,-5.614738408631086,-2.885535563057661,4.67821860601902
1789911249060251400,9.64425146484375,-4.494914294978976,-3.4908889361098407,5.587159496831894
1789911249070259500,9.654259521484375,-2.553504333361983,-3.573394493100047,4.892635848203301
1789911249080268300,9.664268310546875,0.4217284517556429,-2.9486741562768817,4.4597441973984235
1789911249090277400,9.67427734375,2.978366114707291,-1.6547908220529555,4.902467506387829
1789911249100286500,9.684286376953125,4.665646124693751,-0.46083267391473054,5.091183905604481
1789911249110295300,9.69429541015625,4.503718363681435,-0.11950710778161883,5.470160426348447
1789911249120304400,9.704304443359375,1.3814146104216576,1.740769169720262,7.491124401673674
1789911249130313500,9.7143134765625,-0.36161534383744,1.1245096411198376,8.123733738180995
1789911249140322600,9.724322509765624,-0.37653044276610015,-1.0152852962911127,7.29193044758439
1789911249150331400,9.734331298828126,-1.7893991989850997,-1.7080913273468612,5.625561415940523
1789911249160340200,9.74434033203125,-0.709558136153221,-4.559529390491545,2.455735448527336
1789911249170349300,9.754349365234376,-2.446584904474765,-6.738234488794207,1.323382108169794
1789911249180358400,9.7643583984375,-5.5299026551276445,-8.74413650406599,-0.8341098139733075
1789911249190367500,9.774367431640625,-5.90190524520576,-9.964957232427597,-3.9312323642253872
1789911249200376600,9.78437646484375,-2.978710690361261,-10.612264956372975,-7.915168144634365
1789911249210385400,9.794385498046875,-3.0725837368011475,-9.013994478443264,-9.504075166413188
1789911249220394500,9.80439453125,-0.8092066972546279,-5.467714786761999,-9.22538389723897
1789911249230403300,9.8144033203125,2.1447866082184017,-0.906558964112401,-8.143408744987845
1789911249240412400,9.824412353515624,3.9722839210599656,3.0345079809069633,-6.997498003920913
1789911249250421500,9.83442138671875,4.652970182994008,4.417191296090185,-4.956376791229844
1789911249260430300,9.844430419921874,4.374042766976356,3.529924769207835,-4.375903300151228
1789911249270439400,9.854439453125,2.7759675193578004,0.2847194434225559,-5.80848637227416
1789911249280448500,9.864448486328126,0.5841348631303757,-2.234189377376437,-6.577898965409398
1789911249290457600,9.87445751953125,-0.1826303938338533,-3.2988246877700087,-7.047855733761191
1789911249300465400,9.88446533203125,0.32625323081612584,-3.449765190821886,-6.733807320001721
1789911249310474500,9.894474609375,-0.0003238274101749994,-2.738540875022113,-5.434711511826515
1789911249320483300,9.9044833984375,-0.13643909949064253,-1.386186354868114,-4.999723181003332
1789911249330492400,9.914492431640625,0.5119207638561726,0.9021490387156605,-3.0516081687897443
1789911249340501200,9.924501220703124,2.079004076361656,3.1284269123151898,-1.2275947525411843
1789911249350510300,9.93451025390625,2.9986709438502785,4.227033758154511,-0.10926350779533385
1789911249360519400,9.94451953125,2.870745990204811,3.7049274081096053,0.8722264863997697
1789911249370528500,9.954528564453126,2.1093185506045815,2.3946406360954047,0.7836901248127222
1789911249380537600,9.96453759765625,0.8479284959673881,1.6531854326829314,0.4508464096903801
1789911249390546400,9.97454638671875,0.12609540013074874,1.4258429502129555,1.4514841719478369
1789911249400555300,9.98455517578125,-0.46356443696618077,1.3432038299709557,2.0879028376102444
1789911249410564400,9.994564453125,-1.094728835362196,1.8926076445251703,3.4425229646086692
1789911249420573400,10.004573486328125,-1.6175778204679487,2.756585065756738,5.15189176454544
1789911249430582500,10.01458251953125,-1.2353893519401549,2.4796754193022847,5.271406617242097
1789911249440591400,10.02459130859375,-1.0293372025191783,1.6209452510744333,4.622105089130997
1789911249450600400,10.034600341796875,-0.3854121067494154,0.4776087444096803,4.163851618054509
1789911249460609500,10.044609619140624,0.11632745483219623,-1.3163187456548213,3.258213860440254
1789911249470618400,10.054618408203124,-0.9340104501396417,-1.9063652439817784,2.4895213982731104
1789911249480627200,10.064627197265626,-1.6610317622691393,-1.1752268519222735,2.220866369944811
1789911249490636300,10.07463623046875,-1.5788760416299104,-0.26368133156895635,2.4124130241513253
1789911249500645400,10.084645263671876,-1.361996793246269,0.5253071919128298,2.4785323867470024
1789911249510654500,10.094654541015625,-0.8709545667678117,1.020348424899578,2.206995080980658
1789911249520662300,10.104662353515625,-0.2369926831403747,0.9058335724472999,0.9747954649925231
1789911249530671400,10.11467138671875,0.27703641463927925,0.9054013185098767,0.6121405489742755
1789911249540680400,10.124680419921875,0.9034042264085262,1.0757011865481734,0.950765185585618
1789911249550689500,10.134689453125,1.37012690820992,1.0899901164025068,0.6249608675807714
1789911249560698600,10.14469873046875,1.3394067757755517,0.7746472789183259,-0.024170564660429952
1789911249570707200,10.154707275390624,0.6066857906997204,0.09340250631868839,-0.7038491108566522
1789911249580716300,10.16471630859375,-0.3616748189397156,-0.23994302084594962,-0.9842436768174171
1789911249590725400,10.174725341796876,-0.6496931577771902,-0.14455913145169616,-0.6382587405711412
1789911249600734500,10.184734375,-0.7024790646124631,0.02446224108338356,-0.13472878844141958
1789911249610743600,10.19474365234375,-0.650840574246645,0.13086480648964643,0.35587387757599354
1789911249620752400,10.20475244140625,-0.5231185227621347,0.12180267137289047,0.6753676972597837
1789911249630761500,10.214761474609375,-0.37500060285031794,0.14099793183878062,1.0021399835139513
1789911249640770600,10.2247705078125,-0.18613880381360648,0.28896847916916013,1.1129174030035733
1789911249650779400,10.234779296875,0.018626812928169964,0.5623844382889569,1.0363508806735278
1789911249660788200,10.244788330078125,0.9248983384013175,0.22102847701758144,0.6989052247136831
1789911249670797300,10.25479736328125,0.797959473183751,-0.7598093368791043,-0.0942430487960577
1789911249680806400,10.264806396484374,-0.29662973451204594,-1.3985770498856902,-0.46075405572056766
1789911249690815500,10.2748154296875,-1.1056827755749226,-1.6658368244633077,-0.6007996552705764
1789911249700824600,10.284824462890626,-1.320717272874713,-1.6136856353349982,-0.4200912059426307
1789911249710833400,10.29483349609375,-0.8122213689006864,-1.1719305868558585,-0.003505377772450447
1789911249720842200,10.30484228515625,-0.08561623635664582,-0.9499955163873731,0.1875228055179119
1789911249730850600,10.3148505859375,0.46289852040335533,-0.6025540977224707,0.5068219794124365
1789911249740859400,10.324859375,1.0479483794867992,-0.3019754063889384,1.1922504674375056
1789911249750868200,10.3348681640625,0.8174477252468466,0.45548605218976734,1.7238000608712434
1789911249760877300,10.344877197265625,0.6267727393083274,0.9804450151868164,2.1262860520184037
1789911249770886400,10.354886474609375,0.32378888652920723,0.6674728523567318,1.7347738748282193
1789911249780895500,10.3648955078125,1.4370973346769809,-1.202049246265739,-0.27334581649303435
1789911249790904600,10.374904541015624,0.3908893691167235,-1.7059006854347885,-1.4581541512310503
1789911249800913400,10.384913330078126,-0.29521994077935815,-1.2681550187274813,-1.0227601622164249
1789911249810922500,10.394922607421876,0.25390871009528637,-1.9338680218048392,-0.002885200047492981
1789911249820931300,10.404931396484375,-0.0976677625477314,-1.5334502152338623,1.2368874815434217
1789911249830940400,10.4149404296875,-0.8386506722733378,-0.7849944854095577,1.8809061008155346
1789911249840949200,10.42494921875,-0.87794223369807,-1.0702365644667298,0.9446189379155635
1789911249850958300,10.434958251953125,-0.81511022220999,-2.556936353637278,-1.937213094449043
1789911249860967400,10.444967529296875,-1.1229586122855544,-2.535869307950139,-2.664189398393035
1789911249870976500,10.4549765625,-1.1205819462820887,-0.01783537028953433,2.5820728407204148
1789911249880985600,10.464985595703125,0.20563333948701618,1.7995266252458095,6.49689826002419
1789911249890994400,10.474994384765624,-0.05920856029391289,0.776319888305664,2.553094583517313
1789911249901003300,10.485003173828124,-0.7012643550604581,-0.9084995767861604,-0.7933242145985364
1789911249911012400,10.495012451171876,-0.6467939292043448,-1.8748837717860936,-4.202719985631108
1789911249921021400,10.505021484375,-1.0129910478740929,-1.72088285825029,-6.397570455309748
1789911249931029200,10.515029296875,-0.5992658698320389,-0.7371772338323295,-6.223190039959549
1789911249941038300,10.525038330078125,0.17462036158591507,0.7617024571493267,-4.6639060030281545
1789911249951047400,10.53504736328125,0.45992549594193693,1.8225187937766312,-3.1541859152108427
1789911249961056500,10.545056396484375,0.9354751158647239,2.176368764309585,-2.405681085547805
1789911249971065600,10.555065673828125,1.3537655559957027,2.352230211997777,-2.5954461170345544
1789911249981074400,10.565074462890625,1.535373584511876,2.630624105660617,-3.803867967072129
1789911249991083300,10.575083251953124,1.2309773807168005,2.562432320705056,-5.126625805863738
1789911250001092400,10.58509228515625,1.5402014430597424,2.4969094626978037,-6.2027931486189365
1789911250011101400,10.595101318359376,2.2374375655174252,2.895061808554828,-6.400854883807897
1789911250021110300,10.6051103515625,2.404456366058439,3.45857861187458,-5.623717249378561
1789911250031119400,10.615119384765626,2.5835996118962763,3.786172735905647,-3.9308196917712688
1789911250041128400,10.62512841796875,2.5826877577483653,3.9286750809580084,-2.214949839377403
1789911250051137300,10.63513720703125,2.341944672565907,3.7150013506174084,-0.8234247538298368
1789911250061146400,10.645146484375,1.7491206723496318,3.2175989414572714,0.2954641247987747
1789911250071155200,10.6551552734375,0.45724633986055846,2.8746880058288573,1.4968343027591704
1789911250081164300,10.665164306640625,-0.6673930651187896,2.5281398827418684,3.6643162885189056
1789911250091173400,10.67517333984375,-0.5701875132553279,1.7901142153866587,5.709463103464246
1789911250101182200,10.68518212890625,-0.7055716968655585,0.7079207442097365,7.138079025521874
1789911250111191300,10.69519140625,-0.6811030260413885,-0.6175095286615192,8.30347071212828
1789911250121199400,10.705199462890626,-0.7787387860156595,-1.5220663591712713,9.145028504019976
1789911250131208400,10.71520849609375,-1.0065906793124972,-1.675506570084393,10.864427699583768
1789911250141217300,10.72521728515625,-1.8839140504598617,-1.335415075790882,13.11962654724121
1789911250151226400,10.735226318359375,-1.3713129031240938,-0.2207412941066548,13.920297617471217
1789911250161235500,10.7452353515625,-0.26221082062497736,0.05070151090980507,13.144563420099018
1789911250171244300,10.755244384765625,0.30968861111477014,0.12048318627215922,11.734105086022614
1789911250181253400,10.76525341796875,0.9140199476428329,0.09327201180681585,8.84243905738592
1789911250191262200,10.77526220703125,1.475788592121005,-0.033981180056929586,6.396468631547689
1789911250201271300,10.785271240234374,1.65392456061244,-0.07944412359297275,5.31204082544744
1789911250211280400,10.7952802734375,2.250957556825876,0.5896914012789726,5.435974663630128
1789911250221289500,10.80528955078125,3.191161016386747,-0.28510785821825263,6.148547179168462
1789911250231298300,10.81529833984375,4.054479973709583,-3.0017051969796418,6.365132997563481
1789911250241307100,10.82530712890625,3.2709137675374746,-6.638755292910337,4.56268259382546
1789911250251316200,10.835316162109375,-1.2206821966737509,-9.690298579770326,-0.28995032981336116
1789911250261325300,10.8453251953125,-9.471455922359228,-8.800062973949313,-5.906169332391023
1789911250271334400,10.85533447265625,-14.146696973872183,-8.530214351922274,-10.274899964433908
1789911250281343200,10.86534326171875,-12.994175290232896,-9.84408044372797,-14.354803133213519
1789911250291352300,10.875352294921875,-10.247374828648567,-9.994052394008635,-15.45882820470929
1789911250301361400,10.885361328125,-4.656669622033834,-8.004614022281766,-12.747522250354288
1789911250311369500,10.895369384765624,0.45441550034880634,-5.4452516105413435,-9.482953467929363
1789911250321378300,10.90537841796875,14.416273793220519,-5.763083049970865,-5.709799788072705
1789911250331387400,10.915387451171876,13.507634515702724,-2.7800656023263928,-1.9126205049842595
1789911250341396200,10.925396240234376,7.860987057113647,1.3872282651364802,0.2694341960072517
1789911250351405300,10.9354052734375,6.285564955329894,2.879972083711624,1.1206395216882228
1789911250361414400,10.945414306640625,4.352454035502672,3.156135295712948,1.11878015755713
1789911250371423200,10.95542333984375,2.536439801314473,3.1128420974314213,0.9395821127921342
1789911250381432300,10.965432373046875,0.6329219095878302,2.961935496649146,0.927042364692688
1789911250391441400,10.97544140625,-0.6382505572646856,3.3218057503849265,1.2772504715919495
1789911250401450500,10.985450439453125,-1.268183368039131,3.7412054669320582,1.4560942960917949
1789911250411459300,10.995459228515625,-1.4290303480774162,4.027545789554715,1.6235989804536104
1789911250421468200,11.00546826171875,-1.4051467836648226,4.162230738854408,1.618679644230008
1789911250431477200,11.015477294921874,-1.3962228879749774,4.056550934764743,1.1971312252163886
1789911250441486300,11.025486328125,-1.6372896521538496,3.946999842199683,0.9134007928311825
1789911250451495400,11.035495361328126,-1.9049340421348808,3.6996564819693565,0.8128875777244567
1789911250461504300,11.045504150390625,-1.977758455327153,3.5383652652949094,0.6228869839161634
1789911250471513300,11.055513427734375,-1.8308616747081279,4.25665265134871,1.037741458249092
1789911250481521400,11.065521484375,-1.8211779005616902,4.71594774043262,1.4289268877029417
1789911250491530500,11.075530517578125,-1.651606346797943,5.277627099192142,2.0507798523962495
1789911250501539300,11.085539306640625,-1.6433955678135155,5.753570540738106,2.94600990550369
1789911250511548200,11.095548095703125,-1.6863772159278392,5.625042360502481,3.6333068177491423
1789911250521557200,11.10555712890625,-1.2845756999135016,5.58513354396224,3.7119036768630145
1789911250531566300,11.11556640625,-1.0487176102936266,5.175642057967186,3.703601420202851
1789911250541575400,11.125575439453126,-0.7520949631094932,4.492292129781842,3.194570532569289
1789911250551584300,11.135584228515626,-0.5867863274872303,2.947179241544008,2.3204469803765413
1789911250561593300,11.14559326171875,-0.32784890250973403,0.4775783492714166,1.9490769891135393
1789911250571602400,11.1556025390625,-0.012611571226641536,-2.592332368928194,1.6388444803804159
1789911250581611500,11.165611572265625,-0.7116694292187691,-6.313761706766486,1.0405734668046236
1789911250591620000,11.1756201171875,-2.6300153261125088,-10.816609132832289,-0.12746782099511475
1789911250601629200,11.185629150390625,-4.022749787449836,-14.61655671159029,-1.1270759844765066
1789911250611638300,11.19563818359375,-5.077809460246563,-16.23612775170207,-1.9388348504319786
1789911250621647400,11.2056474609375,-5.145243412572145,-15.414337905597685,-1.8879691710695623
1789911250631656400,11.215656494140624,-4.094429706782102,-11.85397883515954,-0.4222052389545366
1789911250641665300,11.225665283203124,-2.862297310811281,-7.162474631109833,1.424453395550698
1789911250651673300,11.23567333984375,-1.9470003289699553,-3.44429289689064,2.2401837954856454
1789911250661682400,11.245682373046876,-1.1637070945203303,0.11291852317154406,1.8703287388302385
1789911250671691500,11.25569140625,-0.7075099714517593,2.0741262411922214,1.8111226627543568
1789911250681700400,11.265700439453125,0.11944061841666698,3.279031607541442,2.238908222591877
1789911250691709200,11.275709228515625,3.1085049450099467,4.7032612773388625,3.710020639595389
1789911250701718300,11.28571826171875,4.021128323727846,4.078587994527816,4.700115380528569
1789911250711727400,11.295727294921875,3.010761779138446,2.47788415197134,4.51267002416104
1789911250721736400,11.305736328125,2.4165268892109393,1.2097101362824438,4.01310108461678
1789911250731745300,11.315745361328124,1.9064637359201908,0.35994624158143995,3.370697791586816
1789911250741754400,11.32575439453125,1.5476514668047427,-0.07182780337035656,2.5676310583919286
1789911250751763500,11.335763427734374,1.187339314520359,-0.3979290584951639,1.7324701279304922
1789911250761772300,11.345772216796876,0.8855015630364418,-0.8060498406589031,0.9805191033363342
1789911250771781000,11.355781005859376,0.5210778837800025,-1.3945406339764594,0.3458297456845641
1789911250781790200,11.365790283203125,0.0348480625519529,-1.4597598328620194,-0.0617011077620089
1789911250791799300,11.37579931640625,-0.4097801667433232,-1.2015835284501313,-0.3390570366792381
1789911250801808400,11.385808349609375,-0.713702396351099,-0.3318132030308246,-0.44865101853795347
1789911250811816200,11.395816162109375,-0.9451964455425739,-0.5442015697360039,-0.6385457408189773
1789911250821825300,11.4058251953125,-1.0897814420878886,-0.5683551832616329,-0.6857520939562469
1789911250831834400,11.41583447265625,-1.17959790661335,0.30655016695857046,-0.6308994638495147
1789911250841843500,11.425843505859374,-1.2040677464812994,0.22857085522115228,-0.8424991643950343
1789911250851852500,11.4358525390625,-1.1759013901829718,-0.19540800580978393,-0.9728509798612445
1789911250861861000,11.445861083984376,-1.105564117631316,-0.0539402645021677,-0.9726046769499778
1789911250871870200,11.4558701171875,-0.9444687157899141,-0.03423836968839168,-0.9107936790727078
1789911250881879300,11.46587939453125,-0.8227291727811098,-0.26664018137454987,-0.7487496712695807
1789911250891888400,11.475888427734375,-0.7319657827943563,-0.4980582427203655,-0.43534613128490746
1789911250901897500,11.4858974609375,-0.5827998881995677,-0.4602338312387466,-0.01791428074464202
1789911250911906300,11.49590625,-0.41186756747663017,-0.36482524579465386,0.42610973557978865
1789911250921915400,11.505915283203125,-0.23985154317021368,-0.3279337312489748,0.8478601069062948
1789911250931924200,11.51592431640625,-0.07374561969041823,-0.3386497710525989,1.2277926132008432
1789911250941933300,11.525933349609375,0.14719430226087568,-0.38400750064849853,1.5426692944779992
1789911250951942100,11.535942138671874,0.4551064052224159,-0.4387456375300884,1.7831321014143526
1789911250961951200,11.545951171875,0.8614414730131625,-0.4844844753980636,1.6490004020832478
1789911250971959300,11.555959228515626,1.3220482292175293,-0.5704863500714302,1.149391788115725
1789911250981968400,11.565968505859376,1.7206325367510318,-0.6543365996688604,0.616475290242955
1789911250991977200,11.575977294921875,1.9870804104238748,-0.7376356451243161,0.21082586662881075
1789911251001986300,11.585986328125,2.113131971412897,-0.8263006015270948,-0.16831768124513327
1789911251011995400,11.595995361328125,2.11553201829195,-0.8554612295597791,-0.5273307336296886
1789911251022004500,11.60600439453125,1.9949702868908643,-0.7880144177526235,-0.7266806819982826
1789911251032013300,11.616013427734375,1.8021715867966412,-0.7075462118089199,-1.0051629115317016
1789911251042022100,11.626022216796875,1.5463818852603435,-0.5051373873263597,-1.1017730547852813
1789911251052031000,11.636031005859374,1.2706366064101458,-0.23007599908709525,-1.1909721911299973
1789911251062040000,11.6460400390625,1.0062222843915223,0.05731120223999023,-1.2639921999596058
1789911251072049200,11.656049072265626,0.7657225795108824,0.31078152091801164,-1.3906814743302762
1789911251082058200,11.666058349609376,0.5592564789941534,0.4573158979654312,-1.615315136232972
1789911251092067300,11.6760673828125,0.2839455364406109,0.5863239706724882,-1.7873741228982805
1789911251102076200,11.686076171875,0.05930215686149895,0.727046446570754,-2.0294833818674087
1789911251112085000,11.6960849609375,0.08121464039683342,0.763043058103323,-2.3389621496237814
1789911251122093300,11.70609326171875,0.4108300411224365,0.7911603145629167,-2.6130419794797897
1789911251132102100,11.71610205078125,0.7607242597669363,0.7146294480681419,-2.8572306750714778
1789911251142111000,11.726111083984375,0.6198872175782919,0.4593225616127252,-2.9120012529179453
1789911251152120000,11.7361201171875,0.37237624569609756,-0.020476970839500425,-2.914388440315425
1789911251162129200,11.746129150390624,0.1427637724675238,-0.7314940736293792,-2.630830149626732
1789911251172138200,11.75613818359375,0.03413374027013778,-1.5185124660819769,-2.3996790686540304
1789911251182147300,11.766147216796876,-0.12111249715164303,-2.22562379360497,-1.9695009145915507
1789911251192156200,11.77615625,-0.1514380773104727,-2.8145208296358586,-1.6393139975883066
1789911251202165200,11.786165283203125,0.4405564863443374,-3.1998259688794612,-1.191208411038667
1789911251212174000,11.796174072265625,1.1230594423115252,-2.8518805462151766,-0.4809383272238075
1789911251222183200,11.80618310546875,1.1317021829724312,-2.1674112586110827,-0.4000172629460692
1789911251232192000,11.81619189453125,0.8426138768158853,-1.7439070293545722,-0.624075901439786
1789911251242201000,11.826201171875,0.8752734528802335,-1.523264044523239,-0.657381081931293
1789911251252210200,11.836210205078125,1.2797417038857937,-1.371493520388007,-0.5758206968367099
1789911251262219300,11.84621923828125,1.3284589730426668,-1.2625304568439721,-0.448336180435121
1789911251272227000,11.85622705078125,0.7014145771861076,-1.1639788971990346,-0.31334874105751515
1789911251282236200,11.866236083984376,0.13741203617602585,-1.098119062322378,-0.3182382666647434
1789911251292245200,11.876245361328126,0.0807885239392519,-1.0458160436332224,-0.11448474957495927
1789911251302254000,11.886254150390625,-0.5158803151369095,-0.6701257049530744,0.26731881128847595
1789911251312263200,11.89626318359375,-1.4843559294581412,-0.07730068182349205,0.913313991330564
1789911251322272000,11.90627197265625,-2.24196118042171,0.4962807116538286,1.725342906399071
1789911251332281000,11.916281005859375,-2.601043498650193,0.9602361937642097,2.4947484852716326
1789911251342290200,11.926290283203125,-2.284680670468509,1.439848094689846,3.2028184286937114
1789911251352299300,11.93629931640625,-1.895036332976818,1.8082307407051323,3.3794308408796785
1789911251362308400,11.946308349609374,-1.5900100145846605,2.1779642168074846,3.370698376108706
1789911251372317200,11.956317138671874,-1.4861772996664047,2.472778353264928,3.009582506226003
1789911251382326000,11.966325927734376,-1.4341110123425722,2.5146815584927795,2.242011449304223
1789911251392335000,11.976335205078126,-1.2170344878211616,2.317087440815568,1.4675669994816183
1789911251402344200,11.98634423828125,-1.0936392865598201,2.2837954120665787,1.0467109466463327
1789911251412353000,11.99635302734375,-1.2324316711783407,2.152363911604881,0.9438523374572396
1789911251422361000,12.006361083984375,-1.5567755612418055,2.057235312145948,0.9625175826996565
1789911251432370200,12.0163701171875,-1.6347756235063076,1.9747417378544807,0.8908809179872273
1789911251442379300,12.026379150390625,-1.4543459911197423,1.991346835696697,0.8319719251617789
1789911251452388000,12.03638818359375,-1.4178396764993666,1.9239689974725245,0.6954711586117744
1789911251462397200,12.046397216796874,-1.2653715254887938,2.0334481938451527,0.5261892354443669
1789911251472406300,12.05640625,-1.1347399432331322,2.2233540951073167,0.3793392165765166
1789911251482415000,12.0664150390625,-0.913737477439642,2.1632138069212434,0.17297610151022672
1789911251492424200,12.076424072265626,-0.9807271931290626,2.110450184983015,-0.17161942620426415
1789911251502433000,12.08643310546875,-0.5197521881341934,1.86086576782763,-0.33785394449979067
1789911251512442000,12.096442138671875,-0.26685820803940297,1.5534049157649277,-0.4616723396092653
1789911251522451200,12.106451171875,-0.16664660622775554,1.3868898269623517,-0.4766068738907575
1789911251532460300,12.116460205078125,-0.3483767998188734,1.3760820172220467,-0.4121896390378475
1789911251542469400,12.126469482421875,-0.2681763049006462,1.445524971282482,-0.07144231118410825
1789911251552478000,12.13647802734375,0.4207072920143604,1.6805664838224648,0.23493045338094234
1789911251562486300,12.146486328125,0.7723369561493396,1.6148118628859518,-0.057576282916963095
1789911251572495000,12.1564951171875,1.1491297031134367,1.3944418497771023,-0.2989139729917049
1789911251582504200,12.166504150390624,1.4797399600952863,1.5719868666380643,-0.2034448895320296
1789911251592513000,12.176512939453126,1.2703197955459355,1.6624632563769817,-0.263243816934526
1789911251602522000,12.186522216796876,1.1334756223857403,1.6332383309364318,-0.25289748722612854
1789911251612531200,12.19653125,1.4913506106510757,1.7229256161242723,-0.11734247709363699
1789911251622540300,12.206540283203125,2.092181830103695,1.8433909014135599,-0.10933394268304109
1789911251632549000,12.216549072265625,2.275470066791773,2.013005709797144,-0.337829102319479
1789911251642558200,12.22655810546875,2.120118469299376,2.0913217061430216,-0.4624824869483709
1789911251652567000,12.236567138671875,2.0845532349213958,2.0318723228305577,-0.4243859805271029
1789911251662576000,12.246576171875,1.9718495235443114,1.8752981978058814,-0.3867874867558479
1789911251672585200,12.256585205078125,1.957027509726584,1.593410762938857,-0.5760737948149443
1789911251682594000,12.266593994140624,2.146748702071607,1.2039882515043019,-1.1019196236491202
1789911251692603100,12.27660302734375,2.451781157943606,0.8745061217695475,-1.4890268438786267
1789911251702612200,12.2866123046875,2.5615993770122527,0.5175771821826696,-2.033055979657173
1789911251712620300,12.296620361328126,2.1711194654792547,0.235458861169219,-2.721127091145515
1789911251722629000,12.306629150390625,1.6357374542757868,0.24963585508167743,-2.9874110064283013
1789911251732638200,12.31663818359375,0.9516311547651887,0.3316343393325806,-3.075745415702462
1789911251742647300,12.326647216796875,0.5285764228418469,0.2409878537237644,-2.6555828980892895
1789911251752656100,12.33665625,0.4976660285323858,-0.105188221180439,-1.6476126009866594
1789911251762665200,12.346665283203125,0.7083972756803035,-0.7880792996823788,-0.312455591610074
1789911251772674000,12.356674072265625,0.7393249133855104,-1.8154349729955195,0.9120765584900975
1789911251782683100,12.36668310546875,1.0107470683395863,-2.9291701221227644,1.7434490564540028
1789911251792692200,12.376692138671874,1.6600941891580818,-3.9374084225118158,2.202764749934524
1789911251802701300,12.386701416015624,2.9697055461287496,-4.765882276424765,2.7763679168522355
1789911251812710100,12.396710205078126,4.606352808725833,-5.631092162060737,2.806698465447128
1789911251822719000,12.406718994140626,5.489153296110033,-6.606992957946658,1.6670445928178728
1789911251832728000,12.41672802734375,4.630538863216341,-6.790678961780667,-0.13184607261195777
1789911251842736000,12.426736083984375,2.9358412704497576,-5.138227980852127,-1.1572928435638545
1789911251852745000,12.436744873046875,1.33832351058349,-1.9113304651737213,-0.1006347956597805
1789911251862754000,12.446754150390625,0.033380291554331774,0.3647375675112009,1.3678155625276267
1789911251872763100,12.45676318359375,-1.0251038027331232,1.1552870566993951,2.6808646388620136
1789911251882772200,12.466772216796874,-1.6609437917247414,1.116965217089653,3.280497296179831
1789911251892781300,12.47678125,-2.194626159403473,1.0838286711633205,3.445409918221831
1789911251902790100,12.4867900390625,-2.5607354536592957,1.2556126402795313,3.358357073190808
1789911251912799200,12.49679931640625,-2.758321388030052,1.4802730440586804,3.067387921723723
1789911251922808000,12.50680810546875,-2.793410237067938,1.7157798360228538,2.8612314351454375
1789911251932817200,12.516817138671875,-2.781697002920508,1.9248557171791791,2.7453713055640456
1789911251942826200,12.526826171875,-2.8221470867305993,1.9700661472588776,2.6014845204159616
1789911251952835000,12.5368349609375,-2.9346815790206193,1.8173557119250296,2.5029659862577915
1789911251962844200,12.54684423828125,-3.1161551675021646,1.459186416888237,2.493787239024043
1789911251972853200,12.556853271484375,-3.2608371946811676,0.8120996422171592,2.433561756772548
1789911251982861000,12.566861083984374,-3.4564760866373776,-0.02448620648086071,2.2096796438895163
1789911251992870100,12.5768701171875,-3.700431557995081,-0.7135609420537948,1.8574162118956445
1789911252002879200,12.586879150390626,-3.7506139312684534,-1.2013339376032353,1.4485538175843655
1789911252012888300,12.596888427734376,-3.63560574234128,-1.4501269121199845,0.9437954927034675
1789911252022897200,12.606897216796876,-3.36228856742084,-1.4727707056045531,0.4596002095103264
1789911252032906000,12.616906005859375,-3.068092855122685,-1.2425649426579475,0.0042434827886521816
1789911252042915000,12.6269150390625,-2.5485095938146114,-0.8754863649785518,-0.3083792820818722
1789911252052924000,12.636923828125,-1.9844722737520932,-0.43232700265944,-0.6196218446403742
1789911252062933000,12.64693310546875,-1.4259002333581448,-0.17327976063191888,-1.0796513854786753
1789911252072942000,12.656942138671875,-0.9786544054429978,0.27110592861175536,-1.3966203628599643
1789911252082951000,12.666950927734375,-0.4909089554876089,0.4697106846362352,-2.0138626188874245
1789911252092960000,12.6769599609375,0.07694410520447417,-0.23636720818579196,-2.8328943984553216
1789911252102968800,12.68696875,0.8105097426772118,-0.40357670899331566,-3.3895459921807047
1789911252112977200,12.69697705078125,2.3203216004312037,-0.5515238754481077,-4.213731793510914
1789911252122985700,12.70698583984375,3.7542683621227737,-0.47683659099340436,-4.748077155143022
1789911252132994800,12.716994873046875,4.024822502070665,-0.323742709299922,-3.913580387678742
1789911252143004000,12.72700390625,3.281671892917156,-0.18988661203980445,-2.8064912524372336
1789911252153013000,12.737012939453125,1.9875509505450724,0.11670388692915439,-2.286504963286221
1789911252163022000,12.74702197265625,0.8497790922701358,0.3888128551036119,-1.9568869322121143
1789911252173031000,12.757031005859375,-0.024648082511685786,0.5398527268767357,-1.8570529315412043
1789911252183040000,12.7670400390625,-0.5327496534058824,0.6403764633774757,-1.636810198073834
1789911252193048800,12.777048828125,-0.8039058143675327,0.7338666479796171,-1.2709513714477418
1789911252203058000,12.787057861328124,-1.1087246274888516,0.8078156812876462,-0.9657955083917826
1789911252213067000,12.79706689453125,-1.433523567843437,0.871638457378745,-0.7744408696260303
1789911252223075800,12.807075927734376,-1.6335153943121432,0.9896633637785911,-0.5885432541571557
1789911252233085000,12.8170849609375,-1.9793489393889903,1.1237748971045016,-0.35898835633471604
1789911252243093000,12.827093017578125,-2.7271605260908602,1.39136901820302,-0.03745243636406958
1789911252253102000,12.83710205078125,-3.0453450167417526,1.4523007490277289,0.21419125140868125
1789911252263111000,12.84711083984375,-2.7267291489362715,1.2407143463551997,0.32350619713030754
1789911252273120000,12.8571201171875,-2.3541876296758653,0.9513000231146812,0.28209771661683913
1789911252283129000,12.867129150390625,-1.5826947231352329,0.3885743701726198,0.5304466006278992
1789911252293138000,12.877137939453124,0.10278349812626839,-0.41151217816770075,0.7958220958288759
1789911252303146800,12.887146728515624,2.60531927627325,-0.8558551973134279,0.26261742866449056
1789911252313155800,12.89715576171875,5.325955369031429,-0.7095236493617296,-0.6930799526263028
1789911252323165000,12.9071650390625,6.263275966632365,-0.20424422321617602,-0.7715728399090468
1789911252333174000,12.917174072265626,5.435347471642494,0.23137714481353758,-0.09871054959893226
1789911252343183000,12.92718310546875,4.36403925935626,0.39166707549095153,0.20593298002071678
1789911252353192000,12.93719189453125,3.001121259611845,0.3758773856848478,0.0031681086421012877
1789911252363201000,12.947200927734375,1.4961622487165034,0.21648937228322027,-0.46339572933577
1789911252373209000,12.957208984375,0.3943956236720085,-0.07350362762808799,-0.8473709351498633
1789911252383218200,12.96721826171875,-0.22397256764546036,-0.25760347295999525,-1.0898952777259052
1789911252393226800,12.977226806640624,-0.4764506604157388,-0.2568389183282852,-1.266160337778926
1789911252403235800,12.98723583984375,-0.4380922881878912,-0.09359247593283652,-1.4405600423514842
1789911252413245000,12.997244873046874,-0.10822758887633681,0.08980945026278496,-1.5603987201750278
1789911252423254000,13.00725390625,0.4478910670161247,-0.09946224474906921,-1.7658195859551429
1789911252433263000,13.01726318359375,0.9772237150527536,-0.5628437263637781,-1.9580891476087272
1789911252443272000,13.02727197265625,1.4288919625200331,-0.9822130477726458,-2.113460472714901
1789911252453281000,13.037281005859375,1.8306022931195793,-1.1343640956580638,-2.026943780387193
1789911252463289900,13.047289794921875,2.1626035660684106,-1.0601175407081842,-1.7843676345586776
1789911252473299000,13.057298828125,2.4153226279877127,-1.2718401369810104,-1.7731946447677909
1789911252483307800,13.067307861328125,2.4568086307168007,-1.5623311495423315,-1.951265146807581
1789911252493316900,13.07731689453125,2.087082315007597,-1.33629536575675,-2.14258822139129
1789911252503325000,13.087324951171874,1.2934173241473734,-0.8349287291407584,-2.446748862864822
1789911252513334000,13.097333984375,0.6075357585925608,-0.27229952231049537,-2.55728706677109
1789911252523342800,13.1073427734375,0.16936521753668785,0.47327276103198523,-2.6804715478911993
1789911252533352000,13.11735205078125,-0.13996939250864088,0.95788583124578,-3.0312355351075526
1789911252543361000,13.127361083984376,0.261038269714266,0.9895411987036467,-3.4519121397227046
1789911252553370000,13.1373701171875,1.3298878368020057,-0.03633738779425621,-3.7665295855417846
1789911252563379000,13.14737890625,2.28966810349226,-1.8995722228407859,-3.3638901573985813
1789911252573387800,13.1573876953125,2.8192390903294084,-3.4863369718939063,-2.4950021677717564
1789911252583396900,13.16739697265625,2.7019337303757665,-4.383965026053786,-1.585798680499941
1789911252593406000,13.177406005859375,2.1392332118749615,-4.330588825175166,-1.1574370012748987
1789911252603415000,13.1874150390625,1.5872984175384044,-3.907234233522415,-1.3095856380075215
1789911252613424000,13.197424072265624,1.238650984084606,-3.602019699081778,-1.662154628819227
1789911252623432000,13.207431884765626,1.220060849905014,-3.3806279417097564,-1.9836134649656711
1789911252633441000,13.21744091796875,1.3063923949241638,-3.238478647878766,-2.1468578615345058
1789911252643450000,13.2274501953125,1.1103227103352546,-3.305758870947361,-2.3137932215757666
1789911252653459000,13.237458984375,0.5180915614455938,-3.4391152019917963,-2.441839025121927
1789911252663467800,13.2474677734375,-0.16164828648380936,-3.621511750537157,-2.3797449725195765
1789911252673476900,13.257476806640625,-0.7633242131322622,-3.8718098689198492,-2.149907458363473
1789911252683486000,13.26748583984375,-1.2290309228241443,-4.294516225796937,-1.8308442851819098
1789911252693495000,13.2774951171875,-1.4993008390031755,-4.555605787307024,-1.4260643378786741
1789911252703504000,13.28750390625,-1.6314450177788733,-4.820810967442393,-0.783639125277847
1789911252713513000,13.297512939453124,-1.6637459896638989,-4.98527321536839,-0.13289485101252793
1789911252723522000,13.30752197265625,-1.5393416113600134,-4.74433387696147,0.5346301699228585
1789911252733531000,13.31753076171875,-0.8527250825941562,-3.9309132152736184,1.6392650438800453
1789911252743539000,13.3275390625,0.38464229142069817,-3.1086773789674043,2.732310748460889
1789911252753548000,13.337548095703125,0.9210054226160049,-2.3997610478490587,3.390604853583872
1789911252763556900,13.347556884765625,0.33106384596824645,-1.8678209937930106,3.7721713908210392
1789911252773566000,13.35756591796875,-2.9398469989597795,-1.5390759461611507,3.946056131608784
1789911252783575000,13.367574951171875,-7.572868034380674,-1.1628887638747691,4.160189880676567
1789911252793583900,13.377583984375,-8.438431555759907,-0.5156996978729963,4.5718189632222055
1789911252803593000,13.387593017578125,-4.659153255543113,0.20498890410363674,4.5433591769352555
1789911252813602000,13.39760205078125,-0.5263882651478052,0.8082996654123067,3.160414872728288
1789911252823611100,13.407611083984374,0.7256137834191322,1.203010930904746,1.414517546339333
1789911252833619700,13.41761962890625,-0.36294366983175275,1.67872933152318,0.6105515262171626
1789911252843628800,13.42762890625,-1.4704244347393511,2.0034271495908498,0.30480361555218694
1789911252853638000,13.437637939453126,-2.154115139186382,1.8145155200630425,1.2406035794571042
1789911252863647000,13.44764697265625,-2.6093229589566587,1.119184646704793,2.743299175465107
1789911252873654800,13.45765478515625,-2.9038486338615415,0.4927069448202848,3.016994536048174
1789911252883664000,13.467663818359375,-2.753070043373108,0.07270633977055549,2.853668014153838
1789911252893673000,13.4776728515625,-2.4701474202394484,-0.0894809489607811,2.899258675722778
1789911252903682000,13.48768212890625,-2.502750297680497,0.08587035724818706,3.148071523983776
1789911252913691100,13.497691162109374,-2.6726287254363297,0.5961953763455152,3.282771086330712
1789911252923700000,13.507699951171874,-2.8488050842925903,1.3775368922054767,3.4791768710061906
1789911252933708800,13.517708740234376,-3.127607412625849,2.2412848885953425,3.6811382439821956
1789911252943718000,13.5277177734375,-3.22938816345036,2.928465773245692,3.8953561642020937
1789911252953727000,13.53772705078125,-3.1252269472301006,3.236775351092219,4.085915268675983
1789911252963736000,13.547736083984375,-2.93469911467731,3.2061890741705894,4.1672912371143696
1789911252973745000,13.557744873046875,-2.7427830426365136,3.2320413083076476,4.296891722756624
1789911252983754000,13.56775390625,-2.618061853468418,3.217255242586136,4.328937843097746
1789911252993762000,13.577761962890625,-2.294024545136094,3.2468051621973513,4.213894582857192
1789911253003771100,13.587771240234375,-1.8417182920262216,3.2896143763542174,4.119906385605037
1789911253013780000,13.597780029296874,-1.455546014559269,3.2749434614449737,3.845962895479798
1789911253023789000,13.6077890625,-1.2799047854930161,3.2913574206292626,3.4950270588278767
1789911253033798000,13.6177978515625,-1.0630106318011878,3.283833454865217,3.174182116796076
1789911253043807000,13.627806884765626,-0.8618442085951566,3.2911434856176376,2.700470379824936
1789911253053815800,13.63781591796875,-0.7480944952964782,3.335027635529637,2.1739450442939994
1789911253063825000,13.647824951171875,-0.4876970077037811,3.199033357197046,1.494863879469037
1789911253073834000,13.657833984375,-0.3276706963986158,2.9381203212976454,0.6615837943181395
1789911253083843000,13.667843017578125,0.18329905034303665,2.511418172782659,-0.2628822901457548
1789911253093852200,13.67785205078125,0.6264180806517601,2.0406699617922306,-1.3733245352074503
1789911253103860000,13.68785986328125,1.3108543427690862,1.376948863184452,-2.589813079583645
1789911253113869000,13.697869140625,2.2008131774753332,0.500039771926403,-3.7715298780471085
1789911253123878000,13.7078779296875,2.673900645068288,-0.3735907360523939,-4.940951843082905
1789911253133887000,13.717886962890624,3.030963147906959,-1.2140952194988728,-5.7034080412089825
1789911253143895800,13.727895751953126,2.6775264343500136,-1.8955898752063511,-6.106446405541896
1789911253153905000,13.73790478515625,2.252192359317839,-2.2441104674100876,-5.788240287581086
1789911253163914000,13.7479140625,1.7485092624530194,-2.2077777557909486,-4.827855332995951
1789911253173923000,13.757923095703125,1.3612261011347173,-1.636781702631712,-3.445083462746441
1789911253183932200,13.76793212890625,1.835078123359382,-0.7089882273107767,-1.9617524924218654
1789911253193941000,13.77794091796875,2.360539921312034,0.09689970078468323,-0.7127849892452359
1789911253203949800,13.78794970703125,2.5162615211606023,0.5445511138260364,0.01627835010588169
1789911253213959000,13.797958984375,2.6785987397566435,0.5920780041545629,0.24430443092584608
1789911253223968000,13.807968017578125,2.46173322763741,-0.0893196209192276,0.8139438087791204
1789911253233975800,13.817975830078124,1.6195400604516266,-1.764659310004115,1.810540186691284
1789911253243985000,13.82798486328125,1.365719613161683,-3.932101548275351,2.588956755015254
1789911253253994000,13.837993896484376,2.301914275472611,-6.190666072973609,2.9246280947789547
1789911253264003000,13.848003173828126,4.031581328681111,-8.859969453379511,2.765941799905896
1789911253274012000,13.858011962890625,4.373182643015682,-10.621852284407614,1.402821847848594
1789911253284021000,13.86802099609375,1.305655605082214,-10.75090068912506,-0.8011682060971855
1789911253294029800,13.87802978515625,-1.7578551829472182,-9.239008517965674,-1.847389323399961
1789911253304039000,13.888038818359375,-2.9878479365408417,-5.229938296300173,-0.5917652849435806
1789911253314048000,13.898048095703125,-2.516532739317417,-1.0223071577519178,1.9321809455007313
1789911253324056800,13.908056884765625,-1.9844991617590189,1.1275123300671577,3.4819074650138613
1789911253334066000,13.91806591796875,-1.8750386700868606,2.3688649743258954,4.1721456914082165
1789911253344074000,13.928073974609376,-2.019404617054015,3.1161756257683035,4.31042954198271
1789911253354083000,13.9380830078125,-2.1674797938026487,3.557961946168542,4.096114883390069
1789911253364092000,13.948091796875,-2.287808739361167,3.952403747069835,3.8459529586076733
1789911253374101000,13.95810107421875,-2.434944004911184,4.201072218424081,3.5992668932422993
1789911253384110000,13.968110107421875,-2.571887546792626,4.291805213272571,3.376709014700353
1789911253394119000,13.978118896484375,-2.8720278467088938,4.180571866708994,3.1638235121279954
1789911253404127700,13.988127685546875,-3.261647342020273,3.7701182576835155,2.8417867299631236
1789911253414136800,13.99813671875,-3.5862539746731517,2.807557420364022,2.367981761750579
1789911253424146000,14.00814599609375,-3.759361885869503,1.336157418590784,1.904963852751255
1789911253434155000,14.018155029296874,-3.4696956336945295,-0.33159342280030246,1.544780879804492
1789911253444164000,14.0281640625,-3.222933288222551,-1.8721102154195308,1.0224816375359893
1789911253454173000,14.0381728515625,-2.9432506699234247,-3.0573680474907157,0.3041194326803088
1789911253464181000,14.048180908203125,-2.652659119597077,-3.9583489192098376,-0.5492489162534475
1789911253474190000,14.058190185546875,-2.308469980726391,-4.623043831285834,-1.275018767017126
1789911253484199200,14.06819921875,-1.824035628080368,-4.082247686079144,-1.7700740285292267
1789911253494207700,14.078207763671875,-1.1941666032571345,-2.7038661597430704,-1.7870865381285548
1789911253504216800,14.088216796875,-0.41124147146753964,-1.0896177759587764,-1.354082074598968
1789911253514226000,14.098225830078125,0.8297726615518332,0.21944529947936534,-0.7796388035953045
1789911253524235000,14.108235107421875,3.0874066274017093,1.2900649449795485,0.18302242535874247
1789911253534244000,14.118244140625,5.049736627450585,1.7828198205947874,1.1025625977277755
1789911253544253000,14.1282529296875,4.881381463739276,1.4527251119196414,0.8694112828485667
1789911253554262000,14.138261962890626,3.2454069858372208,0.9564508300065994,-0.011966039864718914
1789911253564270800,14.148270751953126,1.7085592371195553,0.6261076995283364,-0.663122402062267
1789911253574280000,14.158280029296876,0.5766892963647842,0.4523538916438818,-0.9624008244521916
1789911253584288000,14.1682880859375,-0.1900064390271902,0.44817631369829175,-1.0728767767772078
1789911253594296800,14.178296875,-0.6484674153745174,0.4854296472936868,-1.0671095915526152
1789911253604306000,14.188305908203125,-0.9497218140125274,0.5070329918146134,-0.9599731589138507
1789911253614315000,14.19831494140625,-1.1926496958881616,0.5273831214040517,-0.8631232886202633
1789911253624323800,14.20832373046875,-1.277089143550396,0.5529062697172165,-0.7571677363291383
1789911253634333000,14.2183330078125,-1.4174673360556362,0.519613071924448,-0.7091076159067452
1789911253644342000,14.228342041015624,-1.600880368167162,0.5185094945967197,-0.5801381216444075
1789911253654351000,14.23835107421875,-1.5701993986994027,0.5230728569895029,-0.26680238619893787
1789911253664360000,14.24835986328125,-1.4314344866096973,0.5636275702178478,0.21948460857644675
1789911253674368800,14.25836865234375,-1.2847148161232471,0.6183078394323587,0.538635313910991
1789911253684377900,14.2683779296875,-1.0148246930420397,0.7123737780958413,0.8019299842499196
1789911253694387000,14.278386962890625,-0.7078571774542332,0.9012462446570396,0.9373042309880256
1789911253704395000,14.28839501953125,-0.3468762955954298,1.0499322467803955,0.9546643849812447
1789911253714403800,14.29840380859375,0.13419811563082037,1.1577169141948223,1.1902695227533577
1789911253724413000,14.308412841796875,0.7216531361598522,1.0429285054981707,1.5293467254377902
1789911253734422000,14.318422119140624,1.249421384423971,0.6463415092617273,1.8470102609544992
1789911253744431000,14.32843115234375,1.743248857706785,0.3147796506434679,2.0978652825675903
1789911253754440000,14.33843994140625,2.0734172161400317,0.2915957589328289,2.1570468087241053
1789911253764448800,14.34844873046875,2.12682045115605,0.3137766110807657,1.974572372636944
1789911253774457900,14.358457763671876,1.9973278098024427,0.25556524513065815,1.3138110006175934
1789911253784467000,14.368467041015625,1.9948598122537136,0.14463175829648972,0.3637593701288104
1789911253794476000,14.37847607421875,1.7758955742895601,0.023290859216451642,-0.6919622006427496
1789911253804484900,14.38848486328125,1.3110147940278052,-0.08649053497314453,-1.5157660899832843
1789911253814494000,14.398493896484375,0.7775427080988884,-0.13340250827372074,-2.0443252694293856
1789911253824502000,14.408501953125,0.374924030482769,-0.15073767395615575,-2.2659876604363323
1789911253834511000,14.418510986328124,0.07402735924124718,-0.24523908142745493,-2.4631091921657324
1789911253844520000,14.42852001953125,-0.2872831564307213,-0.374582669699192,-2.664927065017819
1789911253854529000,14.438529052734374,-0.5704325009923428,-0.42880525827407834,-2.755163216260075
1789911253864537900,14.448537841796876,-0.7032018989942967,-0.4707826977819204,-2.798497623334825
1789911253874547000,14.458546875,-0.5888697096325457,-0.6339853010356425,-2.883787550346553
1789911253884556000,14.46855615234375,-0.20809446890354155,-1.0203273821115493,-2.866881715992093
1789911253894564900,14.47856494140625,0.39943215653449293,-1.4596663093596696,-2.7958701974406837
1789911253904574000,14.488573974609375,0.997945016042143,-1.57755268407166,-2.5489126216575504
1789911253914583000,14.4985830078125,1.5026514646053313,-1.3343342948168515,-2.1844201149486002
1789911253924592000,14.508592041015625,1.6704525015652179,-1.1708218949615954,-1.97987632426396
1789911253934600700,14.5186005859375,1.3887724258385599,-1.4457669633448123,-2.058897400139272
1789911253944609000,14.528609130859374,0.7207413550771773,-2.3947844284802673,-2.550643683233857
1789911253954617900,14.538617919921874,0.10624759404025971,-3.4549767879903315,-3.077961045925319
1789911253964627000,14.548626953125,-0.09097608288936317,-4.501604148006439,-3.6009640525490045
1789911253974635800,14.5586357421875,0.4391595520932227,-5.66532994722724,-4.142044275394082
1789911253984644900,14.568644775390625,1.7280466123998164,-6.652907152381539,-4.409194159856439
1789911253994654000,14.578654052734375,3.3085610688865184,-6.936103331759572,-3.7667879442170262
1789911254004663000,14.5886630859375,4.341923289138078,-5.801915761712193,-2.5211916710391638
1789911254014672100,14.598672119140625,4.437970757007599,-3.4287726716756817,-1.425606803369522
1789911254024681000,14.608680908203125,3.6000177116096017,-1.3289403268188238,-0.9544432165112345
1789911254034689800,14.618689697265625,2.5041852989196776,0.2075783360749483,-0.8725641939215362
1789911254044699000,14.628698974609375,1.6933680977284908,1.0266086543381214,-0.8640938872180879
1789911254054706700,14.638706787109374,1.0184487287580966,1.199860942441225,-0.8719287455622107
1789911254064715800,14.6487158203125,0.36039098967425526,0.9397481170088052,-0.7786307955965399
1789911254074724600,14.658724609375,-0.2027859141666442,0.619081161892414,-0.35642705447934564
1789911254084733700,14.668733642578125,-0.6376233652770519,0.02316810961961746,-0.09316519043147563
1789911254094742800,14.67874267578125,-1.0578829135239123,-0.8521440678358078,0.047709115027636285
1789911254104751900,14.688751953125,-1.3159997428335248,-1.5791969441473483,0.06225625742673874
1789911254114761000,14.698760986328125,-1.3974230575449764,-2.1427268992096185,0.27512320142909885
1789911254124769800,14.708769775390625,-1.1911370993681252,-2.6452567343860864,0.8439743515141308
1789911254134778600,14.718778564453125,-0.7227357437647879,-3.1445985871762034,1.6399471809253097
1789911254144787700,14.72878759765625,-0.04715805701613426,-3.5818045940488576,2.6778707177430388
1789911254154796800,14.738796875,0.3783199565313756,-3.9923686777114864,3.7044945696502922
1789911254164804600,14.7488046875,0.4612425698898732,-4.521517639744282,4.27627212857604
1789911254174813700,14.758813720703126,0.22075024459809064,-4.8844683238387105,4.438287567871809
1789911254184822800,14.76882275390625,-0.017270576013624667,-4.681380869442224,4.498921484793723
1789911254194832000,14.778831787109375,-0.310018135330081,-3.8851363834828136,4.3214018946349615
1789911254204841000,14.788841064453125,-1.3338874278321862,-2.605435596129298,3.6591336251839994
1789911254214849800,14.798849853515625,-2.9886355797871946,-1.406091371038556,3.075741908571124
1789911254224859000,14.80885888671875,-4.010656906335056,-0.5602262373417616,3.107558311809599
1789911254234867700,14.81886767578125,-4.414231569501758,0.0014525368958711623,3.1453757090285417
1789911254244876800,14.828876708984374,-5.178520243752002,0.3284463569462299,2.582598910421133
1789911254254885600,14.8388857421875,-4.76060433602184,0.642095542255044,2.0763345648914573
1789911254264894700,14.848894775390624,-1.896744598199427,0.9304401904374361,1.463569162017107
1789911254274903800,14.85890380859375,0.5729416342690586,1.174866201916337,0.4498249576881528
1789911254284911900,14.868911865234375,0.4467345904573798,1.4633224937796592,0.21187544874697922
1789911254294920700,14.878920654296875,-1.0716191779315472,1.785696252813935,1.4027540433093904
1789911254304929800,14.8889296875,-2.598984228032827,1.8573685733616352,2.6361259179472922
1789911254314939000,14.89893896484375,-3.171394531904161,1.9771540596932171,2.865147439545393
1789911254324947700,14.90894775390625,-2.8894360776275394,2.203447033110261,2.7462296759590505
1789911254334956800,14.918956787109375,-2.208271092265844,2.3966093058198688,2.652206407393515
1789911254344965600,14.928965576171874,-1.633131363430619,2.4537609335839745,2.819784741513431
1789911254354974700,14.938974609375,-1.4346262683883308,2.4440017561137677,3.08253756006062
1789911254364983800,14.94898388671875,-1.7624626767426728,2.45125158111155,3.1562980850592255
1789911254374993000,14.958992919921876,-2.354050851553678,2.387237666362524,2.9513486361831425
1789911254385002000,14.969001953125,-2.476311788088083,2.3944091654270885,2.759867740689218
1789911254395009800,14.979009765625,-2.5316663033023477,2.587511232382059,2.5811294223904606
1789911254405019000,14.989018798828125,-2.461897478288412,2.702625219771266,2.3274273407831787
1789911254415028000,14.999028076171875,-2.222637471270561,2.9425585960060356,2.1458453234910966
1789911254425036500,15.00903662109375,-2.127528161033988,3.0778876884281634,1.9314622758373616
1789911254435045600,15.019045654296875,-2.0621429579317567,3.265893893548846,1.7459858814552425
1789911254445054700,15.0290546875,-1.946228760075569,3.3077170192778107,1.5406120696872472
1789911254455063800,15.039063720703124,-1.5241940188497305,3.1864228819489475,1.4197607076898215
1789911254465073000,15.049072998046874,-1.227229718621075,3.0342724185854193,1.306451723895967
1789911254475081700,15.059081787109376,-0.9576108136966824,2.8992957928627727,1.2364464597776532
1789911254485090800,15.0690908203125,-0.3941135918602347,2.6837130140304564,1.158649811130762
1789911254495100000,15.079099853515626,0.31991613674908875,2.3471283588141203,0.8280398464098572
1789911254505108000,15.08910791015625,1.373414843839407,1.8754530961066482,0.4392366359174251
1789911254515116800,15.09911669921875,2.43642518337965,1.2837941941469908,-0.2772650357633829
1789911254525125600,15.109125732421875,3.1361504923045636,0.6607663404554128,-1.3024223222494125
1789911254535134700,15.119134765625,3.60397434028089,-0.02576981655061245,-2.2910490364566445
1789911254545143800,15.129143798828125,4.034904043363034,-0.7615051810115575,-3.2818568940952417
1789911254555153000,15.13915283203125,4.455655466780066,-1.4488433020502327,-4.187944149042666
1789911254565161700,15.14916162109375,4.449804110403359,-1.8695681297212838,-4.829714697127044
1789911254575170800,15.1591708984375,4.033916785891354,-1.8681454034417866,-4.97497803132534
1789911254585180000,15.169179931640626,3.5652018342941996,-1.3521394160985947,-4.127725827184319
1789911254595188700,15.179188720703126,3.2920401421964165,-0.7425462135195732,-2.861172106173634
1789911254605197600,15.189197509765625,2.6757477342396974,-0.2320434997677803,-1.7035507613077758
1789911254615206000,15.199205810546875,1.6977756850376724,0.22668460308313368,-0.7036682013317942
1789911254625214700,15.209214599609375,0.6935866600394248,0.6698053869575261,-0.01620294678211212
1789911254635223800,15.219223876953125,-0.05766951415836811,1.0535247183144092,0.2630366039246321
1789911254645232600,15.229232666015625,0.07680325369536876,1.316828448742628,0.36299218514859677
1789911254655241700,15.23924169921875,0.21327859354317186,1.5672978320389985,0.28455343920588494
1789911254665250800,15.249250732421874,0.45446021627336736,1.8159405844300984,0.21063889268934727
1789911254675260000,15.259260009765624,0.5989855915859341,1.8253636618137359,0.5483335549741983
1789911254685269000,15.26926904296875,-0.18660481389015912,1.398303201380372,1.5017685442909599
1789911254695277600,15.279277587890626,-1.4935036970317364,0.42372517853081226,2.6445941788241267
1789911254705286700,15.28928662109375,-2.0433014793395996,-0.5120154564023017,3.4544825747326016
1789911254715294700,15.299294677734375,-1.625302277240157,-1.5925065075755118,3.609101181775331
1789911254725303800,15.3093037109375,-0.7093140982642769,-3.174334969270229,3.370434756736457
1789911254735312600,15.319312744140625,0.751757693979144,-4.821496027097106,3.2205507770001884
1789911254745321700,15.32932177734375,4.77593517614454,-7.1592246894031755,3.0053830087095497
1789911254755330800,15.339330810546874,8.661533624181152,-9.731218619179725,0.6600991087183355
1789911254765340000,15.34933984375,4.6468625137686725,-8.350500758850574,-2.2377260270699857
1789911254775348700,15.3593486328125,-0.96240374706164,-4.640550261881947,-2.310093636405468
1789911254785357800,15.36935791015625,-3.6311151529237624,-1.6849071433752774,-0.5195025972872972
1789911254795366700,15.37936669921875,-3.291485430923104,-0.153864866065979,0.8586936356097459
1789911254805375700,15.389375732421875,-2.7928976113706825,0.19406535902917385,1.5192293821796774
1789911254815384800,15.399384765625,-2.7148911193653937,0.1834925270885229,1.8949176750332115
1789911254825392600,15.409392578125,-2.609091196027398,0.2257686572819948,2.1892659475445746
1789911254835401700,15.419401611328125,-2.5478490840792656,0.4443927035063505,2.4268694195270535
1789911254845410800,15.429410888671875,-2.7109727768778797,0.8408774084120988,2.5868609517797827
1789911254855420000,15.439419921875,-2.9334768794059753,1.266121174812317,2.7169080121457574
1789911254865428700,15.4494287109375,-3.1087481061160562,1.6528770973861218,2.79070156263113
1789911254875437800,15.459437744140626,-3.0658243256688116,1.9968845960795878,2.827552452905476
1789911254885447000,15.469447021484376,-2.9505840815514324,2.1336317386060952,2.738493236488104
1789911254895455700,15.479455810546876,-2.8980449160188435,1.9906874950051308,2.6233950311899186
1789911254905464800,15.48946484375,-2.890214660784602,1.3076309968084097,2.3413839699432253
1789911254915473700,15.4994736328125,-2.9446961925566195,0.22286942870914936,1.9535589568331837
1789911254925481700,15.509481689453125,-3.0280642115950585,-0.7736901243239641,1.5756806065894662
1789911254935490800,15.51949072265625,-2.963315552830696,-1.4951964724242686,1.285064506343752
1789911254945500000,15.5295,-2.705110606846213,-1.844636517560482,1.0144600975133478
1789911254955508700,15.5395087890625,-2.130728418380022,-1.7532167094916105,0.6791236887924372
1789911254965517800,15.549517822265624,-1.5547534077644347,-1.0364666160076856,0.5591511554561555
1789911254975527000,15.55952685546875,-1.0949041919291018,-0.524200984236598,0.4183864478513598
1789911254985535700,15.56953564453125,-0.6634248190749437,-0.04201367986500263,0.37152678925991056
1789911254995544600,15.579544677734376,-0.3229460790295154,0.49416240432560443,0.40725978142023084
1789911255005553700,15.5895537109375,0.2965576921891421,0.937381972399354,0.2251718604326248
1789911255015562800,15.599562744140625,1.438906429925561,1.3433528830528259,-0.11678440481945872
1789911255025570800,15.60957080078125,2.454526657259464,1.490578164973855,-1.0171639496445655
1789911255035579600,15.61957958984375,3.1907951056838035,1.2653297321736812,-2.1168037917934357
1789911255045588700,15.629588623046875,3.2752211093425747,0.7248983286261558,-2.9072400298655032
1789911255055598000,15.63959814453125,2.48735808275938,0.2960521538197994,-3.004196429273486
1789911255065607000,15.64960693359375,1.6164672288775443,0.27877953197956085,-2.5972511206299065
1789911255075616000,15.659615966796874,0.7529963689286261,0.39722178700864313,-2.0039969123028216
1789911255085624800,15.669624755859376,-0.5657260038018226,0.553614125725627,-1.4930040769465267
1789911255095634000,15.679634033203126,-1.9709061052143573,0.7004530386775731,-0.9784484345421195
1789911255105642800,15.689642822265625,-2.730449046242237,0.8039923236072063,-0.6556279546536505
1789911255115651800,15.69965185546875,-2.983032645213604,0.8828981025397777,-0.5564055100098252
1789911255125661000,15.709660888671875,-2.534700848692655,0.9948661931186914,-0.5121536958292127
1789911255135669000,15.7196689453125,-1.6731424713015555,0.8700842136740684,-0.9301961525484919
1789911255145677800,15.729677734375,-0.40571664363145826,0.554867340657115,-1.3408455764070153
1789911255155687000,15.73968701171875,1.0106348401367664,0.20394494800865648,-1.5795093710973858
1789911255165696000,15.749696044921874,2.176507003736496,0.035412674164772034,-1.5441010808467863
1789911255175704800,15.759704833984374,2.6471511698305603,0.24541326895058155,-0.8700999957650899
1789911255185714000,15.7697138671875,2.436201749887317,0.5955167464315891,0.10269918084368108
1789911255195722800,15.77972265625,1.9287620769679545,0.826561298289895,0.852527806456387
1789911255205731800,15.78973193359375,1.397471426731348,0.8378267886698245,1.2544633241139351
1789911255215741000,15.799740966796875,0.8779974710166454,0.6048042147368192,1.351780519658327
1789911255225749000,15.8097490234375,0.41119017967171967,0.25079203937947747,1.2313406610712407
1789911255235757800,15.8197578125,0.10020926372408866,-0.15493687921166419,1.037147437878698
1789911255245767000,15.829766845703125,0.00036715281195938583,-0.40010932514369485,0.8093316388085484
1789911255255776000,15.83977587890625,0.14087445158958434,-0.4940846629142761,0.4770158200178295
1789911255265785000,15.84978515625,0.42224341554045675,-0.3587129003942013,0.04000453199967742
1789911255275793700,15.859793701171874,0.6650316697496921,-0.17287819409370422,-0.6736592859067022
1789911255285802800,15.869802734375,0.9015677316963672,-0.045292847666144366,-1.474979029303789
1789911255295811800,15.879811767578126,1.0856886928815395,-0.19005729243159292,-2.1994421813830733
1789911255305821000,15.889821044921876,1.2650984076358378,-0.6303963366329669,-2.754460913209617
1789911255315830000,15.899830078125,1.3576339218616484,-1.2041045713603495,-3.07467661742717
1789911255325837800,15.909837890625,1.328838181618601,-1.63887429099679,-3.2425098030909894
1789911255335847000,15.919846923828125,1.1624071178376674,-1.7010107214361427,-3.1950112620741127
1789911255345856000,15.92985595703125,0.860787977540493,-1.2449158896982668,-2.786302743150294
1789911255355865000,15.939864990234375,0.3635786067344248,-0.7538473597347736,-2.512258130738139
1789911255365874000,15.9498740234375,0.0166449914611876,-0.5672171191424131,-2.6916519903361795
1789911255375882800,15.9598828125,-0.08844276501946151,-0.6556658024460077,-3.356431950347125
1789911255385891800,15.969891845703126,0.045212841232493514,-1.107408868715167,-4.293986648964881
1789911255395901000,15.97990087890625,0.41310156625099476,-1.8980752622812986,-4.97232897812128
1789911255405910000,15.989909912109376,0.904991787860915,-3.0433956362396475,-5.39840919534564
1789911255415918800,15.9999189453125,1.283959613841772,-4.358815387228131,-5.601317786043882
1789911255425927000,16.009927001953123,1.7746563878834247,-5.482204499885439,-5.393325023949146
1789911255435936000,16.01993603515625,2.5258921038150786,-6.080313600897789,-4.523890506355464
1789911255445945000,16.029945068359375,3.544158461743593,-5.9444216138958925,-3.130242729565501
1789911255455954000,16.039953857421875,4.168554096657037,-4.637130808827281,-1.3370438460364937
1789911255465963000,16.049962890625,4.016343427538872,-2.7341087377935644,0.17908881223686038
1789911255475971800,16.059971923828126,3.5098037721991537,-1.2649948011308907,0.893500160574913
1789911255485981000,16.06998095703125,2.5946505827426907,-0.4929951141119003,0.9235381559640169
1789911255495989800,16.07998974609375,1.478105052369833,-0.37893560421168804,0.5467891750764101
1789911255505998800,16.089998779296874,0.5575403592586518,-0.7329243986934423,0.32167598602846265
1789911255516008000,16.100008056640625,-0.0722884796846658,-1.36660165669322,0.24233619959279892
1789911255526016000,16.11001611328125,-0.2749778016090393,-2.101812705019116,0.29311522358506914
1789911255536024800,16.12002490234375,-0.4110008676446974,-2.8042618859499693,0.499526853968203
1789911255546034000,16.130033935546876,-0.5057688170976936,-3.4548031849890943,0.9167984724454581
1789911255556043000,16.14004296875,-0.6299918474853038,-3.918916488009691,1.5420293891392647
1789911255566051800,16.1500517578125,-0.5876831301964819,-4.237245940089226,2.2892878720030185
1789911255576061000,16.16006103515625,-0.3504758179247379,-4.523400969272852,2.901415853756666
1789911255586069800,16.17006982421875,-0.39260143373161555,-4.368782069969177,3.0163220436140894
1789911255596078800,16.180078857421876,-0.8549255152478814,-3.1278385910332203,2.744284094849229
1789911255606088000,16.190087890625,-1.1697574806004762,-1.893900606945157,2.396315875831246
1789911255616097000,16.200096923828124,-1.8031968381911516,-1.4906921467423437,1.7919842470422387
1789911255626104800,16.210104736328127,-3.453131160123646,-1.216321663376689,1.209474866221845
1789911255636114000,16.220114013671875,-4.689114386303722,-0.577485999700427,1.749750494685769
1789911255646123000,16.230123046875,-7.1848904610574245,-0.17795184409618375,1.8577984892114996
1789911255656132000,16.240132080078126,-7.342467041122913,-0.025353052443265914,1.7251745640948415
1789911255666140700,16.250140625,-4.510020678696036,-0.03540273729264736,1.413747438749671
1789911255676149800,16.260149658203126,-1.1579024998947978,-0.01617079807817936,0.6132783208325505
1789911255686158800,16.270158935546874,0.22798457976579664,0.1867605889737606,-0.2953033812791109
1789911255696168000,16.28016796875,-0.43736675039231776,0.7187725392222404,-0.6603162586003541
1789911255706177000,16.290177001953126,-1.7326543984562157,1.3631202443182469,-0.8770312563329935
1789911255716184800,16.300184814453125,-2.6673057768478987,2.0204706388503313,0.34863106684088707
1789911255726194000,16.31019384765625,-3.579692424200475,2.3089970733404157,1.6497987128540872
1789911255736203000,16.320203125,-3.521706391438842,2.2313310653358696,2.3424130207300187
1789911255746212000,16.330212158203125,-2.9549925456434485,1.9617542459875343,2.59777631354779
1789911255756221000,16.340220947265625,-2.6299036824315785,1.6935434542953967,2.543181676790118
1789911255766229800,16.350229736328124,-2.5778198594510555,1.5918243705302475,2.4845269509866834
1789911255776238800,16.36023876953125,-2.5426807415306567,1.7044178995311259,2.5208082246795294
1789911255786248000,16.370248046875,-2.6513398536920545,1.988499045050144,2.604656136189401
1789911255796257000,16.380257080078124,-2.935937132039666,2.309862165737152,2.618015091717243
1789911255806264800,16.390264892578124,-3.177238874018192,2.4899837550878523,2.6722943789154288
1789911255816274000,16.40027392578125,-3.1812428489625453,2.53478501984477,2.8381723388582465
1789911255826283000,16.410282958984375,-3.13929901946336,2.4981243914455176,3.0416116754323244
1789911255836291800,16.420291748046875,-3.074644760984182,2.3928952537328003,3.161546507106721
1789911255846301000,16.430301025390627,-3.0774826147586105,2.3919378068774937,3.1975203222855924
1789911255856310000,16.44031005859375,-3.0521763240665196,2.52014508459568,3.1033278346329927
1789911255866318800,16.45031884765625,-2.907802924445271,2.8812837508320808,2.929767795754969
1789911255876328000,16.460327880859374,-2.5158242987871167,3.301646174931526,2.833059233628213
1789911255886336800,16.470336669921874,-1.9994588304817675,3.754865158972144,2.710829276753962
1789911255896345900,16.480345947265626,-1.417611420701444,4.053299824014306,2.5577982311636207
1789911255906354000,16.49035400390625,-0.6613754122644663,4.071839104789495,2.274264782655239
1789911255916363000,16.500363037109373,0.16002280417382717,3.811148771730065,1.5962912868112324
1789911255926371800,16.510371826171873,0.7142956860691309,3.4708956571340557,0.5136576706513762
1789911255936381000,16.520380859375,1.3812766632556914,2.9595155760258436,-0.45979485529959196
1789911255946390000,16.53039013671875,2.053699831496179,2.3131156145751475,-1.188631692418456
1789911255956398800,16.54039892578125,2.714355697314441,1.3642279132992028,-1.8632368808731437
1789911255966408000,16.550407958984376,3.7075615560054778,0.02378770282268524,-2.468599021753669
1789911255976416800,16.560416748046876,4.44015043913424,-1.6459546046465634,-3.3930168831616636
1789911255986425900,16.57042578125,4.853465282809734,-3.3730881938546893,-4.657476846763491
1789911255996434000,16.580433837890624,4.8924388643264765,-4.568731810861825,-5.226573203781247
1789911256006443000,16.590443115234375,4.5208711585342884,-4.650144604179263,-5.039194775170087
1789911256016451800,16.600451904296875,4.031804323782026,-3.3998721558839082,-3.8227953703820705
1789911256026461000,16.6104609375,3.371563468505442,-1.3951175570815801,-1.731921115745604
1789911256036470000,16.620469970703127,2.712849092143774,0.2242833871603012,0.04798340192437172
1789911256046479000,16.63047900390625,1.9655881250619887,1.234382220724225,1.376443251749873
1789911256056487700,16.64048779296875,0.8235206154197454,1.031389458873868,2.5483003349781037
1789911256066496500,16.65049658203125,-0.031096272270381448,-0.5082441211700439,3.8191537990093227
1789911256076505600,16.660505615234374,0.22713965337425468,-2.3727204807102678,4.737457853712141
1789911256086513400,16.670513427734374,1.868872256411612,-4.302905868479609,5.338022238922119
1789911256096522500,16.6805224609375,3.377543127436936,-5.936875436300039,5.731898222634196
1789911256106531600,16.690531494140625,3.569221006807685,-6.677357703027129,5.464364307290316
1789911256116540700,16.700540771484373,3.064923869697749,-7.209784079295396,4.096605881777405
1789911256126549500,16.710549560546873,1.993163821990788,-7.72095548608899,1.9684888149395583
1789911256136558600,16.72055859375,-1.0820850423663855,-6.745851393538713,0.18957798448204993
1789911256146567700,16.730567626953125,-4.438014011627436,-4.103936370795965,0.05847410853952169
1789911256156576500,16.740576416015625,-5.490892833253741,-1.4701052857875823,0.8377598609134554
1789911256166585600,16.750585693359376,-5.015146375584602,0.3264998990535736,1.5678648182719945
1789911256176593700,16.76059375,-4.286550361484289,1.3789654637038706,2.1083955905407668
1789911256186602500,16.7706025390625,-3.7811589993968604,1.997059368124604,2.420399346730113
1789911256196611600,16.780611572265624,-3.9520249768853186,2.336033548825979,2.444866848510504
1789911256206620400,16.790620361328124,-4.258493310779333,2.3115414971262216,2.2176900779962536
1789911256216629500,16.80062939453125,-4.2748008869796985,2.1104642135083673,2.026944511039555
1789911256226638600,16.810638671875,-4.246858402565121,1.9430629895210265,1.7285110150411724
1789911256236647700,16.820647705078127,-4.197369272252917,1.8717577487200499,1.4429042673900723
1789911256246656800,16.83065673828125,-4.07126978046894,1.7716583751112223,1.1640309196472167
1789911256256665300,16.840665283203126,-3.5636394072830675,1.342019004100561,0.8307849073342979
1789911256266673700,16.850673583984374,-3.0579353259846567,0.4168102845758199,0.36841318728402256
1789911256276682500,16.8606826171875,-2.864894926089048,-0.6036293257385492,-0.0860481980331242
1789911256286691600,16.870691650390626,-2.696229965776205,-1.5293524245262144,-0.5416365415535866
1789911256296700400,16.880700439453125,-2.259709018558264,-2.2698738542199135,-1.0191133301466704
1789911256306709500,16.89070947265625,-1.7958781857408581,-2.135726080536842,-1.4495442899264395
1789911256316718600,16.900718505859373,-1.3836276102960108,-0.8602186532199382,-1.2898860812813042
1789911256326727700,16.910727783203125,-0.8747218103468417,-0.0957370867460966,-0.728994511898607
1789911256336736800,16.92073681640625,-0.5478379534769803,0.19315350488126276,-0.44827685146331786
1789911256346745600,16.93074560546875,0.6006886326441541,0.613650369015336,-0.5623736246339976
1789911256356753700,16.940753662109376,3.3055466895014045,1.2824269974470137,-0.9151493900641798
1789911256366762800,16.9507626953125,5.0229520808994765,1.5572060616135597,-1.2749345958650111
1789911256376771600,16.960771484375,4.343838182848692,1.3674077123790978,-1.4218962584137915
1789911256386780400,16.970780517578124,2.8133330811560153,0.818784234547615,-1.6967895966097712
1789911256396789500,16.98078955078125,1.4010586375683545,0.5478641838967799,-1.9759126813299952
1789911256406798600,16.990798583984375,0.03730301567272981,0.6125701725631952,-2.201195454791188
1789911256416807700,17.0008076171875,-1.7116233008652924,0.7940063516438007,-2.4156945300400254
1789911256426816500,17.01081640625,-3.196934923613071,1.2076029348701238,-2.1697972769647835
1789911256436825600,17.02082568359375,-4.214629619133472,1.4625795664578676,-1.8650027215018867
1789911256446833700,17.030833740234375,-3.5638124257624146,1.553645154261589,-1.1264892706297338
1789911256456842800,17.0408427734375,-1.9762989041686057,1.445055015683174,0.0979736136265099
1789911256466851600,17.0508515625,-0.08132343453355133,0.6167915896505117,0.6219576671767979
1789911256476860400,17.0608603515625,1.9597545966029166,-0.12712415865659712,0.7541499959431588
1789911256486869500,17.070869384765626,2.504117494380474,-0.42003918349444863,0.6411836150418967
1789911256496878600,17.080878662109374,2.271360877907276,-0.28249650667607784,0.5104281141456216
1789911256506887700,17.0908876953125,1.4715924556054174,0.14299918865859507,0.3754856829535216
1789911256516896500,17.100896484375,0.6885152750592678,0.33425416644215583,0.08530607442893087
1789911256526904600,17.110904541015625,0.16155600509047507,0.24468612371981144,-0.08089600290171801
1789911256536913700,17.12091357421875,-0.286529269323498,0.24090017544031142,-0.04986497788727283
1789911256546922800,17.1309228515625,-0.45297867247872053,0.3604401625782251,0.12321600876953452
1789911256556931600,17.140931640625,-0.41727147234678263,0.5182230788707732,0.47443672677744175
1789911256566940700,17.150940673828124,-0.29976605977639553,0.6677940471351146,0.7763374970275908
1789911256576949500,17.160949462890624,-0.04715447681955993,0.61071490008533,0.7930411598734557
1789911256586958600,17.17095849609375,0.20924130085110662,0.36001287707686425,0.7874592680878937
1789911256596967400,17.180967529296876,0.49438393812179565,-0.004075871136784553,0.9150538938004523
1789911256606976500,17.1909765625,0.694137425789982,-0.5124854120016098,0.9059293609719723
1789911256616984600,17.200984619140623,0.9582546645581722,-1.2855413300752638,-0.15521757758287713
1789911256626993700,17.21099365234375,1.3505867798291147,-1.9251140758544205,-2.1912024685651064
1789911256637002500,17.22100244140625,1.4364637129485607,-2.0045856719762085,-3.443961180718243
1789911256647011600,17.231011474609375,1.02816362869516,-1.7273434325665233,-4.080811808057129
1789911256657020700,17.241020751953126,0.468751630345732,-1.4997434682041406,-4.530379283852875
1789911256667029500,17.251029541015626,0.26816446833238006,-1.505065540009737,-4.972596689146757
1789911256677038600,17.26103857421875,0.6578665273606776,-1.853366351982951,-5.167329572173953
1789911256687047400,17.27104736328125,1.72375037651062,-2.4386305844694376,-4.804774901659786
1789911256697056500,17.281056396484374,2.780977456474304,-3.2209412376224993,-4.520818551564217
1789911256707064600,17.291064697265625,2.765212901109457,-4.057553389805555,-4.796032500016689
1789911256717073700,17.30107373046875,1.6607365787148474,-4.804506313851475,-5.305394811561704
1789911256727082500,17.31108251953125,0.28842421622462566,-5.18473488048315,-5.470146397823095
1789911256737091600,17.321091552734377,-0.3772713973265141,-5.370540360689163,-5.448525517645478
1789911256747100700,17.3311005859375,0.17224106523394583,-5.589334502783418,-5.561752083852887
1789911256757109800,17.34110986328125,1.6025170294582842,-5.68315903390646,-5.271870727622509
1789911256767118300,17.351118408203124,2.9077368734717366,-4.990636203706265,-4.54632474874258
1789911256777127400,17.36112744140625,3.6497897505164145,-3.254183582010865,-3.6954724742829796
1789911256787135500,17.371135498046876,3.6480069587528705,-1.71912505479753,-2.656659587410092
1789911256797144600,17.38114453125,2.9909704524755476,-0.8370996434390544,-1.6248197544202208
1789911256807153400,17.3911533203125,2.274984913623333,-0.49396834305822845,-0.8747724445555358
1789911256817162500,17.40116259765625,1.7948124562054872,-0.699627109247446,-0.31058577915020286
1789911256827171600,17.411171630859375,1.4128396762549877,-1.357250475502014,-0.014381211247667669
1789911256837180700,17.4211806640625,0.8460650401830673,-2.2321207544088364,0.16385339531265197
1789911256847189800,17.431189697265626,-0.07410261643454433,-3.1402818930208682,0.2138121158979833
1789911256857198600,17.441198486328126,-1.1273207530178129,-3.917939167410135,0.34729031975641844
1789911256867207400,17.45120751953125,-2.033922387228161,-4.403402132451534,0.8324978487320244
1789911256877215700,17.4612158203125,-2.7133126180022953,-4.5352837147682905,1.6493126829028129
1789911256887224600,17.471224609375,-3.3589544545620678,-4.274942341277003,2.574340200641751
1789911256897233400,17.4812333984375,-3.9616917998969554,-3.7270962775588035,3.2858108924180267
1789911256907242500,17.491242431640625,-4.1994764736652375,-2.8761493105530738,3.6858793010294435
1789911256917251600,17.50125146484375,-4.436787684702873,-1.8254951792389154,3.633421091778576
1789911256927260700,17.5112607421875,-4.729510109578073,-0.9857307005047797,3.0965134784430264
1789911256937269800,17.521269775390625,-4.651479067653417,-0.6332224999696016,1.8720675453215836
1789911256947278600,17.531278564453125,-4.238504707978666,-0.29215923803448673,1.229018647864461
1789911256957287400,17.541287353515624,-4.634923069649934,-0.09734218385517597,0.8807268959805369
1789911256967295700,17.551295654296876,-3.911379955025017,-0.12261457227766513,0.38506694657355545
1789911256977304600,17.5613046875,-2.2685066575199366,-0.0975321534693241,0.13696078527718783
1789911256987313400,17.5713134765625,-1.803350859709084,-0.08263795119822025,0.09628916767090559
1789911256997322500,17.581322509765624,-2.3508052937611934,-0.1210036299496889,0.603667027400434
1789911257007331600,17.59133154296875,-2.4036948801666496,-0.08674772460460663,0.6462266507104039
1789911257017340700,17.601340576171875,-2.005187145000696,0.22828093236386773,0.2973094604045152
1789911257027349500,17.611349609375,-2.180094799095392,0.8406167116492986,0.6911833982899784
1789911257037358600,17.621358642578127,-2.8805396544665096,1.2711159143596886,1.5752923379242418
1789911257047366700,17.63136669921875,-3.804651226404309,1.3713403756529092,1.803134294348955
1789911257057375500,17.64137548828125,-3.841829741197824,1.5251976429343224,1.7459212917864322
1789911257067384600,17.651384521484374,-3.132924515995383,1.6635130576908588,1.9446394450575113
1789911257077393400,17.661393310546874,-2.6745728452414275,1.910161421394348,2.16161689311862
1789911257087402200,17.67140234375,-2.665029940870404,2.2687854744613167,2.3649013313919305
1789911257097411300,17.681411376953125,-2.7223966726899147,2.603117966836691,2.637724585315585
1789911257107420400,17.69142041015625,-2.6999048548966647,2.8484306980222462,2.824731842526793
1789911257117429500,17.701429443359373,-2.563212657427788,3.0753415110766884,3.1289380767077204
1789911257127438300,17.711438232421877,-2.5732684797570107,2.9076854355454445,3.2765868447378277
1789911257137446400,17.7214462890625,-2.4089503164768216,2.577262810090184,3.325919615444541
1789911257147455500,17.73145556640625,-1.9320351072892545,2.3446096539914607,3.4623511161506175
1789911257157464600,17.741464599609376,-1.5513696105450392,2.1376795526921746,3.709004448290169
1789911257167473400,17.751473388671876,-1.3964508515119551,1.7578554752081632,3.737267250700295
1789911257177482200,17.761482177734376,-1.3432049990147352,1.5404454809486865,3.675538816539943
1789911257187491300,17.7714912109375,-1.0540034417420625,1.4354291092038154,3.6225869785532354
1789911257197500400,17.78150048828125,-0.8382382920801639,1.5655039343595505,3.3450384496733543
1789911257207509500,17.791509521484375,-0.5713195860251784,1.9215572601556776,2.9636653891816733
1789911257217518300,17.801518310546875,-0.44668724418431516,2.2832623281031847,2.5332307761400936
1789911257227526400,17.8115263671875,-0.3996431689366698,2.5577877097696065,2.043669728130102
1789911257237535500,17.821535400390626,-0.2210761155515909,2.6783494411706923,1.476314369560778
1789911257247544300,17.83154443359375,-0.02694265972226858,2.5927543937325477,0.8545920455098152
1789911257257553400,17.841553466796874,0.5125476635828614,2.469596800619364,0.4052069405436516
1789911257267562500,17.8515625,1.0209390842691064,2.2215011607170103,-0.4148874998196959
1789911257277571300,17.8615712890625,1.2558850274801254,1.7669599881619213,-1.6338003487333654
1789911257287580400,17.871580322265626,1.4765554848402738,1.287643270790577,-3.1318177237972615
1789911257297589200,17.88158935546875,1.6093535974800586,0.9348258581757545,-4.822438568644225
1789911257307598300,17.891598388671873,1.1271101790070532,0.748251731684804,-6.172733525919914
1789911257317606400,17.9016064453125,0.28612054239213464,0.6897235548704862,-6.544165622633695
1789911257327615500,17.911615478515625,-0.11511223382353782,0.5545768332779407,-6.095107849925756
1789911257337624300,17.921624267578125,-0.24520547141879795,0.20271920560598372,-5.554191293209791
1789911257347633400,17.93163330078125,-0.32559067525416613,-0.07987608526945114,-5.329240382051467
1789911257357642500,17.941642578125,-1.1801575863227247,0.20882336769998072,-4.890099899984896
1789911257367651600,17.951651611328124,-2.5672116639360785,0.6613648908704519,-3.6446886279851194
1789911257377660400,17.961660400390624,-3.1956814164206384,0.9057686905175447,-1.5468249528527258
1789911257387669200,17.971669189453124,-3.6607320002913473,0.6069418112874031,0.9061728874042629
1789911257397677300,17.98167724609375,-3.8268703647360205,-0.5253443090528249,3.230466021814942
1789911257407686400,17.991686279296875,-1.817854893618822,-3.2212504497021435,5.287413164669275
1789911257417695500,18.001695556640627,4.08240433794558,-8.73007290740013,5.176386738854647
1789911257427704300,18.011704345703127,9.21458368628323,-14.713807125508785,0.5624348533019423
1789911257437713400,18.02171337890625,5.401599515819549,-15.464563533490896,-4.769219311892986
1789911257447722500,18.031722412109374,1.7151333548128604,-10.638041202664375,-5.2559226323843
1789911257457731600,18.041731689453126,1.3423561271004378,-5.061118437686562,-1.3224933426365255
1789911257467740400,18.051740478515626,1.0771117839984594,-1.595178941655159,3.195337133027613
1789911257477749200,18.061749267578126,0.4147621198743581,0.7218862873286008,6.725458593851328
1789911257487757600,18.071757568359374,-0.05465571929514408,1.865237407040596,8.227685111042856
1789911257497766400,18.081766357421873,-0.36543782473504544,2.3209131365835667,8.511507313364744
1789911257507775200,18.091775146484373,-0.6212567523658276,2.3299738103955985,8.266404425537585
1789911257517784300,18.101784423828125,-0.9923176776796578,1.989599699768424,7.882159609001874
1789911257527793400,18.11179345703125,-1.3072354216195643,1.691705717474222,7.408330967652797
1789911257537802500,18.121802490234376,-1.457990046710521,1.5994991429418324,7.003840650945901
1789911257547811600,18.1318115234375,-1.6593711355805396,1.653465710929036,6.570604716747999
1789911257557820400,18.1418203125,-1.8979466674655674,1.6331769561380147,6.213862824165821
1789911257567829200,18.151829345703124,-2.0655939751684667,1.3182219489276408,6.062558163976669
1789911257577837600,18.161837646484376,-1.9772060821413993,0.5246610029637814,5.93075549211502
1789911257587846400,18.171846435546875,-1.6654437334924936,-0.13529285206496713,5.293918893301487
1789911257597855200,18.181855224609375,-1.4095096550494433,-0.6977794355541467,4.555758347520232
1789911257607864300,18.1918642578125,-1.371950616505742,-1.5046318247675894,3.8043504898920655
1789911257617873400,18.201873291015627,-1.464028011700511,-2.302265719258785,2.869608218346536
1789911257627882500,18.211882568359375,-1.603595472344756,-2.9776661497443913,1.885845603044331
1789911257637891300,18.221891357421875,-1.7280559647500513,-3.370726140898466,0.8778791053339838
1789911257647900400,18.231900390625,-1.8257237272977829,-3.3802100085586306,-0.06618468291684985
1789911257657909500,18.241909423828126,-1.9145476736545561,-2.9381068772941825,-0.959360872234404
1789911257667917600,18.25191748046875,-2.0502228030353784,-2.230052715963125,-1.7308499793827532
1789911257677926400,18.261926513671874,-2.128560426691174,-1.475083658722043,-2.381445492827147
1789911257687935200,18.271935302734374,-2.2000848632007837,-0.7784621610313653,-2.8735961189389227
1789911257697944300,18.2819443359375,-1.836146921634674,-0.17410861267149447,-3.3019916273683307
1789911257707953400,18.291953369140625,-1.4272487253576516,0.357961789765954,-3.643535366296768
1789911257717962500,18.30196240234375,-0.8607084825634956,0.8634890531927346,-3.847722306367755
1789911257727971300,18.311971435546877,-0.30467500247014684,1.3747475537478924,-3.894166369895637
1789911257737980400,18.32198046875,0.16168459990620612,1.929315034675598,-3.773166247077286
1789911257747989500,18.331989501953124,0.7613432684481144,2.1579975335776806,-3.678179394176602
1789911257757997600,18.34199755859375,1.8223685716509819,1.988819947567582,-3.3300299733728167
1789911257768006400,18.35200634765625,3.1405612944841383,1.2210650585114955,-2.1053785808071495
1789911257778015500,18.362015380859376,3.9196015476644037,0.21893384282588957,-0.7761614828735589
1789911257788024300,18.3720244140625,3.940416372156143,-0.18303660001456737,0.2147896556932479
1789911257798033400,18.382033447265623,3.32068054574728,-0.2946247513651848,0.9534620234541594
1789911257808042200,18.392042236328123,2.4061609780192375,-0.23807576566934585,1.386369017958641
1789911257818051300,18.40205126953125,1.4145336206912993,0.029549335089325904,1.8649698421455918
1789911257828060400,18.412060302734375,0.35995215986557305,0.3159837657362222,2.3449007458925246
1789911257838069500,18.422069580078126,-0.5137479062180966,0.5819207672774791,2.653267606884241
1789911257848077300,18.432077392578126,-1.1771559202887116,0.8575099787831306,2.7081460290193555
1789911257858086400,18.44208642578125,-1.5325988591015338,1.1048434021413325,2.3948604163259266
1789911257868095500,18.452095458984374,-1.513903510981798,1.32486328663826,1.7411038085021078
1789911257878104600,18.4621044921875,-0.9738941322386264,1.2521470099955796,0.2981532177522778
1789911257888113400,18.472113525390625,-0.17303499209061263,1.1066910758346318,-1.2437630664013326
1789911257898122200,18.482122314453125,0.3412089540161192,1.0733651448160408,-2.2535345677070318
1789911257908131300,18.49213134765625,0.5483830932043492,0.7281026776254177,-2.8916148829713464
1789911257918140400,18.502140380859377,0.5241242657385766,0.25125556523799897,-3.3931068995326754
1789911257928148500,18.5121484375,0.48624841633066535,-0.14902677838504313,-3.7424428997725245
1789911257938157300,18.5221572265625,0.4732464575469494,-0.4041062858253717,-3.987949984486401
1789911257948166400,18.53216650390625,0.4498563757397234,-0.39672786601185794,-4.103904806613922
1789911257958175500,18.542175537109376,0.4147369854331016,-0.17763444871008396,-4.152915213498473
1789911257968184600,18.5521845703125,0.46374110870733853,0.010035071802139282,-4.232114422419667
1789911257978193400,18.562193359375,0.5808955158829688,-0.014011574217677115,-4.390243667931855
1789911257988202200,18.5722021484375,0.8911128270469605,-0.4422732271343469,-4.588658454342186
1789911257998211300,18.58221142578125,1.5822760593317449,-1.3085709080070256,-4.442373375880718
1789911258008220400,18.592220458984375,2.827638669884205,-1.9439169760018586,-3.53165933791548
1789911258018229500,18.6022294921875,4.096454490607977,-2.0419471421211957,-1.9346631177052855
1789911258028237300,18.6122373046875,4.509828370994329,-1.4736767145335674,-0.23830354654323307
1789911258038246400,18.622246337890626,4.272143065947294,-0.9337626128584146,0.7205117110397666
1789911258048255500,18.63225537109375,3.5769606611490246,-0.9087544283300638,0.6601532500583678
1789911258058265600,18.642265625,2.270658428726345,-1.1200117451786995,0.11954996054265647
1789911258068274700,18.652274658203126,1.1307952972605824,-1.639306837195158,-0.809061151304096
1789911258078283500,18.662283447265626,0.8626397428870201,-2.7685803317159414,-2.187609412509203
1789911258088292600,18.672292724609374,1.3248537881575524,-4.1785085044384,-3.52793914834857
1789911258098301700,18.6823017578125,2.1204477012537417,-5.549360219791531,-4.576214567832649
1789911258108310800,18.692310791015625,3.221221808129549,-6.257576878207922,-4.9590936489731074
1789911258118318600,18.702318603515625,3.8359623104691503,-5.6057338489204644,-4.653145831821859
1789911258128327700,18.71232763671875,3.5146810228466987,-3.92337580550611,-4.343438369876146
1789911258138336800,18.722336669921877,2.8787773209691045,-2.6183739881575105,-4.057872538757324
1789911258148345600,18.732345703125,2.074711347603798,-1.958830467495322,-3.6366350853890177
1789911258158354700,18.742354736328124,1.52619016110301,-1.8657535398691891,-3.0753900263935328
1789911258168363500,18.752363525390624,0.9069646223038434,-2.3411522070139643,-2.6866274401724337
1789911258178372600,18.76237255859375,0.018366262295842168,-3.252566209942102,-2.6401331077620385
1789911258188381700,18.772381591796876,-1.0188578940808772,-4.084217524847388,-2.606490950401127
1789911258198390800,18.782390869140624,-1.5719810214191674,-4.6136388740807766,-2.200484822303802
1789911258208398600,18.792398681640623,-1.548890214819461,-4.922962597405911,-1.4866804268829523
1789911258218407700,18.80240771484375,-1.4696006972663103,-5.073423792508244,-0.48687575444877146
1789911258228416800,18.812416748046875,-1.2716611271522937,-5.26927486591041,0.48490781537666916
1789911258238425900,18.82242578125,-1.201394143357873,-5.417407325804233,1.6680410565093158
1789911258248434400,18.832434326171875,-1.119029748404026,-5.307604888826608,3.019504473042488
1789911258258443500,18.842443603515626,-1.1452258275426923,-4.742744561943412,4.45908807157725
1789911258268452600,18.85245263671875,-0.989141385731101,-3.7284500302553174,5.957961478948593
1789911258278461700,18.862461669921874,-0.631039602972567,-2.7629151455610987,6.9624787129879
1789911258288470800,18.872470703125,-0.24368454546183346,-2.1467864037334916,6.697173579609394
1789911258298478600,18.882478515625,0.13498393224626778,-1.6399994956344366,5.822580948600173
1789911258308487700,18.89248779296875,-0.9289946678042411,-0.9966460622727871,4.598394835458696
1789911258318496800,18.902496826171873,-3.058538552574813,-0.3589730126351118,3.3688714529424906
1789911258328505900,18.912505859375,-4.722637885721028,0.42989772968590256,2.8430504662886262
1789911258338514700,18.9225146484375,-5.447929889839887,0.8485685474365949,2.1474323004215954
1789911258348523500,18.9325234375,-2.3472876410290597,0.9723778824567795,2.273747480782866
1789911258358532600,18.94253271484375,-0.018952537751197814,1.0377946497410535,2.0305136016979812
1789911258368541700,18.952541748046876,-0.5932020397484302,1.1617337486207484,1.5510700430765747
1789911258378550800,18.96255078125,-2.1849580212175845,1.1811503967523573,1.8327946885973214
1789911258388558600,18.97255859375,-3.5790853982180355,0.8144833224833011,2.4755662304177877
1789911258398567700,18.982567626953124,-4.07832086802423,0.4971475576162338,2.7471944293379784
1789911258408576800,18.99257666015625,-3.3042811996102333,0.38568858560323716,2.966347760133445
1789911258418585600,19.002585693359375,-2.5451684666931627,0.4212760318130255,3.182171361984312
1789911258428594700,19.0125947265625,-2.574906894613802,0.6968582290560007,3.275662715630233
1789911258438603500,19.022603515625,-3.064566142301261,1.1649170548319816,3.3317674646899103
1789911258448612600,19.032612548828126,-3.418953580711782,1.7244003648519515,3.4323432236388323
1789911258458621700,19.04262158203125,-3.495034365351498,2.246196626034379,3.673658701881766
1789911258468630500,19.052630615234374,-3.5653514718979595,2.6609301043361424,3.902968100510537
1789911258478638600,19.062638671875,-3.588535948130488,3.085551939445734,4.098494764263927
1789911258488647700,19.072647705078126,-3.3996178888618944,3.332820480874181,4.227238048554956
1789911258498656800,19.08265673828125,-3.213502027532458,3.8166865321129557,4.286375297178328
1789911258508665600,19.09266552734375,-3.2589962429895993,4.148611378824711,4.068379027463496
1789911258518674700,19.1026748046875,-2.926552633100748,4.782931610903144,4.013503235676884
1789911258528683800,19.112683837890625,-2.4307699340969324,5.152427771118283,3.654966276371479
1789911258538692600,19.122692626953125,-1.956077661655843,5.222485642206668,3.1365587808445095
1789911258548701700,19.13270166015625,-1.041816744863987,5.145418184617162,2.861985760644078
1789911258558710500,19.14271044921875,-0.23442104255408047,4.988861010727286,2.1774165197968482
1789911258568718600,19.152718505859376,0.4104574084177613,4.690498241877555,1.279099606589973
1789911258578727700,19.162727783203124,0.8615136614665388,4.114487575426698,0.024816169087588786
1789911258588736800,19.17273681640625,1.244505555331707,3.289160202845931,-1.3333175189897417
1789911258598745600,19.18274560546875,1.6394053291335702,2.254935228285193,-2.5326494691208
1789911258608754700,19.192754638671875,2.027514712142944,1.142286120828986,-3.469859884345531
1789911258618763800,19.202763671875,2.2220321988537908,-0.052610477203130716,-4.438850462451577
1789911258628772600,19.212772705078127,2.3206050935477016,-1.2844430134445428,-5.177120898348092
1789911258638781400,19.222781494140627,2.2999878374546765,-2.249334924060106,-5.002456405359506
1789911258648790500,19.23279052734375,2.609997204956412,-2.5187270344913006,-3.7337256325706836
1789911258658799600,19.242799560546874,3.0093761699989434,-2.0164152259796855,-2.2267948832109568
1789911258668807700,19.2528076171875,3.023687311685085,-1.0804793607354164,-0.5138192909538746
1789911258678816500,19.26281640625,3.1808006581529975,-0.23015198693275452,1.1740879110202194
1789911258688825600,19.27282568359375,3.5044121422886847,0.44655660354197024,2.380126080791652
1789911258698834700,19.282834716796874,4.054823672580719,1.0445423704355954,3.112409258972108
1789911258708843800,19.29284375,4.014977399882674,1.8100357443004846,3.964323901966214
1789911258718852900,19.302852783203125,2.135310485473275,2.5473656844764947,5.491503658628464
1789911258728861700,19.31286181640625,0.18310411229282617,1.8441659774392842,6.918046866065263
1789911258738870500,19.32287060546875,0.6902490400493144,-0.3622100948601961,7.522970907789468
1789911258748879600,19.332879638671876,1.5832555718883872,-3.007100334021449,7.084633266538381
1789911258758888700,19.342888671875,5.070329918146133,-7.560816362059116,6.803350811827182
1789911258768896500,19.352896484375,10.301697954988478,-14.650433262228965,4.767449379611015
1789911258778905600,19.362905517578124,2.903303274938464,-17.72953091096878,0.7780635171025991
1789911258788914700,19.372914794921876,-6.153841778445243,-16.49264050681591,-0.7256298577710986
1789911258798923800,19.382923828125,-8.161436569109558,-12.804407920658587,-1.7611355197921394
1789911258808932600,19.3929326171875,-6.548150308355688,-6.8888114192306995,-1.1692499694697558
1789911258818941700,19.402941650390623,-4.884706516508758,-1.8811036692142487,0.4401734783761203
1789911258828950500,19.412950439453127,-4.096502421402931,0.762604666686058,1.2128728380970657
1789911258838959600,19.422959716796875,-3.900534735883772,2.313006893503666,1.4786360905066132
1789911258848968700,19.43296875,-4.214344080190361,3.2744460333168504,1.4319962121456862
1789911258858976500,19.4429765625,-4.535395066188276,4.040725004601478,1.3463390592567621
1789911258868985600,19.452985595703126,-4.825683249653876,4.623157228532433,1.1061606222197413
1789911258878994700,19.46299462890625,-5.490908615344763,5.010079739844799,0.664715224211663
1789911258889003800,19.473003662109374,-6.174452020275592,5.187371074205637,0.30005583650320766
1789911258899012600,19.4830126953125,-6.110704062986374,5.1705970495373,0.025324557001143694
1789911258909021700,19.493021728515625,-4.831336453109979,4.694197096395492,-0.1398123753160238
1789911258919030800,19.50303076171875,-3.6101854698807,3.682732819697261,-0.3953811275780201
1789911258929039600,19.51303955078125,-3.0183412744820117,2.276307102137804,-0.8629322960928082
1789911258939048700,19.523048583984377,-2.5704212736323475,0.6570189706206321,-1.4370713234528898
1789911258949056500,19.533056396484376,-2.2928083012141287,-1.045595094358921,-2.0732570571422575
1789911258959065600,19.543065673828124,-1.42242115907073,-2.6019442468822,-2.736167131628096
1789911258969074700,19.55307470703125,-0.36122283738851546,-4.212018559852242,-3.4533050553858278
1789911258979083500,19.56308349609375,-0.2966099338330328,-4.881803488543629,-3.4576094745814796
1789911258989092600,19.573092529296876,-0.1644780300170183,-3.5740333755254743,-2.4801842456072567
1789911258999101700,19.583101806640624,-0.042885128937289116,-1.8921540555387735,-1.3748188654184341
1789911259009110800,19.59311083984375,1.3679858045279978,-0.8674228855103254,-0.3571469662517309
1789911259019119600,19.60311962890625,7.749507042312621,0.4880541505783796,3.1153178398951886
1789911259029128400,19.61312841796875,11.037890415567158,1.249182899492979,5.818426167008281
1789911259039137500,19.623137451171875,7.221279286777973,0.6617997751563787,3.8073271676152944
1789911259049145600,19.6331455078125,4.170944791185856,0.4469704450398683,0.6169391814276576
1789911259059153700,19.643153564453126,1.4162684816598892,0.6376292104959488,-1.2812418793156741
1789911259069162500,19.65316259765625,-1.1429507222175597,0.46800914141535754,-2.5647587178260087
1789911259079171600,19.663171630859374,-2.4371383000850675,0.36635903123319147,-2.8582623562067746
1789911259089180700,19.6731806640625,-3.080750676643848,0.5386848521411418,-2.590133105318248
1789911259099189800,19.683189697265625,-3.403107484543323,0.6864443870693445,-2.3309902939617633
1789911259109198600,19.693198486328125,-3.245084329754114,0.8299135313272475,-1.7198343721106648
1789911259119207700,19.703207763671877,-2.9280642067074774,1.048254668956995,-1.2461229274004697
1789911259129216800,19.713216796875,-2.269678623908758,1.2628314856171607,-0.9405673244372009
1789911259139224800,19.723224853515624,-1.0709832911808044,1.4110229822218416,-0.6066626290198415
1789911259149233700,19.733233642578124,0.5679495981354266,1.3791034108698368,0.062489773921668525
1789911259159242800,19.74324267578125,1.7711071709692476,0.7315414199024438,0.23305055791847407
1789911259169251600,19.75325146484375,2.163675579214096,0.19890461575388907,-0.20473244512453673
1789911259179260700,19.7632607421875,1.7067594942212103,0.18397475764751434,-0.7882076753024011
1789911259189269500,19.77326953125,0.8589045749466866,0.20285423016250131,-1.2837281431734562
1789911259199278600,19.783278564453123,-0.05054470377974212,0.3043453503906727,-1.5854498670622705
1789911259209287700,19.79328759765625,-0.555374048070237,0.46609541674852367,-1.5525027062281966
1789911259219296800,19.803296875,-0.7893043844979256,0.6071218440294266,-1.396092831854522
1789911259229304600,19.8133046875,-0.8485106067042797,0.7073182482719421,-1.0581337464798242
1789911259239313700,19.823313720703126,-0.5751894131958484,0.7576672102838754,-0.626559827210009
1789911259249322800,19.83332275390625,0.17622151317223905,0.7277455347508192,-0.20537878020405767
1789911259259331600,19.84333154296875,1.3075647997044026,0.5401923340946435,0.216252567852661
1789911259269340700,19.853340576171874,2.554301036697626,-0.07040683065652847,0.5394572978183627
1789911259279349500,19.863349609375,3.5621769335150715,-0.8188345034301281,0.868725857867673
1789911259289358600,19.873358642578125,3.551486028152704,-1.3210066112101078,1.2346613299265503
1789911259299367700,19.88336767578125,2.748388023036718,-1.339620710787177,1.3534595587864517
1789911259309376800,19.893376708984373,1.6467852102518081,-0.9431178857028484,0.9387902317620813
1789911259319385900,19.9033857421875,0.6324900940418243,-0.6020885260373353,0.2939646800212562
1789911259329393700,19.9133935546875,0.3048059536397457,-0.6749561938494444,-0.5375856587275862
1789911259339402800,19.92340283203125,0.6389607513606548,-1.283812314325571,-1.3444383402019737
1789911259349411800,19.933411865234376,1.237747459373623,-1.7713047393679617,-1.5890595819920301
1789911259359420400,19.94342041015625,1.7253662872746587,-1.797155219939351,-1.4107197614915667
1789911259369429500,19.953429443359376,1.5558827040553092,-1.8413731318503617,-1.4225658282384275
1789911259379438600,19.9634384765625,0.6877052007853984,-2.0392209320276975,-1.7643398687914014
1789911259389447700,19.97344775390625,-0.4130405567787587,-2.60255974843204,-2.352346677984297
1789911259399456800,19.983456787109375,-1.2680766927942633,-3.539126897317171,-2.939152294693887
1789911259409465600,19.993465576171875,-1.6453484554469584,-4.466442818254232,-3.612185119265318
1789911259419473700,20.0034736328125,-1.3269114513397215,-5.246529950138926,-4.732514844352006
1789911259429482800,20.013482666015626,0.20448563075661658,-5.652988936570287,-5.962087034446001
1789911259439491800,20.023491943359375,2.877377975565195,-5.787916462454199,-6.499323441344499
1789911259449500700,20.033500732421874,5.2275113614141935,-5.422066549786925,-5.563409787932038
1789911259459509500,20.043509521484374,6.166468620306253,-4.462292712837457,-3.991940515427291
1789911259469518600,20.0535185546875,5.801633437639475,-3.1908214091688394,-3.1042621928736565
1789911259479527700,20.063527587890626,4.322070587676763,-1.9068430906265972,-2.9183678653404117
1789911259489536800,20.073536865234374,2.789035675245523,-1.0343097302347422,-2.6270468316957354
1789911259499545600,20.083545654296874,1.5288696094453333,-0.8663011880040168,-2.2147822277255353
1789911259509553700,20.0935537109375,0.5505319418013096,-1.3332324710547923,-1.9016279863268135
1789911259519562800,20.103562744140625,-0.3598650295713916,-1.9669003767043352,-1.5430926344566047
1789911259529571800,20.11357177734375,-1.0607014780759811,-2.3684148924708364,-1.1973784779757262
1789911259539580700,20.12358056640625,-1.4438509005904197,-2.565845344018936,-0.9521528405517339
1789911259549589800,20.13358984375,-1.7536504247337579,-2.7135101864010096,-0.5267053682729601
1789911259559598600,20.1435986328125,-1.879582743257284,-2.8088749327033757,-0.15893310924097895
1789911259569607700,20.153607666015624,-1.834353023955226,-2.7900504052460193,0.14970949995219707
1789911259579616500,20.163616455078124,-1.8466133705914018,-2.6134616661965846,0.5088040931403637
1789911259589625600,20.17362548828125,-1.9806588529437779,-2.280938269069791,0.8986790245175361
1789911259599633700,20.183633544921875,-2.2923107269555327,-1.819311522167921,1.3301425422154367
1789911259609642800,20.193642822265623,-2.563230777606368,-1.370246150675416,1.9481278716951607
1789911259619651600,20.203651611328127,-3.5524528273582456,-1.1124006856530904,2.322196746653318
1789911259629660700,20.21366064453125,-5.098935250383615,-1.1029822844445705,1.893542295026779
1789911259639669800,20.223669677734375,-7.204012510156631,-1.2065741763442754,0.6804223503008484
1789911259649678600,20.2336787109375,-8.894594192036985,-1.1143605875492095,-0.30904987481981516
1789911259659687700,20.243687744140626,-7.023944696819782,-0.9909048882722854,-1.0748413548484443
1789911259669696500,20.253696533203126,-2.166364964428544,-1.030288804155588,-1.7966878946885465
1789911259679705600,20.26370556640625,0.47039223715960976,-0.8713637320905924,-2.370734275329113
1789911259689713700,20.273713623046874,-0.3449102927520871,-0.27946692972183224,-1.7064757088437676
1789911259699722800,20.28372265625,-2.5002593576475975,0.35934769116640086,0.2880401122778654
1789911259709731600,20.293731689453125,-4.197232786391675,0.7656944493949412,1.7277505520626901
1789911259719740700,20.30374072265625,-3.95379374012351,0.984419033384323,2.406447101484239
1789911259729749800,20.313749755859376,-3.546562600275874,0.9643985741406679,2.72606951598376
1789911259739758800,20.3237587890625,-3.302203224292397,0.9433715682029724,2.80526784812212
1789911259749767400,20.333767333984376,-2.871346294185519,1.0019155271083116,2.906863597768545
1789911259759776500,20.343776611328124,-2.693180807338655,1.1405576896011829,3.0125980546548963
1789911259769785600,20.35378564453125,-2.670451965919137,1.4215963986843823,3.431506772814691
1789911259779793700,20.363793701171875,-2.5795883304283023,1.8086451667249202,4.023448583368957
1789911259789802500,20.373802490234375,-2.5254016899496317,2.1392150916963812,4.505693463146686
1789911259799811600,20.3838115234375,-2.6740450219750405,2.4231769947499036,4.751061723911762
1789911259809820700,20.393820556640627,-2.9514158562004567,2.42924491648674,4.863797876253724
1789911259819829800,20.403829833984375,-3.0525770138218995,2.530498136305809,4.986113757845759
1789911259829838800,20.4138388671875,-2.972197362944484,2.573845110601187,5.0532238850444555
1789911259839847700,20.42384765625,-2.8512516006618736,2.723514278542995,5.104063845443726
1789911259849856500,20.4338564453125,-2.7185037569046018,2.8733371757417916,5.13303684194982
1789911259859865600,20.443865478515626,-2.578844526323676,3.0183769303172827,4.947064188483357
1789911259869873700,20.453873779296874,-2.397562076500058,3.1115117256104945,4.612136068302393
1789911259879882500,20.463882568359374,-2.144623965002596,3.1773347356081008,4.278838179671764
1789911259889891600,20.4738916015625,-1.760188594330847,3.2615684315651654,4.122647208745778
1789911259899900700,20.483900634765625,-1.3228423022046685,3.3551340194910764,3.933517552553117
1789911259909909800,20.49390966796875,-0.5325745525673031,3.1838696903347965,3.3568361472338437
1789911259919918600,20.503918701171877,0.12507833204269408,3.00821735535264,2.7506971767619253
1789911259929927700,20.513927734375,0.7166545241549611,2.7771090906083584,2.2746797931969165
1789911259939936500,20.5239365234375,1.4037182121664284,2.4076678754508496,1.5652096275880931
1789911259949944800,20.53394482421875,2.1954005047768352,1.8592326136678456,0.462142879730463
1789911259959953700,20.54395361328125,2.553010412365198,1.1632008985638618,-0.9026058425724506
1789911259969962500,20.55396240234375,2.3176290003463627,0.30240473771691323,-2.3258622834235427
1789911259979971600,20.5639716796875,2.0111141969621182,-0.6970803473740815,-3.6818487303391096
1789911259989980700,20.573980712890624,1.5958625400051474,-1.8496821105122565,-4.93708172365129
1789911259999989800,20.58398974609375,1.202484861204028,-2.650585235932469,-5.777214451175928
1789911260009998600,20.59399853515625,0.9924781289383768,-2.834773344069719,-6.08864829852283
1789911260020007700,20.604007568359375,1.1704992388784885,-2.462846741837263,-5.685151084506511
1789911260030016800,20.614016845703127,1.601302539101988,-1.5241180310040712,-4.739067042474448
1789911260040024800,20.62402490234375,1.7848527877271174,-0.19027064292132853,-3.672418346431851
1789911260050033700,20.63403369140625,1.3156575052671133,1.010007063627243,-2.693402341134846
1789911260060042800,20.644042724609374,0.2766594710856676,1.921096072384715,-1.7271572623446583
1789911260070051800,20.6540517578125,-0.7119780567765236,2.0848633237838743,-0.5098150237485766
1789911260080061000,20.66406103515625,-1.2931424527287483,0.6287865633487701,0.8764712843626737
1789911260090070000,20.674070068359374,-1.0759854103170334,-1.5665128191411495,2.057628987638652
1789911260100079000,20.6840791015625,-0.33174788270965216,-4.153530130526423,2.280183066788316
1789911260110088000,20.694087890625,0.16557795408293605,-6.973899101668596,1.980742731834948
1789911260120097000,20.704096923828125,0.5965161327324807,-9.358497651699185,1.6829612700045107
1789911260130105000,20.71410498046875,1.2788818721860646,-10.698052896034717,1.2725190591558813
1789911260140114000,20.724114013671876,2.2915695531994102,-10.498335794854164,-0.20902619679570197
1789911260150123000,20.734123046875,2.083218333055824,-7.379633280956745,-1.473285669389367
1789911260160131800,20.7441318359375,0.7589658717922866,-3.246857769167423,-0.43591888967156406
1789911260170141000,20.754140869140624,-0.16997136673629282,-0.815057907500863,1.155673425668478
1789911260180150000,20.76414990234375,-0.5901227784335613,0.55284372587502,1.9179373160928486
1789911260190158800,20.774158935546875,-0.8402917174786328,1.6305863551229238,2.4677991035476325
1789911260200168000,20.78416796875,-1.0209218408733605,2.3990455930560826,2.8583707850173115
1789911260210176000,20.794176025390627,-1.2873007409632204,2.949464137610793,3.0494612198889253
1789911260220185000,20.80418505859375,-1.50568001864627,3.422107368567586,3.2096126188784835
1789911260230194000,20.81419384765625,-1.6645482459574936,3.8361113635510202,3.4120185207515954
1789911260240203000,20.824203125,-1.7957465221852063,4.081766624563932,3.4685444178327915
1789911260250211800,20.8342119140625,-2.059266525712609,4.099052690407634,3.3971640659689903
1789911260260221000,20.844220947265626,-2.27737736171782,3.692485567426681,3.254946675337851
1789911260270230000,20.85422998046875,-2.426869565657526,2.5681957065373657,2.8522271676957605
1789911260280238800,20.86423876953125,-2.74913036583662,0.7611515452682972,2.1643273211210965
1789911260290248000,20.874248046875,-3.0982845797687766,-1.1399895343244075,1.4987123715907333
1789911260300256000,20.884256103515625,-3.7431034095078703,-2.864841150075197,0.8420987669005989
1789911260310265000,20.89426513671875,-4.232804158249497,-4.239533758765459,0.22317177265658975
1789911260320274000,20.90427392578125,-3.9819069049298763,-4.600599944287538,-0.3617119360797107
1789911260330283000,20.914282958984376,-3.404526703691482,-3.2112522027790544,-0.44887320992127056
1789911260340292000,20.9242919921875,-2.658409061425924,-1.482384921646118,-0.08575754452347754
1789911260350301000,20.934301025390624,-2.181826152932644,-0.45293432188034055,0.07319470780938864
1789911260360309800,20.944309814453124,-1.4815665910005569,0.3439624905079603,0.3242350228615105
1789911260370318800,20.95431884765625,-0.9244511791557073,0.9274211348772048,0.5526036335088312
1789911260380327000,20.964326904296875,-0.5128144978255034,1.3414157775104045,0.6947767466068268
1789911260390336000,20.9743359375,-0.28133272359371186,1.7309785741984842,0.769526721034199
1789911260400344800,20.9843447265625,0.2943547205184586,2.202901674187183,1.0069712030626834
1789911260410354000,20.99435400390625,1.6095722086668014,2.4118290867835284,1.340032360327989
1789911260420363000,21.004363037109375,3.738402099949121,1.5434347258925436,1.409442727293074
1789911260430372000,21.0143720703125,5.3632151323676105,0.36795360694825646,0.6324072380639613
1789911260440381000,21.024380859375,5.646836843681335,-0.24999299795627591,-0.5020787304081022
1789911260450389800,21.0343896484375,4.034948759287595,-0.15643208620548246,-0.8132000046744943
1789911260460398000,21.044398193359374,2.390027004820108,0.20156652843952177,-0.23491233320236204
1789911260470407000,21.054406982421874,1.041261522134021,0.34611703819334505,0.3308030030749738
1789911260480416000,21.064416015625,-0.2705599851667881,0.5507347708970308,0.4985789055936038
1789911260490424800,21.0744248046875,-1.1818377944946288,0.8116764483690261,0.35559330706894393
1789911260500434000,21.084433837890625,-1.7540987530231475,1.0023416435658932,-0.08279942537024616
1789911260510443000,21.094443115234377,-1.9371943897485733,1.2079384504348039,-0.3272930952578783
1789911260520452000,21.1044521484375,-1.8118296419799327,1.2947621628850698,-0.3131253075651824
1789911260530461000,21.1144609375,-1.4858791935026645,1.0717284835249186,-0.29214360207393764
1789911260540469800,21.1244697265625,-1.0109610033512115,0.8777344361662864,-0.33399098546132444
1789911260550478000,21.13447802734375,-0.44534021348953245,0.9947913743168115,-0.1944168028153479
1789911260560487000,21.14448681640625,0.28496611166000363,0.9705530051171779,-0.22753099077939987
1789911260570495700,21.154495849609376,1.1361807896912097,0.6735463270515203,-0.4769862285971641
1789911260580504800,21.1645048828125,1.9111866727888582,0.21212533185482024,-0.7186588497146964
1789911260590514000,21.174513916015623,2.3733085097312925,-0.28743104046881196,-0.9144226101595908
1789911260600523000,21.18452294921875,2.2959844470322133,-0.6122071844696998,-0.8981358575515449
1789911260610532000,21.194531982421875,1.6936054136157035,-0.6651882485508919,-0.8438339201301336
1789911260620541000,21.204541015625,0.9120809424042701,-0.47994507840275763,-0.8445226330466568
1789911260630549000,21.214549072265626,0.29756255838274953,-0.24571663581132888,-1.0297169956170023
1789911260640558000,21.22455810546875,-0.059160483368486165,-0.20476853935122488,-1.3717895807251332
1789911260650567200,21.234567138671874,-0.24368469159230588,-0.4583090006560087,-1.806997837909311
1789911260660575700,21.24457568359375,-0.20687880950346588,-0.9055763828158379,-2.3199361082449554
1789911260670584800,21.254584716796874,0.11006196469664573,-1.366581198427081,-2.8526465621516106
1789911260680594000,21.264593994140625,0.6502222962178289,-1.6252806499302386,-3.1785897041052578
1789911260690603000,21.27460302734375,1.385175424259901,-1.5448352403402328,-3.2152471176341173
1789911260700611800,21.28461181640625,2.2625300673283637,-1.214046119660139,-3.1383325125187636
1789911260710620000,21.294619873046877,2.930692217123508,-1.0486299320101737,-3.4220296271562574
1789911260720629000,21.30462890625,3.121450935822725,-1.5473276416778563,-4.288298081934451
1789911260730638000,21.31463818359375,2.9045781171798706,-2.5915759976029396,-5.026137140676379
1789911260740647000,21.32464697265625,2.6398960841357706,-3.6099919931352136,-5.310850738880038
1789911260750656000,21.334656005859376,2.697006210845709,-4.4075376248210665,-5.430319998869299
1789911260760664800,21.344664794921876,2.851391301393509,-5.137575069901347,-5.534882197105884
1789911260770674000,21.354673828125,2.900207062488794,-4.988889067777991,-5.345153990498185
1789911260780683000,21.36468310546875,3.045146279299259,-4.342594320267438,-5.209665323600173
1789911260790690800,21.37469091796875,2.8482430664956566,-3.9130484727591273,-5.0601107219487425
1789911260800700000,21.384699951171875,2.244836443597078,-3.5398563806355,-4.566029566165804
1789911260810709000,21.394708984375,1.4604372937321661,-3.2037212227523324,-3.9930926080718634
1789911260820718000,21.404718017578126,0.6614817952483892,-2.990540828886628,-3.366488357198238
1789911260830727000,21.414726806640626,-0.10666242191884666,-3.0227731194496155,-2.7733748725160954
1789911260840736000,21.424736083984374,-0.6117050801664591,-3.3220635245382786,-2.1253934870928526
1789911260850745000,21.4347451171875,-1.042691189610958,-3.844512112149596,-1.5843134103782475
1789911260860754000,21.44475390625,-1.2941187504149974,-4.3969197846949095,-0.8957450168922543
1789911260870762000,21.454761962890625,-1.404123870357871,-5.045713947805762,-0.07694543864503503
1789911260880770800,21.464770751953125,-1.408254686552286,-5.650251620560884,1.0386547737017273
1789911260890780000,21.47477978515625,-1.2340139719337224,-6.02568418508768,2.465940323938429
1789911260900789000,21.4847890625,-1.1641785114243626,-6.29706308542192,3.5980285836189982
1789911260910797800,21.4947978515625,-1.3606377798527478,-5.478861619198322,4.334519150361419
1789911260920807000,21.504806884765625,-2.045429139018059,-3.6499066548943517,4.711771331530809
1789911260930816000,21.51481591796875,-2.7020141021355983,-2.210129287353158,4.366621092543006
1789911260940825000,21.5248251953125,-3.879926539880037,-1.325524965417385,3.1848332746699453
1789911260950833000,21.5348330078125,-4.5870460507094855,-0.41877486264705654,2.723989787100255
1789911260960842000,21.544842041015624,-4.885440383741259,0.3393482747107744,2.271226437872648
1789911260970851000,21.55485107421875,-3.792030522023141,0.6922253085583449,1.1299760898321867
1789911260980860000,21.56485986328125,-2.002499805612862,0.9040689008623362,0.3617342940419912
1789911260990869000,21.574868896484375,-1.5468945109575987,0.9466074813842773,0.1252390755623579
1789911261000877800,21.5848779296875,-2.191575978052616,0.9715735803365707,0.13888123194575308
1789911261010887000,21.594886962890627,-2.5304689102113245,1.1429331865608692,0.38066754257082935
1789911261020896000,21.60489599609375,-2.4736072053045035,1.3921014241307974,1.289630937476456
1789911261030904000,21.614904052734374,-2.8359944102972743,1.6887854461133478,2.380562718643248
1789911261040913000,21.624912841796874,-3.43478155670166,1.8563333850950001,3.07713803910464
1789911261050922000,21.634921875,-3.8256697567746043,1.8014958794921636,3.2348274318948387
1789911261060930800,21.644930908203126,-3.619592180651426,1.687099100461602,3.4185903003573417
1789911261070940000,21.65493994140625,-3.1670348753899336,1.8322049060106276,3.979780706556141
1789911261080948500,21.664948486328125,-2.988866173672676,2.19408591504693,4.714218724682927
1789911261090957600,21.67495751953125,-3.2077479940503832,2.657659119841456,5.251780710273981
1789911261100966700,21.684966552734377,-3.5163074550047515,3.1521354124218224,5.574445561209321
1789911261110974700,21.694974609375,-3.535502861601114,3.507505432128906,5.784951182907819
1789911261120983600,21.704983642578124,-3.469774544149637,3.639282969549298,5.9341527333378785
1789911261130992600,21.71499267578125,-3.4004701217770577,3.595559563156962,6.020843174797296
1789911261141001700,21.725001708984376,-3.2586943374335764,3.5886253799796104,5.962196924561262
1789911261151010800,21.7350107421875,-3.133213269808888,3.5958857263714075,5.749911433708667
1789911261161020000,21.74502001953125,-2.9780875900268553,3.619088907304406,5.3450166278541085
1789911261171028700,21.75502880859375,-2.638214999181032,3.68071914178729,4.931648592686653
1789911261181037600,21.76503759765625,-2.3231349042862655,3.6810879750996826,4.501254896177351
1789911261191046000,21.7750458984375,-2.1464888820916412,3.557883620235324,3.9962031413078307
1789911261201054700,21.7850546875,-1.782019025605917,3.4189334147065877,3.3391128590166566
1789911261211063600,21.7950634765625,-1.2768304926142096,3.1939246358811855,2.3767414067894217
1789911261221072600,21.80507275390625,-0.3869520296677947,2.83907951683104,1.2554276391014456
1789911261231081700,21.815081787109374,0.2492164606258273,2.138384486091137,-0.3627244741231203
1789911261241090800,21.8250908203125,0.8173299440860747,1.0895236679345368,-2.1545804186105726
1789911261251099600,21.835099609375,1.7035288417369125,-0.1632937886685133,-3.7613898845657703
1789911261261108700,21.845108642578126,3.1894144649803637,-1.5220570068210362,-5.766819898411631
1789911261271116800,21.85511669921875,4.678337263962626,-2.8514760570675133,-7.698519197875261
1789911261281126000,21.8651259765625,5.073308641695976,-4.040369615292549,-8.887617923283576
1789911261291134700,21.875134765625,4.596114907827973,-4.655802191549539,-8.717854061818123
1789911261301143600,21.8851435546875,4.100936019936204,-4.469340293261409,-7.686963200116157
1789911261311152600,21.895152587890625,3.781616680036485,-3.837822259122133,-5.735220060533285
1789911261321161700,21.90516162109375,3.2896798428058625,-2.5258733991146087,-2.6704300463482737
1789911261331170800,21.9151708984375,2.610570620930195,-0.42354689935445783,-0.22750468729436396
1789911261341179600,21.9251796875,2.008016230946779,1.3934312114298344,1.1887927281990647
1789911261351187700,21.935187744140624,1.1721988824032246,2.6859207532078027,2.0884026038259265
1789911261361196800,21.94519677734375,-0.04900485392659902,3.298751622533798,2.655067349782586
1789911261371206000,21.955205810546875,-1.1094032574027777,2.5964988409578798,3.4095953852578997
1789911261381214700,21.965214599609375,-1.3914669256195424,0.5627957955688238,4.038441862100362
1789911261391223600,21.9752236328125,-0.755791771800816,-2.39761409894824,3.958887556131184
1789911261401232600,21.985232666015627,-0.33835283393263815,-5.3267696080237625,3.534980883553624
1789911261411241700,21.99524169921875,-0.5955765137948096,-7.737568182715773,2.936287845173478
1789911261421249500,22.00524951171875,-0.958069517249614,-10.001761068689822,1.9141826397344468
1789911261431258600,22.015258544921874,-1.0968583947367965,-11.249964309495686,0.5379541997790336
1789911261441267700,22.025267822265626,-1.4446781451947985,-9.830974293917416,-0.7247434303253889
1789911261451276800,22.03527685546875,-1.7488462393224238,-5.799413423502445,-0.5229623823523522
1789911261461285600,22.04528564453125,-1.780496930605173,-1.9674556724995373,0.4691445751860738
1789911261471294700,22.055294677734373,-1.7738446331091224,0.3101163350075483,1.0955983116731047
1789911261481303800,22.0653037109375,-1.6421347540974616,1.7594646639704703,1.4563146608442068
1789911261491312600,22.075312744140625,-1.5189567027181385,2.5500217519432304,1.639390716086328
1789911261501320700,22.08532080078125,-1.5369780970990656,2.9536417155563828,1.792984656256437
1789911261511329500,22.09532958984375,-1.7064023513466118,3.199948133954406,1.9779422874614596
1789911261521338600,22.105338623046876,-1.8598646279610693,3.392507764595747,2.184032138544321
1789911261531347700,22.11534765625,-1.9335725459896027,3.4874908181041477,2.35884100843966
1789911261541356800,22.125356689453124,-1.9046102170079946,3.452452237948775,2.4088225984439253
1789911261551365600,22.13536572265625,-1.8525291705064475,3.111167442217469,2.3857295998871324
1789911261561374700,22.145374755859375,-1.9129536824613809,2.1646037999749184,2.1251170082390307
1789911261571383800,22.1553837890625,-2.160670552179217,0.6250806945681572,1.7613459476724267
1789911261581392000,22.165391845703127,-2.4526050415471197,-1.1056944660127161,1.3676476586148143
1789911261591400700,22.175400634765627,-2.7146687087863683,-2.683590848955512,1.0397427150689065
1789911261601409800,22.185409912109375,-2.677921571147442,-3.48164852181673,1.007846524592489
1789911261611418600,22.195418701171874,-2.3197160357534883,-3.236861275810003,0.9892210268385708
1789911261621427700,22.205427734375,-1.796642009720206,-2.0686562853485344,0.9807743932716548
1789911261631436500,22.2154365234375,-1.3410785083800554,-1.010978539007902,1.129338230320066
1789911261641445600,22.225445556640626,-0.9748474874407053,-0.3355097194612026,1.1503197896808386
1789911261651453700,22.23545361328125,-0.6484826129436493,0.2850719101220369,1.03143242123276
1789911261661462800,22.245462890625,-0.245388134509325,0.766226364314556,0.8007616711229085
1789911261671471600,22.2554716796875,0.13685176281160674,1.1560831755131482,0.6091178401522338
1789911261681480700,22.265480712890625,0.6633493426859378,1.5725386553019285,0.4146152587495744
1789911261691489800,22.27548974609375,1.7028876212239263,1.988762079900503,0.12454290999174117
1789911261701498600,22.28549853515625,3.2223522734642027,2.0296382801681756,-0.5606694510646164
1789911261711507700,22.2955078125,4.452728765678406,1.5725865860968826,-1.3380834182173014
1789911261721516500,22.3055166015625,4.3851264710485935,0.8960691342800855,-1.5117521781668066
1789911261731524600,22.315524658203124,3.3217361922800537,0.2940513353914022,-1.4219187625065446
1789911261741533700,22.32553369140625,1.5155296508789062,-0.16079437306821345,-1.3210153790384531
1789911261751542800,22.335542724609375,-0.02528166770748794,-0.3002589578598738,-0.940698695731908
1789911261761551600,22.345551513671875,-0.6606792466938495,-0.24873043067455292,-0.3000176964499056
1789911261771560700,22.355560791015623,-1.4196750752329825,-0.009984218397736548,0.2445766719959676
1789911261781569800,22.36556982421875,-1.9834885234117507,0.3235661836892366,0.5166586060330272
1789911261791579000,22.375578857421875,-2.1745780815005302,0.8209300144046544,0.35640696153938767
1789911261801587500,22.38558740234375,-2.019739401966333,1.158480299782753,0.10676891450062394
1789911261811595800,22.395595703125,-1.7077064196825027,1.2167471953123807,-0.13771160364449023
1789911261821604600,22.4056044921875,-1.1728642144441603,1.0614946742802858,-0.4659570311911404
1789911261831613700,22.41561376953125,-0.44014951297864313,0.9339847311764955,-0.678663670065254
1789911261841622500,22.42562255859375,0.5014449625492096,0.8997060294777154,-0.6353808470472693
1789911261851631600,22.435631591796874,1.518890651744604,0.8237333813875913,-0.37530974186472593
1789911261861640700,22.445640625,2.569310389780998,0.6285369725018739,-0.0703374917473644
1789911261871649800,22.45564990234375,3.3952877507030963,0.2332680731266737,0.023938728665933013
1789911261881657600,22.46565771484375,3.696353933292627,-0.30941373969614505,-0.10703282613381743
1789911261891666700,22.475666748046876,3.39235228177309,-0.7015653838336467,-0.37778117347955703
1789911261901675800,22.48567578125,2.5279542970418927,-0.8509954823225736,-0.8286973604705185
1789911261911684900,22.495684814453124,1.3478244755089281,-0.9590589666783809,-1.4912034572653472
1789911261921693700,22.505693603515624,0.3498258295834064,-0.9718202485740184,-2.0847294682711364
1789911261931702500,22.51570263671875,-0.2731295433938503,-0.8803016563057899,-2.591938985696435
1789911261941711600,22.525711669921876,-0.7641337759494781,-0.5117366394609213,-3.1320225987195967
1789911261951720700,22.535720703125,-1.10969727191329,-0.24683541070818898,-3.7758980101287363
1789911261961728800,22.545728759765623,-0.9329567033030092,-0.5071984115093946,-4.506581644158065
1789911261971737600,22.555737548828127,0.05643325036168098,-1.0209177492201327,-5.010026548352838
1789911261981746700,22.56574658203125,1.7107788128651678,-1.2887965324789286,-4.810921733851731
1789911261991755800,22.575755859375,3.24846754245162,-1.0133791704088448,-3.73694050296396
1789911262001764900,22.585764892578126,4.347881905281543,-0.7020727488338947,-2.7925039358779786
1789911262011773700,22.595773681640626,4.866958386111259,-0.5518868635416031,-2.4088693601951
1789911262021782500,22.605782470703126,4.517893604028225,-0.862460879188776,-2.630546071988344
1789911262031790800,22.615790771484374,3.6874516649127003,-1.9663684617847204,-3.311101401019096
1789911262041799700,22.625799560546874,2.5710592792749405,-3.483629466500878,-4.118980795192718
1789911262051808500,22.63580859375,1.6263633306004106,-4.680339835956692,-4.1911406069964166
1789911262061818400,22.645818359375,1.412176828432083,-5.394352028909325,-3.7797266285061832
1789911262071827200,22.6558271484375,1.9544284331440924,-5.17764813709259,-3.3008743137761947
1789911262081836300,22.665836181640625,2.4775346078813074,-3.5784453467488286,-2.3878835630506274
1789911262091845400,22.675845458984377,2.6120775183618066,-1.2461451392322778,-1.546172041901946
1789911262101854200,22.685854248046876,2.0694787076473236,-0.5382359393298626,-1.5629482585273682
1789911262111862300,22.6958623046875,1.1358908668339252,-1.231614509576559,-2.036989519713819
1789911262121871400,22.705871337890624,0.25132391776647417,-2.505296475031972,-2.5087094983458518
1789911262131880200,22.715880126953124,-0.6394518228132278,-3.7862855486303566,-2.796109851415455
1789911262141889300,22.72588916015625,-1.3926999745458364,-4.773907177448272,-2.682212254078686
1789911262151898400,22.7358984375,-1.6980933726847172,-5.624958189350366,-2.108430369593203
1789911262161907200,22.7459072265625,-1.7126012059867382,-6.305548589694499,-1.169337355492264
1789911262171916300,22.755916259765623,-1.4904729510337114,-6.7628978054076425,0.10630524251163005
1789911262181925400,22.76592529296875,-1.2941085212819277,-6.740367993691563,1.4777397261887788
1789911262191933400,22.775933349609375,-1.2633973028063774,-6.387267672482133,2.312265427486598
1789911262201942300,22.7859423828125,-1.410287361423671,-5.359418078172206,2.894640660533309
1789911262211951400,22.795951416015626,-1.5873782047763465,-3.8569583367466924,3.6700250215545296
1789911262221960200,22.805960205078126,-1.8252713073551654,-2.9081384400099513,3.8992248223289847
1789911262231969300,22.81596923828125,-2.0763088459283114,-2.3252497044831513,3.384575510291755
1789911262241978000,22.82597802734375,-3.021649083855748,-1.9774556729882955,2.596548525318503
1789911262251987200,22.8359873046875,-5.400465543353557,-1.3864181177973747,1.642812799489498
1789911262261995300,22.845995361328125,-5.869549036002159,-0.8324538634598254,1.414232299657166
1789911262272004400,22.85600439453125,-2.834863360440731,-0.3657674950808286,1.5978844012215732
1789911262282013200,22.86601318359375,-0.1422749660372734,-0.2174900737583637,1.6638380518615246
1789911262292022300,22.876022216796876,0.06842237884104252,0.18007950377464294,1.7555328774794936
1789911262302031400,22.88603125,-0.7754372602522372,0.792349816608429,1.7089856458380817
1789911262312040400,22.89604052734375,-1.4631316473826765,1.473162335270643,1.590419472168386
1789911262322049300,22.90604931640625,-1.833403175884485,2.192187972471118,1.7622548792108892
1789911262332058000,22.91605810546875,-2.114066621914506,2.8148844022512436,2.208184290765226
1789911262342066200,22.926066162109375,-2.5416765329241753,3.1117320903629064,2.999444850832224
1789911262352075300,22.9360751953125,-3.29063495157361,2.5530864002108573,3.6035163673803208
1789911262362084400,22.94608447265625,-3.628682080557942,1.7996791854590177,3.645325756844878
1789911262372093200,22.95609326171875,-3.395302948272228,1.4060755889475345,3.6263334716051814
1789911262382102300,22.966102294921875,-3.0668115831404923,1.3835522069722412,3.8654400416269894
1789911262392111400,22.976111328125,-3.1749425797745583,1.7805349245280027,4.1637893664732575
1789911262402120400,22.986120361328126,-3.5776825456827877,2.329918280816078,4.370509332153201
1789911262412129300,22.99612939453125,-3.733774147887528,2.9813252567738293,4.5941751719370485
1789911262422137300,23.006137451171874,-3.6284149540543553,3.51486456272006,4.814541970175505
1789911262432146400,23.016146484375,-3.287350523075461,4.040599916917086,5.080858326423168
1789911262442155300,23.0261552734375,-3.049128626933694,4.361666685006022,5.149192442458868
1789911262452164000,23.0361640625,-2.787484354150295,4.540380161124467,5.285326421523094
1789911262462173200,23.046173095703125,-2.456097267577052,4.510413477405906,5.357661005371809
1789911262472182300,23.056182373046877,-2.2031717233002186,4.489655351537466,5.1205239818573
1789911262482191400,23.06619140625,-1.963463387992978,4.3477159010648725,4.603924412535131
1789911262492200400,23.076200439453125,-1.4948647562518715,4.059588695025444,4.023101669627428
1789911262502208300,23.086208251953124,-1.103036937241256,3.806437525299191,3.5267145749896764
1789911262512217300,23.09621728515625,-0.428007678155601,3.5396751788496967,3.0636653940692544
1789911262522226400,23.106226318359376,0.562538021415472,3.0572102265805006,2.317236493897438
1789911262532235300,23.1162353515625,1.6258789080843328,2.2190672115683556,0.9206032715559005
1789911262542244000,23.126244140625,2.36057470036447,1.0220984834372997,-1.1988140637367963
1789911262552253200,23.136253173828123,3.0574282532453534,-0.359673854380846,-3.1407959800228475
1789911262562262300,23.14626220703125,3.4156682754307983,-1.7567121503919363,-4.441492209132015
1789911262572271400,23.156271240234375,3.2419775959104298,-3.056358578187227,-5.305604654920101
1789911262582279200,23.166279052734374,2.6786180289790034,-4.095567770901322,-6.038706748268008
1789911262592288300,23.176288330078126,1.930081342872977,-4.405220580050349,-6.4641586044609545
1789911262602297300,23.18629736328125,1.2167118317380547,-3.701676589620113,-6.404608683383464
1789911262612306400,23.196306396484374,1.262168637794256,-2.4205542450308797,-5.551709413266182
1789911262622315300,23.206315185546874,1.9314909174099564,-0.9124673113733529,-3.889290580552816
1789911262632324000,23.216323974609374,2.5265903152123093,0.3971481372505426,-1.8249448518797755
1789911262642333200,23.226333251953125,2.6168109766244885,1.29164724573493,-0.11901099482774734
1789911262652341200,23.23634130859375,2.511448275659978,1.7632634717315434,1.1209253528922796
1789911262662350000,23.24635009765625,2.6390719082713128,1.7733213398873804,2.2336773362010716
1789911262672359200,23.256359130859376,2.316152498053014,0.7717530187815428,3.424825979876518
1789911262682368300,23.2663681640625,1.9569176196113227,-0.8780617684245109,4.41906702683419
1789911262692377300,23.27637744140625,2.2775819443792105,-2.9466502492338416,4.5252059728682035
1789911262702386400,23.286386474609376,2.77838364058882,-5.211692445513606,4.422017693333328
1789911262712395300,23.296395263671876,2.7255004839241503,-7.273129885524511,4.1433012897178525
1789911262722404400,23.306404296875,1.637833257511258,-8.234117774438857,3.0036084002524612
1789911262732412400,23.316412353515624,-0.1941157740421593,-8.206375781032442,0.984952409608662
1789911262742421500,23.32642138671875,-1.9558057128466664,-7.498059753894806,-0.7716618333667516
1789911262752430000,23.33643017578125,-3.1779917382121083,-6.023979719257355,-1.0857818510577082
1789911262762439200,23.346439208984375,-3.8325244449749585,-3.5852293078005313,0.06531593725830316
1789911262772448300,23.3564482421875,-3.8566470788404343,-1.3805653001159428,1.158040154799819
1789911262782457300,23.366457275390626,-3.602178689035773,0.24109423670768737,1.8704881671756506
1789911262792466200,23.376466064453126,-3.221048789650202,1.4185644836425781,2.4489886046156286
1789911262802475300,23.386475341796874,-2.9548803174406286,2.2604478542268276,2.8195570702373978
1789911262812483300,23.3964833984375,-2.833518375572562,2.8285212979376313,2.9706200306251644
1789911262822492400,23.406492431640626,-3.05689400023818,3.2088159155428406,2.9214488802209493
1789911262832501200,23.416501220703125,-3.223073573476076,3.382732805034518,2.786727398303151
1789911262842510300,23.42651025390625,-3.3833646731972693,3.181334618899226,2.389789396671951
1789911262852519200,23.436519287109373,-3.4147967532932757,2.745228682222962,1.9802140317857264
1789911262862528300,23.4465283203125,-3.1387147898346184,2.192851404815912,1.6231252254620194
1789911262872537300,23.456537353515625,-2.3886855270832776,1.2581073797047138,1.1787217083007095
1789911262882546200,23.466546142578125,-1.6689144783429801,-0.05110533333718777,0.6547443036869168
1789911262892554200,23.47655419921875,-1.2245786926556377,-1.4496832600057123,-0.0424178767517209
1789911262902563300,23.486563232421876,-1.0592127008229493,-2.5751246290177106,-0.7472188815057277
1789911262912572400,23.496572509765624,-0.8976094225246458,-3.1362475229382514,-1.313505880191177
1789911262922581200,23.506581298828124,-0.6525708321053534,-2.7157085732281208,-1.686327239306271
1789911262932590300,23.51659033203125,-0.3429361431349069,-1.27036772634089,-1.4920932457119225
1789911262942599400,23.526599365234375,0.35255671585202214,-0.07744681229591369,-1.0110942743420601
1789911262952608300,23.536608154296875,1.3771908552467822,0.8453080843359232,-0.485299737303704
1789911262962617300,23.546617431640627,2.362504207122326,1.4723404974937437,-0.24077742584347722
1789911262972625200,23.556625244140626,2.809823611730337,1.7720125953763721,-0.29763036292195316
1789911262982634200,23.56663427734375,2.4281086059331893,1.5959879199504852,-0.8412200843699276
1789911262992643300,23.576643310546874,1.6190613370239735,1.3822300184577703,-1.2744567492201924
1789911263002652200,23.586652099609374,0.880139159220457,1.2576356705397367,-1.463244752368331
1789911263012661200,23.5966611328125,0.32728549647331234,1.1846814934879542,-1.5701517601653932
1789911263022670300,23.60667041015625,0.0142214175760746,1.1092705709338186,-1.4553027073226867
1789911263032679400,23.616679443359374,-0.10438855870272963,1.0309422996282578,-1.192099806920439
1789911263042688300,23.626688232421873,-0.13262688425872474,1.0248346304029226,-0.9072054453223943
1789911263052696300,23.6366962890625,-0.4803437223315239,1.0082616812646388,-0.5768213983118534
1789911263062705000,23.646704833984376,-1.153148291105032,1.1578186210036276,-0.12589023294746876
1789911263072713700,23.656713623046876,-1.7875123623251914,1.3220762862682343,0.33027006524205205
1789911263082722800,23.666722900390624,-2.061924346745014,1.2945780384898185,0.5858261041529477
1789911263092732000,23.67673193359375,-2.140904944479465,1.22008715339005,0.7428979495666921
1789911263102741000,23.686740966796876,-2.0896376985788345,1.0736620819360017,0.7575751480862498
1789911263112749800,23.696749755859376,-2.2953215992093083,0.9170277511566877,0.7332403327748179
1789911263122759000,23.706759033203124,-2.4732816266119477,1.0279752665162085,0.8882299650870263
1789911263132767000,23.71676708984375,-0.41125908018946644,1.4469915367037056,1.3107106965146957
1789911263142776000,23.726776123046875,1.7089117038190365,1.5136042357742785,1.143133093047142
1789911263152785000,23.736784912109375,3.3408348605036733,1.1500953332751989,0.8410270460158586
1789911263162794000,23.7467939453125,4.463571646732092,0.4439344383448362,0.6102643067736179
1789911263172802800,23.756802734375,4.858164838802814,-0.2510346159636974,0.5604144533902407
1789911263182812000,23.76681201171875,4.512146584808826,-0.5481219580501318,0.584891526716575
1789911263192820700,23.77682080078125,3.5867782908082004,-0.45980011599659915,0.51177638694942
1789911263202829800,23.786829833984374,2.46908125231266,-0.45528351535499095,0.11009546510744839
1789911263212838000,23.796837890625,1.501349295965582,-0.7815425913900137,-0.7654505576364695
1789911263222847000,23.806846923828125,0.8356745790719986,-1.1759002211391925,-1.8725471455320715
1789911263232855800,23.816855712890625,0.3183738757431507,-1.2706710932016372,-3.0655490158587693
1789911263242865000,23.826864990234377,0.0065418228588998316,-1.2358926252871751,-4.2084769417226315
1789911263252874000,23.8368740234375,-0.049871261497586965,-1.6829969258397817,-5.235528663653135
1789911263262883000,23.846883056640625,0.07223536125794053,-2.5516128205269575,-6.017547640383243
1789911263272892000,23.856891845703124,0.5557938078522682,-3.323036168962717,-6.68462857081294
1789911263282900000,23.86689990234375,1.7274866404294966,-3.7154338968157767,-7.254986326068639
1789911263292908800,23.87690869140625,2.678963773676753,-2.9983564710736275,-6.670051763927936
1789911263302918000,23.88691796875,2.6309634206175803,-2.66762930971384,-5.413707886764406
1789911263312927000,23.896927001953124,2.2102798017397522,-3.7093899404764175,-5.117423093232512
1789911263322935800,23.906935791015623,1.7959272855795918,-4.536087432366609,-4.920238725399971
1789911263332945000,23.91694482421875,1.7751988241970538,-4.790988076108694,-4.540099298356473
1789911263342954000,23.9269541015625,2.684905438685417,-5.201702966418862,-4.23665060454458
1789911263352963000,23.936963134765627,4.051827413374185,-5.633562936088443,-3.923075068993866
1789911263362971000,23.946970947265626,4.9072003801286215,-5.371733369866013,-3.334595673853159
1789911263372980000,23.95697998046875,4.564702116954327,-3.940183147922158,-2.368525951629877
1789911263382989000,23.966989013671874,3.9894168421685694,-2.4860768107771873,-1.5090310826398432
1789911263392998000,23.976997802734374,3.269562937450409,-1.8510341096431016,-1.1020381354622542
1789911263403006700,23.9870068359375,1.9560837991356848,-2.040830120790005,-1.009841424736753
1789911263413015800,23.997015869140625,0.36075693690981714,-2.6490181327462197,-1.0553661083973944
1789911263423025000,24.00702490234375,-0.7531978828500956,-2.988637041091919,-0.7706544098898768
1789911263433034000,24.017033935546873,-1.2975655298680067,-3.288222629734874,-0.288400762283802
1789911263443041800,24.027041748046877,-1.5845124400816857,-3.8996851333171128,0.12555734773129223
1789911263453051000,24.03705078125,-1.6046568179659544,-4.568773311915994,0.721467331264168
1789911263463060000,24.04706005859375,-1.4926450343757867,-5.305298949971795,1.6210184624411166
1789911263473069000,24.057069091796876,-1.5233546454161404,-5.7701469970077275,2.657350492283702
1789911263483078000,24.067077880859376,-1.6231696491256355,-5.7590796595484015,3.3378508762568235
1789911263493086700,24.077086669921876,-1.2234051918968558,-5.035554372841119,3.593523673415184
1789911263503095800,24.087095703125,-0.8457920684605836,-3.1553765863001346,3.791074536472559
1789911263513105000,24.09710498046875,-1.7948709083944558,-1.743329521727562,3.4522482398092746
1789911263523113000,24.107113037109375,-2.8764538464576006,-1.0707979246765376,2.367925939910114
1789911263533121800,24.117121826171875,-4.197321341457963,-0.8004787625283002,1.3687810465589165
1789911263543131000,24.127130859375,-5.595795807752013,-0.7093857021957636,1.038651558831334
1789911263553140000,24.137139892578126,-4.4226001693964,-0.8900368683785199,1.2146198278948663
1789911263563149000,24.147149169921875,-1.9941157158881424,-1.310183603900671,1.2808084563344717
1789911263573158000,24.157157958984374,-0.6336325420752167,-1.308687812384963,1.650722549700737
1789911263583166700,24.167166748046874,-1.5753981363862752,-0.9675964933991431,1.7674314050659536
1789911263593175000,24.177175048828126,-2.612998140338063,-0.39851884108185764,1.6742609539374709
1789911263603183900,24.187183837890625,-2.655010066637397,0.5453934098690748,2.0312568212807176
1789911263613192700,24.197192626953125,-2.821289885379374,1.4555150348991155,3.076646748456359
1789911263623201800,24.207201904296873,-3.2639716933146117,1.9424363820552826,3.823457633683085
1789911263633211000,24.2172109375,-3.6558100337192414,2.0434487788558005,4.230238983936608
1789911263643220000,24.227219970703125,-3.5834435934275386,2.2004601262539625,4.317232207734882
1789911263653229000,24.23722900390625,-3.147411891031265,2.428433600103855,4.497469824680686
1789911263663238000,24.24723779296875,-2.9890485445022583,2.6987819883465765,4.6868780055537815
1789911263673246000,24.257245849609376,-3.1843264941915868,3.0944787577450272,4.777286590753495
1789911263683255000,24.267255126953124,-3.6051883922457693,3.4028836126595734,4.663856318667531
1789911263693264100,24.27726416015625,-3.8515646610096095,3.574392271965742,4.504065861944854
1789911263703272700,24.287272705078124,-3.7031253271237015,3.644489890542626,4.471739171096682
1789911263713281800,24.29728173828125,-3.434850530284643,3.7287861303418874,4.391768977802991
1789911263723291000,24.307290771484375,-3.271637697897851,3.886705824756622,4.275693744166195
1789911263733300000,24.317300048828123,-3.306710180322826,4.03936073051095,4.067465419749915
1789911263743309000,24.32730908203125,-3.1470512410253284,4.1430777100950475,3.9159009395807978
1789911263753316900,24.33731689453125,-2.9733354270637036,4.306844961494207,3.7304154851093885
1789911263763326000,24.347325927734374,-2.743302098074555,4.507866715532541,3.4847666538372635
1789911263773335000,24.3573349609375,-2.1791689164221286,4.649844744449854,3.12795023471415
1789911263783343900,24.36734375,-1.5221782951131462,4.6830303902149195,2.6769404511556028
1789911263793353000,24.37735302734375,-0.8783312330156564,4.622148928272724,2.0963550241351125
1789911263803361800,24.38736181640625,-0.048260465300083155,4.322676152354479,0.945394013941288
1789911263813371000,24.397370849609374,0.5623723094597458,3.71389835781157,-0.6828083686545491
1789911263823378700,24.407378662109377,1.4439216277390718,2.845816131609678,-2.208058910819888
1789911263833387800,24.4173876953125,2.547227152788639,1.5796534557431936,-3.5894533552363512
1789911263843396900,24.42739697265625,3.3807398776516315,-0.00793897630572319,-4.635806282225251
1789911263853406000,24.437406005859376,3.770549927099049,-1.9414158068358898,-5.695132380294799
1789911263863415000,24.4474150390625,3.9889161991700526,-4.043005224493146,-6.920604733854532
1789911263873424000,24.457423828125,3.9375300030648708,-5.251183328902721,-7.473280701947211
1789911263883433000,24.467432861328124,3.5378944329127666,-4.724893263432383,-6.911137817329168
1789911263893441800,24.47744189453125,3.662168755096197,-2.721922040915489,-4.903315647649765
1789911263903450000,24.4874501953125,3.405534711690247,-0.33681495684087276,-2.3717770623803136
1789911263913459000,24.497458984375,2.2400559313222765,1.6211872431367635,-0.07193360183238982
1789911263923467800,24.5074677734375,0.3735208856865763,2.997607698532939,1.9927356597065924
1789911263933476900,24.517476806640627,-1.9478391178816556,3.543110413995385,4.006654977217316
1789911263943486000,24.52748583984375,-2.325352580335736,2.5110838262617587,5.8190732327401635
1789911263953494800,24.537494873046874,-0.4079635457754135,0.19502689753770827,6.226064134091138
1789911263963503900,24.54750390625,2.587467977762222,-2.754588046720624,6.705845546364784
1789911263973513000,24.557512939453126,5.224040470433235,-5.796895887723565,6.944450888866186
1789911263983521000,24.56752099609375,6.694385994717479,-9.537924244523047,4.796402210111916
1789911263993529900,24.57752978515625,4.522198607745766,-13.119416119360922,1.4661235226750373
1789911264003539000,24.5875390625,-0.6541884233698249,-14.463171153473853,-0.025372633926570413
1789911264013547800,24.5975478515625,-4.2877936395436524,-13.54982764378786,-0.43043373625874515
1789911264023556900,24.607556884765625,-5.247862660047412,-10.00068671745658,-0.5723997824773192
1789911264033566000,24.61756591796875,-4.5526621350705625,-4.796360416796803,0.536511892016232
1789911264043574800,24.62757470703125,-3.631024552030861,-0.9016162470132112,2.078784296131134
1789911264053582600,24.63758251953125,-3.014927666646242,1.1741934172213078,2.8020015398025513
1789911264063591700,24.647591796875,-2.750041050940752,2.4367764810353516,3.194646520414948
1789911264073600800,24.657600830078124,-2.800651294237375,3.189843504047394,3.3923961209148166
1789911264083609600,24.667609619140624,-3.1511095765054224,3.7275188868850466,3.459601232920587
1789911264093618700,24.67761865234375,-3.4736697980225086,4.140079112800955,3.4065836362212893
1789911264103627800,24.687627685546875,-3.727509534534812,4.4689661992520096,3.1905092744797465
1789911264113636600,24.69763671875,-3.8496272632062434,4.481562645974755,2.947375056377053
1789911264123645700,24.707645751953127,-3.3950825835198164,4.007434729418159,2.7016423462137578
1789911264133653800,24.71765380859375,-2.908892473247647,2.781846056002378,2.295050381052494
1789911264143662600,24.72766259765625,-2.4875702642053366,1.1329057135432958,1.9330816937327384
1789911264153671700,24.737671630859374,-2.238313617699593,-0.48312780009210105,1.5070453156501054
1789911264163680800,24.7476806640625,-2.1011897508151827,-1.8225427591741084,0.8528041391797363
1789911264173689600,24.757689697265626,-1.8434739035218952,-2.829371192765236,0.20408304130509494
1789911264183698700,24.76769873046875,-1.571625632110238,-3.254852859574556,-0.33098362033888695
1789911264193707800,24.777707763671874,-1.3940765235960482,-2.5527427013397217,-0.529337178081274
1789911264203716900,24.787716796875,-1.2676660661667585,-1.3697118976682423,-0.21890549351423977
1789911264213724700,24.797724609375,-1.2108943045657128,-0.5549257928460836,-0.04825462008118629
1789911264223733800,24.807733642578125,-1.2994769164472817,0.1331114163726568,-0.05615048789754509
1789911264233742600,24.81774267578125,-1.0217015930742024,0.9345277520120143,-0.19524886972531674
1789911264243751700,24.827751708984376,-0.49152913321256636,1.6882839263319969,-0.5139353185489773
1789911264253760800,24.8377607421875,-0.07293545408500358,2.385842997133732,-0.7296930155567825
1789911264263769600,24.84776953125,0.46530868681762366,2.8246277976304293,-1.0577809144541621
1789911264273778700,24.85777880859375,1.5483984857797621,2.836104884934425,-1.6273405050694942
1789911264283786800,24.867786865234375,2.2895301563262938,2.1613731474906204,-2.250472257526964
1789911264293795600,24.877795654296875,2.255726086401939,1.0614742160141468,-2.575736038914323
1789911264303804700,24.8878046875,1.757310262415558,0.16409399913549422,-1.9923399383872746
1789911264313813800,24.897813720703127,1.8758441412508486,-0.148279174888134,-0.6305934666402637
1789911264323822800,24.90782275390625,1.6792120004735887,-0.15443886656165123,0.5337934268377721
1789911264333831700,24.917831787109375,0.972386065763235,0.07233926002383231,1.6180292174972593
1789911264343840500,24.927840576171874,0.08074475786276161,0.2911597056031227,2.224322794009
1789911264353848600,24.9378486328125,-0.24401216998100278,0.37472178590893745,2.337494269028306
1789911264363857700,24.947857666015626,-0.2843991254270077,0.3736684774637222,1.7522648155942557
1789911264373866800,24.95786669921875,-0.025523732835054398,0.2547264562189579,0.7400305043715983
1789911264383875600,24.96787548828125,0.38857743891254065,0.07333937697708606,-0.2395890928417444
1789911264393884700,24.977884765625,0.6780757871747016,-0.02798398546874523,-1.0089858308207242
1789911264403893800,24.987893798828125,1.0587515130519867,-0.022660744619369507,-1.5628186407983302
1789911264413902800,24.99790283203125,1.4217853453852236,0.13127952477037905,-1.798198445381969
1789911264423912000,25.007911865234377,1.5573090835966168,0.29870880580842496,-1.8156899706698952
1789911264433919700,25.017919677734376,1.584800170981884,0.3305477131396532,-1.5283058380827306
1789911264443928800,25.0279287109375,1.5808908885836601,0.12514029136300087,-1.2690477297835052
1789911264453937700,25.037937744140624,1.379237997034937,-0.1592711090236902,-1.121731627773866
1789911264463946500,25.047946533203124,1.0036442505970598,-0.449473952293396,-1.2434135223112999
1789911264473955600,25.05795556640625,0.8513362585842609,-0.8571247788578271,-1.6660041438542306
1789911264483964700,25.067964599609375,0.7400840611897409,-1.2541659486025571,-2.317489591875672
1789911264493973800,25.077973876953124,0.5827250693976879,-1.431888075596094,-2.94755830398947
1789911264503982800,25.08798291015625,0.5170926135361195,-1.2906804465293884,-3.5851167873367666
1789911264513990700,25.09799072265625,0.5422973435498774,-0.9602771102964878,-4.06020156622678
1789911264523999700,25.107999755859375,0.9618611646175383,-0.9044389032185077,-4.391314219772815
1789911264534008800,25.1180087890625,1.8955530503273008,-1.1306465364396572,-4.577909389051794
1789911264544017700,25.128017578125,2.9055367330789563,-1.509371712771058,-4.602620636460185
1789911264554026500,25.138026611328126,3.4315339530825613,-2.0075795930951834,-4.774288870242238
1789911264564035600,25.14803564453125,3.176588008894026,-2.669496857151389,-5.237507854771613
1789911264574044700,25.158044677734374,2.3348868630088866,-3.332713513368368,-5.61458175676465
1789911264584052700,25.168052734375,1.6219313395023345,-3.9152000978350636,-5.6938534464001656
1789911264594061600,25.1780615234375,1.736416819729656,-4.544893839156628,-5.760636825862527
1789911264604070700,25.188070556640625,2.8124562983214854,-5.0502913387238975,-5.498574619928002
1789911264614079700,25.198079833984377,3.963598510301113,-5.067614229446649,-5.121377383816242
1789911264624088800,25.2080888671875,4.426597130078077,-3.965436831644177,-4.794765548820793
1789911264634098000,25.218097900390624,3.486346908766031,-2.0995465136528013,-4.129966591848433
1789911264644106800,25.228106689453124,2.2177894467175006,-1.002401849320531,-3.332864904537797
1789911264654114800,25.23811474609375,1.6902572722315787,-0.9903577757835388,-2.7654116385519503
1789911264664123600,25.24812353515625,1.55938749730587,-1.8574276100724934,-2.514610246822238
1789911264674132500,25.258132568359375,1.5445172604322432,-3.1791023298025127,-2.2735072422862053
1789911264684141600,25.2681416015625,1.0066840566843747,-4.431578425621987,-2.1321901614956555
1789911264694150700,25.278150634765623,0.1293435882717371,-5.661410143435001,-1.6340969935923815
1789911264704159700,25.28815966796875,-0.6716092945743352,-6.801679079222679,-0.7912105834454297
1789911264714168800,25.2981689453125,-1.190182575122267,-7.742933509141206,0.5279471850275993
1789911264724177700,25.308177734375,-1.5007203504122792,-8.285595448219775,2.2656658811360595
1789911264734185700,25.318185791015626,-1.5652486444242297,-8.312775716090202,3.979590444681048
1789911264744194800,25.32819482421875,-1.7021417712926863,-7.542856342476606,5.5669198418796055
1789911264754204000,25.338203857421874,-2.0192004727840422,-5.521497814875841,6.629323447698354
1789911264764212700,25.348212646484374,-2.333564820624888,-3.450084339773655,6.397984881329536
1789911264774221600,25.3582216796875,-2.100875131908059,-2.3542227009892462,5.6799108457654714
1789911264784230700,25.368230712890625,-3.7115497488588094,-1.5547487315893171,4.831382630339265
1789911264794239700,25.37823974609375,-5.874971061050892,-0.909748115542531,4.2476814093858
1789911264804247600,25.38824755859375,-5.818019339773058,-0.14623860897123814,4.042970153179764
1789911264814256600,25.398256591796876,-2.920017093852162,0.4640934292763471,3.361106371898949
1789911264824265700,25.408265625,-0.19170944355279207,0.850459475749731,1.9205089201465249
1789911264834274800,25.41827490234375,-0.3117348761200905,1.2410206358253955,1.112505899593234
1789911264844283600,25.42828369140625,-1.5829335003271698,1.4120453110069036,0.6976976024895906
1789911264854292700,25.438292724609376,-2.233193352076411,1.479563434484601,0.22121143236905336
1789911264864301600,25.448301513671876,-2.333055409798026,1.7436831574708223,1.0331488697618245
1789911264874310000,25.458309814453123,-3.0219293621018526,1.800083090084791,2.7958596760466694
1789911264884318500,25.468318359375,-3.6856694576710463,1.5770581785529851,3.170787505921721
1789911264894327600,25.47832763671875,-3.7199405605852602,1.248914603945613,3.0269796312287447
1789911264904336600,25.488336669921875,-3.3168823225080963,0.9158113611042499,2.97887114161998
1789911264914345700,25.498345703125,-2.836233479750156,0.9520493801772594,3.3285362276837227
1789911264924354800,25.508354736328126,-2.8666958380311724,1.3077625142335891,3.8432021985948084
1789911264934363600,25.51836376953125,-3.2376661624521015,1.7347960866600274,4.4349677757993335
1789911264944372700,25.528372802734374,-3.416316217945516,2.1229764890789986,4.966887079328298
1789911264954380800,25.538380859375,-3.466490700173378,2.2889269297361374,5.274667080342769
1789911264964390000,25.548389892578125,-3.567686929108202,2.435781624779105,5.465874711853266
1789911264974398700,25.558398681640625,-3.508651095032692,2.651298352637887,5.532828187185525
1789911264984407600,25.568407470703125,-3.126572516620159,3.149548903059959,5.576681357437372
1789911264994416600,25.578416748046877,-2.8430326383709907,3.6990158459782596,5.376244125288725
1789911265004425700,25.58842578125,-2.8169863429665565,4.176644464132189,4.904439098721743
1789911265014434800,25.598434814453125,-2.54498726490736,4.343834675717353,4.174723432941734
1789911265024442600,25.608442626953124,-1.9799913289457558,4.148499735143781,3.3694442843943833
1789911265034451700,25.61845166015625,-1.7632243087649344,3.7598452854722737,2.4496193037346004
1789911265044460800,25.628460693359376,-1.4604343711227177,3.409165469408035,1.6046169243469834
1789911265054469600,25.6384697265625,-0.7411953834325075,3.2393425712317225,0.8141077671691774
1789911265064479200,25.648479248046876,0.15989187127053736,2.946446251094341,-0.18024492346942425
1789911265074488000,25.658488037109375,1.0878177407994867,2.485264325350523,-1.2156427412018178
1789911265084497200,25.6684970703125,1.7597911194458602,1.7391414223879575,-2.7072619396612048
1789911265094505000,25.6785048828125,1.8636188659280537,0.7481997092366218,-4.52066131517589
1789911265104514000,25.68851416015625,1.8074924895584583,-0.25192776541113854,-5.820097899612784
1789911265114523100,25.698523193359375,1.8459563679873943,-1.1840005254864692,-6.029335108810663
1789911265124532200,25.7085322265625,2.0527438459455967,-1.8707663995951413,-5.362027383887767
1789911265134541300,25.718541259765626,2.386491524170339,-2.33176127833426,-4.173674508410692
1789911265144550100,25.728550048828126,3.040069414426386,-2.3444705377817154,-2.803347693714499
1789911265154559200,25.738559326171874,3.9950837818890808,-2.026396521767974,-1.5793047884359954
1789911265164567300,25.7485673828125,4.705165357394516,-1.572299001327157,-0.7985296742871403
1789911265174576000,25.758576171875,4.679954928292334,-0.9790408474773168,-0.09129647395014763
1789911265184585200,25.768585205078125,4.223343379203975,-0.49040977379381656,0.8971803103923797
1789911265194594000,25.778593994140625,3.666161624124646,-0.16593290500044822,2.4327666608721015
1789911265204603100,25.78860302734375,2.162360697223246,-0.025433131942152975,4.162193037192523
1789911265214612200,25.7986123046875,0.38462475576400756,-0.18521628214120864,5.7943561401128765
1789911265224621000,25.80862109375,0.327905381937325,-1.118302603173256,6.794129394495487
1789911265234629000,25.818629150390624,0.6980883553728461,-2.5569997742623087,7.291840431213378
1789911265244638200,25.82863818359375,0.0613426497131586,-3.971341671773791,6.30388737848401
1789911265254647300,25.838647216796875,0.2764353069409728,-5.751122563064098,4.228222675678134
1789911265264656100,25.84865625,1.9610905213817953,-7.761891892111301,2.2030492659643293
1789911265274665200,25.858665283203123,1.5434990233004093,-8.570610659718513,0.34089930354505776
1789911265284674000,25.868674072265627,-2.3997436583228406,-6.68865592663288,-0.33965719452947374
1789911265294683100,25.87868310546875,-4.7870144963026044,-3.84424381660223,0.0376449632614851
1789911265304691200,25.888691162109374,-4.6605391569435595,-1.6885627432733774,0.4336205496013164
1789911265314700000,25.898699951171874,-3.6329835771441457,0.146958739939332,1.301210900633037
1789911265324709000,25.908709228515626,-2.543240128979087,1.2608224838823079,2.0612769887521862
1789911265334718200,25.91871826171875,-1.9233062957800924,1.5815864696323871,2.2518138813942667
1789911265344727000,25.92872705078125,-1.3334651107668876,1.4790420409590006,2.237387296634912
1789911265354736000,25.938736083984374,-1.21065004748106,1.3617740904062985,1.934206898370385
1789911265364745200,25.9487451171875,-1.640970824884623,1.5148744018405675,1.549433966307342
1789911265374753300,25.958753173828125,-2.092635126829147,1.5939251422017813,1.1826026413872837
1789911265384762000,25.96876220703125,-2.3137042281180618,1.5192325970500706,0.9108218822538852
1789911265394771200,25.978771240234376,-2.3814251806914806,1.3591986869603394,0.738180711786449
1789911265404780000,25.988780029296876,-2.4003157591223716,0.7070774252533912,0.5182970208898187
1789911265414789000,25.9987890625,-2.2630027994066477,-0.3851993407815695,0.4411331171885133
1789911265424798200,26.008798095703124,-2.03587746681869,-1.4799930580735206,0.38436405900120735
1789911265434807000,26.01880712890625,-1.7921861993551254,-2.3972762452960015,0.30292262411117554
1789911265444815000,26.028815185546875,-1.3333464528232812,-2.7724919522017237,0.6092550566658377
1789911265454824200,26.03882421875,-0.7102057864069938,-1.8271020299136638,1.0468433408543467
1789911265464833300,26.048833251953123,-0.29439737235009666,-0.7012900740236043,1.245751463739574
1789911265474842000,26.058842041015627,0.034739889469742775,-0.2782090386152267,1.4796668948590754
1789911265484851200,26.068851318359375,0.31415830387473104,0.011510989573597908,1.5790753635942936
1789911265494860300,26.0788603515625,0.631082565331459,0.33523616321682925,1.5224135651737452
1789911265504869000,26.088869140625,0.8934522297799586,0.7102776825994253,1.3330582835316658
1789911265514877200,26.098877197265626,0.9652630820155144,1.0596242042332886,1.0318380794242024
1789911265524886000,26.108885986328126,0.838601864695549,1.3184458208113907,0.6740310418285429
1789911265534895000,26.11889501953125,0.8493336865901947,1.5193518395155667,0.4224503362894058
1789911265544904200,26.128904296875,0.8527530665796249,1.5490724395185709,0.21062252607643603
1789911265554913000,26.1389130859375,0.817590640848875,1.43017951811254,0.020509119543433187
1789911265564922000,26.148922119140625,0.7617723075151444,1.192812777495384,-0.11194967813938855
1789911265574931200,26.15893115234375,0.6845603999536484,0.9152426213055849,-0.16322671478167175
1789911265584939300,26.168939208984376,0.6004219810646027,0.7247516136318445,-0.09074804628714919
1789911265594948000,26.178947998046876,0.44852929185442625,0.61032327041924,0.03277501913756132
1789911265604957200,26.188957275390624,0.26643786373548206,0.5185410587787628,0.11971607435718178
1789911265614966300,26.19896630859375,0.00046060324907302855,0.3718739952623844,0.13166764730513095
1789911265624975000,26.20897509765625,-0.35284773468784986,0.2755710913270712,0.08950359918400645
1789911265634984200,26.218984130859376,-0.730726011866331,0.23838030157387255,0.09870309694483875
1789911265644993000,26.228992919921875,-0.9764403095901012,0.37587504759728907,0.053067573320865626
1789911265655001000,26.2390009765625,-0.9571465571857988,0.6311006855100393,-0.0370535732395947
1789911265665010200,26.24901025390625,-0.42269568935260177,0.8589104932308197,0.010241700290143489
1789911265675019300,26.259019287109375,0.14943419014215467,1.0111609098374843,-0.05756868413239717
1789911265685028000,26.269028076171875,0.7802351620532572,1.0610837553918362,-0.2996826192766428
1789911265695037200,26.279037109375,1.5618739072941243,0.8134411199539899,-0.7362320619367062
1789911265705046300,26.28904638671875,2.5845585200563073,0.36523733372688294,-1.410226278886199
1789911265715055000,26.29905517578125,3.4960534792661666,-0.04482464563250541,-2.0417576108984647
1789911265725063200,26.309063232421874,3.8415176065087318,-0.23563012608289718,-2.3243404806837438
1789911265735072300,26.319072265625,3.537660916417837,-0.18742577488422393,-2.2399518864259123
1789911265745081000,26.3290810546875,2.9004771116018295,0.013438742765784262,-1.9829918259359895
1789911265755090200,26.339090087890625,2.18372131902948,0.3669751173049211,-1.7120375807546078
1789911265765099000,26.34909912109375,1.6581167516052722,0.6965788275927305,-1.458021318631619
1789911265775108000,26.359108154296877,1.220244243647903,0.819476308465004,-1.2982663716137408
1789911265785117200,26.3691171875,0.7910660604082047,0.695587478467822,-1.0982688460566103
1789911265795125200,26.379125244140624,0.16746566752567887,0.31461130833923817,-0.8234221965465695
1789911265805134000,26.389134033203124,-0.3583573649547994,-0.052281975901126855,-0.5823742831986397
1789911265815143200,26.39914306640625,-0.5602152775563299,-0.19742226824164388,-0.3658245590303093
1789911265825152300,26.40915234375,-0.5791429731272161,-0.1756236934095621,-0.17896306696534156
1789911265835161000,26.4191611328125,-0.406870635972172,-0.3197738056689501,-0.18723361331298946
1789911265845170200,26.429170166015624,0.08923179650530219,-0.8552671682924031,-0.5170663831163197
1789911265855179000,26.439178955078123,1.0267420714594424,-1.4088596667081117,-1.338016052069515
1789911265865187000,26.44918701171875,2.1812486453056334,-2.040435568514466,-2.278899164457619
1789911265875196200,26.459196044921875,3.0561376289129254,-2.8155712154716253,-2.9967917059749363
1789911265885205200,26.469205322265626,3.432649513109028,-3.506536879357695,-3.4285628283172844
1789911265895214000,26.479214111328126,3.2159330540716646,-3.9013469290494918,-3.639924774584174
1789911265905223200,26.48922314453125,2.567598909687996,-4.0456887644886965,-3.970247154535353
1789911265915232300,26.499232177734374,1.6951685712791977,-4.160815611359477,-4.417044288834929
1789911265925240000,26.509239990234374,1.0697510459721087,-4.335705729797482,-4.76832703922838
1789911265935249200,26.519249267578125,1.1591444627799092,-4.756476734697818,-5.309145104005933
1789911265945258200,26.52925830078125,2.3274844777978956,-5.367028553175926,-6.116317811214923
1789911265955267000,26.53926708984375,4.696542198216915,-5.9447144593626255,-7.320314830547571
1789911265965276200,26.549276123046877,7.286611298388243,-5.513194096910953,-7.820525282865762
1789911265975285000,26.559284912109376,7.426507260334492,-2.6113071185112,-3.5990295773550867
1789911265985294000,26.569294189453124,5.024358440566063,-1.0649766711771487,0.3499329432196915
1789911265995302100,26.57930224609375,2.0125258173257112,-2.240060315236449,1.4705650122538207
1789911266005311200,26.589311279296876,0.8137509165555238,-3.41721258226335,1.8955989352956413
1789911266015320000,26.599320068359376,-0.2500906861770898,-4.180312923511862,1.986153797098249
1789911266025329200,26.6093291015625,-1.2941887469112872,-4.96733190048635,2.2432512202322483
1789911266035338200,26.619338134765623,-1.8538281242758035,-5.380739683142304,3.078529785723984
1789911266045347300,26.629347412109375,-2.081063346979022,-5.789976317593455,4.308321463787555
1789911266055356000,26.63935595703125,-2.1156031838320195,-5.991374503728747,5.613969177824258
1789911266065364000,26.649364013671875,-1.8583479397878049,-5.718476431003213,6.721402596458792
1789911266075373000,26.659373046875,-1.4660069105580449,-4.715122980046272,7.254906831091642
1789911266085382000,26.6693818359375,-1.1923863687768579,-2.9498657041490075,6.8273278997421265
1789911266095390700,26.679390625,-1.4880755345031618,-1.312799923878908,5.2910068052470685
1789911266105399800,26.68939990234375,-2.6184195808649062,0.10931553024351597,3.5154587292209265
1789911266115409000,26.699408935546874,-4.166686549219489,1.2559703676760197,1.3960641902819275
1789911266125417000,26.7094169921875,-4.553524012596905,1.7383803748875855,-0.8634989900648593
1789911266135425800,26.71942578125,-3.2660560983732343,1.0734709432780742,-2.7925822618111966
1789911266145435000,26.729434814453125,-0.9571399813145398,0.004701894080638885,-2.8989845349565146
1789911266155444000,26.73944384765625,-0.5806909332215786,-0.804129101729393,-2.1289780675813557
1789911266165453000,26.749453125,-1.5813587983563542,-0.7742594486445188,-0.37765579353421924
1789911266175462000,26.7594619140625,-2.5810142715781925,-0.1758154165893793,1.3428990018054843
1789911266185470700,26.769470703125,-2.9681451649442314,0.298132467225194,2.2084330048292875
1789911266195479000,26.77947900390625,-2.9163033340260385,0.3388981928557157,2.6356948330536483
1789911266205487900,26.78948779296875,-2.6927728110596534,0.5268406850904226,2.9728175406694413
1789911266215497000,26.7994970703125,-2.491017482049763,0.9307926571369171,3.649809331999719
1789911266225505800,26.809505859375,-2.8057193912819027,1.4947580810070038,4.273023355913162
1789911266235515000,26.819514892578123,-3.3852795669078826,2.2379396698206664,4.7055973190709945
1789911266245524000,26.82952392578125,-3.6990950486943124,3.030047494366765,4.9050470014870164
1789911266255533000,26.839532958984375,-3.8865994417726992,3.6556022361874576,4.82768874425739
1789911266265540900,26.849540771484374,-3.9849198230102654,4.208949235409498,4.408133837148547
1789911266275550000,26.859550048828126,-3.9126302473470567,4.6340912950009105,4.047034918400645
1789911266285559000,26.86955908203125,-3.7000089486688372,4.713052018991112,3.790234578517079
1789911266295568000,26.87956787109375,-3.3496593874722715,4.64996223334968,3.62646674259603
1789911266305576700,26.88957666015625,-3.149303111605346,4.637547572934627,3.4974440568417307
1789911266315585800,26.899585693359374,-2.99276522693783,4.475329304543138,3.3945226115494966
1789911266325595000,26.909594970703125,-2.886195488271117,4.25040528139174,3.2431466396898028
1789911266335603000,26.91960302734375,-3.010819062283635,4.138068357500433,3.042522068275511
1789911266345611800,26.92961181640625,-3.0188933554068207,4.120415211910009,2.6583418414086104
1789911266355620900,26.939620849609376,-2.6500153270900246,4.032262296682596,2.3807968196600675
1789911266365630000,26.9496298828125,-1.9700147093325853,4.009143286901712,2.145318377007544
1789911266375639000,26.95963916015625,-1.070228015834093,4.0230905637115235,1.65521167781353
1789911266385648000,26.969648193359376,0.09476736493110656,3.9225370165944096,0.8558215873047709
1789911266395656000,26.979656005859376,1.1701780441001057,3.409900797945261,-0.40444530852138993
1789911266405665000,26.9896650390625,2.2823422906488178,2.4573925680845976,-2.2126552986994383
1789911266415673900,26.999673828125,3.5053809873208404,1.3103577914237976,-4.202081979988515
1789911266425683000,27.009682861328123,4.440571002633869,-0.08323416352570057,-6.232414964422583
1789911266435691800,27.01969189453125,5.230418773293495,-1.6733406242221593,-7.3941001977264875
1789911266445700900,27.029700927734375,5.838416231113672,-3.3802310513466596,-7.690383822214603
1789911266455710000,27.0397099609375,5.7068169728696345,-4.655321130034327,-7.526749841806292
1789911266465717800,27.0497177734375,4.370817082928121,-4.747098080977797,-7.202737083393335
1789911266475726800,27.059726806640626,2.8251933225587007,-3.6806092516720295,-6.232769769209623
1789911266485736000,27.06973583984375,1.619526324187219,-1.9639894576936958,-4.294762894034386
1789911266495745000,27.0797451171875,1.9368486450508235,-0.08163608067929744,-1.4948717705145478
1789911266505754000,27.089754150390625,1.8502251313477753,1.5827701264590024,0.9739739194765686
1789911266515762700,27.0997626953125,0.9638003159865737,2.6034803704082963,3.0240427009940145
1789911266525771000,27.10977099609375,0.2655570623129606,2.203445279544592,5.328365937304496
1789911266535779800,27.11977978515625,0.7455348739415407,0.15155366651415825,7.160837385296821
1789911266545789000,27.129788818359376,4.9285009423106905,-3.211152249535918,7.591276966774463
1789911266555797800,27.1397978515625,11.46107491135001,-8.03166861794591,6.509535038757324
1789911266565806800,27.149806884765624,11.724819371283054,-12.399411407995224,0.9006886107742786
1789911266575816000,27.15981591796875,2.96455707732439,-14.214118066716193,-5.380321749991178
1789911266585825000,27.169824951171876,-4.730802779737115,-12.543729862558841,-6.363995517966151
1789911266595832800,27.179832763671875,-6.7131310271978375,-7.263216978797316,-2.466879066093266
1789911266605842000,27.189842041015623,-6.1452154043972484,-1.9711498508423566,1.457649708840251
1789911266615851000,27.19985107421875,-4.372887167200446,1.0275041418731212,3.4302357299655672
1789911266625860000,27.209860107421875,-3.176783531466126,2.974449525785446,4.545274070645869
1789911266635868700,27.21986865234375,-2.7249495720431205,4.172206189423799,5.072787832692265
1789911266645877800,27.229877685546874,-3.062313687199354,5.0227954290330405,5.24695255946517
1789911266655885800,27.2398857421875,-3.5178631600141523,5.495215372627973,5.168347224783897
1789911266665895000,27.24989501953125,-3.6601366647467013,5.54494240334928,5.079844180944562
1789911266675903700,27.25990380859375,-3.9159745893388984,4.8551948830813165,4.9465071391224855
1789911266685912800,27.269912841796874,-4.266422350212931,3.6767332870215177,4.876646251910925
1789911266695922000,27.279921875,-4.577809435808659,2.3889509000211953,4.8918414829552175
1789911266705931000,27.289930908203125,-4.4691345415562385,0.8577087162256241,4.662127595178783
1789911266715940000,27.299940185546873,-3.7721418724656104,-0.7538456061691046,4.431015823303163
1789911266725948000,27.309947998046876,-3.1155718146562577,-2.2178940761357544,4.138279662163556
1789911266735957000,27.31995703125,-2.6471014854699373,-3.6236364876061677,3.305782251822948
1789911266745966000,27.329966064453124,-2.253084631982446,-4.807016250845789,2.101499693547189
1789911266755975000,27.339974853515624,-1.92203291484341,-5.615182060745358,0.6993614440485835
1789911266765983700,27.349983642578124,-1.476277252420783,-5.901576159381866,-0.7836825260281562
1789911266775992800,27.359992919921876,-0.23507358817867932,-5.3784390049844975,-2.3766794474691153
1789911266786001000,27.3700009765625,2.121526290270686,-3.9940041699588296,-3.8073359354436396
1789911266796010000,27.380010009765623,4.324851742827892,-1.9317296946018934,-3.7109737025365233
1789911266806018800,27.390018798828127,4.840147536075115,-0.03355915525257587,-1.9644716882526874
1789911266816028000,27.40002783203125,3.9401650277435776,0.8933990382879972,-0.48446693974137306
1789911266826037000,27.410037109375,2.597992878907919,1.189735854268074,0.033692572373896834
1789911266836046000,27.420046142578126,1.444566355383396,1.3755734831780195,0.07574673037976026
1789911266846054000,27.430053955078126,0.5180979911863803,1.6264537853628396,0.11793766650781035
1789911266856063000,27.44006298828125,-0.20061375775933266,1.956027685034275,0.3530724102891981
1789911266866072000,27.450072021484374,-0.7260732176244259,2.256338080820441,0.7007062827862799
1789911266876081000,27.460080810546874,-1.0123463202297687,2.335132800593972,0.5560147571265697
1789911266886089700,27.47008984375,-1.0852817925810814,2.354157234537601,0.2581558461457491
1789911266896098800,27.480098876953125,-1.0729366902709008,2.1174469120025634,-0.20746961500346658
1789911266906108000,27.49010791015625,-1.0985188752949238,1.6535265012055635,-0.6388866632111371
1789911266916116000,27.500115966796876,-1.2585761662602424,1.1720616658896208,-0.9291229703590274
1789911266926124800,27.510124755859376,-1.9671885459959506,0.7523276028215885,-1.0843136782012879
1789911266936134000,27.5201337890625,-2.6893384526968003,0.5622480985581875,-0.8640808816060424
1789911266946143000,27.53014306640625,-3.296265066415071,0.42241351141035555,-0.7217873569987714
1789911266956152000,27.540152099609376,-3.7745781597018238,0.3775584706395864,-0.6618447833418846
1789911266966161000,27.550160888671876,-3.6300855176150795,0.4023421987622976,-0.4207837182514369
1789911266976169000,27.5601689453125,-3.238637053310871,0.4793722469508648,-0.24981676460653543
1789911266986178000,27.570177978515623,-2.570008308917284,0.5709639044553041,-0.13299202777668834
1789911266996187000,27.580186767578127,-0.7344950090110302,0.2905348517030477,0.19944515237137675
1789911267006196000,27.590196044921875,4.505624489563703,-0.07399345697164535,0.4468859085615724
1789911267016204800,27.600204833984375,10.513103155875205,-0.6153273623168468,-0.48259661582484836
1789911267026214000,27.6102138671875,10.21529159116745,-0.21141922941207886,-0.3258608704976737
1789911267036222000,27.620221923828126,7.727103487324714,0.2507902858138084,0.44000075215771794
1789911267046230800,27.630230712890626,4.694461300289631,0.013940262547135353,0.09048106591403483
1789911267056240000,27.640240234375,1.8533400484979152,-0.37116555473208424,-1.210257394901663
1789911267066249200,27.650249267578126,-0.4705322301521897,-0.5167331325739621,-2.4956749524667856
1789911267076258000,27.660258056640625,-1.438154442514479,-0.5730477249920368,-2.869657025924325
1789911267086267000,27.670266845703125,-1.0937558986768126,-0.6844295401155949,-2.9080808646038174
1789911267096276000,27.68027587890625,-0.013570114060491323,-0.8804448641687631,-2.7909409243449566
1789911267106284000,27.690283935546876,1.7289269023656844,-1.1485422586143017,-2.893204197989404
1789911267116292900,27.70029296875,2.887434090155363,-1.404084707391262,-3.3589512396916743
1789911267126302000,27.710302001953124,3.1555364530369636,-1.550448404046893,-3.6790865721493957
1789911267136311000,27.72031103515625,2.710835998755693,-1.6140309416413305,-3.5297765929087994
1789911267146320100,27.730320068359376,1.8767479582227766,-1.7084850028395653,-3.284680427083373
1789911267156329000,27.740328857421876,1.3721525688186287,-1.90478674261868,-3.2791923510611056
1789911267166337000,27.7503369140625,1.3393956698596476,-2.018438840761781,-3.4092341507300734
1789911267176346000,27.76034619140625,1.4537775435820222,-2.1386808386892078,-3.6426392942398786
1789911267186355200,27.770355224609375,1.30791945836097,-2.638862064912915,-4.368107239447534
1789911267196364000,27.780364013671875,0.8409808687865734,-3.484088316184282,-5.062757437065243
1789911267206372900,27.790372802734375,0.6145172149777413,-4.214855244582891,-5.431553924578428
1789911267216382000,27.8003818359375,1.078985176654905,-5.117172333341837,-5.995013152492046
1789911267226390000,27.81039013671875,2.14456624346599,-6.155665486741065,-6.654622724127769
1789911267236398800,27.82039892578125,3.5905928806602954,-6.77327306894958,-6.722850457179546
1789911267246408000,27.830407958984374,4.6674131343662735,-6.214111830490827,-5.878140338736772
1789911267256417000,27.8404169921875,4.995515792441368,-4.280837829056382,-4.631504785639048
1789911267266426000,27.850426025390625,4.158356527769565,-2.342825693184137,-3.2548952374115583
1789911267276435200,27.860435302734373,2.8772072951734065,-1.3853800069212914,-1.984129451663792
1789911267286443000,27.870443115234377,1.973696612715721,-1.4905916089773177,-1.21780949078165
1789911267296452000,27.8804521484375,1.5475807396560906,-2.4400123942166565,-0.5848439612478017
1789911267306461200,27.890461181640624,1.1092279008358716,-3.9021640906512736,-0.3637593701288104
1789911267316470300,27.90047021484375,0.34345863263905047,-5.003921801736951,-0.19440949629172682
1789911267326478800,27.910478759765624,-0.6719423989862203,-5.764907342788577,0.29626038974300023
1789911267336488000,27.920488037109376,-1.4633686710089444,-6.410608800581097,0.9877898249916732
1789911267346497000,27.9304970703125,-1.7610633313387631,-6.800342277660966,2.046104115670174
1789911267356504800,27.9405048828125,-1.7140122418284416,-6.80921122829318,3.3787650704473253
1789911267366514000,27.950513916015623,-1.543740869232267,-6.272998903745412,4.820219723550975
1789911267376523000,27.96052294921875,-1.4024820945002139,-5.15625580497384,6.161598383921384
1789911267386532000,27.970531982421875,-1.5946327059492469,-3.7089199848771095,7.3838161195993415
1789911267396541200,27.980541259765626,-2.2908257490947843,-2.3618273307740685,7.820764936840534
1789911267406550000,27.990550048828126,-3.077245006610453,-1.4614572844296694,6.945561480456591
1789911267416558000,28.00055810546875,-3.1513784565746783,-1.1487024176120757,5.658593332448602
1789911267426567200,28.010567138671874,-3.495725562486052,-0.910523776090145,4.799424772803485
1789911267436576300,28.020576171875,-5.373736526381969,-0.2090378872334957,3.5341318655088543
1789911267446584800,28.030584716796874,-5.963279459100962,0.7449994518905878,2.5845687491893767
1789911267456594000,28.040593994140625,-4.22271735626012,1.3394389244794844,1.3803317836210132
1789911267466603000,28.05060302734375,-0.8463926647022366,1.4561825588971375,-0.10546703812181948
1789911267476611000,28.060611083984377,0.7076467495739459,1.4342337619394063,-0.8698053967326879
1789911267486620000,28.070619873046876,-0.34947891584187746,1.487431683641672,-0.7337015205457806
1789911267496629000,28.08062890625,-2.347604159632325,1.648652173167467,0.22224691289663315
1789911267506638000,28.09063818359375,-3.7738010378494855,2.0570202080905435,2.0148869934991
1789911267516647200,28.100647216796876,-4.251331164065003,2.3607588247597215,2.752352835014462
1789911267526656000,28.110656005859376,-4.04877854719758,2.379839372804761,2.904230034394562
1789911267536664000,28.1206640625,-3.4949902339488266,2.1004782415449617,2.835547543312609
1789911267546673200,28.130673095703123,-2.9542955032899973,1.8073019354224205,2.7408605501413343
1789911267556682000,28.140681884765623,-2.78376387232244,1.7448253132432698,3.0376348807558418
1789911267566690800,28.15069091796875,-3.086829704296589,1.9642741198539733,3.3543376084163783
1789911267576700000,28.160699951171875,-3.4918364460930227,2.2971078981041906,3.372566800329089
1789911267586709000,28.170708984375,-3.8993499100133775,2.5964620160788296,3.3155373376399275
1789911267596718000,28.180718017578126,-3.9559360128492114,2.8420781141251323,3.387519162528217
1789911267606726000,28.190725830078126,-3.552961361402273,2.9573937615662813,3.448889577031135
1789911267616735000,28.20073486328125,-3.25038828138113,2.888379846572876,3.2272578734233974
1789911267626744000,28.210744140625,-2.9517887811660763,2.8382763837546108,2.940930118021369
1789911267636753200,28.220753173828125,-2.2950062496498225,2.8026994589388368,2.926434851939976
1789911267646762200,28.23076220703125,-1.866947133567929,2.652256968536973,2.7161209534212944
1789911267656771000,28.24077099609375,-1.4930132831662892,2.5272014328479764,2.3318843201920387
1789911267666779100,28.250779052734377,-0.769301826237142,2.340295297923684,1.8304443260788916
1789911267676788000,28.2607880859375,-0.31469840210080147,2.210429731604457,1.1826771679282189
1789911267686797000,28.270797119140624,0.13325930041074752,2.2540508466660976,0.5880380811139941
1789911267696806000,28.280805908203124,0.9000526509582996,2.2407962282955647,-0.03916851956695318
1789911267706815000,28.29081494140625,1.604630660611391,2.1749165196746585,-0.6851207372501492
1789911267716824000,28.300823974609376,1.921980161742866,1.856701049363613,-1.6273925275176762
1789911267726831900,28.310831787109375,2.7632150052905082,1.4467103816747664,-1.9957491623088717
1789911267736841000,28.320841064453123,3.278686155104637,1.0161392827719449,-2.7987308475688097
1789911267746850000,28.33085009765625,3.3939895275861023,0.6640659665226936,-3.428629171551764
1789911267756859100,28.340859130859375,2.958044626690447,0.5742208604246377,-3.5651609177619217
1789911267766868200,28.3508681640625,2.4314476872280237,0.7300906365722417,-3.1100472060158846
1789911267776876800,28.360876708984375,1.9271660399481654,0.9701748194545506,-2.4184803613662718
1789911267786885000,28.370885009765626,1.9955720521762965,1.2013514732599258,-1.6667869647949933
1789911267796894000,28.38089404296875,2.1707003632843493,1.201767068323493,-0.533470040102303
1789911267806903000,28.390903076171874,1.6251649145960807,0.9163853615999221,0.23580489812791347
1789911267816912000,28.400911865234374,1.2572685907930135,0.44977439654469487,0.8750473890393972
1789911267826921000,28.4109208984375,2.3567244546771047,-0.6375538071721791,2.1897534388005733
1789911267836930000,28.420929931640625,3.3698820912897585,-2.777551573678851,4.375409379154443
1789911267846938000,28.430938232421877,3.9634576405256983,-6.516027907907962,5.856840945598483
1789911267856947000,28.440947021484376,5.916516538882255,-11.55708730790615,4.573466145907342
1789911267866956000,28.4509560546875,5.986968962246179,-14.800858801496029,1.2886533246159553
1789911267876965000,28.460965087890624,0.313354586276412,-13.536984528827666,-2.0743340387240052
1789911267886974200,28.47097412109375,-3.8992368050277233,-7.864898677599429,-2.066154531660676
1789911267896983000,28.480983154296876,-5.732092868423462,-1.6310077954053879,0.8474342827096581
1789911267906991000,28.4909912109375,-5.531133073705434,2.213950891467929,3.7146152739092706
1789911267917000000,28.501,-3.8599522578656673,3.960122358623147,5.335170941144228
1789911267927009000,28.511009033203123,-2.3119795962825416,4.676650333788991,5.815469070768356
1789911267937017900,28.521017822265627,-1.7686252910256384,5.250220036828518,5.966354628762603
1789911267947027000,28.53102685546875,-2.2061855181634424,5.186175142419338,5.589801535773277
1789911267957036000,28.5410361328125,-2.9571704742044207,4.625495900613069,5.009871065530181
1789911267967044000,28.551044189453126,-3.4150647565796968,4.04642760015726,4.602498763646185
1789911267977053000,28.561052978515626,-3.7015000640094278,3.5787054589897394,4.5350048978269095
1789911267987062000,28.57106201171875,-3.5224501955434677,2.8456238239079714,4.664045996020734
1789911267997071000,28.581071044921874,-2.9379677610844372,1.3874761024177074,4.287755937881768
1789911268007080200,28.591080078125,-2.2611191776171324,-0.6326940921813249,3.6336303506150838
1789911268017089000,28.601089111328125,-1.9809300711005926,-2.4190362416833637,2.934058770947158
1789911268027097000,28.61109716796875,-1.9823773472994566,-3.533212704837322,2.257576974965632
1789911268037106000,28.62110595703125,-1.7659448197700083,-4.396318896192312,1.269213295608759
1789911268047115000,28.631114990234376,-1.5619016720838843,-5.015219440820813,-0.1154968492269516
1789911268057124000,28.6411240234375,-1.307082861406356,-5.21584313545227,-1.581800989165902
1789911268067132700,28.651132568359376,-0.8824347958769648,-5.041556243604421,-2.9547748112395404
1789911268077141800,28.661141845703124,-0.33879297891557214,-4.466730987545848,-4.095685259801149
1789911268087149600,28.671149658203124,-0.02332885313928127,-3.422963108614087,-4.725606087876856
1789911268097158700,28.68115869140625,0.015300444984436034,-1.9576339511871337,-4.612529451534152
1789911268107167700,28.691167724609375,-0.05532032068371773,-0.5995996318310499,-4.04662429177314
1789911268117176800,28.7011767578125,-0.12213584885001182,0.3269681010872125,-3.485580308307707
1789911268127185700,28.711185546875,-0.2118442133584991,1.058406060615182,-2.933687891808152
1789911268137194800,28.72119482421875,-0.20563589677028357,1.644327295705676,-2.4345316247180104
1789911268147202800,28.731202880859374,-0.10111235004365443,2.169651146492362,-2.0420660923257468
1789911268157212000,28.7412119140625,-0.15404844247195867,2.608262928509712,-1.7351470920547842
1789911268167220500,28.751220458984374,-0.314050167325139,2.8697879588276147,-1.476661575563252
1789911268177229600,28.7612294921875,-0.373976520499587,2.9734651909232137,-1.2229656314358115
1789911268187238700,28.77123876953125,-0.3925041108369827,2.9704829602420326,-1.0974538764119148
1789911268197247700,28.781247802734374,-0.32684535149037836,2.7396014899909495,-1.137782087408006
1789911268207255600,28.791255615234373,-0.280575183224678,2.242546871355176,-1.0456228591486811
1789911268217264600,28.8012646484375,-0.18899696972370147,1.4350988543361425,-0.8863676783464849
1789911268227273700,28.811273681640625,-0.12919219710230825,0.7613117042660713,-0.7334073599047959
1789911268237282800,28.82128271484375,-0.2790917032012716,0.2567775435298681,-0.4394131615281105
1789911268247292000,28.8312919921875,-0.707170948755741,-0.09865092836618423,0.14492752637267112
1789911268257300700,28.84130078125,-1.1062988616466523,-0.376343249630928,0.8165763492397964
1789911268267308800,28.851308837890624,-1.4017277690015733,-0.5253437245309353,1.4292643029637635
1789911268277318000,28.86131787109375,-1.1212369030594824,-0.4341483728677034,2.2969455471493303
1789911268287326700,28.87132666015625,-0.02422024902105331,-0.09283376652002334,3.5086119320660827
1789911268297335600,28.88133544921875,1.300086572778225,0.3416694111347198,4.655559907226264
1789911268307344600,28.8913447265625,2.3268986407339574,0.7860784812539815,5.007768540292978
1789911268317353700,28.901353759765627,3.0791794818043705,0.600377045944333,3.2411481593489646
1789911268327361500,28.911361572265626,3.109401601588726,0.45776948695182795,1.8227471957050263
1789911268337370600,28.92137060546875,2.7447885372400282,0.36734511966109273,1.0045604155939072
1789911268347379700,28.931379638671874,2.156987479752302,0.03877484407424926,-0.021373627418279646
1789911268357388800,28.941388916015626,1.4191536817073822,-0.353696533536911,-0.9913372883401811
1789911268367398000,28.95139794921875,0.6771450821958482,-0.5599421597033739,-1.8791383604906498
1789911268377406700,28.96140673828125,-0.02957929183617234,-0.3853589152574539,-2.4815794993579385
1789911268387414800,28.971414794921873,-0.3453472228646278,-0.02883797194957733,-2.7320135190799832
1789911268397423900,28.981423828125,-0.2811936073839664,0.2191074458271265,-2.772141239067912
1789911268407432700,28.9914326171875,0.18266338278800248,0.2673947991341352,-2.3267153931215403
1789911268417441500,29.001441650390625,1.0975238729082046,-0.08367723111808299,-1.780776624329388
1789911268427450600,29.01145068359375,1.983005562200397,-0.692448595920205,-1.619314873393625
1789911268437459700,29.021459716796876,2.4195047359779474,-1.209803075262904,-1.8442704607270657
1789911268447467800,29.0314677734375,2.4759528916478155,-1.5646902798891067,-2.1485525366231797
1789911268457476600,29.0414765625,2.2743311258897183,-1.791218815627694,-2.375465833895653
1789911268467485700,29.051485595703124,1.8046864922270178,-1.97276605386734,-2.6516660169065
1789911268477494800,29.061494873046875,1.3759408551856875,-2.2863708155125377,-3.0210379662200806
1789911268487504000,29.07150390625,1.1798504200696944,-2.7365596380770203,-3.325438261668384
1789911268497512700,29.0815126953125,1.015296109946072,-3.3417110588163137,-3.5465766288012266
1789911268507520800,29.091520751953126,0.642221360591799,-4.029125167700648,-3.7097047055140138
1789911268517529600,29.101529541015626,0.31956045517921444,-4.716718140283227,-3.8743160065218802
1789911268527538700,29.11153857421875,0.32065131915584205,-5.326572039625049,-4.25536494962573
1789911268537547500,29.121547607421874,0.8053766175724566,-5.886565637254715,-4.721905772054195
1789911268547556600,29.131556640625,2.0642929755724966,-6.436981843721866,-4.893535719652474
1789911268557565700,29.141565673828126,3.751787651222944,-6.230349848586321,-4.311441349373758
1789911268567573800,29.15157373046875,4.957296244162321,-5.108920637825131,-3.6788878347069023
1789911268577582600,29.16158251953125,4.912248311167955,-3.577592529311776,-3.383999171708524
1789911268587591700,29.171591796875,3.7078093932867047,-2.121253903070092,-3.425610700513422
1789911268597600800,29.181600830078125,2.0713959394454955,-1.0155284573972225,-3.376296634507179
1789911268607609900,29.19160986328125,1.0582301195263861,-0.356102425634861,-2.5562998092994094
1789911268617618700,29.20161865234375,0.9153951815187931,-0.639329584673047,-1.8418464484505355
1789911268627626800,29.211626708984376,1.0009481433808802,-1.8839286635071038,-1.2124944332387297
1789911268637635600,29.221635498046876,0.8521335464417934,-3.2960867872387167,-0.6869995367340743
1789911268647644700,29.231644775390624,0.22367614198215305,-4.15635278673172,-0.4316014648638665
1789911268657653800,29.24165380859375,-0.6122808342278003,-4.617099243667721,-0.11407061581611633
1789911268667662600,29.25166259765625,-1.2609843964457512,-4.841524085125327,0.24918913422748445
1789911268677671700,29.261671630859375,-1.6801356911897658,-4.790514613378048,0.9913253056414425
1789911268687679700,29.2716796875,-1.9257963590301572,-4.409516231417656,2.0628139890611172
1789911268697688600,29.2816884765625,-1.968559395957738,-3.634363633325696,3.2538205939173697
1789911268707697700,29.29169775390625,-1.9799149027086793,-2.56296540466845,4.239215194335579
1789911268717706800,29.301706787109374,-1.9301294197984038,-1.5314824222922325,4.996102067896723
1789911268727715800,29.3117158203125,-1.9118783083148299,-0.8828133468657732,5.3681578494668
1789911268737724700,29.321724609375,-1.9416759190768003,-0.5346610034525394,5.185996278721094
1789911268747732700,29.331732666015625,-2.2660709548056124,-0.4143552926391363,4.3575569115996355
1789911268757741600,29.341741455078125,-2.6282103225171562,-0.3070101856857538,3.500968723836541
1789911268767750700,29.351750732421873,-4.035969334506988,-0.11973404840528964,2.6884549478605386
1789911268777759700,29.361759765625,-5.315188475823402,0.2562391988694668,2.2922815008610486
1789911268787768600,29.3717685546875,-5.893868653744459,0.487732663539052,1.5862801804065703
1789911268797777700,29.381777587890625,-4.021655270211398,0.6435732135921717,0.7029907404616474
1789911268807785700,29.39178564453125,0.3953977864518761,0.5583259566783905,-0.3844964532092213
1789911268817794800,29.401794921875,1.8941387996152041,0.804959122812748,-0.27775895676016804
1789911268827803600,29.4118037109375,0.26199849304854866,1.1172826124757527,0.5168558821707964
1789911268837812700,29.421812744140624,-2.0496347740143537,1.3994061941862106,1.6718313887029885
1789911268847821800,29.43182177734375,-3.343905646251142,1.7440590050458906,2.818395625242591
1789911268857830700,29.44183056640625,-3.382205274029076,1.910631376993656,2.9421581985116005
1789911268867838700,29.451838623046875,-2.7662781922534108,1.8425684791147707,2.438164428262412
1789911268877847600,29.46184765625,-2.1571885552823544,1.69473120277524,2.2085770894750953
1789911268887856600,29.471856689453126,-1.7242530653357504,1.7224533224374055,2.427652094337344
1789911268897865700,29.48186572265625,-1.7002870833367107,1.937358640399575,2.822039242441952
1789911268907874600,29.49187451171875,-1.846743718972802,2.1860043154001234,3.2209146418765187
1789911268917883600,29.501883544921874,-1.9798072045505046,2.337342293336987,3.54809930832386
1789911268927891700,29.5118916015625,-2.2333476658552884,2.2356746474981306,3.6464924625366923
1789911268937900800,29.52190087890625,-2.4626892131879923,1.9061007478266954,3.552701833683252
1789911268947909600,29.53190966796875,-2.5522467345163227,1.6935627435177563,3.4810949795871973
1789911268957918700,29.541918701171873,-2.363991815331578,1.5632400810807943,3.3665620069563387
1789911268967927800,29.551927734375,-2.238383906456828,1.4992384412914515,3.1302272397354245
1789911268977936600,29.5619365234375,-2.273834282283485,1.4796400068521498,2.5705142126128075
1789911268987944700,29.57194482421875,-1.9556313791930675,1.6959014155983925,2.262513262324035
1789911268997953500,29.58195361328125,-1.7797712466791271,1.85124219943583,1.963948248900473
1789911269007962600,29.591962646484376,-1.6859645434737205,1.9469389541715383,1.624110729368031
1789911269017971700,29.6019716796875,-1.3840145637869834,2.250684000581503,1.5011094958603381
1789911269027980800,29.611980712890624,-0.95561028752923,2.5398019712239503,1.29624421813637
1789911269037988600,29.621988525390623,-0.35202187832295895,2.8465549672782418,1.0449895296812057
1789911269047997700,29.631997802734375,0.39207477950900793,3.1298446701586244,0.769581519961357
1789911269058006500,29.642006591796875,1.1006544260188937,3.214668148702383,0.16212240680158138
1789911269068015600,29.652015625,1.8906056570529937,3.0987948673784733,-0.5147802449405193
1789911269078024700,29.662024658203126,2.757251128450036,2.8080992721557614,-1.6047607167318463
1789911269088033500,29.672033447265626,3.0332027435272932,2.4438316602438688,-2.6905013589963316
1789911269098041600,29.68204150390625,3.0227842253655193,1.8784288970470426,-3.445079955615103
1789911269108050700,29.69205078125,2.293564234147966,1.1205115113943815,-3.9800799817636605
1789911269118059500,29.7020595703125,1.8154925484016537,0.4105851264506578,-4.052046609082818
1789911269128068400,29.712068359375,1.2178168703705072,-0.25183482643067834,-3.93248645593971
1789911269138077400,29.722077392578125,0.7109060436308383,-0.8332511513173579,-3.691577804931998
1789911269148086500,29.73208642578125,0.47358255763351914,-1.172700548315048,-3.383687037019431
1789911269158094600,29.742094482421876,0.5703831819579005,-0.9543436285942792,-2.0553435070499777
1789911269168103400,29.752103515625,0.01877367405295372,-0.6406880135446786,0.9397381801366805
1789911269178112500,29.762112548828124,-0.47551411021798845,-0.9004927959412335,4.795099895341694
1789911269188121600,29.77212158203125,0.38013358182460066,-2.1128718591719866,7.587271822786331
1789911269198130700,29.782130615234376,2.2420397986158727,-3.4877409934729338,8.50127350412011
1789911269208139500,29.792139404296876,2.778892466893792,-4.268784403169155,6.623752954089642
1789911269218147600,29.802147705078124,4.060579751889407,-5.212978393670916,3.633910336600244
1789911269228156700,29.81215673828125,5.103604411238432,-6.198878021001815,0.6416735174506902
1789911269238165500,29.82216552734375,2.1523376081198453,-5.632776754146814,-1.0044280944511295
1789911269248174300,29.83217431640625,-2.7702134858757255,-3.7302088566213842,-0.653352557067573
1789911269258183400,29.842183349609375,-4.966950207692385,-1.8141215523093939,1.2208432324543594
1789911269268192500,29.852192626953126,-4.140627394333482,-0.9034832099288701,2.8857012750133872
1789911269278200600,29.86220068359375,-2.5652926785722374,-0.11279460453093051,3.966537486362457
1789911269288209400,29.87220947265625,-1.298882603815943,0.525765749335289,4.422739285606146
1789911269298218500,29.882218505859374,-0.8903077942743897,0.5239776968747377,4.457279853111506
1789911269308227600,29.8922275390625,-0.9486476089097559,0.10164601852893829,4.2618309307694435
1789911269318236700,29.902236572265625,-0.9458097551353275,-0.4243903644412756,3.864657951338589
1789911269328245800,29.912245849609373,-1.087555144340545,-0.67194298350811,3.2824913926064965
1789911269338253600,29.922253662109377,-1.7544019737534224,-0.6272977860957384,2.605788062828779
1789911269348262700,29.9322626953125,-2.4580863955676553,-0.4911924486041069,1.8107561675295232
1789911269358271500,29.942271484375,-2.256356054868549,-0.6864432180255651,1.006425990270078
1789911269368280600,29.952280517578124,-2.0973206542968748,-1.001948260334134,0.3650198915839195
1789911269378289400,29.962289306640624,-1.893103465218097,-1.203961948019266,-0.0959267640992999
1789911269388298500,29.972298583984376,-1.7421388506382702,-1.2269921104729176,-0.47528965381234883
1789911269398306600,29.982306640625,-1.5396622216165066,-0.9549714051038026,-0.7912938778147101
1789911269408315400,29.9923154296875,-1.2564413461886346,-0.6802361800789832,-1.0898904554203153
1789911269418324500,30.002324462890623,-0.9941519073694943,-0.4916664958566427,-1.393372174718976
1789911269428333600,30.01233349609375,-0.8228175817169249,-0.3347603623986244,-1.6413238761059938
1789911269438342700,30.0223427734375,-0.6922820071816445,-0.12803542828261852,-1.7894218492083251
1789911269448351700,30.032351806640627,-0.7117665329176932,0.16380699888765812,-1.6461230930812656
1789911269458359600,30.042359619140626,-0.7825205695766955,0.32380817575156684,-1.4336550852686165
1789911269468368600,30.05236865234375,-0.9483663077503443,0.4899608609825372,-1.2532947187259793
1789911269478377500,30.06237744140625,-0.8426503363687544,0.6551824028432369,-0.8797489908590912
1789911269488386600,30.072386474609374,-0.6347422568827867,0.7283142745494842,-0.4596883261851966
1789911269498395400,30.0823955078125,-0.4068190519154072,0.789675044441223,-0.20760361664667723
1789911269508404500,30.092404541015625,-0.29699907928109165,0.8728829044818878,-0.1008960769444704
1789911269518412500,30.10241259765625,-0.22900049707638098,1.0010714774996041,-0.0721143652267754
1789911269528421600,30.112421630859377,-0.1336614514708519,1.2189309690922498,0.004379676388949156
1789911269538430500,30.122430419921876,-0.00008709261991898528,1.4148767350405453,0.09058174980953335
1789911269548439600,30.132439453125,0.09505143343633972,1.460049755719304,0.23294994708821176
1789911269558448600,30.14244873046875,-0.22368600578904152,1.533003348249197,0.4237425680570304
1789911269568457700,30.152457763671876,-0.6219055716633797,1.6141057604432105,0.7028354037694633
1789911269578465500,30.162465576171876,-1.0276233843386173,1.5084388158351183,0.7877434918567537
1789911269588474600,30.172474609375,-1.3753881897389888,1.2356547248780727,0.7317151690341532
1789911269598483500,30.1824833984375,-1.2286112361073493,0.8534241707742214,0.8553174371749163
1789911269608492500,30.192492431640623,-0.5888344191234558,0.5125386034935713,1.0548216262571513
1789911269618501400,30.20250146484375,0.4134918076775968,0.36823768458664413,1.143191983627528
1789911269628510500,30.212510498046875,1.8920937036536634,0.4077098632752895,0.9064603260435163
1789911269638518500,30.2225185546875,2.9390041183948514,0.3542091592341661,0.21887246802747248
1789911269648527600,30.232527587890626,3.104630733925104,0.44665012704432006,-0.12319419879652559
1789911269658536400,30.242536376953126,2.562759068441391,0.5347714780896902,-0.19619353016428648
1789911269668545500,30.252545654296874,2.0711280822895466,0.5354010081648827,-0.4372901780247688
1789911269678554600,30.2625546875,1.6072366053260863,0.6234264976203441,-0.6849045372162014
1789911269688562700,30.272562744140625,1.298655663192272,0.6233282979428768,-1.0883655108753592
1789911269698571500,30.282571533203125,1.032958754017204,0.429520128545165,-1.402951027186215
1789911269708580600,30.29258056640625,0.698745796368271,0.12012450902760029,-1.5043245123840867
1789911269718589400,30.30258935546875,0.41956002167537804,-0.2015215202540159,-1.369972740561515
1789911269728598500,30.3125986328125,0.4669873971521854,-0.4212696020722389,-1.2512041761875152
1789911269738607600,30.322607666015625,0.8112158451199531,-0.4293529552847147,-1.1756874551713465
1789911269748615400,30.332615478515624,1.4616938696645199,-0.23780045585930346,-1.2117717449873686
1789911269758624500,30.34262451171875,1.8076586399056016,-0.08308569496572017,-1.5089349287889897
1789911269768633600,30.352633544921876,1.6370086432553828,-0.17987316754758356,-1.9990398744173348
1789911269778642400,30.362642333984375,1.327394412551075,-0.4483019859045744,-2.4904309143334626
1789911269788651500,30.372651611328124,1.240890871965885,-0.90635555049479,-2.8670430440336463
1789911269798660600,30.38266064453125,1.1626292361557482,-1.1764508407592773,-2.9540418207898735
1789911269808668700,30.392668701171875,1.1213225355163217,-1.1249404337525366,-2.9725141738086935
1789911269818677500,30.402677490234375,1.3544357103422284,-1.0061603250712157,-3.329434930089116
1789911269828686600,30.4126865234375,1.4890018555678426,-1.139367603033781,-3.8356846625715493
1789911269838695400,30.4226953125,1.42565736451298,-1.60069741281569,-4.347346190969645
1789911269848704500,30.43270458984375,1.196929272903502,-2.3162913220018146,-4.809321312917769
1789911269858713600,30.442713623046874,0.6527040300309658,-3.1855951989531515,-5.022775555288791
1789911269868721400,30.452721435546874,-0.23382979866266249,-4.124393467891216,-4.8980228019386525
1789911269878730500,30.46273046875,-0.505684061423689,-4.921105571362376,-4.464447260522842
1789911269888739600,30.472739501953125,0.48131636675596234,-5.834563647338747,-4.528648806798458
1789911269898748700,30.482748779296877,2.028460468560457,-7.293657125246525,-5.708329130998253
1789911269908757500,30.492757568359377,3.9859085417866704,-7.983361390894651,-5.683003551083803
1789911269918766600,30.5027666015625,5.9143152294456955,-6.599610446479916,-3.9622459266483783
1789911269928774700,30.512774658203124,6.316958456981181,-3.8022295522153375,-2.951410887764394
1789911269938783700,30.52278369140625,4.837394437974691,-1.9894874715656041,-3.1119565467685457
1789911269948792600,30.53279248046875,2.6489421449005603,-0.9173170894920826,-2.9475051124975082
1789911269958801400,30.542801513671876,0.895758753156662,-0.5268114589959383,-2.2912657479472456
1789911269968810500,30.552810546875,-0.128047721508611,-1.0998410638093947,-1.4824386976599693
1789911269978819600,30.562819580078123,-0.6247597920507192,-2.3191975648373364,-0.67038340604119
1789911269988827400,30.572827392578127,-0.8732897317171097,-3.5669349416971206,-0.16751842062622307
1789911269998836500,30.58283642578125,-1.024041434198618,-4.272979516771436,-0.08365691898241638
1789911270008845600,30.592845458984375,-1.3005734795123338,-4.635318790969253,0.13428075241297482
1789911270018854700,30.602854736328126,-1.4646949511766434,-4.674060901817679,0.5645562293700873
1789911270028863500,30.612863525390626,-1.4518763861358166,-4.6543630986571305,1.2254574482515455
1789911270038872600,30.62287255859375,-1.1922880229689181,-4.5375008062958715,2.2524476492531598
1789911270048880600,30.632880615234374,-0.7298807932138442,-4.29177131100297,3.5124861431509253
1789911270058890000,30.642889892578125,-0.5145112187407911,-3.8530548995673652,4.819573242340982
1789911270068899000,30.652899169921874,-0.560148057539016,-3.3954403109163045,5.637120920830965
1789911270078908200,30.662908203125,-0.39729368320107455,-3.3745524211883544,5.449874594166874
1789911270088917200,30.672917236328125,-0.3518137885302305,-3.2993110099822283,4.880867961259186
1789911270098926300,30.68292626953125,-0.9853929929830133,-2.9642075332343576,4.270131141602993
1789911270108934100,30.69293408203125,-2.5357787070572373,-2.397109656557441,3.962555723249912
1789911270118943200,30.702943115234376,-3.6789024477541443,-1.477724528619647,4.202673808401823
1789911270128952300,30.712952392578124,-5.864997948569059,-0.7843798606425524,3.2529449801266193
1789911270138961400,30.72296142578125,-6.00752075188756,-0.42084056300520895,2.4607193744197486
1789911270148970200,30.73297021484375,-3.5801153257876632,-0.02585515674650669,1.7390028907001018
1789911270158979000,30.74297900390625,-0.5388844663664698,0.4484270735889673,1.745893526996672
1789911270168987400,30.7529873046875,-0.551349980185926,1.061703348594904,1.9650977111965418
1789911270178996000,30.762995849609375,-1.9567098220795391,1.5847428878366947,1.8498726646482944
1789911270189005000,30.773005126953127,-2.962559766027331,2.282947855326533,1.9994994547531006
1789911270199014100,30.78301416015625,-3.412735436849296,2.8808202249735593,2.5000918921262025
1789911270209023200,30.793023193359375,-3.4194521778836844,3.3676737675905226,3.1361595523938535
1789911270219032300,30.8030322265625,-2.9169053915724157,3.5209769081205127,3.3203266177430746
1789911270229040000,30.8130400390625,-2.298690783381462,3.4222400550365446,3.465549912191927
1789911270239049200,30.82304931640625,-2.1499498362004754,3.239271259561181,3.6590909550860524
1789911270249058300,30.833058349609374,-2.213111518034339,3.073559888356924,4.0273584502890705
1789911270259067400,30.8430673828125,-2.3666747708052394,3.003653408437967,4.377458128377795
1789911270269076200,30.853076171875,-2.865790413624048,3.0096652160733934,4.385488874620199
1789911270279085000,30.8630849609375,-3.2475171098589897,3.074068422400951,4.2932910679161544
1789911270289093400,30.87309326171875,-3.468101642501354,3.2055536988765,4.197169365766644
1789911270299102200,30.883102294921876,-3.453471059602499,3.2203274896383283,3.901199045011401
1789911270309111000,30.893111083984376,-3.315639044448733,3.2678514573574065,3.605054828993976
1789911270319120100,30.9031201171875,-3.3659307233154774,3.3251422013312575,3.08073810942322
1789911270329129200,30.913129150390624,-3.237599819217622,3.4105104542762037,2.572402802838385
1789911270339138300,30.92313818359375,-2.7916724534898996,3.5380548841714856,2.2046315667197107
1789911270349146000,30.93314599609375,-2.28959328469038,3.676515844878554,1.7769880457013845
1789911270359155200,30.9431552734375,-1.9386609551697969,3.8406279641926284,1.4202984678283332
1789911270369164300,30.953164306640623,-1.4175702119082212,3.9795542043238874,1.0151657615646719
1789911270379173400,30.96317333984375,-0.4964125213399529,4.018566364285349,0.4946130707025528
1789911270389182200,30.97318212890625,0.6438453085318208,3.7822552702009675,-0.3417576739400625
1789911270399191000,30.98319091796875,1.8288138022676108,3.202341751092672,-1.2328782459020613
1789911270409199400,30.993199462890626,3.0723169025585055,2.3352046967864033,-2.129922362694144
1789911270419208200,31.003208251953126,3.853685890947282,1.0802835459023714,-3.236295750881731
1789911270429217000,31.013217041015626,4.620948612572253,-0.4859527943849563,-4.183199877125024
1789911270439226000,31.02322607421875,5.250716295912862,-2.079188785278797,-4.937012750068306
1789911270449235200,31.033235107421874,5.495284346210957,-3.298527750650048,-5.580746707180142
1789911270459244300,31.043244384765625,4.991265149259567,-3.7315240308731794,-5.858306926497817
1789911270469253400,31.05325341796875,3.513099014352262,-3.3157653011769055,-5.411065263301134
1789911270479261200,31.06326123046875,2.139186157862842,-2.30701203700304,-4.320383949764072
1789911270489270300,31.073270263671876,1.9208344988390802,-0.8970517155766486,-2.8304753546148538
1789911270499279400,31.083279296875,1.943720284385979,0.32200024954676626,-1.1875719542324543
1789911270509288200,31.0932880859375,1.5626426997095346,0.6744155111014842,0.7269333415850997
1789911270519297000,31.103297119140624,0.19097469953745602,0.04452595494687557,2.641507318724692
1789911270529306000,31.11330615234375,-0.6224561912834644,-1.02771164714396,4.164252307809889
1789911270539314200,31.123314208984375,1.7618325621455906,-2.586366738522053,5.219955246946215
1789911270549323000,31.133322998046875,5.466978289180994,-5.052305016633868,4.919649527335166
1789911270559332000,31.14333203125,6.307864465421438,-7.314170920965075,2.750573842643201
1789911270569341200,31.153341064453127,2.0687717284217477,-8.227619644591211,-0.08849749088138341
1789911270579350300,31.163350341796875,-2.0416493282184005,-7.825465661877393,-0.9507654778465628
1789911270589359400,31.173359375,-3.432567680044472,-6.356099211758375,0.010056699112057685
1789911270599367200,31.1833671875,-3.4847660693153735,-3.4778432843148708,1.7548223911225795
1789911270609376300,31.193376220703126,-3.2453298289477823,-0.44249476093053813,3.7247608203485605
1789911270619385300,31.20338525390625,-3.0980203758746385,0.7285574356555938,4.49378909034133
1789911270629394200,31.213394287109374,-3.2795056547939776,1.4240467144459485,4.665779103423655
1789911270639403000,31.223403076171873,-3.49750133998692,2.129171252065897,4.719300265730917
1789911270649412000,31.233412109375,-3.6154400294080373,2.499398649165034,4.626133321733772
1789911270659420200,31.243420166015625,-3.777108554962277,2.4919565164655446,4.3906756296083325
1789911270669429200,31.25342919921875,-3.725812082967162,2.2341081288337707,4.024044503435492
1789911270679438000,31.26343798828125,-3.4920977273777125,1.7523691527515648,3.594293488743901
1789911270689447200,31.273447265625,-3.4563749643504615,0.9776321497231721,3.0328730731815097
1789911270699456300,31.283456298828124,-3.576844925814867,0.08680676131546497,2.370361058102548
1789911270709465300,31.29346533203125,-3.5976480598688125,-0.7425847919642925,1.8135943135648964
1789911270719473200,31.30347314453125,-3.550696923601627,-1.5285247415304184,1.2113441672250629
1789911270729482200,31.313482177734375,-3.524919216005504,-2.313928100001812,0.5377896568670869
1789911270739491300,31.3234912109375,-3.5073125399053096,-3.049055561697483,-0.15878887846469877
1789911270749500200,31.333500244140627,-3.383110990697145,-3.600287176200747,-0.8793135220512748
1789911270759509000,31.343509033203127,-3.157581987389922,-3.6470664630323646,-1.5603344227671623
1789911270769518000,31.35351806640625,-2.5856249802440403,-3.003079407942295,-1.9932664055824278
1789911270779527200,31.363527099609374,-1.7794639342956244,-1.9099252745509145,-1.9193058279670774
1789911270789535200,31.37353515625,-0.7032254990655928,-0.8094991043299437,-1.5177118172235786
1789911270799544000,31.3835439453125,0.7041998970557004,0.23952713352143762,-0.8824151413284241
1789911270809553200,31.39355322265625,3.4549504845052956,1.4158207378923893,0.7867902827851474
1789911270819562200,31.403562255859374,5.877943354859948,2.179982570892572,2.885772294422984
1789911270829571300,31.4135712890625,5.614665927916765,1.9928952341824768,3.201733848327398
1789911270839580400,31.423580322265625,3.9336861871182918,1.5234522605717182,2.012592891212553
1789911270849588200,31.433588134765625,1.9210580784618854,1.2641665336132049,0.6686345896124839
1789911270859597300,31.443597412109376,0.4996083947718143,1.2003735681384802,-0.2666176772817969
1789911270869606100,31.453606201171876,0.17733517350256442,1.1622124720484017,-0.6892759572334587
1789911270879615200,31.463615234375,-0.38746962380111216,1.0439841520309447,-0.9027730158329009
1789911270889624000,31.4736240234375,-1.2623305503576994,0.9139905754178762,-0.8300086622647941
1789911270899633200,31.483633056640624,-2.712994053572416,0.7958154468923807,-0.8272161089368164
1789911270909642200,31.493642333984376,-4.093106349223852,0.6985492508828639,-1.0416283826850354
1789911270919650300,31.503650390625,-4.089093021929264,0.7215618776798248,-1.1927994796223937
1789911270929659100,31.5136591796875,-3.4972587634027,0.9897790991127491,-1.2697697604477405
1789911270939668200,31.523668212890627,-1.9545827469229697,1.3841349752962588,-0.89738489305377
1789911270949677300,31.53367724609375,1.0981084678631274,1.7548393422573805,-0.16530995079651473
1789911270959686400,31.543686279296875,4.195905044919252,1.5602508361369372,-0.07344575996100902
1789911270969695000,31.553695068359374,5.860350999546051,0.7261188103318214,-0.9271553235478699
1789911270979704000,31.5637041015625,4.83484241540432,0.24554361733198166,-1.3240791505232452
1789911270989712100,31.573712158203126,2.777236224119365,0.20030746828913687,-0.7937911745231598
1789911270999721200,31.58372119140625,0.9957260248184203,0.14458090489208697,-0.3562677722644061
1789911271009730000,31.59372998046875,-0.4157213202953338,-0.046566520863771436,-0.5414002485796809
1789911271019739100,31.6037392578125,-0.9254245542325079,-0.08099661373198032,-0.8667683671243488
1789911271029748200,31.613748291015625,-0.7912614368498325,0.11618775410056113,-0.9284802885413169
1789911271039757300,31.62375732421875,-0.10477335676923394,0.21182313403785227,-1.0063603776879608
1789911271049765000,31.63376513671875,0.8377484627366065,0.10011457117795944,-1.0282404202584177
1789911271059774200,31.643774169921876,1.4958324322402476,-0.22530103977024554,-0.9273950505878775
1789911271069782800,31.65378271484375,1.7854339486159383,-0.7311234867513179,-1.0341262634266166
1789911271079791600,31.66379150390625,1.4652654445409774,-1.116819671139121,-1.368200031800568
1789911271089800700,31.67380078125,0.6588486702658236,-1.0259002138078213,-1.697320196355134
1789911271099809500,31.6838095703125,-0.3070012717269361,-0.5288368273437023,-2.042778039987385
1789911271109818600,31.693818603515624,-0.7559666899763047,-0.04639174881875515,-2.430702860210091
1789911271119826400,31.703826416015627,-0.3132603321217,-0.051363692012429234,-2.9226386745274064
1789911271129835500,31.71383544921875,0.6486885107792913,-0.7077274135947227,-3.4194726361498233
1789911271139844600,31.7238447265625,1.865176470633596,-1.5925836644649505,-3.7699338410273193
1789911271149853700,31.733853759765626,3.01256269108057,-1.9386726456075907,-3.8473347683548926
1789911271159862800,31.74386279296875,3.1055250524163243,-1.6358756937026977,-3.7771640845417975
1789911271169871600,31.75387158203125,2.2126773644007742,-0.9914227746665477,-3.7045012916520235
1789911271179880700,31.763880615234374,1.2030876494027674,-0.546398202997446,-3.7172073362290856
1789911271189888800,31.773888671875,0.31613164977431296,-0.7151987723886967,-3.999861079293489
1789911271199897900,31.78389794921875,-0.15311784709095955,-1.7073521994173526,-4.332319886751472
1789911271209906700,31.79390673828125,0.17220248678922653,-3.1749644993454216,-4.461290257796645
1789911271219915500,31.80391552734375,1.0585388932146131,-4.786472059988975,-4.371108759351074
1789911271229924600,31.813924560546877,2.192082320139557,-6.512780304288864,-4.145072683304548
1789911271239933700,31.82393359375,3.0303707349717617,-7.406855049881338,-3.7586476001203057
1789911271249942500,31.833942626953124,3.385071477115154,-6.861914644476771,-3.3328947151541706
1789911271259950600,31.84395068359375,3.429824811077118,-4.930304192340373,-3.1832381144329904
1789911271269959700,31.853959716796876,3.226390150678158,-3.1491642876565455,-2.762581091301143
1789911271279968800,31.86396875,2.8224411012411115,-1.9376812964826822,-1.8288595411054789
1789911271289977600,31.8739775390625,2.1065923405110833,-1.4218646942317485,-1.1912398290902375
1789911271299986700,31.883986572265623,1.4443950904697178,-1.6362433579713105,-0.8504759154278785
1789911271309995800,31.893995849609375,0.8369768938422203,-2.257830365204811,-1.0853212478086351
1789911271320004600,31.904004638671875,0.3258417274057865,-2.815923682171106,-1.2622744362562894
1789911271330012700,31.9140126953125,-0.005746361632272601,-3.268016292530298,-1.0671039655294268
1789911271340021500,31.924021484375,-0.24709318486154078,-3.747127258196473,-0.7706545560203493
1789911271350030600,31.934030517578126,-0.4874349957667291,-4.041390775033832,-0.37957499809376893
1789911271360039700,31.944039794921874,-0.5698293474674224,-4.272658029732108,0.22359715846180914
1789911271370048800,31.954048828125,-0.4975047004908323,-4.372084034124017,1.0708373799040913
1789911271380057600,31.9640576171875,-0.409670934215188,-4.325020085132122,2.3135065135888753
1789911271390066700,31.974066650390625,-0.32961306263804435,-4.008627738595009,3.793705469498038
1789911271400074800,31.98407470703125,-0.5150070394337177,-3.595000760230422,5.285801637819409
1789911271410083800,31.994083740234377,-0.7988637285470962,-3.2863322859436273,6.191523566585778
1789911271420092700,32.0040927734375,-1.0004477926433086,-2.8105110094726085,6.201597216832638
1789911271430101800,32.014101806640625,-1.4550921333119273,-2.2721002980977296,5.709715032398701
1789911271440110600,32.02411059570313,-2.3282389494270084,-1.544489787903428,5.0299406246125695
1789911271450119700,32.03411962890625,-4.4589284971013665,-0.7248731941848993,4.169884468477965
1789911271460128500,32.04412841796875,-6.641781947255134,0.004435936620831489,3.260907045046985
1789911271470137600,32.0541376953125,-7.646101612895727,0.6906494375437497,2.1585010991856453
1789911271480145700,32.06414575195313,-4.009447530545294,1.0355962629139424,1.1357836070671676
1789911271490154800,32.07415478515625,0.8424351592481136,0.9528753096073865,-0.08472761695384978
1789911271500163600,32.08416357421875,0.9073071521311998,1.026225207978487,-0.45375382156968114
1789911271510172700,32.094172607421875,-0.46298868290483947,0.9433955336004495,-0.5938379995644092
1789911271520181800,32.104181640625,-2.0215052425950764,1.0581336734145879,0.6023679275006055
1789911271530190600,32.114190673828126,-3.3598388361811637,1.3871189595431088,2.179132676064968
1789911271540199700,32.12419970703125,-3.8671170349285005,1.5952555140227078,2.777019951020181
1789911271550207500,32.13420751953125,-3.4921649473950267,1.6210457888394594,2.7732573836162686
1789911271560216600,32.14421655273438,-2.8309426798656583,1.629412635168433,2.750542570722103
1789911271570225700,32.1542255859375,-2.394075987949967,1.778723491191864,2.9962209203496575
1789911271580234800,32.16423486328125,-2.4359037898540494,2.0321692599505186,3.2372838851362467
1789911271590243600,32.17424365234375,-2.669297242926061,2.480172555169463,3.51147988871783
1789911271600252700,32.18425268554687,-2.9175884054005143,3.021913872271776,3.897786021697521
1789911271610261800,32.19426171875,-3.1907331463634967,3.4703736790865656,4.2344180231869215
1789911271620269800,32.20426977539063,-3.5147114179849623,3.6481957593232393,4.316812521018088
1789911271630278700,32.214278564453124,-3.6167525733113286,3.736048230299353,4.410504950194061
1789911271640287700,32.22428784179687,-3.412769046857953,3.7531741371452805,4.3771255354225636
1789911271650296600,32.234296630859376,-3.073203330004215,3.8559120425641535,4.281637455001473
1789911271660305700,32.2443056640625,-2.85921249653846,3.9698616623491048,3.9371398347035047
1789911271670314500,32.254314453125,-2.4841984496846794,3.9651229433894155,3.4033608747825026
1789911271680323600,32.264323486328124,-2.128527693465352,3.8501094937652347,2.8181761372730136
1789911271690332700,32.27433276367187,-1.6483505598723887,3.543389815458655,2.292620231296122
1789911271700340700,32.2843408203125,-0.9049030135989189,3.093733492335677,1.8025532795906065
1789911271710349600,32.294349609375,-0.1690747101575136,2.5780811407357453,1.361564539308846
1789911271720358700,32.30435864257812,0.6739061002746224,1.9413971021354197,0.46932197757959365
1789911271730367700,32.31436767578125,1.767481089426577,1.1808289097130298,-0.5113327348351479
1789911271740376800,32.324376953125,2.884076596421003,0.3385819665133953,-1.6589631393015383
1789911271750385700,32.3343857421875,3.5010832901269193,-0.4128168310254812,-2.8823773912876844
1789911271760394500,32.34439453125,4.008726815055311,-0.976710943225026,-3.6133886498361822
1789911271770403600,32.35440356445312,4.334927146640419,-1.185973871386051,-3.985049294608831
1789911271780411600,32.36441162109375,4.02342403344959,-1.1123463251173495,-4.064162578812241
1789911271790420700,32.37442065429688,3.0837025121867656,-0.8906476937532425,-3.7670623772442338
1789911271800429600,32.3844296875,2.129944574525952,-0.3443886069655418,-3.002158201444149
1789911271810438700,32.39443872070313,1.632971204432845,0.5168325012952089,-1.787632189312577
1789911271820447700,32.40444775390625,1.1124094534814357,1.3906950644642113,-0.6249380712270737
1789911271830456800,32.41445678710937,0.5847127360835671,2.054404472634196,0.27825375453978773
1789911271840465700,32.424465576171876,0.7138213465556502,2.4422318238317966,0.9649880644664168
1789911271850473700,32.4344736328125,1.3765595716059207,2.6334341946452855,1.3527251070320605
1789911271860482800,32.44448291015625,1.7845798160046338,2.526314128619432,1.491372530221939
1789911271870491600,32.45449169921875,1.609104591155052,1.941107763800025,1.892393709513545
1789911271880500500,32.46450048828125,0.5984279577031731,0.7787894932895898,3.026033582550287
1789911271890509600,32.47450952148437,0.4711436400488019,-0.6995084513038397,4.165256224155426
1789911271900518700,32.4845185546875,1.5191414116352795,-2.6287738016188142,4.579160558156669
1789911271910527700,32.49452783203125,2.147089039941877,-4.863104633292555,4.411058200162649
1789911271920536800,32.50453686523438,1.909720545759052,-6.93116412179172,3.6039515439271925
1789911271930544600,32.51454467773438,1.5264751155242322,-9.37099999039769,1.7383192923501134
1789911271940553700,32.5245537109375,-0.6194833129525185,-10.699570314860344,-0.3955906786754727
1789911271950562800,32.53456274414062,-3.572084579545259,-9.601104046535491,-1.1728732745334505
1789911271960571600,32.544571533203126,-4.091212498301267,-6.837292828917503,-1.008248237261176
1789911271970580500,32.55458056640625,-3.5464462804198265,-3.7119033846020697,-0.3932601899012923
1789911271980589600,32.56458959960938,-2.865846527725458,-1.4143097488075493,0.5866521797135472
1789911271990598700,32.5745986328125,-2.2037546377547086,-0.34889351716935635,1.2764517224296927
1789911272000607700,32.58460766601563,-1.892378511944413,-0.17880758414268494,1.6164590455710888
1789911272010615600,32.59461547851563,-1.7072550226531922,-0.4403285228073597,1.747956012484431
1789911272020624600,32.604624755859376,-1.5445267589129508,-0.5540449183583259,1.7027546424940228
1789911272030633700,32.6146337890625,-1.5988785268254577,-0.14072247589826584,1.50642104627192
1789911272040642800,32.62464282226563,-1.889958737451583,0.6925052945435046,1.3728566254347563
1789911272050651600,32.634651611328124,-2.17875565944612,1.401345053294301,1.2936515712946652
1789911272060661000,32.64466088867187,-2.27202489477396,1.9828385350704192,1.3223124331116676
1789911272070670000,32.65467016601563,-2.2816566464722157,2.2841426180690525,1.40900258231014
1789911272080678100,32.66467822265625,-2.234577499911189,2.118448782521486,1.4395394671320914
1789911272090687200,32.674687255859375,-2.1070615654580296,1.352146430361271,1.427128898370266
1789911272100696000,32.68469604492188,-1.964476364427805,0.12220891408622264,1.419112765175104
1789911272110705200,32.694705078125,-1.7744623266160486,-0.8200888874053954,1.4798890131771563
1789911272120714200,32.70471435546875,-1.4971154577881096,-1.1658218947172165,1.629731784120202
1789911272130723300,32.71472338867188,-1.256256783401966,-0.9927899713665247,1.820529373525083
1789911272140732200,32.724732177734374,-0.9745376908391713,-0.5156342314213515,2.085341754950583
1789911272150741000,32.73474096679688,-0.6632137336075306,-0.21319383786916732,2.388521860954165
1789911272160749300,32.74474926757812,-0.43059857143163677,-0.07942132723927497,2.746909767177701
1789911272170758100,32.754758056640625,-0.29300328764319417,0.22669395543336868,2.8032819350019094
1789911272180767000,32.76476708984375,-0.05934416937232017,0.6931412543594837,2.501447982910275
1789911272190776000,32.77477612304688,0.16629764665961264,1.2446885106831789,2.122294644294679
1789911272200785200,32.78478515625,0.43758360801339147,1.9184470191806553,1.8454872891709206
1789911272210794200,32.79479418945313,0.816027629315853,2.2503876479834317,1.4737811978213489
1789911272220803300,32.80480322265625,0.9168716838121413,2.071928438887,0.873413942618668
1789911272230812200,32.81481225585937,0.8754922101974487,1.3834317954629658,-0.016645575983077286
1789911272240820200,32.8248203125,0.3805179414996877,0.7656868506103753,-0.9545259994238614
1789911272250829300,32.83482934570313,-0.31504553503803906,0.3740384798198938,-1.7764194520331917
1789911272260838100,32.844838134765624,-0.6064904873233288,0.2688169408917427,-2.41822740951851
1789911272270847000,32.85484692382813,-0.8703203605175018,0.3800076173573732,-2.911021301969886
1789911272280856000,32.86485595703125,-1.4995909079909324,0.829347714138031,-3.0993712059617042
1789911272290865200,32.874865234375,-1.4085317499279975,1.4212918627798556,-2.576279644271731
1789911272300874200,32.88487426757813,-0.8251928594809025,1.6586550962656736,-1.7370771833345293
1789911272310883000,32.89488305664062,-0.1522562618255615,1.339957979917526,-1.0227953796602784
1789911272320892200,32.90489208984375,0.26641937823072076,0.968131915450096,-0.5891989415869117
1789911272330900200,32.91490014648438,0.511081536553055,0.6185387255787849,-0.5052474235720932
1789911272340909300,32.924909423828126,0.7693607168175279,0.396768782544136,-0.5817921724617481
1789911272350918100,32.93491821289062,1.1151812562823296,0.15089549486637113,-0.814568516548723
1789911272360927200,32.94492724609375,1.456226105777919,-0.12837445097863673,-1.0019150887168944
1789911272370936000,32.95493603515625,1.6694775190532207,-0.2672930923253298,-1.0541126012049615
1789911272380945200,32.96494506835938,1.8394855645380914,-0.382495927041769,-0.9768528359137475
1789911272390954200,32.974954345703125,1.8105365334294736,-0.4824976854950189,-0.4083233920637518
1789911272400962000,32.984962158203125,1.7195042633734643,-0.6811877817153931,0.27910854473821817
1789911272410971100,32.99497119140625,1.8825987300775944,-0.9963596465468406,0.4000423973873257
1789911272420980200,33.004980224609376,2.0056115078926084,-1.3469412629336117,-0.03129610569141805
1789911272430989300,33.0149892578125,1.8404807130552827,-1.6130395925164223,-0.9635933221723884
1789911272440998100,33.024998046875,1.3287829443000256,-1.5518021567434073,-1.8093994922235608
1789911272451007200,33.03500732421875,0.761124803391844,-1.1791302891016007,-2.2901935886710882
1789911272461016000,33.04501611328125,0.2697065832078457,-0.705839407891035,-2.730039004136622
1789911272471025200,33.055025146484375,-0.0912004662297666,-0.3521189089566469,-3.1509415264621374
1789911272481034000,33.06503393554687,-0.1286542908333242,-0.34639936226606366,-3.5059383289426562
1789911272491042000,33.0750419921875,0.2074623084798455,-0.5829957030326127,-3.6896281321689486
1789911272501051100,33.08505102539063,0.9652455463588238,-0.9793699333012104,-3.657979778973758
1789911272511060200,33.095060302734375,2.1162755301356313,-1.2736977475464344,-3.379385248172283
1789911272521069000,33.10506909179688,2.8989924260020254,-1.2813397867321967,-2.962146801312268
1789911272531078100,33.115078125,2.8545956503927705,-1.302850192272663,-2.78499487542212
1789911272541087200,33.12508715820312,1.9974948369324206,-1.8839929609149693,-3.156746413348615
1789911272551096300,33.13509643554688,0.8660464825905859,-2.9622604908198116,-3.680535601913929
1789911272561105200,33.145105224609374,0.3689361882448196,-4.0606437570363285,-4.050689641515911
1789911272571113200,33.15511328125,0.8675017959654331,-4.979328627750277,-4.48006159376204
1789911272581122000,33.1651220703125,2.3068714594885704,-5.581879510602355,-4.747186051522195
1789911272591131100,33.175131103515625,3.8486101951181886,-5.2969677594780915,-4.568852806892991
1789911272601140200,33.18514013671875,4.130910886961222,-4.245057490622997,-4.243105772033333
1789911272611149000,33.195149169921876,3.1517408601462837,-3.005846534568071,-4.102715889090299
1789911272621158100,33.205158203125,2.00130007443428,-1.7421698302984236,-3.6369513117313383
1789911272631167200,33.21516723632813,1.6312696612119675,-0.8753419880717992,-2.88698254699558
1789911272641176300,33.22517626953125,1.5475170267701148,-0.6860346372246742,-2.0965248277440667
1789911272651184000,33.23518408203125,0.993242391309142,-1.2196569452792405,-1.4672045959100126
1789911272661193200,33.24519311523437,0.20241465143514795,-2.245517411598563,-1.17908228524141
1789911272671202300,33.25520239257813,-0.456808459899947,-3.143085260003805,-1.0358118053607641
1789911272681211100,33.26521118164062,-0.8716418914448469,-3.837051859271526,-0.5350407965503633
1789911272691220000,33.27521997070313,-1.0946972711801528,-4.421382610300183,0.1535657369889319
1789911272701229000,33.28522900390625,-1.2521570929981767,-4.967577399680018,0.7294386024042964
1789911272711238100,33.29523803710938,-1.3062519635401666,-5.4409577127397055,1.6217549600221215
1789911272721247200,33.305247314453126,-1.1834141039006412,-5.608626647752523,2.8395377819925547
1789911272731255000,33.315255126953126,-1.162572683662921,-5.493731856071949,3.801814249412715
1789911272741264100,33.32526416015625,-0.8802275681562721,-4.769018820884823,4.404364840003848
1789911272751273200,33.33527319335938,-0.5438502720803022,-3.7270740657269954,4.501790610489249
1789911272761282300,33.3452822265625,-0.5595160432457924,-2.9747780270874498,4.051612601579725
1789911272771291100,33.355291015625,-1.2237532746821642,-2.329599716386199,3.2775665034249424
1789911272781300000,33.365300048828125,-2.75599382186532,-1.7876929795891046,2.8159061465144157
1789911272791309000,33.37530908203125,-4.630887530523538,-1.2899018633723258,2.9580986949652432
1789911272801318100,33.38531811523438,-6.526535273396968,-0.8191074751526117,3.051934624265134
1789911272811327200,33.3953271484375,-6.798977419048548,-0.508999323451519,2.8820000824078917
1789911272821335000,33.4053349609375,-5.567562231436371,-0.16398293997645377,2.303986843962967
1789911272831344000,33.41534423828125,-2.2041917139977216,0.04125497045218944,1.4107298444941638
1789911272841353200,33.425353271484376,0.6195756674110889,0.2807821039736271,0.24976649572402237
1789911272851362300,33.4353623046875,0.2547664959684014,0.6569716243475675,0.10213263300210237
1789911272861371100,33.44537109375,-1.61820062854141,1.0450012201189993,0.3324380569308996
1789911272871380000,33.4553798828125,-3.264615251915157,1.5209610282778738,1.4353268178731202
1789911272881389000,33.46538916015625,-4.123462909042835,1.9701245994478462,3.1876074155583978
1789911272891398100,33.475398193359375,-3.9681761934801933,2.207922132697701,3.9834778075084087
1789911272901406000,33.485406005859375,-3.218485076642036,2.1874492535114287,4.0305242208436125
1789911272911415000,33.4954150390625,-2.8104201163187623,2.069119811207056,3.9358649924620983
1789911272921424100,33.505424072265626,-2.687186243098974,2.0153245081335305,4.069521767757832
1789911272931433200,33.51543310546875,-2.8173703738480804,2.124156054252386,4.224086014264822
1789911272941442300,33.5254423828125,-3.0852900736391544,2.4032675946652886,4.350462861685455
1789911272951451100,33.535451171875,-3.1904981685638427,2.7572821081101893,4.467980403085052
1789911272961460200,33.54546020507812,-3.3224943171709773,3.0817928791731592,4.426401315245032
1789911272971469000,33.555468994140625,-3.4259912242636084,3.2243595216333865,4.284730160319805
1789911272981478100,33.56547802734375,-3.3687364283859726,3.240835440137982,4.160547315812111
1789911272991486000,33.57548583984375,-2.9801000988930464,3.1670091564267873,4.0361838540405035
1789911273001495000,33.5854951171875,-2.321090831238031,2.9308856938689947,3.664666124869883
1789911273011504000,33.595504150390624,-1.6406003841370342,2.74467338642776,3.279242035421729
1789911273021513200,33.60551318359375,-1.354516374363005,2.492982936903834,2.8250115362510084
1789911273031522300,33.615522216796876,-1.2486875171914695,2.34531926356554,2.2889377433910965
1789911273041531100,33.62553125,-0.8500444652080535,2.239057275673747,1.6903773914799094
1789911273051540200,33.63554028320313,-0.36634208009839053,2.200795057296753,1.206987433320284
1789911273061548800,33.645548828125,0.2266571305543184,2.1718080322653055,0.8336518410727382
1789911273071556600,33.655556640625,0.9022270723879336,2.0861767444700003,0.07944295454919338
1789911273081565700,33.66556567382813,1.641158602541685,2.1019775401920078,-0.44077509753108024
1789911273091574800,33.67557470703125,1.927175684559345,2.047896405914426,-1.1907532146170734
1789911273101583600,33.68558349609375,1.9919652598559856,1.6692431257754563,-2.0087594505295154
1789911273111592700,33.6955927734375,2.0132190602868794,1.1348626928299665,-2.7020366062283516
1789911273121601500,33.7056015625,1.8844108940660953,0.5232879610449075,-3.1171552844554182
1789911273131610600,33.715610595703126,1.802974135351181,-0.005078326177597046,-3.245377175220847
1789911273141619700,33.72561962890625,1.6023185842767358,-0.48193537543714043,-3.263271436090767
1789911273151628800,33.73562890625,1.299797526703775,-0.7484329334706068,-2.9650083282232282
1789911273161636600,33.74563671875,1.1699044878557323,-0.6686801823198795,-2.492632808291912
1789911273171645700,33.755645751953125,1.1325555849313735,-0.1326362000763416,-1.7679054523184894
1789911273181654800,33.76565478515625,1.252747021715343,0.4286228874444961,-0.7455851428240537
1789911273191663600,33.77566357421875,1.4141574808552861,0.9227841227263212,0.11112579453587532
1789911273201672400,33.78567236328125,1.4598457575798034,1.2056745971560479,0.47590106370896096
1789911273211681500,33.795681640625,1.7046262815847992,1.3521306482702493,0.5861699491545558
1789911273221690600,33.805690673828124,2.02674811168462,1.4606009598612784,0.5544228117600083
1789911273231699700,33.81569970703125,2.3542373140364883,1.5710516316145657,0.6536173454836011
1789911273241708800,33.825708740234376,2.524412386651337,1.6870932552427051,0.7760352261453867
1789911273251716600,33.835716552734375,1.9131275777235626,1.72388072489202,0.9407131626486778
1789911273261725700,33.8457255859375,0.3856201965421438,1.5407698905974625,1.6932207982122898
1789911273271734800,33.85573486328125,-1.1014181038677693,0.6929027694284916,3.07309139406234
1789911273281744000,33.865743896484375,-1.0730714225664735,-1.0788152269154787,3.9292712932854887
1789911273291752700,33.87575268554688,0.07902326783239841,-3.5885692658782005,3.5273566722854968
1789911273301761500,33.885761474609374,1.9315093298494814,-6.6025073369652025,2.256116254763305
1789911273311770600,33.8957705078125,5.337686138835549,-10.669301433324813,-0.3730237498193979
1789911273321779700,33.90577978515625,4.273388682094216,-13.822281479877233,-3.5960686817228793
1789911273331787500,33.91578759765625,-2.610876325878501,-12.790740629833936,-3.776727738951146
1789911273341796600,33.925796630859374,-5.878385253408551,-9.222320418015121,-1.9983011848792434
1789911273351805700,33.9358056640625,-4.711354567423463,-5.001272748532891,-0.7897565852448344
1789911273361814800,33.945814697265625,-2.5914216838240622,-1.1287041702002287,0.5543187668636441
1789911273371823600,33.95582373046875,-0.4578669559769332,1.7380559652388095,1.9938190710291266
1789911273381832700,33.96583276367188,0.5404698358617722,3.2678590561419725,3.1622251370206476
1789911273391841500,33.97584155273437,-0.1859586249411106,3.403546460482478,3.9589404553622005
1789911273401850600,33.9858505859375,-1.4609050573743878,2.5549539476484058,4.002743356731534
1789911273411859700,33.995859619140624,-1.951124423162639,1.9879390730798243,3.869956350007653
1789911273421868500,34.00586865234375,-2.3132092842079697,1.9109458497703073,3.767172267359495
1789911273431877600,34.015877685546876,-2.5700831277191636,2.1902847691982985,3.692909345796704
1789911273442511600,34.02651171875,-2.691361482957005,2.502761403596401,3.5960292264953253
1789911273452520700,34.03652075195313,-2.7795331028848884,2.609532510054111,3.470216734959185
1789911273462529500,34.04652954101562,-2.9435265642553565,2.3161294094383713,3.517427691206336
1789911273472538600,34.05653857421875,-3.002030775672197,1.223272213166952,3.4797774672478434
1789911273482547700,34.066547607421874,-2.9781939730107783,-0.4473725960999727,3.061248103794455
1789911273492555500,34.076555419921874,-2.883563386201858,-1.868890668851137,2.4671090754568574
1789911273502564600,34.08656469726562,-2.8306384362220762,-2.851010193121433,1.790318067395687
1789911273512573700,34.09657373046875,-2.7208430135071278,-3.5070921751528976,1.1007939806200564
1789911273522582800,34.106582763671874,-2.4612159257650372,-3.5929730537950992,0.6031899114079773
1789911273532591600,34.11659155273438,-1.9529642058104275,-2.575357268729806,0.43139922029003497
1789911273542600700,34.1266005859375,-1.511688173019886,-1.4733160645276306,0.4063422281838953
1789911273552609800,34.13660986328125,-1.3483733415633439,-0.7564747856289148,0.3709636024191975
1789911273562618600,34.14661865234375,-1.056557217878103,-0.12469722377061843,0.3234599468357861
1789911273572626700,34.156626708984376,-0.6628641895174979,0.44304011985361574,0.12333441098481417
1789911273583260700,34.1672607421875,-0.2021533884167671,1.1829589074790476,-0.2170734557814896
1789911273593269500,34.17726953125,0.2368237197816372,1.882973554739356,-0.4879151804991066
1789911273603278600,34.18727856445312,0.9436007007837295,2.54944424431622,-0.8010708832025527
1789911273613287700,34.19728759765625,2.272181546640396,2.9590543882548808,-1.4888528024859726
1789911273623296800,34.207296875,3.4401205796420573,2.6022926219284535,-2.53334037399441
1789911273633305600,34.2173056640625,3.6401404631614684,1.3213409577310085,-3.4733430502861737
1789911273643314700,34.227314697265626,2.878154220634699,0.22102701571285724,-3.6542242258325217
1789911273653323800,34.23732373046875,1.556737275058031,-0.16065116520524025,-3.0762124486923215
1789911273663332600,34.24733251953125,0.6243384248334914,-0.143956050992012,-2.081210354234278
1789911273673340700,34.25734057617188,-0.16928448045067487,-0.08091945684254169,-1.1543512371540068
1789911273683349500,34.267349609375,-0.7193382833462209,0.044316111588478084,-0.45462709727287287
1789911273693358600,34.27735864257812,-0.9173392282586544,0.38483927529752254,0.7181251812294125
1789911273703367700,34.28736767578125,-0.9591374387420714,0.8636971429854631,1.495572612260282
1789911273713376800,34.29737670898437,-0.5211794444583356,1.2364841614395379,1.732780655184388
1789911273723385600,34.30738549804688,0.14538111535906792,1.2569751608043909,1.4227255488447843
1789911273733394700,34.317394775390625,0.8058966959238052,0.9900210911750793,0.6071907445471734
1789911273743403800,34.32740380859375,1.124021419211477,0.7573959921270609,-0.2628351630683988
1789911273753412600,34.33741259765625,1.225931787765026,0.6826210293889046,-0.8877077678438275
1789911273763420700,34.347420654296876,1.1536661774992942,0.6567956832587719,-1.2629879913531243
1789911273773429800,34.3574296875,1.0298505588687956,0.5905939030766487,-1.3364223531372845
1789911273783438600,34.3674384765625,0.9990915557287633,0.5350023642361164,-1.1864851819090545
1789911273793447700,34.37744775390625,1.2683737760446965,0.3744657653212547,-1.2542172403983771
1789911273803456500,34.38745654296875,1.6993571090102195,0.1674853951394558,-1.3949511144734918
1789911273813465600,34.397465576171875,2.085488762205839,-0.21664193249642846,-1.551627092437446
1789911273823474700,34.407474609375,2.426387773489952,-0.7824053456991911,-1.7348291121467947
1789911273833483800,34.41748388671875,2.2624819904029367,-1.3042086211442947,-1.9780097997397184
1789911273843492900,34.427492919921875,1.651933532925695,-1.4774515568971633,-2.1270716494381428
1789911273853501400,34.43750146484375,0.8938628564074635,-1.4562287361264228,-2.295684587302804
1789911273863509800,34.447509765625,0.17180720386132597,-1.330950497597456,-2.5126804478034375
1789911273873518600,34.4575185546875,0.08160890041142702,-1.3001654832333325,-2.747961029796302
1789911273883527700,34.46752758789062,0.4455789906814694,-1.2265922975003718,-3.050750090655684
1789911273893536500,34.47753662109375,1.2784396813765166,-1.333027888393402,-3.304465324005484
1789911273903545600,34.48754565429687,2.51221896777153,-1.6942343591690063,-3.3687387664735313
1789911273913554700,34.4975546875,3.2278000174760817,-1.7767402084201573,-2.843358217063546
1789911273923563800,34.507563720703125,3.0616625298142432,-1.5627262863397597,-2.012800981005281
1789911273933572900,34.51757275390625,2.2917887489080426,-1.5013327832221983,-1.2928943231865764
1789911273943581700,34.527581787109376,1.101462381400913,-1.657497742924094,-0.9309716669656336
1789911273953589800,34.53758984375,-0.08551905959248542,-1.962883542278409,-0.9309390068050474
1789911273963598800,34.547598876953124,-0.8821757796145975,-2.5268933898121118,-1.491508723822236
1789911273973607400,34.557607421875,-0.592315758433193,-3.337898222529888,-2.634745861765742
1789911273983616500,34.567616455078124,0.7327041800715028,-4.089027555477619,-3.6871845384091135
1789911273993625600,34.57762548828125,2.535561264914274,-4.692769693940877,-4.29684320743978
1789911274003634700,34.587634765625,4.248458238977194,-4.830098435747623,-4.469301422555745
1789911274013643800,34.59764379882812,5.072774388688803,-4.214679303494096,-4.183415857963264
1789911274023652600,34.60765258789063,4.607863213288784,-3.0370640951305625,-3.8646351549848914
1789911274033661700,34.61766162109375,3.4702737258434295,-1.9600889431238173,-3.6962639169216156
1789911274043669800,34.627669677734374,2.4574644642770287,-1.2304717692822218,-3.1366461668670174
1789911274053678800,34.63767895507812,1.785737753868103,-1.054720650100708,-2.446690264545381
1789911274063688000,34.64768798828125,1.1392711569219827,-1.455258429789543,-1.943669723242521
1789911274073697000,34.657697021484374,0.3115677028596401,-2.1473779398858546,-1.4423165306299923
1789911274083706000,34.6677060546875,-0.3884802621483803,-2.6504987266927955,-1.0926697108753025
1789911274093715200,34.677715087890626,-0.9195955558180808,-3.1064310613453388,-0.7103587850116193
1789911274103724300,34.687724365234374,-1.29002461296916,-3.6845980290472506,-0.41862113339006896
1789911274113733000,34.69773315429688,-1.5481168923594057,-4.205149258604646,0.08419964755699039
1789911274123742200,34.7077421875,-1.5727100663460791,-4.707824639731645,0.8366868248544633
1789911274133751000,34.7177509765625,-1.497789996048808,-5.206314844128489,1.9255436994433401
1789911274143759400,34.72775927734375,-1.5429460655927658,-5.388854016014934,2.96618029461205
1789911274153768000,34.737767822265624,-1.6565321127623318,-5.100808643040061,3.5258845539063213
1789911274163777000,34.74777709960937,-2.1634753804668785,-4.101168659648299,3.802752114784717
1789911274173786000,34.7577861328125,-2.8216803460016844,-3.1845529964238404,3.581984334529936
1789911274183795200,34.767795166015624,-4.0583293426141145,-2.5110265431165693,2.649308055603504
1789911274193804300,34.77780419921875,-6.823351981848478,-1.8002391574293375,1.5968059583351015
1789911274203813000,34.787813232421875,-7.800192104411125,-1.0938543906152247,1.0743912729933858
1789911274213822200,34.797822265625,-6.17449352132976,-0.5275982254594564,0.6960776000723242
1789911274223831300,34.80783129882813,-3.2726836998194453,-0.020179449197649954,-0.08124562005698681
1789911274233839400,34.81783935546875,-0.8038701585322618,0.3144610862135887,-0.9120601918771862
1789911274243848200,34.82784814453125,-0.6592056670099496,0.594664513516426,-1.2715733027383684
1789911274253857000,34.83785693359375,-2.0059882322505116,0.9451549444884061,-1.0928250475674868
1789911274263866000,34.8478662109375,-2.6844682163119313,1.235712008023262,-0.5741098012655973
1789911274273875200,34.85787524414062,-2.892959867839515,1.5928677421033381,0.45777474764883513
1789911274283884000,34.867884033203126,-3.422748296819627,1.7662953867733477,1.5220534996896982
1789911274293893000,34.87789306640625,-3.469841764166951,1.741339224693179,1.9957474087432026
1789911274303902200,34.88790209960938,-3.4204593090996145,1.4620967513769865,2.161310311387479
1789911274313911300,34.897911376953125,-3.0810370923697947,1.1151701503664255,2.52175865727216
1789911274323919000,34.907919189453125,-2.8472335971921683,1.0742273146033285,3.253376357281208
1789911274333928200,34.91792822265625,-3.3480244797468184,1.3009084105551243,3.818832896491885
1789911274343937300,34.927937255859376,-3.9025165573507543,1.71399645973742,4.107884523899853
1789911274353946000,34.93794604492187,-4.092615350836515,2.0837252596646545,4.330293641620874
1789911274363955200,34.947955078125,-3.928334304696321,2.389964460977912,4.489830708104372
1789911274373964000,34.957964111328124,-3.784628429073095,2.6824855180621148,4.6565348897382615
1789911274383973000,34.96797314453125,-3.5790985499605537,2.8623230297744273,4.830772974008322
1789911274393982200,34.977982177734376,-3.296711056616902,2.88031578258276,4.84920178014636
1789911274403991300,34.9879912109375,-2.9416221919387575,2.769586293888092,4.7766073763176795
1789911274413999000,34.9979990234375,-2.5767390784770248,2.5725451339185237,4.559648340696096
1789911274424008200,35.00800830078125,-2.21235368540436,2.276998591533303,4.280462273742258
1789911274434017300,35.018017333984375,-1.5501926757201552,2.0581261235058306,3.981251071369648
1789911274444026000,35.02802612304688,-0.9879550985559821,1.924943395462632,3.5927962359234686
1789911274454035000,35.038034912109374,-0.5695879399269819,1.9544582437604665,3.150910839062929
1789911274464044000,35.0480439453125,-0.06493687481284141,2.284465858674049,2.78748406188935
1789911274474053000,35.05805322265625,0.6249705121919512,2.7235814985603093,2.2053780011728406
1789911274484062200,35.068062255859374,1.296466044193506,3.0409242776900527,1.481144566196203
1789911274494071300,35.0780712890625,1.6542495547831058,3.0285990491241215,0.4621010864153504
1789911274504079000,35.0880791015625,1.959304222486913,2.6490561266690493,-0.8364259819611907
1789911274514088200,35.098088134765625,2.612339676429331,2.032752028274536,-2.0039964739114047
1789911274524097300,35.10809716796875,2.4959715973258016,1.1072364347577095,-3.3578827336773274
1789911274534106400,35.1181064453125,2.0237603280454874,0.17605156343281267,-4.190067132546007
1789911274544115000,35.12811499023437,1.3663205016642808,-0.6131769062846899,-4.358125066876411
1789911274554124000,35.1381240234375,0.8016986597120761,-1.2618377984046936,-4.41602634396404
1789911274564133000,35.148133056640624,0.6703805564969778,-1.4706594125390051,-4.179764349718392
1789911274574142200,35.15814208984375,0.8522729549124837,-1.1941980943739414,-3.2854002657905217
1789911274584151300,35.1681513671875,1.4602294962003826,-0.5993710837721824,-1.8272268253371118
1789911274594160000,35.17816015625,1.6446099120393394,0.03192366300523281,-0.7604477809131145
1789911274604168200,35.18816821289062,2.0425515377551315,0.5672510214120149,-0.06296177534759044
1789911274614177300,35.19817724609375,2.5590645978376267,0.9611574002623557,0.3076426383703947
1789911274624186000,35.20818603515625,2.0702695657640695,0.7936579765975474,0.667517276020348
1789911274634195200,35.2181953125,0.9481222698614,-0.48627369690239425,1.5358569841146468
1789911274644204000,35.2282041015625,0.3779410402163863,-2.749156669321656,2.356733514766395
1789911274654213000,35.23821313476562,1.6379828951150177,-5.470900431060791,2.1898972311854363
1789911274664222200,35.24822216796875,3.8890643705815076,-8.534442783272265,0.9222028157070279
1789911274674231000,35.25823095703125,5.256512414970993,-11.015041454899311,-1.1962956511750817
1789911274684239000,35.268239013671874,3.168879918734729,-11.60900921832323,-3.9635102474957704
1789911274694248200,35.27824829101562,-0.24791268455088136,-9.730867321524023,-4.556922130602598
1789911274704257300,35.28825732421875,-1.857346361529827,-6.185546245741844,-2.8628032145068047
1789911274714266000,35.29826611328125,-2.232962465929985,-2.4338597168058156,0.03066314155012369
1789911274724275200,35.30827514648438,-2.1031730335868892,0.26817338229119775,2.61298528085649
1789911274734284300,35.3182841796875,-2.125890330699086,1.975578773200512,3.9457375671789046
1789911274744293000,35.32829321289063,-2.2364596603959797,3.0502257745206354,4.546409504416585
1789911274754302200,35.33830224609375,-2.108469824820757,3.7000194700628515,4.665324053132534
1789911274764311000,35.34831103515625,-2.132386853111535,4.192911123800277,4.611461530041694
1789911274774319000,35.35831909179687,-2.2051896389938888,4.609207029113173,4.50408135177493
1789911274784328200,35.368328125,-2.268265980631858,4.891271574112773,4.316157856501639
1789911274794337300,35.378337158203124,-2.422691257059574,4.984315183991193,4.256849050703645
1789911274804346000,35.38834619140625,-2.6144687974125147,4.654601583588123,4.221517040559649
1789911274814355200,35.398355224609375,-2.7153707195758816,3.8780642531394958,4.294937373818457
1789911274824364300,35.4083642578125,-2.9045313554286953,2.6219308038562534,4.214236235901713
1789911274834373000,35.418373046875,-2.94277428458333,0.9483382506996393,3.7180186526119705
1789911274844382000,35.4283818359375,-2.959668136239052,-0.7460965994775295,3.1320024327144025
1789911274854391000,35.43839111328125,-3.0199878726452587,-2.570280111595988,2.3898013793706894
1789911274864399000,35.44839916992188,-3.08621186465919,-4.321095020642876,1.4498887194499372
1789911274874408200,35.458408203125,-3.068738751810789,-5.77614711420536,0.38770606290549037
1789911274884417000,35.4684169921875,-2.860635515078902,-6.44506987310946,-0.812204563896358
1789911274894426000,35.478426025390625,-2.4693320122033358,-5.821936220955848,-1.8648387631118297
1789911274904435200,35.48843530273437,-2.162695189874619,-4.192232493886351,-2.3622023015663025
1789911274914444300,35.4984443359375,-1.564573960033059,-2.259079488483071,-2.3307287204161287
1789911274924453400,35.508453369140625,-0.17131752064824105,-0.6577133826255798,-2.190833635252714
1789911274934462000,35.5184619140625,2.37984054184854,0.8785510132461786,-1.9332973823100328
1789911274944470300,35.52847021484375,5.076332373431325,1.973265820083022,-1.3375056183293461
1789911274954479000,35.53847900390625,4.810270868727565,2.0618711552530526,-0.8131020972579717
1789911274964488200,35.54848828125,2.9872669217824934,1.933520669671893,-0.9356415584728122
1789911274974497000,35.5584970703125,1.1596166103363037,1.9379016612350939,-1.2967474914833903
1789911274984506000,35.568506103515624,0.007217091771960258,1.804050240150094,-1.4906817714788019
1789911274994515200,35.57851513671875,-0.49694940469563004,1.8050339904904364,-1.5130362266279755
1789911275004524300,35.588524169921875,-1.506784618887305,1.709507331624627,-1.3245591891251505
1789911275014533000,35.598533203125,-2.670507495498657,1.3226333356291056,-0.7326352064885199
1789911275024541200,35.60854125976562,-3.489229770725965,0.8071715381652116,0.11493702338710426
1789911275034550300,35.61855029296875,-4.248393941569328,0.24676935973465441,0.6899561945825815
1789911275044559400,35.628559326171874,-4.237243602001667,-0.17980536300837993,0.9874714066922664
1789911275054568000,35.63856787109375,-2.3608184459924697,-0.2211158630400896,2.011259012260288
1789911275064577000,35.648576904296874,1.8622797262787818,-0.17405249857008456,4.181871258869767
1789911275074586000,35.65858618164062,5.200803387230635,-0.22252397627234458,4.4960190413504835
1789911275084595200,35.66859521484375,4.299235655534267,-0.27533611352741716,1.8339521880693732
1789911275094604300,35.678604248046874,2.932542813426256,-0.01551847164928913,0.9946465590186416
1789911275104613000,35.68861303710938,1.0030594364464283,0.0925391674876213,0.711331867827475
1789911275114621200,35.69862109375,-0.2053916396856308,-0.04188040887415409,0.28982334243282676
1789911275124630300,35.70863037109375,-0.40023265926241874,-0.26203473340570926,-0.16090470157489178
1789911275134639400,35.71863940429687,-0.2634359785057604,-0.26037469123899937,-0.4323094670027494
1789911275144648200,35.728648193359376,0.3419897291302681,-0.16564298214316367,-0.40659152676984667
1789911275154657000,35.73865698242187,0.8340016774237156,0.03203063051104545,-0.40108248102478683
1789911275164666000,35.748666015625,1.0660967612482606,0.31882278855442997,-0.6485480063300579
1789911275174675200,35.75867529296875,1.1459095720231531,0.47585693230628967,-1.1335640313215554
1789911275184684000,35.76868408203125,0.9742590200282633,0.27316227661967274,-1.7403212798222898
1789911275194692000,35.77869213867187,0.7956022425331175,-0.10712474220097064,-1.9635021125681698
1789911275204701200,35.788701171875,0.8394554127849638,-0.5733832405567169,-2.1516220071963965
1789911275214710300,35.79871020507812,1.2024059507489204,-0.6996288628131151,-2.0419231767237185
1789911275224719000,35.80871899414063,1.7803379406511783,-0.4608212757378816,-1.731083057486266
1789911275234728200,35.818728271484375,2.060475901502371,-0.10616495725810528,-1.5181941939130426
1789911275244737000,35.82873706054688,1.8116390878438948,0.27259353682100773,-1.2133438896749167
1789911275254746000,35.83874609375,1.1799440897025166,0.4212672639846802,-1.3164040858507156
1789911275264755200,35.84875512695312,0.3052852615892887,0.3849041572272777,-1.7464463385738431
1789911275274763000,35.85876293945312,-0.3933268253967166,0.2526128250658512,-1.9679741434156894
1789911275284772000,35.86877221679688,-0.6566998216688632,0.05265431634485721,-2.0280808215931057
1789911275294781200,35.87878125,-0.5370012829683721,0.05631517693996429,-1.988835875789076
1789911275304790300,35.88879028320312,-0.2033118377368897,0.19554244584441183,-2.202883554008603
1789911275314799000,35.898799072265625,0.1968376002214849,0.24064298580884932,-2.7221470818430182
1789911275324808200,35.90880810546875,0.28630137885175644,-0.09268880509138107,-3.319407749332487
1789911275334817300,35.9188173828125,-0.029142873180285096,-1.057452705413103,-3.8107615259781475
1789911275344826000,35.928826171875,-0.6137048756815493,-2.531024206006527,-4.19993824595809
1789911275354834200,35.938834228515624,-1.1286067011751233,-4.186716360813379,-4.316832394762337
1789911275364843000,35.94884301757813,-0.5502478641629218,-5.502866179642081,-3.7284158357247708
1789911275374852000,35.95885205078125,1.0125427195847034,-5.948009409254789,-2.6601725639671088
1789911275384861200,35.96886108398437,2.3745757531881333,-5.423955724534392,-2.1584065527699887
1789911275394870000,35.9788701171875,2.339227376431227,-4.249281830319762,-2.425098172070831
1789911275404879000,35.98887915039062,1.2706710932016372,-2.7794547769516704,-2.6997736297324297
1789911275414888200,35.99888818359375,0.5895043177416548,-1.4732272172003984,-2.6833269373223185
1789911275424897300,36.008897216796875,0.6286614756643771,-0.8220452821701765,-2.3251960745997726
1789911275434905000,36.018905029296874,0.8102899624466896,-1.0963111361175775,-1.584130601157248
1789911275444914200,36.0289140625,0.8154138813316821,-2.310365439084172,-1.2370027784861624
1789911275454923300,36.03892333984375,0.44220425355136395,-3.9292742158949374,-1.2914517231628297
1789911275464932000,36.04893212890625,-0.4258966773509979,-4.931992876079678,-2.032665080643445
1789911275474941200,36.05894116210938,-1.196742518159747,-4.998798467373848,-1.9226909403607249
1789911275484950000,36.068949951171874,-1.4554793790638445,-4.717768526118993,-0.9976029976714402
1789911275494959000,36.078958984375,-1.293697602393478,-4.596683647626638,-0.2399105068158358
1789911275504968200,36.08896826171875,-1.0096528433620928,-4.469512727218866,0.7285407037165016
1789911275514976300,36.09897631835938,-0.7886597299188375,-4.206923867061734,1.7273961856670677
1789911275524985000,36.10898510742187,-0.43823432700708503,-3.8918618923455472,3.054396630464494
1789911275534994200,36.118994140625,-0.06282324365973473,-3.599567629754543,4.7880140287339685
1789911275545003300,36.129003173828124,0.18734657216817138,-3.402159974560141,6.292215060868859
1789911275555012400,36.13901245117187,0.41510932587683197,-3.0742689134091137,7.619822677779197
1789911275565021000,36.14902099609375,0.3100298257678747,-2.4185218624204396,7.936933986240625
1789911275575030000,36.15903002929687,-0.14174334337860345,-1.5024030428022146,7.114855386322736
1789911275585039000,36.1690390625,-0.7858493486732244,-0.6279115340799093,6.263344355693459
1789911275595047200,36.17904711914063,-1.630026090891659,0.21495617136657236,5.757243676292896
1789911275605056000,36.18905590820312,-2.797523809866607,1.1214870784282684,5.4774464917033905
1789911275615065000,36.19906518554688,-3.994543975923955,2.035849409767985,4.842195116254687
1789911275625074200,36.20907421875,-4.4757460686504835,2.645913736990094,3.986925609874725
1789911275635083300,36.21908325195312,-4.594526177331805,3.1603917841136453,3.0749796920269725
1789911275645092400,36.22909228515625,-4.179666150040925,3.39350846607089,2.2665406181439756
1789911275655101200,36.23910107421875,-2.730128143724799,3.2271301553905007,1.6801099722266197
1789911275665110000,36.24911010742188,-1.1268000901445745,2.62374574432373,1.4988295682296155
1789911275675118000,36.2591181640625,-0.44986265935003755,1.5749802032351492,1.549150180929899
1789911275685127200,36.269127197265625,-0.964297451853752,0.4795674772620201,1.8813307559683918
1789911275695136000,36.27913598632812,-2.2293384302139283,-0.3752028474241495,2.1935741661325094
1789911275705145000,36.28914501953125,-3.330579716210067,-0.9052584029078483,2.152989350026846
1789911275715154200,36.299154296875,-3.5579546396449206,-0.9080980102479458,1.9570359852939843
1789911275725163300,36.30916333007813,-2.5528213195338845,-0.3983645273029804,1.90993404237926
1789911275735172400,36.31917236328125,-1.4888611319229006,0.3157289141923189,1.9286404964148998
1789911275745181200,36.32918115234375,-1.3612652641013263,0.8612965115845203,1.9160729835256933
1789911275755189200,36.33918920898437,-1.9087369415491817,1.1621440829873084,2.6896198999866843
1789911275765198300,36.3491982421875,-2.492709088398516,1.2241384746074675,3.4863279118046164
1789911275775207200,36.359207275390624,-2.644712836767733,1.0904232471227646,3.8209652323454617
1789911275785216000,36.36921606445313,-2.532241472841799,1.027583052328229,4.0628392212539906
1789911275795225000,36.37922509765625,-2.482254622140527,1.0872522158712148,4.1294247400566935
1789911275805234200,36.38923413085938,-2.6083146586969495,1.2529682632505892,3.9101425221845507
1789911275815243300,36.3992431640625,-2.7644951082289215,1.4200199431478977,3.5214150072768327
1789911275825252000,36.40925219726562,-2.724669293797016,1.446677648448944,3.0129756557956338
1789911275835260200,36.41926025390625,-2.5002970593094824,1.2822972335875034,2.4603490798026324
1789911275845269200,36.42926928710938,-2.200112335729599,1.033964862319827,2.048300310540199
1789911275855278300,36.4392783203125,-1.9483967517644165,0.8878910885214805,1.8859496479406952
1789911275865287200,36.449287109375,-1.7758856374174354,0.8088777575612067,1.7988395197644829
1789911275875296000,36.4592958984375,-1.7656573811307548,0.7016045468002557,1.650222783485055
1789911275885305000,36.46930517578125,-1.797517038989067,0.5761959598898887,1.536362303288281
1789911275895314200,36.47931420898438,-1.7575111918151378,0.5080167421549558,1.3777867753133177
1789911275905323300,36.4893232421875,-1.8020295479774473,0.4128641772985458,1.0445087604269385
1789911275915331000,36.4993310546875,-1.9605022000998258,0.2493582071840763,0.7328080788373946
1789911275925340200,36.50934008789063,-2.0152356608062982,0.020283494094014167,0.341038712015748
1789911275935349200,36.519349365234376,-2.0108929554268715,-0.25387773043513295,-0.04477437674999237
1789911275945358000,36.52935815429687,-1.993074828533083,-0.5766121394753456,-0.286873406586051
1789911275955367200,36.5393671875,-1.8567204847164451,-0.9773831433981657,-0.4266737992033362
1789911275965376300,36.549376220703124,-1.425989080685377,-2.064316794839501,-0.3984340854078531
1789911275975385000,36.55938500976563,0.03359875661060214,-4.44977400752604,-0.6273258431464434
1789911275985394200,36.569394287109375,3.34386209937036,-7.452734173002838,-1.6480496772296727
1789911275995402000,36.579402099609375,8.104617534300685,-9.589865444162488,-3.31103827265501
1789911276005411000,36.5894111328125,8.036635300442576,-8.613934837660192,-2.753509603834152
1789911276015420200,36.599420166015626,5.884947096142173,-6.160918000441789,-1.0395810947664081
1789911276025429200,36.60942919921875,4.4889743835359806,-2.100945859056711,0.4136680410273373
1789911276035438000,36.61943798828125,3.1825328887730837,0.3647229544639587,1.3704834665626286
1789911276045447200,36.629447265625,1.7878887944221495,0.5380757803320885,1.6024262824349105
1789911276055456300,36.63945629882812,0.9069108462899923,0.3801993405371904,1.7716972458168863
1789911276065465000,36.649465087890626,0.6851331583403051,0.33087095374464986,2.2241998982816935
1789911276075473700,36.6594736328125,0.5247831680387258,0.4909083709657192,2.7961335245519874
1789911276085482500,36.669482421875,0.3218323456339538,0.9093366121321916,3.110626759469509
1789911276095491600,36.67949169921875,0.0028360271435230967,1.4444009356886147,3.0509090806096792
1789911276105500400,36.68950048828125,-0.43629824437797066,2.0639491305708884,2.827238856911659
1789911276115509500,36.69950952148437,-0.8122627238243818,2.549362411251664,2.6819436662703753
1789911276125518600,36.7095185546875,-1.083316629987955,2.753949748817086,2.537684248417616
1789911276135527700,36.719527587890624,-1.3756382189773022,2.6072183878928423,2.422782442474365
1789911276145535500,36.729535400390624,-1.710906092506647,2.0176070661127565,2.2417098360091448
1789911276155544600,36.73954467773437,-2.1133587659060953,1.2234592601716519,2.0631670402824875
1789911276165553700,36.7495537109375,-2.5310604463636874,0.421468924036622,1.8683477941460906
1789911276175562500,36.7595625,-3.106529261022806,-0.35378070468902584,1.709532319935411
1789911276185571300,36.7695712890625,-3.8274873275905845,-0.9058815032422542,1.4268139872021972
1789911276195580400,36.77958032226562,-3.8870518617153165,-0.49740240916013717,1.0180556377872825
1789911276205589500,36.78958959960938,-3.2461873225599525,0.23257249207794664,0.577564325633645
1789911276215598600,36.7995986328125,-2.7165853560626507,0.45536534841954707,0.3055089873425662
1789911276225606400,36.8096064453125,-2.2508616952359675,0.64939505161345,0.1752227113932371
1789911276235615500,36.81961547851562,-1.7834037579625843,0.8004355079084634,0.11470102267414331
1789911276245624600,36.82962451171875,-1.3790496348559855,0.7252887892484664,0.11118190863728522
1789911276255633700,36.839633544921874,-1.0631325776804237,0.2672147663921118,0.04674801491051912
1789911276265642800,36.84964282226562,-0.6828612678855657,-0.5291717583864927,-0.13395619663372635
1789911276275651300,36.8596513671875,-0.17656360460817813,-1.4057570245176554,-0.382553794708848
1789911276285660400,36.86966040039062,0.549949173477292,-2.127272724968195,-0.598696180185303
1789911276295668500,36.87966845703125,1.4380571196198462,-2.600125799283385,-0.7301577835243195
1789911276305677300,36.88967724609375,2.657684254282713,-2.6933266455501315,-0.765607355633378
1789911276315686400,36.89968627929687,4.690327561485767,-2.359761630415916,-0.6320243031609803
1789911276325695500,36.90969555664063,5.948161384946108,-1.9485966582506893,-0.30821006299480797
1789911276335704600,36.91970458984375,5.889510458534955,-1.2363736868023871,-0.016665595857799052
1789911276345713700,36.92971362304687,4.581548037815094,-0.2851215944826603,0.04588073055669665
1789911276355722500,36.939722412109376,2.849894925355911,-0.040187048959732054,-0.1899018096089363
1789911276365731600,36.949731689453124,1.3001765891492365,-0.21577216392457485,-0.42936026180833575
1789911276375739600,36.95973974609375,0.18196224878132342,-0.14343115033507348,-0.4650526296973228
1789911276385748700,36.96974877929687,-0.634202743178606,0.09323241044878959,-0.5527722680740058
1789911276395757300,36.97975732421875,-1.3951169725596904,0.2428793665587902,-0.6112568980075419
1789911276405766400,36.98976635742188,-1.8734516931563614,0.31260698277950283,-0.5864379524409771
1789911276415775500,36.999775390625,-2.0019471401661635,0.29521394942998885,-0.5077205356873572
1789911276425784600,37.00978466796875,-2.0394395432144403,0.2556301270604133,-0.4130697828732431
1789911276435793700,37.01979370117188,-2.0095394949913024,0.2118213804721832,-0.2898014228619635
1789911276445801500,37.02980151367188,-1.9571043743550776,0.24608020842671394,-0.12052286069542169
1789911276455810600,37.039810546875,-1.8516560409337282,0.41470892838239665,0.05610153418928385
1789911276465819600,37.04981958007812,-1.8014958794921636,0.6323012934714556,0.22029197943657636
1789911276475828700,37.05982885742188,-1.7444132253110407,0.7990379160702228,0.3699114630177617
1789911276485837600,37.06983764648437,-1.7211849099367855,0.8497901981860398,0.47664092229083177
1789911276495846400,37.07984643554688,-1.703582033228874,0.7228776364535093,0.542752978362888
1789911276505855500,37.08985546875,-1.6969646609157323,0.38668577994704245,0.6093044487655163
1789911276515864600,37.09986450195313,-1.662201390570402,0.05983282967209816,0.6741793642580509
1789911276525872400,37.10987231445313,-1.6041425848335027,-0.10494622911810875,0.7536712725155055
1789911276535881500,37.119881591796876,-1.5025339757055043,-0.15275602804124355,0.8483365653116256
1789911276545890600,37.129890625,-1.3555284740149973,-0.14117021966576576,0.9671626320265233
1789911276555899600,37.13989965820313,-1.2165946350991725,-0.124332482111454,1.074626981445402
1789911276565908500,37.149908447265624,-1.0586831239908934,-0.14680676424801348,1.1666697437182068
1789911276575917600,37.15991748046875,-0.8264321189522743,-0.1922679542183876,1.2556938888221978
1789911276585926700,37.1699267578125,-0.5635024825334548,-0.2337368596822023,1.3624984591580926
1789911276595934700,37.17993481445313,-0.14265138900107704,-0.27083529497683045,1.4968797493360935
1789911276605943600,37.18994360351562,0.4465700840780511,-0.3327045989125967,1.5551117196828126
1789911276615952400,37.199952392578126,1.3296014210760592,-0.48981122337877747,1.4402818099319934
1789911276625961500,37.20996142578125,2.7739047416090963,-0.8460819913178682,0.9448817535702139
1789911276635970600,37.21997045898438,4.015015393805504,-1.2013672553509473,0.25623934499993917
1789911276645979600,37.229979736328126,4.6205917619585986,-1.302231183591485,-0.2790130484744906
1789911276655988500,37.23998852539062,4.452620044606924,-1.0030155973047017,-0.5606564454525709
1789911276665996500,37.24999658203125,3.4948142928600308,-0.500675731742382,-0.608149579641968
1789911276676005600,37.26000561523438,2.193472167062759,-0.20145079310536385,-0.4957165018998086
1789911276686014500,37.27001440429687,1.0272177261471749,-0.061759998342394824,-0.47345593557916577
1789911276696023600,37.2800234375,0.21525137318717313,-0.0727975251853466,-0.6333316594325006
1789911276706032600,37.29003271484375,-0.38415129303336143,-0.07265548636615275,-0.8601563285734504
1789911276716041500,37.30004150390625,-0.875444863924384,-0.012705752316117286,-1.01330676275976
1789911276726050600,37.310050537109376,-1.2359680286109447,0.03673953885436058,-1.1315261688183993
1789911276736058400,37.320058349609376,-1.5542004500567912,0.07377075413167476,-1.1787987921249121
1789911276746067500,37.3300673828125,-1.850449587753415,0.07152619007527827,-1.1900593140687792
1789911276756076500,37.34007666015625,-2.06036542686522,0.026062662017345428,-1.184006005379185
1789911276766085600,37.350085693359375,-2.1491221532046794,-0.00409866749048233,-1.1638197611145675
1789911276776094500,37.36009448242187,-2.129535993725061,-0.03370353215932846,-1.1269693092316388
1789911276786103600,37.370103515625,-2.020886818435788,-0.04126724541187286,-1.0447046483252196
1789911276796112600,37.38011254882812,-1.849755760270357,0.04127250610888004,-0.8204503411289304
1789911276806121500,37.39012158203125,-1.606875809189677,0.19110124852657318,-0.46031705254279076
1789911276816129500,37.40012963867188,-1.4157289679557084,0.2796031233221292,-0.21645831955783068
1789911276826138600,37.410138671875,-1.2680249626070261,0.24164310276210307,-0.03497647470459342
1789911276836147500,37.4201474609375,-1.208147124749422,0.07052139694690704,0.06949285761676728
1789911276846156500,37.430156494140626,-1.1955588613331318,-0.1459475170701742,0.15423121516034005
1789911276856165600,37.44016552734375,-1.1605126823931933,-0.4248883770912885,0.22351817494146525
1789911276866174500,37.45017456054688,-1.0752835456579923,-0.6694879915714264,0.3614651217117905
1789911276876183600,37.46018359375,-0.8385942659109831,-0.7245680737584829,0.5634818050716072
1789911276886191600,37.470191650390625,-0.4506324746787548,-0.5587088185161352,0.785247218061611
1789911276896200400,37.48020043945313,0.05164833590639755,-0.22695640576183795,0.9428194142129271
1789911276906209500,37.49020947265625,0.6199918469965457,0.04345803345441818,1.009976960749924
1789911276916218600,37.50021850585937,1.2653297321736812,0.14794132123589515,0.9688547498319298
1789911276926227500,37.5102275390625,2.1567150925517082,0.08393266718387603,0.7456286897048354
1789911276936236500,37.520236572265624,2.861464951640367,-0.18427461737692355,0.5366190056525171
1789911276946245400,37.53024536132813,3.125636112552881,-0.44335634619593617,0.5130765097625554
1789911276956253400,37.54025341796875,2.9775451537132263,-0.45499008536636826,0.638187282770127
1789911276966262500,37.550262451171875,2.3991771104812623,-0.3151671886563301,0.8814445427305996
1789911276976271600,37.56027172851562,1.6037281588137149,-0.18858371274769306,1.0868857206463813
1789911276986280400,37.57028051757813,0.8622633107900619,-0.020887889727950096,1.2148942609220743
1789911276996289500,37.58028955078125,0.27504911327958104,0.15225509278178215,1.2596772593699395
1789911277006298600,37.59029858398438,-0.1929904232740402,0.2835164973735809,1.2872061945475637
1789911277016307700,37.6003076171875,-0.5999269640892744,0.3774275377362966,1.3013899104617535
1789911277026315500,37.6103154296875,-0.8960527676671742,0.44655075832307334,1.3147751694746315
1789911277036324600,37.62032470703125,-1.1226871018677949,0.4390332222998142,1.2842581583969295
1789911277046333400,37.63033349609375,-1.288948508170247,0.2963011601448059,1.1624096020556987
1789911277056342500,37.64034252929687,-1.3650363070726395,0.12774608994722367,0.9601686814859509
1789911277066351400,37.65035131835938,-1.4164771559745073,0.042289574196934694,0.6780642428673803
1789911277076359700,37.66035961914063,-1.398275144329667,0.03817863174676895,0.39317221935689445
1789911277086368800,37.67036865234375,-1.3806243368268012,0.06932663420438766,0.11123743821680546
1789911277096376800,37.680376953125,-1.3308411920040846,0.11660276464223861,-0.14180946741737424
1789911277106385700,37.6903857421875,-1.2460410943359135,0.15035831924974918,-0.3609108488298952
1789911277116394800,37.70039477539063,-1.1481249099850654,0.1705570576697588,-0.5059327024225145
1789911277126403800,37.71040380859375,-0.9992459425728768,0.17317688477933404,-0.6084176559936255
1789911277136413000,37.72041284179687,-0.8224573701024055,0.14891396566033363,-0.6911313758417964
1789911277146422000,37.73042211914063,-0.6130342829436063,0.11128536901175975,-0.78128350206241
1789911277156429800,37.74042993164063,-0.363607102176547,0.024218495455384254,-0.8769619174238293
1789911277166439000,37.75043896484375,-0.12013093876838683,-0.09264028977453709,-0.8975864069752395
1789911277176447700,37.76044775390625,0.12758359286189078,-0.2474368837326765,-0.8195326417621225
1789911277186456800,37.770456787109374,0.38044542425274847,-0.2950853546142578,-0.6215195680204778
1789911277196465700,37.78046557617188,0.5988742401659488,-0.22633739708065986,-0.31577041524648664
1789911277206474800,37.790474853515626,0.8284452123403548,-0.15879063203036783,-0.010078107226267457
1789911277216483800,37.80048388671875,1.0716191048663108,-0.09014087417423725,0.26475553667172785
1789911277226492000,37.810491943359374,1.3556219975173474,-0.0010714286237955093,0.47065585653185843
1789911277236500700,37.82050073242188,1.5641384912252425,0.02007891143262386,0.5714507381241768
1789911277246509800,37.830509765625,1.634921753978729,-0.035142040529847145,0.45737522693723437
1789911277256519000,37.84051879882813,1.4663585004746913,-0.09972644864320754,0.20955913462862372
1789911277266528000,37.85052807617188,1.1303589516699313,-0.21244214271903036,0.014103271089121698
1789911277276536800,37.86053686523437,0.7754477816462516,-0.2360118188768625,-0.1167059327557683
1789911277286545700,37.870545654296876,0.4490028276503086,-0.1770353137731552,-0.15451105501502752
1789911277296553700,37.8805537109375,0.14002691311584783,-0.07099485967755317,-0.139092609674111
1789911277306562800,37.890562744140624,-0.11994271358675322,-0.010047346761822699,-0.08773746629431843
1789911277316571600,37.90057153320313,-0.35230420239567756,0.028898762226104734,-0.014262041847407817
1789911277326580700,37.910580810546875,-0.5495020142316818,0.04878068978190422,0.015861220672354102
1789911277336589800,37.92058984375,-0.6943313409268855,0.044777883881330485,0.0777965755816549
1789911277346599000,37.93059887695313,-0.8179396004170179,0.009576806640625,0.12557159545235336
1789911277356608000,37.94060791015625,-0.927474910891056,-0.05045943664908409,0.13203311961665748
1789911277366615800,37.95061572265625,-0.9819079273462294,-0.03669394614696502,0.10747245966009795
1789911277376625000,37.960625,-0.9755003983914852,0.03510346208512783,0.07770363660119474
1789911277386634000,37.970634033203126,-0.9230220231354236,0.13613807071745396,0.03581701718196273
1789911277396642800,37.98064282226562,-0.8461404435068368,0.17304302926659584,-0.013064794886857271
1789911277406651600,37.990651611328126,-0.7406482709437608,0.11559271081686019,-0.06976341818645596
1789911277416660700,38.00066064453125,-0.6497299826562404,0.010253682988882065,-0.12794278156310318
1789911277427296000,38.0112958984375,-0.5607844557464122,-0.04201134177744388,-0.1791969487864524
1789911277437303800,38.0213037109375,-0.44585809988379477,-0.00907704042494297,-0.23529643714912235
1789911277447313000,38.03131298828125,-0.32632220439910886,-0.0014753332495689392,-0.28207521252408624
1789911277457322000,38.041322021484376,-0.18699907390475273,0.029413726010918614,-0.33341128587722774
1789911277467330800,38.05133081054687,-0.09070728501849808,0.08784194958209991,-0.38770533225312825
1789911277477339600,38.061339599609376,0.04482581467628479,0.10519581996500492,-0.4475013370461762
1789911277487348700,38.0713486328125,0.17109658964024857,0.0276847102612257,-0.45628750476576385
1789911277497356800,38.08135668945312,0.3023918782353401,-0.07587970910966396,-0.3943351256564259
1789911277507366000,38.09136596679687,0.4131786500751972,-0.16396072814464568,-0.24036979489065705
1789911277517374700,38.101374755859375,0.5105927301228046,-0.1362654964894056,-0.0751833243433386
1789911277527383800,38.1113837890625,0.5810860700190067,-0.0836637871146202,0.08438187225610018
1789911277537393000,38.121392822265626,0.5662742853343486,-0.09530687863528728,0.17920067511349916
1789911277547402000,38.131402099609375,0.49384267085194583,-0.15904139192104338,0.1741899342793971
1789911277557410800,38.14141088867188,0.3913151933133602,-0.15207038386464117,0.09531381983272731
1789911277567419000,38.1514189453125,0.2461971310709603,-0.07436053671836852,-0.007974339880049228
1789911277577428000,38.161427978515626,0.08908813198460265,-0.027222937968373297,-0.06310724823288619
1789911277587436800,38.17143676757812,-0.03200140441656112,-0.006276011529564857,-0.090883143908903
1789911277597445600,38.181445556640625,-0.13636778782010078,-0.013213117316365241,-0.05130034445263445
1789911277607454700,38.19145483398437,-0.21374328844547272,-0.03753390410244465,0.05979403203167021
1789911277617463800,38.2014638671875,-0.27646014912128447,-0.000817161601781845,0.19256730249114334
1789911277627473000,38.211472900390625,-0.32929858986139293,0.027223522490262983,0.3152170191474259
1789911277637480700,38.221480712890624,-0.36891163832545276,0.06646423051059246,0.3974051807515323
1789911277647489800,38.23148974609375,-0.41109892119169233,0.08646247792243957,0.42870618181377645
1789911277657499000,38.241498779296876,-0.42842064287066456,0.08157529040277003,0.41564036401361226
1789911277667508000,38.251508056640624,-0.4316249918699264,0.07258592826128006,0.36126609200835225
1789911277677517000,38.26151708984375,-0.356973363250494,0.06617313860952853,0.28041590100973846
1789911277687525600,38.271525634765624,-0.2724187647759914,0.03829027542769909,0.20087927682772277
1789911277697534000,38.281533935546875,-0.1905155575931072,0.02941781766414642,0.14579802559688687
1789911277707542800,38.29154272460938,-0.11094692170447669,0.02381342178583145,0.13395868085175752
1789911277717551600,38.301551513671875,-0.0512169770181179,-0.008141805401444435,0.15543006955608724
1789911277727560700,38.31156079101562,-0.025111060380935666,-0.009283961173892021,0.15646774204075337
1789911277737569800,38.32156982421875,0.002404713921016082,0.0066512745827436446,0.1486499078966677
1789911277747579000,38.331578857421874,0.015454758763313292,0.03444295234978199,0.1366467508919537
1789911277757588000,38.341587890625,0.03879002337707206,0.06210661982297897,0.10637728483453392
1789911277767595800,38.351595703125,0.05181202030181885,0.06669570117890834,0.08872633120119572
1789911277777604900,38.36160498046875,0.05896304283393546,0.0506985061019659,0.09101867992207407
1789911277787614000,38.37161401367187,0.06560087341321631,0.037030046233534814,0.12854060132578016
1789911277797623000,38.381623046875,0.08019875048571266,0.0314665668874979,0.16310718005523084
1789911277811384800,38.395384765625,0.047722705161571496,-0.020170681369304656,0.19197057870700954
1789911277822018800,38.40601879882813,0.015053776746988295,-0.08715688992738724,0.1449536837272346
1789911277832028000,38.41602783203125,-0.01756253556436859,-0.08254208960831165,0.06385580157786608
1789911277842036700,38.42603662109375,-0.0411760417307727,-0.08042495132386684,-0.0043364217691123485
1789911277852045800,38.4360458984375,-0.03895839308076538,-0.08233633790314197,-0.07772752893343568
1789911277862055000,38.446054931640624,-0.037068031023209914,-0.023859014493227002,-0.11202347402796149
1789911277872064000,38.45606396484375,-0.05751344681382179,0.05723813700377941,-0.09077698012068867
1789911277882072800,38.46607275390625,-0.08365208754367194,0.12488719338476657,-0.036441286560148
1789911277892081000,38.476080810546875,-0.154754508382082,0.15350012440681457,0.035784137825667854
1789911277902089700,38.48608984375,-0.25710662935376166,0.1290811379432678,0.14400032852515576
1789911277912098800,38.49609887695313,-0.358968920981884,0.07597615522146224,0.2623454067900777
1789911277922108000,38.50610791015625,-0.43819267982244486,-0.006308160233497619,0.32761209807917474
1789911277932116700,38.51611669921875,-0.5092085822880268,-0.08539689451754093,0.3580557516597211
1789911277942125800,38.526125732421875,-0.5214473016142844,-0.10041852256059645,0.3528600827127695
1789911277952134000,38.5361337890625,-0.4701368010938167,-0.004131985238194465,0.28946751473248006
1789911277962142700,38.54614282226562,-0.3704828331649303,0.059652796930074685,0.2215580538496375
1789911277972151800,38.55615185546875,-0.25660277148485183,0.050420273682475085,0.12489742251783609
1789911277982161000,38.566160888671874,-0.13577274453639984,0.0009936872124671936,0.08120236543715
1789911277992170000,38.576169921875,-0.04588262111968361,-0.0031938276052474973,0.07668912579640745
1789911278002178800,38.5861787109375,0.03921091567026451,0.00678045392036438,0.08213613915592431
1789911278012187600,38.59618774414062,0.09371757275038398,0.0534650482058525,0.07918357296064496
1789911278022196700,38.60619677734375,0.10211946299327537,0.05310848985314369,0.05176233594119548
1789911278032204800,38.616204833984376,0.0745066763239447,0.012531564792990684,-0.015152853207290172
1789911278042214000,38.6262138671875,0.06446808825731278,-0.004285714495182037,-0.06840805805474519
1789911278052222700,38.63622265625,0.051746553850173946,-0.03598550561666489,-0.08224617540165781
1789911278062231800,38.646231689453124,0.058426488271821286,-0.043373277780413624,-0.07300035428106784
1789911278072241400,38.656241455078124,0.07696516625881195,-0.0310831205278635,-0.05386690700501203
1789911278082250200,38.66625024414063,0.06476970155239105,-0.011668225961923599,-0.01743073501139879
1789911278092258300,38.67625830078125,0.051869285180699075,0.002451484805345535,0.007321867320686578
1789911278102267400,38.686267333984375,-0.013981781867612153,0.004565700480341911,0.06375102602913975
1789911278112276200,38.69627612304687,-0.08131400911808014,0.018493688067793845,0.11115209802091121
1789911278122285300,38.70628540039063,-0.1464916978163179,0.03576981703937054,0.1930816086888313
1789911278132294100,38.71629418945312,-0.23288170415759085,0.026688100439310074,0.20508944186866282
1789911278142303200,38.72630322265625,-0.2815770537436008,-0.009288052827119827,0.21895590852722524
1789911278152312300,38.736312255859374,-0.2990577653765678,-0.015644143855571745,0.1677401005528867
1789911278162320400,38.7463203125,-0.29684242741465566,0.019210896426439285,0.11609349994584918
1789911278172329200,38.7563291015625,-0.2861561982274055,0.05346621724963188,0.05925853691548109
1789911278182338300,38.76633837890625,-0.2533025608956814,0.05907178217172623,0.009286737652868032
1789911278192347400,38.776347412109374,-0.22053426375985144,0.0474614238768816,-0.006513473547250032
1789911278202356200,38.78635620117188,-0.18758125770688056,0.02701075652241707,0.006515227112919092
1789911278212365300,38.796365234375,-0.15016367346048354,0.005426116701960563,0.06590849632397294
1789911278222374100,38.8063740234375,-0.12862754895687104,-0.028870120653510092,0.10390198076218365
1789911278232382200,38.81638232421875,-0.11510991400228812,-0.08541092304289341,0.1140400745473802
1789911278242391300,38.826391357421876,-0.11157589465724303,-0.10732932486236095,0.09945026205033063
1789911278252400400,38.836400390625,-0.07942134550558402,-0.08955401419699191,0.06086845633015036
1789911278262409200,38.8464091796875,-0.006555988381570205,-0.04368015177249908,0.022862112410366533
1789911278272418300,38.856418212890624,0.0537234160142485,-0.013899930536746978,-0.013686726177483797
1789911278282427400,38.86642749023437,0.11640283988965675,-0.007744330516457557,-0.006732669255882501
1789911278292436500,38.8764365234375,0.1635375342965126,-0.023545126238465306,0.02342544538155198
1789911278302444300,38.8864443359375,0.18188567641377448,-0.0014133739292621612,0.06232829974964261
1789911278312453400,38.89645336914062,0.17346273424969985,0.025213936233520508,0.11201762880906461
1789911278322462200,38.90646215820313,0.11518706175857223,0.005703180077672005,0.13269903617948292
1789911278332471300,38.91647119140625,0.08142505001081153,-0.07784311813712119,0.11428995765522122
1789911278342480100,38.92648022460938,0.024631734165083616,-0.1747264523088932,0.05926525891721248
1789911278352489200,38.9364892578125,-0.008599504307378082,-0.1041553710013628,0.005870061077177524
1789911278362498300,38.94649829101562,0.006246182646881789,0.0379150123745203,-0.05198197004124522
1789911278372506400,38.95650634765625,0.007211831074953079,0.12152560799717903,-0.11390607290416956
1789911278382515200,38.96651513671875,0.006864597673015668,0.09575403788089752,-0.11552870566993952
1789911278392524300,38.97652416992187,-0.04647182831764221,0.0028881226569414135,-0.07301715928539633
1789911278402533400,38.98653344726562,-0.11446342365914024,-0.10813888767957687,0.056785278669744726
1789911278412542500,38.99654248046875,-0.20011691415309904,-0.09369944343864917,0.2164557622745633
1789911278422551300,39.00655126953125,-0.2905880431950092,-0.005468786799907684,0.3439868942968547
1789911278432560000,39.01656005859375,-0.3592927461087703,0.05483692108094692,0.36287659594491123
1789911278442568200,39.026568115234376,-0.3802618843793869,0.07190671382546425,0.266666923251003
1789911278452577300,39.036577392578124,-0.3331961818218231,0.08120821065604686,0.10937237499728798
1789911278462586000,39.04658618164063,-0.254466928499937,0.04005027083754539,-0.05465966481789946
1789911278472595200,39.05659521484375,-0.13714520193338392,0.0356581733584404,-0.17433555329516529
1789911278482604300,39.06660424804687,-0.025794941858714445,0.002992752075195312,-0.19215587214604019
1789911278492613400,39.07661328125,0.07073297560466453,-0.0075409168988466255,-0.175870069386065
1789911278502622500,39.08662255859375,0.12817978692306206,-0.010366495713591575,-0.0504210043348372
1789911278512630300,39.09663037109375,0.1379752230167389,0.009969020828604697,0.09495675002336501
1789911278522639400,39.10663940429688,0.10361235016584396,0.038350481182336804,0.20637144450321793
1789911278532648400,39.1166484375,0.042647886115312575,0.04177402589023113,0.25088994679599996
1789911278542657300,39.1266572265625,-0.012432780593633652,-0.00341068522632122,0.25370471195578576
1789911278552666000,39.136666015625,-0.04938391637206077,-0.02225800903737545,0.255604700358212
1789911278562675200,39.14667529296875,-0.04249474138021469,-0.007189034721255302,0.23147549062147735
1789911278572684300,39.15668432617188,-0.04974750725375488,0.05582827020585537,0.22390666280239818
1789911278582692400,39.1666923828125,-0.01323943906771019,0.05707797800600528,0.2014566383242607
1789911278592701200,39.176701171875,-0.007068029556935653,0.057122401669621466,0.18271262875720856
1789911278602710300,39.18671020507813,-0.02942365374988876,0.018234160348773003,0.17901567393541334
1789911278612719400,39.19671923828125,-0.08013209672397933,-0.03874620250165462,0.17263941690176723
1789911278622728400,39.206728515625,-0.1401356159210205,-0.0761088416904211,0.16589155007675288
1789911278632737300,39.2167373046875,-0.19633155039548872,-0.09640227265655994,0.11270502655133605
1789911278642746000,39.22674609375,-0.21949264575242994,-0.09396014020144938,0.07907455962821841
1789911278652754400,39.23675439453125,-0.19810031363368033,-0.0772071583211422,0.03633651101142168
1789911278662763300,39.24676318359375,-0.13607201974391936,-0.01592763697206974,0.012742723325639962
1789911278672772000,39.256772216796875,-0.0617816165191587,0.030327333724498747,0.03464753501117229
1789911278682781200,39.26678125,0.017663073329394683,0.05648877994120121,0.050476387783884996
1789911278692790300,39.27679028320313,0.04586743268370628,0.08935995292961597,0.06986264077723026
1789911278702799400,39.28679931640625,0.049148938572406764,0.12044774963259697,0.09729732180014253
1789911278712808400,39.29680834960938,0.021130466312170026,0.07471008080840111,0.11664163534790277
1789911278722816300,39.30681616210938,-0.024902961455052715,0.04074000666737556,0.0972876771889627
1789911278732825300,39.316825439453126,-0.08044423141307197,0.006117606097459793,0.05702171777412295
1789911278742834400,39.32683447265625,-0.11112930166721344,-0.053288522595167157,0.0013707038313150405
1789911278752843300,39.33684326171875,-0.12100772160291672,-0.05013268891274929,-0.03404299324676394
1789911278762852000,39.34685205078125,-0.10153730659061111,0.004469254368543624,-0.03484495727941394
1789911278772861200,39.35686108398438,-0.08243628201312385,0.03809329155087471,-0.04141483718901873
1789911278782870300,39.366870361328125,-0.055722462610667566,0.07018529686033725,-0.04502645181491971
1789911278792878300,39.37687841796875,-0.042624496106570584,0.11795651733875274,-0.022780279345810412
1789911278802887200,39.38688720703125,-0.06278583425879478,0.09434592464864254,0.03379705566167831
1789911278812896300,39.396896240234376,-0.08609073113375343,0.06731704794764519,0.05772592052072286
1789911278822905300,39.4069052734375,-0.12044073536992073,0.03103577425479889,0.06471753297373652
1789911278832914400,39.41691455078125,-0.15850596987009047,0.010950433081388473,0.06347483943626284
1789911278842923300,39.42692333984375,-0.16739420972466468,-0.027810382467508315,0.05283960978388786
1789911278852931300,39.436931396484376,-0.1729962675154209,-0.047583004429936404,0.02982245294228196
1789911278862940400,39.4469404296875,-0.1577940222084522,-0.05138765740990638,0.020837766975909472
1789911278872949200,39.45694921875,-0.15293547626137732,-0.03998597342967987,0.022253625123202798
1789911278882958000,39.4669580078125,-0.13174421053952537,-0.060198155853152274,0.05014364869818091
1789911278892967200,39.47696728515625,-0.11109890652894973,-0.07086626486182213,0.08500774906948208
1789911278902976300,39.486976318359375,-0.0843687113804277,-0.06701952630579472,0.12240414439737796
1789911278912985300,39.4969853515625,-0.058096799659729,-0.052095513418316836,0.1600676662288606
1789911278922993200,39.5069931640625,-0.04056349018984474,-0.010804887130856514,0.16277020318582652
1789911278933002200,39.517002197265626,-0.018399580043554305,0.026184827092289923,0.15545461947545408
1789911278943011300,39.52701123046875,0.010894300713669508,0.04165244533717632,0.12464140193015336
1789911278953020400,39.5370205078125,0.018429975181818006,0.024787819775938986,0.10759484393075108
1789911278963029500,39.547029541015625,0.05010402907384559,-0.010042670586705207,0.08907470624744891
1789911278973038000,39.5570380859375,0.054393268966674804,-0.05205050523281097,0.0740586311623454
1789911278983047200,39.567047119140625,0.05195930155171081,-0.0877548558205366,0.06064502283781766
1789911278993055200,39.57705517578125,0.03188682899302803,-0.07057751104831696,0.0486671464048326
1789911279003064300,39.58706420898437,0.007760112607479095,-0.010388123023509978,-0.005935819789767265
1789911279013073200,39.5970732421875,-0.012603460985422133,0.04936112001836299,-0.04079612076878547
1789911279023082200,39.607082275390624,-0.04387772017121315,0.12601590515375136,-0.09128639094755053
1789911279033091300,39.61709130859375,-0.10371757323914207,0.14308920502960681,-0.11836772848814725
1789911279043100400,39.627100341796876,-0.16879706225991248,0.14289572828412056,-0.10354220753908157
1789911279053108200,39.637108154296875,-0.235332019919157,0.12007891632020473,-0.06849675925150513
1789911279063117300,39.64711743164062,-0.32456279351115225,0.05135843131542205,-0.02332958379164338
1789911279073126400,39.65712646484375,-0.37201077338457106,-0.011619126123189926,0.02190028164088726
1789911279083135500,39.667135498046875,-0.4363467596948147,-0.03379880922734737,0.02765826064571738
1789911279093144300,39.67714428710938,-0.46391631914377207,-0.0081476506203413,0.0195336986400187
1789911279103153400,39.6871533203125,-0.4526747941613197,0.05357902997434139,-0.009754647425562143
1789911279113162500,39.69716259765625,-0.4229939416468143,0.11482523357570171,-0.03560790447592735
1789911279123170300,39.70717041015625,-0.36777182064056396,0.12886603388786316,-0.016903788527846336
1789911279133179400,39.71717944335938,-0.3093640553355217,0.10978314775526522,0.008685995280742645
1789911279143188500,39.7271884765625,-0.23444939186573027,0.0598655628979206,0.05276508324295282
1789911279153197300,39.737197265625,-0.1803250029683113,-0.01859013417959213,0.1016366661787033
1789911279163206400,39.747206298828125,-0.1300175328773912,-0.06214870539903641,0.10903306004032493
1789911279173215500,39.75721557617187,-0.08414775297297164,-0.06824293062090873,0.0824459357574582
1789911279183224300,39.76722436523438,-0.023560899196332318,-0.05559972214698791,0.028794863460212945
1789911279193232400,39.777232421875,0.05377015036595985,-0.00104220252931118,-0.022738047639280556
1789911279203241500,39.787241455078124,0.1110837180929724,0.007414660170674324,-0.08878858278244733
1789911279213250300,39.79725024414063,0.1692050585389137,0.007333996149897575,-0.15657164080664515
1789911279223259400,39.80725927734375,0.2141653132498264,-0.016733692657947538,-0.22463497707694768
1789911279233268500,39.8172685546875,0.21781974410414695,-0.007093173131346702,-0.25349486859738823
1789911279243277300,39.82727734375,0.17168576943874359,0.005718962168693542,-0.25551263816058634
1789911279253285400,39.83728540039063,0.11884384896676055,0.04539221638739109,-0.20482173084318636
1789911279263294500,39.84729443359375,0.034221418553590774,0.04987316119372844,-0.1417065184995532
1789911279273303600,39.85730346679688,-0.04101823908686637,0.042669513425230975,-0.09316972047612071
1789911279283312400,39.8673125,-0.10455343954139389,-0.003896422916650772,-0.09029036564752459
1789911279293321500,39.87732153320312,-0.13114100221567787,-0.03733925831317901,-0.06293035729601978
1789911279303330300,39.887330322265626,-0.16298106945753096,-0.0512432805031538,-0.03910086115822196
1789911279313339400,39.89733935546875,-0.16548399218916893,-0.05758183587491512,-0.025038141275197268
1789911279323347500,39.907347412109374,-0.16810265025496482,-0.0534609565526247,0.025670740090310572
1789911279333356300,39.91735620117188,-0.14853285738825797,-0.006679916155338287,0.08473813834786414
1789911279343365400,39.927365478515625,-0.09951718980669974,0.04659925408959389,0.10512187794595956
1789911279353374500,39.93737451171875,-0.05777998879551887,0.07706862663328647,0.12199570972695946
1789911279363383300,39.94738330078125,-0.0273416050451342,0.06239537363648414,0.09845365222841501
1789911279373392400,39.95739233398437,-0.03650105392336845,0.05754734908342361,0.09916019306257366
1789911279383400400,39.967400390625,-0.03747955269985832,0.04196925620138645,0.11133446885049342
1789911279393409500,39.97740942382813,-0.05004443524056114,0.04007306719124317,0.16216332333385944
1789911279403418400,39.98741845703125,-0.07845686612129212,0.025129765081405638,0.2499726858206093
1789911279413427500,39.99742749023437,-0.0806651806873735,0.0006394669473171234,0.33643808635249733
1789911279423436300,40.007436279296876,-0.07749942839914001,-0.02255377711355686,0.3912497268617153
1789911279433445400,40.0174453125,-0.09883564641647971,-0.012373743882775306,0.4404958421982825
1789911279443454500,40.02745434570313,-0.12109188362187705,-0.01567103186249733,0.4405966722242534
1789911279453462300,40.03746215820313,-0.10818448952012695,-0.027695816177129743,0.435710215356946
1789911279463471400,40.047471435546875,-0.10046645335555077,-0.01316869365274906,0.42955183885768056
1789911279473480400,40.05748046875,-0.10097148026823997,-0.053552726489305494,0.4247862318910658
1789911279483489500,40.067489501953126,-0.08952069644927978,-0.07628887443244457,0.42020811032056804
1789911279493498400,40.07749829101562,-0.0644634212153498,-0.09620938043296337,0.424273021671921
1789911279503507500,40.08750756835938,-0.031178397595882413,-0.07875088063180447,0.42009252111688256
1789911279513515500,40.097515625,0.02416296587586403,-0.0846007757037878,0.40310266174077986
1789911279523524600,40.107524658203126,0.07359014600091614,-0.09982172571122645,0.3486300439275801
1789911279533533400,40.11753344726562,0.14645429754853248,-0.11953355739712715,0.2616572783954441
1789911279543542300,40.127542236328125,0.20777765803933143,-0.13422609961628912,0.14831789946332574
1789911279553551400,40.13755126953125,0.2704921623612754,-0.12106442022621632,0.06337415554076432
1789911279563560400,40.147560546875,0.31641572741270063,-0.11971943535804748,-0.006089622111991048
1789911279573569300,40.1575693359375,0.2965303292581811,-0.13470949921905995,-0.06498378269448876
1789911279583577300,40.167577392578124,0.3029963104018941,-0.10627543189525604,-0.05804024716690182
1789911279593586400,40.17758642578125,0.25458383287787434,-0.04376783005595207,-0.014090923064202069
1789911279603595500,40.187595458984376,0.1564414202894084,-0.039216742622852324,0.013368746269494294
1789911279613604400,40.19760424804687,0.032279636836051936,0.008685410758852959,0.05564020028784871
1789911279623613400,40.20761352539063,-0.0856581666690763,0.05735328781604766,0.11673515885025262
1789911279633622500,40.21762255859375,-0.17153028661608696,0.10428279677331447,0.1747157847844064
1789911279643630600,40.227630615234375,-0.2307622277855873,0.11911445520222186,0.2235718778900802
1789911279653639400,40.23763940429688,-0.2538192782461643,0.08667992006540298,0.25864523709788917
1789911279663648300,40.247648193359375,-0.32667174848914143,0.08362520866990089,0.2901151649862528
1789911279673657300,40.2576572265625,-0.38989714320898056,0.06465688882768154,0.3070056556411087
1789911279683666400,40.26766650390625,-0.4203109861731529,0.03971066361963749,0.3177263716198504
1789911279693675500,40.277675537109374,-0.45700025614500045,0.009406126248836516,0.27249241453409195
1789911279703684400,40.28768432617188,-0.4441010270833969,0.0022679449319839475,0.22072452563494444
1789911279713692400,40.2976923828125,-0.4149813155829906,0.06616963147819042,0.1533512174554169
1789911279723701500,40.307701416015625,-0.40077977175116536,0.15525310555398464,0.05614128167778253
1789911279733710300,40.31771044921875,-0.4017500780880451,0.1773147152364254,-0.017922902442514894
1789911279743719400,40.32771948242188,-0.3789069626390934,0.14161094917058945,-0.11824278693422674
1789911279753728500,40.337728515625,-0.3131704618811607,0.10892214701175688,-0.182221338108927
1789911279763737300,40.3477373046875,-0.21270985374450682,0.055873278391361234,-0.23101919822134076
1789911279773746400,40.357746337890624,-0.10886016942514105,-0.010202245062589644,-0.24592450640834868
1789911279783754200,40.367754150390624,-0.03825111246109009,-0.04721884729266167,-0.23586276579499243
1789911279793763300,40.37776342773437,0.02290040772729553,-0.05903145016133785,-0.2266645101431757
1789911279803772400,40.3877724609375,0.05944120913916267,-0.03918459391891956,-0.23162169415913522
1789911279813781500,40.397781494140624,0.08435470112138427,-0.03950783452391624,-0.2507387017570436
1789911279823790300,40.40779028320313,0.09697685767412186,-0.002766542103886604,-0.2162066098190844
1789911279833799400,40.41779931640625,0.11476269886665977,0.04803834698200225,-0.15287271322347223
1789911279843807500,40.427807373046875,0.11207270173085852,0.05899930145740509,-0.06289097513370215
1789911279853816600,40.43781665039062,0.11436171685033478,0.05027531225383281,-0.01630165791623294
1789911279863825400,40.447825439453126,0.09481995363486931,-0.024723522368073462,0.016998627204447985
1789911279873834500,40.45783447265625,0.0847860508765094,-0.125242582693696,0.041028175958991046
1789911279883843300,40.46784326171875,0.04957797763943672,-0.09321779740154743,0.024290610843524334
1789911279893852400,40.477852294921874,0.01989946321249008,0.02331540913581848,-0.0793006234690547
1789911279903861500,40.48786157226562,-0.025689737051725385,0.10592822589278221,-0.2613646521244198
1789911279913869300,40.49786938476562,-0.041107086414098735,0.11837269692420958,-0.4297322369258851
1789911279923878400,40.50787841796875,-0.03653261810541153,0.09634031333625316,-0.4538871656257659
1789911279933887500,40.51788745117187,-0.043204332687985146,0.04492693696320057,-0.3093561642900109
1789911279943896300,40.52789624023438,-0.05586742403930984,0.0037730887979269025,-0.09826032161340117
1789911279953905400,40.537905517578125,-0.11585107862525619,0.009362287107110023,0.08341236963681876
1789911279963914500,40.54791455078125,-0.19397008196115492,0.051831309524178505,0.16620865320190786
1789911279973923300,40.55792333984375,-0.2721580680131912,0.05851590185463428,0.14531718327738344
1789911279983931400,40.567931396484376,-0.348179815942049,0.05286299065947532,0.09684943190217017
1789911279993940500,40.5779404296875,-0.4057856172144413,0.09240648101866245,0.039231209539622065
1789911280003949300,40.58794921875,-0.4242354661405086,0.05635200181901454,0.023275077125430105
1789911280013958400,40.59795849609375,-0.3582125496566295,0.020269465568661688,0.017927286356687545
1789911280023967500,40.60796752929687,-0.28403905994296075,-0.029907062485814092,0.01235452772565186
1789911280033976300,40.617976318359375,-0.1598024394214153,-0.059192778202891344,-0.028331556797400115
1789911280043985400,40.6279853515625,-0.04173137405859306,-0.05701601868569851,-0.060670011148601766
1789911280053993500,40.63799340820312,0.09058102829032577,-0.028975919115543362,-0.0916007906589657
1789911280064002600,40.64800244140625,0.19421441211104393,-0.01747135928273201,-0.08841609620824456
1789911280074011100,40.65801123046875,0.231898538339138,-0.026090134546160697,-0.06472001719176769
1789911280084020200,40.66802026367188,0.27157120803594587,-0.050095279511809344,0.03279123962000012
1789911280094029000,40.678029052734374,0.2543172908961773,-0.06333703840076924,0.11871624966487287
1789911280104038000,40.68803784179688,0.21231120981574056,-0.06931786637604236,0.18581366351246834
1789911280114047000,40.698046875,0.13490063787698744,-0.094408468490839,0.2759296955063939
1789911280124055000,40.708054931640625,0.07508651290535927,-0.06733867525756358,0.3016688246577978
1789911280134063900,40.71806396484375,-0.0054535892307758325,0.005915361523628235,0.2603406428389251
1789911280144073000,40.728072998046876,-0.03956743749035522,0.048904023900628084,0.20402765785604715
1789911280154082000,40.73808203125,-0.059457548352610315,0.08103051600158213,0.15901406552270053
1789911280164091100,40.74809106445313,-0.08997778343386016,0.11245032113790511,0.17952727671936153
1789911280174100000,40.758099853515624,-0.11261631622142158,0.06315408304929733,0.2593751588076353
1789911280184109000,40.76810913085937,-0.15577391455769538,-0.010952186647057533,0.31350217805355785
1789911280194117000,40.7781171875,-0.1879109280526638,-0.06447217991054058,0.3382721699118614
1789911280204126200,40.78812622070313,-0.20707856985926626,-0.07024374904930591,0.2985277501530945
1789911280214135000,40.79813500976562,-0.27398528344035145,-0.021678747844696044,0.23208105529919265
1789911280224144000,40.80814379882813,-0.25911855369806286,-0.05812602575421333,0.25122180909886954
1789911280234153000,40.818153076171875,-0.23646833047270774,-0.048741526815295214,0.31126433599889275
1789911280244162000,40.828162109375,-0.19650106174349782,-0.005835866546630859,0.3992182215228677
1789911280254169900,40.838169921875,-0.20329320610165594,0.04672843342721462,0.3910977511703968
1789911280264179000,40.848178955078126,-0.19982582225203513,0.09751754042208194,0.2515218880239874
1789911280274188000,40.85818798828125,-0.17020692905783652,0.11272095477283,-0.00518704724907875
1789911280284197000,40.86819702148438,-0.12152911512851715,0.05767068320214748,-0.30161797125339507
1789911280294206200,40.878206298828125,-0.06390926706446334,-0.05429565381109714,-0.5264366343341768
1789911280304215000,40.88821508789062,0.04511341771231964,-0.09413432772457599,-0.6056162617720663
1789911280314224000,40.89822412109375,0.09523030626773833,-0.05227437711656093,-0.4879055358879268
1789911280324233000,40.90823291015625,0.13029224903238937,-0.04407938022315502,-0.22215711572133004
1789911280334241000,40.91824096679687,0.15161562583446503,-0.015611410629749297,0.039660833128541705
1789911280344249900,40.928249755859376,0.12506664160490036,0.0054845688909292215,0.20373612756356596
1789911280354259000,40.938259033203124,0.0730301466311328,-0.03178571583926677,0.2940248127106577
1789911280364268000,40.94826806640625,-0.024538247195351866,-0.04783960953950882,0.2530084002546966
1789911280374277000,40.958277099609376,-0.10605097548961638,-0.05529284815490246,0.1679068354219198
1789911280384286000,40.96828588867187,-0.1817979981303215,-0.014506079736351965,0.10250205083638429
1789911280394295000,40.978294921875,-0.16396189718842505,-0.019731705430150032,0.1445082780472934
1789911280404303000,40.98830322265625,-0.12002105778628028,-0.04611585448682308,0.24931743678227067
1789911280414312200,40.998312255859375,-0.12215806981497443,-0.08793079690933227,0.4183370557516813
1789911280424321000,41.00832104492188,-0.11720366227799095,-0.08626432500183581,0.505828584460914
1789911280434330000,41.018330078125,-0.12139000805192626,-0.05082534735202789,0.5509845078743993
1789911280444339000,41.0283388671875,-0.15288754546642302,-0.06418517966270447,0.48875937623828647
1789911280454348000,41.03834814453125,-0.2133598420858383,-0.07435995219647884,0.38219095274582504
1789911280464357000,41.048357177734374,-0.2790028193414211,-0.06807166570723057,0.21719342889934776
1789911280474365000,41.058364990234374,-0.28101941986083984,-0.05720715734362602,0.0419142380785197
1789911280484374000,41.0683740234375,-0.2696785261571407,-0.08039104905426502,-0.09573935176841913
1789911280494383000,41.078383056640625,-0.2823661582946777,-0.02580371882021427,-0.12993081357516348
1789911280504392200,41.08839208984375,-0.30325813967585563,0.08375263444185256,-0.08901910360269248
1789911280514401000,41.09840112304688,-0.2936649664223194,0.18884324046671389,0.008180676107108592
1789911280524410000,41.10841015625,-0.33159926801919937,0.19354338098168372,0.16010120317228138
1789911280534419000,41.1184189453125,-0.380343717443943,0.15456687685549259,0.2912064673542976
1789911280544427000,41.12842700195313,-0.3793535373628139,0.12307225291728972,0.4138285653512925
1789911280554436000,41.13843603515625,-0.3990834892272949,0.061224576291441915,0.4659476788409054
1789911280564445000,41.14844482421875,-0.3393254783570766,-0.11099193902313709,0.46533108131252227
1789911280574454000,41.1584541015625,-0.22780220893621445,-0.18814999750554562,0.39866139135770495
1789911280584463000,41.168463134765624,-0.13219779039276763,-0.13926760091483592,0.25546821449697016
1789911280594472000,41.17847192382813,-0.0865092396736145,0.0027688801914453505,0.1140994765844196
1789911280604481000,41.18848095703125,-0.003974767116177827,0.32236966738104816,-0.00015950141064822673
1789911280614490000,41.19848999023438,0.10823821986820548,0.7346253573924303,-0.10542349124103784
1789911280624498200,41.20849829101562,0.21979195749256758,0.6808914291173219,-0.10980901284888386
1789911280634507000,41.218507080078126,0.35591070245504375,0.02590308754146099,-0.06284450564347208
1789911280644516000,41.22851611328125,0.5030652206948026,-0.5925520514070988,0.041708924764767286
1789911280654525000,41.23852490234375,0.6719289549827575,-0.6949982804030179,0.031006328964605926
1789911280664534000,41.248533935546874,0.7560872476160526,-0.3864204070091247,-0.09557780453115701
1789911280674543000,41.25854321289062,0.7166904722511768,-0.07879822690486908,-0.2209559232380241
1789911280684552000,41.268552001953125,0.5502490697393193,-0.02727203780710697,-0.26059271790385247
1789911280694560000,41.27856005859375,0.28496958225872365,0.02366495322585106,-0.22448943112641573
1789911280704569000,41.28856909179687,0.027747272369731214,0.1445458335787058,-0.07177008183375
1789911280714578000,41.298577880859376,-0.14313541879151015,0.2117792948961258,0.15612017071209847
1789911280724587000,41.3085869140625,-0.23708556732190772,0.143486095392704,0.37309155435860153
1789911280734596000,41.31859619140625,-0.3063958531796932,-0.12209843944907188,0.5791285792756825
1789911280744605200,41.328605224609376,-0.28755552536500617,-0.3759381759613752,0.6700471598241478
1789911280754614000,41.33861401367187,-0.2049029428532347,-0.48552609340548514,0.6552824291516095
1789911280764622000,41.3486220703125,-0.1594002700950019,-0.5260293687075376,0.6270565977510064
1789911280774631000,41.358630859375,-0.16215104837417602,-0.5638596254080533,0.6280685512725264
1789911280784640000,41.36863989257812,-0.18589434579955413,-0.42140287306308744,0.6044004562415182
1789911280794649000,41.37864916992187,-0.253107312318217,-0.05469780487120151,0.42003399586267764
1789911280804658000,41.388657958984375,-0.2620294909750111,0.27872634048759937,0.13483502529487013
1789911280814667000,41.3986669921875,-0.2710626922582276,0.554085834890604,-0.1591683062363416
1789911280824676000,41.408676025390626,-0.2948515641246922,0.6122299808233976,-0.37137232935056086
1789911280834684200,41.41868408203125,-0.30214754808545113,0.555866873088479,-0.44062125867623836
1789911280844693000,41.42869287109375,-0.23877132845176383,0.49344285787940023,-0.5423226971868426
1789911280854702000,41.4387021484375,-0.10478957725167273,0.16858955698907374,-0.5946996578950434
1789911280864711200,41.448711181640626,0.08040332401394844,-0.2355412787556648,-0.5692302125304937
1789911280874720000,41.45871997070312,0.24587445672154426,-0.2504208679795265,-0.5348874691521749
1789911280884729000,41.46872900390625,0.33352819025516506,-0.21936346641480922,-0.449995199688524
1789911280894738000,41.47873803710937,0.33240473918318747,-0.23852117134928702,-0.3601381839569658
1789911280904747000,41.4887470703125,0.15925068729016928,0.46338206613659855,-0.26528723239563406
1789911280914755000,41.49875512695313,-0.3414730117797851,2.5682488980293274,-0.18945541754830628
1789911280924764000,41.508763916015624,-0.7962940972547977,5.623275935351848,-0.39416780626550313
1789911280934773000,41.51877294921875,-0.23243743098881095,3.911564371681213,-1.5656047643855213
1789911280944782000,41.528781982421876,-0.25002690022587776,0.8949000905007124,-1.8311172569043934
1789911280954791200,41.538791259765624,-0.9021884939432143,-0.9252508051007986,-1.2708036335401236
1789911280964800000,41.54880004882813,-0.7207050416547804,-3.3194542188227176,-1.300821316793561
1789911280974808800,41.55880883789062,-0.4816647418022155,-3.5225182923436162,-1.1691067616067825
1789911280984818000,41.56881787109375,-0.05205050523281097,-2.730757089278102,-0.999467476369068
1789911280994826000,41.57882592773438,0.4524912908205762,-1.3411807997107505,-0.6598478373710066
1789911281004835000,41.5888349609375,0.866323399835825,-0.7275795305341481,0.10255257544722407
1789911281014844000,41.59884399414062,1.3421160347342491,-0.5892389813363552,0.8524693542674183
1789911281024853000,41.60885302734375,1.0970295135200023,0.5715197847723961,1.474871915667504
1789911281034862000,41.618862060546874,-0.1968728541979566,0.7865238869339227,1.7844995903752743
1789911281044871200,41.62887109375,-1.3305892630696297,0.261733120110631,2.017537215746939
1789911281054880300,41.63888037109375,-1.7110937240332365,-0.2273585568219423,2.354303072749078
1789911281064888000,41.64888818359375,-0.9208703980594873,-0.5489145697325468,2.738724414895475
1789911281074896600,41.65889672851562,-0.26901980652008206,-1.2036439681112765,3.085752722714841
1789911281084905700,41.66890576171875,-0.20196166523694992,-1.420364226540923,3.4906387607410547
1789911281094914600,41.67891455078125,0.270254280218482,-1.43831138664186,3.5535774474740025
1789911281104923600,41.688923583984376,0.6631126113206148,-0.8115022608458995,3.2210096266835926
1789911281114932500,41.69893237304687,0.924332521212101,0.2490139237910509,2.5424013400673866
1789911281124941600,41.70894165039063,1.0342962862312792,0.6255313609451055,1.506566592222452
1789911281134950700,41.71895068359375,0.9920230786472558,-0.017698153775930404,0.17542773244604468
1789911281144958700,41.728958740234376,1.0733873566478491,0.17632395063340664,-1.0314536832164973
1789911281154967600,41.73896752929687,1.2038228318095205,0.8477449560940266,-1.2802794640243054
1789911281164976600,41.7489765625,0.6124322253972292,0.4803513211160898,-0.9079913350030779
1789911281174985700,41.75898583984375,-0.5820850544610991,0.09275427154302597,-0.11683226254917681
1789911281184994800,41.76899487304688,-1.943712977862358,-0.5774556045621633,0.5906436605025083
1789911281195003600,41.779003662109375,-2.3498580760389567,-0.6190636262357234,0.7458446705430746
1789911281205012500,41.78901245117188,-1.6286001497417688,0.2737017903238535,0.0634901100706309
1789911281215020500,41.7990205078125,0.1279535952180624,1.3132529283434151,-0.933822380221635
1789911281225029600,41.809029541015626,2.3606541953414677,2.168552245339751,-1.1390638708468526
1789911281235038700,41.819038818359374,3.626231180274486,2.324876779517531,-0.3770788704290986
1789911281245047600,41.82904760742188,3.5376322748452425,-0.1194441255480051,1.1368236176393927
1789911281255056600,41.839056640625,2.2539783659517765,-2.2427754194140435,2.4985288805931805
1789911281265065700,41.84906567382812,0.9140630561321973,-3.4208296037167307,3.301794935752451
1789911281275074800,41.85907470703125,-1.4153876071721314,-3.5195652877569197,2.0394985799252985
1789911281285083600,41.86908374023437,-3.790205352422595,-2.8332985953420398,-0.8314785886868834
1789911281295091700,41.879091796875,-5.002614810791611,-1.8117273506492375,-2.68472277559489
1789911281305100800,41.88910083007813,-5.121311917364597,-0.3919207579910755,-3.0596833386957645
1789911281315109600,41.899109619140624,-4.683243740704655,0.2728121480077505,-2.8984271933346983
1789911281325118500,41.90911840820313,-4.1593572292447085,-1.3603250606417656,-2.850625577718019
1789911281335127600,41.91912744140625,-3.182677265679836,-1.0877999128818512,-2.2648715158879758
1789911281345136600,41.92913671875,-1.9772433454118667,0.6155646782040596,-1.6338745830133556
1789911281355145700,41.93914575195313,-1.5688456460028886,1.3643681985527276,-1.6632099830910563
1789911281365154800,41.94915478515625,-1.435590437245369,1.9834961221963165,-1.819317367386818
1789911281375162600,41.95916259765625,-1.1118453898578882,2.6023387991577387,-2.071687469737977
1789911281385171700,41.96917163085938,-0.3601525778084993,2.8894378311932085,-2.8832901222184297
1789911281396432600,41.9804326171875,-0.09106266519427299,2.8838778589785097,-2.971615179142356
1789911281407066600,41.99106665039063,0.16363456493020057,2.7040912006705997,-3.3221675694346424
1789911281417075700,42.00107568359375,0.33153723563365634,2.2734423603564498,-3.5306904928833243
1789911281427084800,42.01108471679687,0.42519291299581524,1.407794083303213,-3.5047131710618733
1789911281437092600,42.02109252929687,0.8888964661717415,0.47551089534759516,-3.0410850212097165
1789911281447101700,42.03110180664063,3.5148119557499884,-0.38221535653471944,-1.0142400250218808
1789911281457110500,42.041110595703124,9.311250162833929,-1.0648708727151155,3.4455288684263823
1789911281467119600,42.05111962890625,4.855049337130785,-1.7146271588563917,2.4467409718193114
1789911281477128700,42.061128662109375,1.2289021818779409,-2.06485923115313,1.9963773772098123
1789911281487137500,42.07113745117187,-0.5032499661445617,-2.292698849490285,2.5239696113198993
1789911281497146600,42.08114672851563,-2.0267267766356465,-2.121752500241995,3.2573531519576906
1789911281507154700,42.09115478515625,-2.793137849867344,2.757983534377813,5.558758162733912
1789911281517163800,42.101163818359375,-3.321871801358461,9.490668572351336,8.736931102731823
1789911281527172600,42.11117260742188,-4.379274237889051,3.0498768149524924,7.837958648225665
1789911281537181700,42.121181640625,-4.299223965096473,-3.952659767657518,6.6305263937473295
1789911281547190800,42.13119067382812,-2.311635605150461,-7.1448559723109,5.1351165708333255
1789911281557199600,42.14119970703125,3.4885680919468403,-6.065705814352631,2.517347270570695
1789911281567208700,42.151208740234374,6.171908181011676,-2.028985369217396,0.9534361583605409
1789911281577842700,42.1618427734375,3.4747114160299297,-0.19219079732894898,1.9631572446532546
1789911281587851800,42.171851806640625,1.5008850394546984,-1.8402023345053196,2.267323292954266
1789911281597860600,42.18186059570313,-0.27772965760044754,-3.007999328687787,2.715288301989436
1789911281607869700,42.19186962890625,-1.495682794636488,-3.1383570624381303,3.3047859342619774
1789911281617877800,42.201877685546876,-1.6237269907474516,-2.014528389319777,3.267699189405143
1789911281627886800,42.211886962890624,-2.0887609157443046,0.2654728911608457,2.7467592527911067
1789911281637895700,42.22189575195313,-1.5101976422011851,2.2849445821017027,2.014293996042013
1789911281647904500,42.23190454101562,0.5875414567034691,1.4942156446933745,-0.33438199407290664
1789911281657913600,42.24191357421875,-0.3847919290244579,-0.312688815844059,-2.8201024291604755
1789911281667922700,42.251922607421875,-1.2995441364645957,-0.5196995811641216,-4.481258986853063
1789911281677931500,42.261931640625,-1.3885726654827595,-1.6568927627682686,-5.95248450884223
1789911281687940600,42.27194067382813,-2.3236697418153285,-1.911364367443323,-7.064834341090918
1789911281697948700,42.28194873046875,-3.227064688938856,-0.47718613508343694,-7.493716756254434
1789911281707957800,42.291957763671874,-3.8250539629638194,0.8750602485209703,-6.904863559365272
1789911281717966600,42.30196655273438,-1.719198120033741,2.6871786443144083,-4.947522453644871
1789911281727975700,42.3119755859375,6.144051036792993,5.2112534695744515,-2.2766955169335006
1789911281737984800,42.32198486328125,6.832920605182648,4.164645398780704,-2.228997653952241
1789911281747993600,42.33199365234375,4.855174424815178,0.73822542771101,-2.306543396577984
1789911281758002700,42.34200268554687,2.2504735727012157,-2.2739240063935515,-2.3538056446209548
1789911281768011500,42.35201147460938,-0.4407458714365959,-0.6206564483851194,-2.808689639264345
1789911281778019600,42.36201953125,-1.4036077375292777,1.6296294927895068,-2.5992078076556324
1789911281788028700,42.372028564453124,-1.4224142909385262,4.677084633553028,-1.6391032774470746
1789911281798037800,42.38203784179687,-1.0869513332284986,7.71644239257872,-0.4762686549123376
1789911281808046600,42.392046630859376,-0.9600867022909223,8.924219514971972,0.1228384441614151
1789911281818055700,42.4020556640625,-0.5314460599940269,7.626617160224914,0.5755022785373032
1789911281828064800,42.41206469726563,1.1197007795333862,3.5235447127819057,1.2375174500100314
1789911281838073900,42.422073974609376,1.9207412675976752,-1.6903227386832236,1.747909542994201
1789911281848082400,42.43208251953125,0.04345459938831627,-4.864183660700917,2.243387998354435
1789911281858090800,42.4420908203125,-1.9085586623728275,-5.523503309479356,2.6172479067370293
1789911281868099600,42.452099609375,-1.987016697537899,-4.960522220471501,3.0364868797644973
1789911281878108700,42.46210864257812,-0.32543373112678525,-5.064817876726389,3.0467721269354224
1789911281888117500,42.472117431640626,1.0576503468770533,-8.174193759351969,0.8776685313232242
1789911281898126600,42.482126708984374,2.085360167390108,-7.803132834038138,-0.0678518124114722
1789911281908135700,42.4921357421875,4.228945729255676,-2.922140077355504,-0.968270154877007
1789911281918144800,42.502144775390626,3.464138584089279,-0.5551578480362892,-0.8864892588995397
1789911281928153900,42.51215380859375,1.761481264489889,-2.5204250705808398,1.084184498863667
1789911281938161700,42.52216162109375,1.0093477229356764,-1.7623609699338674,2.8457427741125225
1789911281948170800,42.53217065429688,-0.43529228220582006,-2.2161615532547234,3.6829385714024303
1789911281958179800,42.542179931640625,-1.6334358993351459,-0.6622317368328571,2.907598926305771
1789911281968188700,42.55218872070313,-2.5535318058907985,0.5820511156588792,2.0123516298025845
1789911281978197500,42.562197509765625,-2.435764673644304,2.4859102220386267,0.6158452487111091
1789911281988206600,42.57220654296875,-1.518398484313488,4.30566422727704,0.7218772272393107
1789911281998215700,42.582215576171876,-0.9550468084275722,4.512025588777661,0.09733677702769636
1789911282008224800,42.592224853515624,-1.5886837344169615,4.021204311573505,-1.0033232019491494
1789911282018233600,42.60223364257813,-1.827372079026699,4.699612691703439,-1.344248516718298
1789911282028241700,42.61224169921875,-2.466702248221636,2.4228841492831705,-2.84446997769773
1789911282038250800,42.622250732421875,-3.0439702212572097,1.630378849852085,-3.416296051940322
1789911282048259800,42.632259765625,-3.6846576502799984,1.5662550449877977,-3.01916486582458
1789911282058268700,42.6422685546875,-3.4777111823678015,2.6772914565503596,-1.921836661618948
1789911282068277500,42.65227758789062,-1.6211457420825957,0.5676210237681866,-1.804597498769313
1789911282078287400,42.66228735351562,2.8719477672100067,-1.4684931744158267,-0.7107602054193616
1789911282088296200,42.672296142578126,7.49465666745305,-1.4014981980293988,0.03390314638465643
1789911282098305300,42.68230517578125,6.931423064988851,-1.84449097160995,-1.1679564225278793
1789911282108313300,42.692313232421874,4.832411973387003,-0.16541911025941372,-2.0948175854347646
1789911282118322400,42.70232250976562,2.3892986905455587,0.6068371818691491,-2.657603005740046
1789911282128331300,42.712331298828126,0.49383331850171086,-2.2284125475406644,-2.649610545681417
1789911282138340400,42.72234033203125,-0.8401415684182196,-5.77372193288505,-1.6677900043576954
1789911282148349200,42.73234912109375,-1.3307728029429913,-4.870340429764986,0.49504013700820504
1789911282158358300,42.74235815429687,-1.8043781569302082,-5.441273939082026,0.42898762910366056
1789911282168367400,42.75236743164062,-2.3676421545326707,-6.174520993858575,-1.5112904058739542
1789911282178376200,42.762376220703125,-2.499026308721304,-7.676959107974171,-2.9685607600077986
1789911282188384300,42.77238427734375,-0.9033540305912494,-6.947966203510761,-2.597787127202749
1789911282198393300,42.78239331054687,1.6282757400929926,-3.5733746193557976,-3.9173336027324197
1789911282208402400,42.79240234375,3.6579531832277774,-1.739731789496541,-3.9110041074499486
1789911282218411300,42.802411376953124,4.32990902621746,-3.8519939923375843,-2.315412201079726
1789911282228420400,42.81242041015625,4.372447606739401,-5.770718659415841,-1.2737927323535083
1789911282238429200,42.82242919921875,2.7709523215442893,-6.673669369903206,-0.06250701731741427
1789911282248438300,42.83243823242187,0.7126986992012709,-7.537374696195125,0.010965338389575481
1789911282258447000,42.842447021484375,-1.3538579104542732,-8.290633442386984,-1.302937578295171
1789911282268455200,42.852455078125,-2.7471190260142087,-6.854359114530682,-1.321670043554902
1789911282278464300,42.86246435546875,-3.985771763664484,-5.558895525377989,-0.7833277212411165
1789911282288473300,42.87247338867188,-4.205244535672664,-6.543532000905275,-0.8864911585956812
1789911282298482200,42.882482177734374,-5.273742951235175,-7.112436050221324,0.06113280635476112
1789911282308491300,42.8924912109375,-3.472887707734108,-5.555007285767793,3.0157769769519565
1789911282318500400,42.902500244140626,-1.150144579244405,-5.500853086254001,6.16168080150783
1789911282328509400,42.912509521484374,-0.5490785281226038,-5.112995924440026,7.977007053431868
1789911282338518300,42.92251831054688,-1.3401691384501755,-2.298233687263727,10.057877508187293
1789911282348526300,42.9325263671875,-0.5655560540623963,0.38622459217607974,12.686149790024757
1789911282358535200,42.94253515625,0.7061708318024873,0.9701800801515579,13.807265112531184
1789911282368544300,42.95254418945313,-0.2901423452541232,0.87386723934412,12.663063513469694
1789911282378553300,42.96255322265625,-1.8186891524858773,0.5584428610563278,9.85983915387392
1789911282388562200,42.97256225585937,-3.5314217297673225,-0.38431028298735614,6.804248052927851
1789911282398571300,42.9825712890625,-4.839740124318003,-0.6996639341264963,5.174050989383459
1789911282408580400,42.992580322265624,-3.7390754691660404,-0.375599153265357,3.7383904095113274
1789911282418589400,43.00258935546875,-0.9224082751512527,-1.1279787785351276,3.4303719235658643
1789911282428598300,43.012598388671876,2.368516599279642,-1.646602254900336,3.331494200706482
1789911282438606300,43.0226064453125,4.631808737021684,-1.0294237117588518,2.6353724692314864
1789911282448615400,43.03261547851562,6.3237137764602895,-0.19062194057703016,2.8440882849037648
1789911282458624300,43.04262426757813,7.069259756317734,0.6436819346636533,3.614031623914838
1789911282468633000,43.05263305664062,7.887509153336286,1.621093135112524,3.0922908923119303
1789911282478642200,43.06264208984375,9.783609316152333,2.150730172923207,2.6328929273754356
1789911282488651300,43.0726513671875,10.93223457687497,2.2592595212250948,2.5168904667139054
1789911282498660400,43.08266040039062,12.06287526809573,3.08306012263,1.9368921919316053
1789911282508669400,43.09266943359375,12.456958757078647,4.201883534806966,0.9013549657285213
1789911282518677200,43.10267724609375,10.916209324747323,5.059938872513174,-1.1598755535334349
1789911282528686300,43.112686279296874,8.980243600010871,5.124034620326757,-2.918201568862796
1789911282538695400,43.1226953125,7.740736291357875,4.588738826102018,-5.416649785435199
1789911282548704500,43.13270458984375,7.497693258669972,3.391014895689487,-8.399631577244401
1789911282558713000,43.14271313476563,8.074475494015216,2.520133978679776,-10.526820715582371
1789911282568722200,43.15272216796875,9.106561118459702,3.531514084225893,-10.882854167634248
1789911282578731300,43.16273120117187,10.13792778097987,4.109935318949819,-10.256845252305268
1789911282588740400,43.172740234375,10.97669798797965,4.301680126076937,-8.56466665662229
1789911282598748200,43.182748046875,10.389247643625735,4.6720355334699155,-7.794138795721531
1789911282608757200,43.19275732421875,7.889643242755532,3.6186867562443017,-9.254749107933044
1789911282618766300,43.20276635742187,4.162391482374072,2.668976048147678,-11.551672297120094
1789911282628775400,43.212775390625,0.8907017620280384,1.95512342967093,-14.006052823907137
1789911282638784300,43.2227841796875,-1.0174506576314568,1.2094897715300321,-15.420697503757475
1789911282648793300,43.23279345703125,-2.0505282157227396,0.500118097859621,-15.375446157145499
1789911282658802200,43.24280224609375,-2.538866736200452,0.1360486388683319,-13.790947599458693
1789911282668811300,43.25281127929688,-2.987501315060258,0.6703378863990307,-10.898874743586777
1789911282678820400,43.2628203125,-3.158055450120568,1.5869237390071154,-7.6105977533161635
1789911282688828200,43.272828125,-2.242354563653469,2.934426727476716,-4.213867402589321
1789911282698837200,43.28283715820312,-0.3541834402710199,1.134718315923214,-3.7644834666669365
1789911282708846300,43.29284643554688,2.327991696667671,-0.17573825969994067,-4.809180735403299
1789911282718855400,43.30285546875,5.292967291665077,0.6601672055184841,-5.388082447120547
1789911282728864300,43.3128642578125,6.365241134113073,-1.766836069521308,-7.278695118436217
1789911282738873300,43.322873291015625,3.3080063576132055,-4.751433187572657,-9.820742822760343
1789911282748882200,43.33288208007812,-1.4126672422975302,-6.886296806061267,-11.018916835027932
1789911282758891300,43.34289135742188,-3.2902684563487767,-7.989928494325279,-10.83322358302474
1789911282768899300,43.3528994140625,-2.72475463399291,-7.517252530142664,-8.911180000656843
1789911282778908200,43.362908203125,-1.7942302724033594,-6.704260322999954,-6.481361083674431
1789911282788917200,43.37291723632813,-1.5653519586682318,-6.328768721762299,-4.241528147453069
1789911282798926300,43.38292626953125,-2.4677865363270044,-5.865414712676405,-2.6493349436104294
1789911282808935200,43.39293505859375,-2.826366165730357,-4.283654055520892,-0.9354169559367
1789911282818944300,43.4029443359375,-2.895062100815773,-3.385865842363238,0.6761676154658198
1789911282828953300,43.412953369140624,-3.4586844103366134,-4.338639737422764,0.8193015364199876
1789911282838962400,43.42296240234375,-3.6761844209671017,-6.246040754193067,-0.312934899559617
1789911282848970200,43.43297021484375,-4.265640844446421,-7.232830608361959,-1.8062635322853922
1789911282858979300,43.442979248046875,-4.12143929426074,-7.267113401713967,-2.336170473078638
1789911282868988200,43.45298828125,-3.263596138000488,-6.510442216730118,-1.5873587694235145
1789911282878997200,43.462997314453126,-1.5475252100765704,-5.833847023501992,-0.1163684809623286
1789911282889006300,43.47300634765625,-0.02815992655754089,-4.84804559584856,1.4772969508573413
1789911282899015200,43.48301513671875,0.6003495734155178,-3.572108837203681,3.732529116262495
1789911282909024300,43.493024169921874,-0.2600140412330627,-4.093852199155092,5.189366631937027
1789911282919033300,43.50303344726562,-0.9688128834515809,-6.115578975546359,4.416305160905421
1789911282929042400,43.51304248046875,-1.72085991576612,-3.909185075329244,3.5243189120247957
1789911282939050200,43.52305029296875,-2.556626264774799,-4.88771475841403,2.7537381518930193
1789911282949059300,43.53305932617187,-4.351639796510338,-6.919360871273279,1.4005647165715693
1789911282959068400,43.543068359375,-6.4466311310768125,-6.7939680664539335,0.5726077992048114
1789911282969077200,43.5530771484375,-7.3002768356472245,-6.25558365856409,1.0205128216810524
1789911282979086300,43.56308642578125,-6.73787559235394,-4.873044428026676,1.731334401898831
1789911282989095200,43.57309521484375,-5.82846065428853,-3.9681951904416084,2.650464239901304
1789911282999104300,43.58310424804687,-5.194085477152466,-3.2135482047617434,3.615900340396166
1789911283009113300,43.59311328125,-3.8248558100432155,-1.5814388778552413,3.800410520094633
1789911283019121200,43.60312109375,4.601112569984793,-2.71984085072726,5.644550194048882
1789911283029130200,43.61313012695312,0.4840975219070911,-4.7966383569553495,3.2931264761283994
1789911283039139300,43.62313940429687,3.1496155385553837,-1.0894771984443068,4.636901383985578
1789911283049148400,43.6331484375,1.2801818488687275,0.015439561194181441,4.257161769914627
1789911283059157200,43.6431572265625,-0.5086322437047958,-2.3347683511957524,1.1332860911630094
1789911283069166000,43.653166015625,-1.1778852574765681,-3.4378058729588985,-0.7604299529954791
1789911283079174700,43.66317456054688,-2.1495687279283997,-2.931800470626354,-1.653956417055428
1789911283089183700,43.673183837890626,-2.761691741245985,-2.410138064956665,-1.6823844930298626
1789911283099191600,43.683191650390626,-2.7121359754383563,-1.977562640494108,-0.6410472022458911
1789911283109200600,43.69320068359375,-2.231729709264636,-1.4565578219503164,0.5734454921379685
1789911283119209700,43.70320971679688,-1.6290233435899018,-1.4322820433497427,1.0627831066556275
1789911283129218800,43.71321875,-0.7578028193622827,-1.1475503249675034,1.29420701322034
1789911283139228000,43.72322778320312,-0.6629115357905626,-0.9606190556019544,1.061610555744916
1789911283149236700,43.73323681640625,-0.5184317531853914,-1.3206149815440178,0.7761838408358395
1789911283159245800,43.74324584960937,-0.3892711202651262,-1.066274309772253,-0.05700052885562181
1789911283169254700,43.753254638671876,-0.5350210689365863,-1.0777817922145128,-0.5125504400618374
1789911283179263000,43.76326293945313,-1.035889692902565,-1.1509183400958776,-0.5239699519596993
1789911283189271800,43.773271728515624,-1.9273516256481409,-0.9536655832022428,0.027071254537999627
1789911283199280600,43.78328076171875,-2.6153379814624786,-0.6213467687368393,0.8186426341198384
1789911283209289700,43.793289794921876,-2.7794121068537234,-0.4494727832496166,1.3808071460478006
1789911283219298800,43.803298828125,-2.603978967580199,-0.5490174455851317,1.654538308596611
1789911283229308000,43.81330786132813,-2.039531897673011,-0.6223275964677334,1.4850155624106525
1789911283239316700,43.82331665039062,-1.3989438373714684,-0.8566618375211954,1.114247482563555
1789911283249324800,43.83332470703125,-0.9530898291409015,-0.9560983633071184,0.6649092854790389
1789911283259334000,43.843333984375,-0.7948696904748678,-0.9046697893649339,0.26909020487517116
1789911283269343000,43.853343017578126,-0.8689619316458702,-0.8735410761296749,-0.01018675523251295
1789911283279351800,43.86335180664062,-0.6990156993508339,-0.8344009058743714,-0.16769085458368063
1789911283289360600,43.873360595703126,-0.446862893012166,-0.7339221775591374,-0.2246748706959188
1789911283299369700,43.88336962890625,-0.2377279751449823,-0.574582094952464,-0.16824994977116584
1789911283309378800,43.89337890625,-0.2194470530450344,-0.526655391651392,-0.07733706831112504
1789911283319387600,43.9033876953125,-0.41910219490528106,-0.4684644839674234,-0.04356003252416849
1789911283329395700,43.913395751953125,-0.7539975818604231,-0.3321984029561281,-0.10787614509016274
1789911283339404800,43.92340478515625,-0.7737152587652206,-0.34141105245947834,-0.22440803645327687
1789911283349414000,43.93341381835938,-0.6178630182743072,-0.21096856303513048,-0.17682386297956107
1789911283359422700,43.94342260742187,-0.36455636572539807,0.0462064553797245,0.048596711517125364
1789911283369431800,43.95343188476563,-0.07726444146633148,0.21223405292630193,0.1858311991691589
1789911283379441000,43.96344091796875,0.17329788081049918,0.19083178393542766,0.22868951316475866
1789911283389449700,43.97344970703125,0.24023615857362746,0.08251052542626858,0.23181626688316462
1789911283399458800,43.983458740234376,0.030811317849159237,0.04512275179624557,0.09687836573570967
1789911283409466600,43.993466552734375,-0.16805647302567958,0.1559001712858677,-0.07159209491834044
1789911283419475700,44.00347583007812,-0.2858393873631954,0.19342764564752576,-0.15173486829996108
1789911283429484800,44.01348486328125,-0.48650809018015856,0.23078911579251288,-0.13817264528498052
1789911283439494000,44.023493896484375,-0.6211410170316696,0.3066138798445463,-0.05284209400191903
1789911283449502700,44.03350268554688,-0.4894827220767736,0.21558336335420608,0.2010435274787247
1789911283459511800,44.04351171875,-0.179710085940361,-0.08089666048884392,0.41010552624017
1789911283469521000,44.05352099609375,0.5202519543498754,0.30008301677107807,0.7410043909050524
1789911283479530000,44.06353002929688,0.6962509108126163,0.21491233222484588,0.656839376270026
1789911283489537800,44.07353784179688,0.4785100771635771,0.12634323741197584,0.22789558630809187
1789911283499547000,44.083546875,0.3842342951416969,0.17903613220155237,-0.06558671702370047
1789911283509555700,44.0935556640625,0.09504676639437674,0.23196517383456228,-0.23545243142843245
1789911283519564800,44.103564697265625,-0.4243196372926235,0.0702531013995409,-0.3728846336096525
