time,seconds_elapsed,z,y,x
1789324249044786200,0.0627861328125,-0.5928109946042299,-0.5023480488687754,4.361952516210079
1789324249054748400,0.07274853515625,-0.7435439923852681,-1.1035995395600795,2.8633786763072013
1789324249064710400,0.08271044921875,-1.2184651051461697,-2.4429689059346913,2.949238512161374
1789324249074673200,0.092673095703125,-1.7207967874020338,-2.198734033113718,2.769813380642235
1789324249084635100,0.10263525390625,-2.0214473749279973,-1.7912696690320968,2.667758781312406
1789324249094598400,0.112598388671875,-1.7991046004414557,-2.166045815476775,1.960167853578925
1789324249104560400,0.122560302734375,-1.2692542121410368,-2.16756615691185,1.3668152994439005
1789324249114522000,0.132522216796875,-0.8795809408158063,-1.7956179273694752,1.0940725634105504
1789324249124485400,0.1424853515625,-0.3563900104045868,-1.5940408775359391,1.0502203430067747
1789324249134447400,0.152447265625,0.3531710483580828,-1.8295441623687743,1.0168173281639814
1789324249144410400,0.162410400390625,1.2771405814766883,-1.902783586102724,0.51771176834777
1789324249154372000,0.1723720703125,1.3294891928732395,-1.8671996470242738,0.9192788910843431
1789324249164334300,0.182334228515625,1.1747720938920974,-1.9052642970025537,1.5196373784586785
1789324249174297300,0.19229736328125,-1.5949813732564448,0.16892565707564353,-3.8129306867107746
1789324249184259000,0.202259033203125,-4.63388671233952,4.008199868571758,-10.537080243790149
1789324249194222300,0.212222412109375,-1.3871967009544373,6.388079573386907,-10.16786348503828
1789324249204184300,0.222184326171875,-3.187794754824042,2.3703806395858527,-4.807968144743144
1789324249214146300,0.232146240234375,-3.116231155347824,-0.11861001281142235,0.6394353831350803
1789324249224109000,0.242109130859375,0.5805144076108932,0.09160130211561918,0.5669327492430806
1789324249234071300,0.2520712890625,3.9524107613325117,0.915508871026337,2.1124355135813353
1789324249244034300,0.262034423828125,2.6724574605226517,1.585443145060539,2.7052982383728024
1789324249253996300,0.271996337890625,2.3390613722145557,1.0256371789574623,2.7890818524748084
1789324249263958300,0.281958251953125,0.6669622724860906,0.1610565311357379,1.2494698997408151
1789324249273921300,0.29192138671875,-0.37912498930394645,-0.18115443952977656,0.3424190604582429
1789324249283883300,0.30188330078125,-0.4610001394361257,0.0637175621509552,1.3023723456278442
1789324249293846300,0.31184619140625,-0.3431605264753103,0.013460954597592353,3.93773692381382
1789324249303808300,0.321808349609375,0.048045361244678494,0.12747194918096064,3.5435964439466594
1789324249313770200,0.331770263671875,-0.30437223839759825,0.5635989286452532,2.607576407550275
1789324249323733200,0.341733154296875,-0.25187866557240485,-0.5417310879692435,1.7951880115196108
1789324249333695200,0.3516953125,-0.39572541097104547,-2.139695276428759,1.5569439035460353
1789324249343658200,0.361658203125,-1.524601430606842,-2.031484492556751,1.1581463916532695
1789324249353620200,0.3716201171875,-1.6318085903942583,-0.43451925200670954,-0.023863471472635865
1789324249363582500,0.38158251953125,-2.153582055222988,1.385610016284883,-1.5589013212241232
1789324249373545200,0.391545166015625,-1.7517881379932163,2.8415935454785823,-5.687791369882226
1789324249383507200,0.401507080078125,-1.1923434064179659,2.484232936476171,-6.673411011227965
1789324249393470200,0.41147021484375,-2.4411703320801257,0.202752231092751,-1.4502742116361855
1789324249403432400,0.421432373046875,-1.759454142576456,-0.6906982451215385,0.007924838182516396
1789324249413394200,0.431394287109375,-1.1511410429358482,-1.6442705970823763,0.8819523461222648
1789324249423357200,0.441357177734375,-0.03810089033544063,-1.4151406466737388,1.0552447470400481
1789324249433319400,0.4513193359375,5.398289952880144,-0.26847762593477964,2.131751916208863
1789324249443282400,0.461282470703125,4.852964347550273,-0.5375697305060922,2.7855247445151208
1789324249453244200,0.471244140625,1.5057050069570541,-1.9452796426571906,2.1281626595452425
1789324249463206400,0.481206298828125,3.7317549170196056,-2.077762551867962,0.4512171426989138
1789324249473169400,0.49116943359375,4.862397946327924,-2.463893036019802,1.1412968175306915
1789324249483131100,0.501131103515625,3.8900118805646895,-2.208091205654293,0.4300860918648541
1789324249493094100,0.51109423828125,3.3200977774232623,-1.2879438611723482,-1.6573470824070273
1789324249503056400,0.521056396484375,3.020173166084289,-0.6983136885613203,-2.0147873325169083
1789324249513018400,0.531018310546875,2.7899919530570507,-0.26270927166640756,-1.7114257324665785
1789324249522981000,0.540981201171875,3.031917379891872,0.11764949721619486,-1.448855430879444
1789324249532943400,0.550943359375,3.0318045671671627,0.8629507085323334,-1.0128827651940286
1789324249542906400,0.56090625,1.9681629439860582,1.0536804933980106,-0.31984803994894023
1789324249552868400,0.570868408203125,0.4727425996780395,0.4806652093708515,0.01664762180969119
1789324249562830300,0.580830322265625,-0.19111001635491848,0.20518603411093353,-0.5189829573273659
1789324249572793300,0.59079345703125,-0.014052490749955177,-0.05155819167122244,-1.02833620878309
1789324249582755300,0.60075537109375,0.191008309546113,-0.5684412541098892,-0.44197015253454447
1789324249592718300,0.61071826171875,0.42462943389415736,-1.314811409831792,0.8354217733547091
1789324249602680300,0.620680419921875,1.2889789033085106,-1.0254521777793764,-0.06408464189767837
1789324249612642300,0.630642333984375,1.209724749329686,-1.3129974922776222,0.3835013046920299
1789324249622605300,0.640605224609375,0.9081424339115619,-1.7491110277384518,0.5728691535547376
1789324249632567000,0.650567138671875,0.7530775444060563,-1.7327207416906951,-0.04336334090828895
1789324249642530300,0.6605302734375,0.2018751559972763,-1.692492776198685,-0.29515725080668925
1789324249652492300,0.6704921875,-0.28275369630753994,-1.937681588743627,-0.37477263931334015
1789324249662454300,0.680454345703125,-0.7438578806400299,-2.4188757904246447,-0.3446253383308649
1789324249672417300,0.690417236328125,-0.9274386705338954,-2.7458719485625624,0.09322744201272726
1789324249682379300,0.700379150390625,-0.9162930071413516,-2.5965327432274816,0.5811091586336493
1789324249692342300,0.71034228515625,-0.8963935439288616,-2.225011506925523,0.9414186805695295
1789324249702304300,0.72030419921875,-1.084926403272152,-2.267768698634207,1.1141279478371142
1789324249712266200,0.730266357421875,-1.318902332407236,-2.622325063870847,0.9997703317731619
1789324249722229200,0.740229248046875,-1.5848095233321189,-3.3369796463802457,0.7953928375661372
1789324249732191200,0.750191162109375,-1.7539333333283662,-3.8662335300922392,0.5330670122593641
1789324249742154200,0.760154296875,-2.3027327522486445,-3.9210678208246823,0.5556278036355972
1789324249752116200,0.7701162109375,-3.30020299038589,-4.077370435431599,0.7919079180598259
1789324249762078200,0.780078125,-3.5113130077183246,-3.9101235252231357,-0.24349603715240953
1789324249772041200,0.790041259765625,-3.1140029579043387,-3.1953383020713924,-1.1267056898593901
1789324249782003200,0.800003173828125,-2.3613012610733506,-2.336652849768102,-0.7097083582788706
1789324249791966200,0.80996630859375,-0.43779140554517504,-2.2225334263741967,-0.9560147766768932
1789324249801928200,0.81992822265625,0.13848551062643527,-3.3315555755048987,-0.6189706872552633
1789324249811890400,0.829890380859375,-0.24848785409033297,-4.529414822734892,-0.016628478717803954
1789324249821853200,0.839853271484375,-0.5412240152299403,-5.194892701882123,-0.3484451888799667
1789324249831815200,0.849815185546875,-0.9061842855811119,-4.961687757119536,-0.940142084762454
1789324249841777400,0.85977734375,-1.7901736904889345,-4.605836383636295,-1.3755413344740868
1789324249851740400,0.869740478515625,-1.8544582388728856,-4.189776332905888,-1.6266735655933617
1789324249861702100,0.8797021484375,0.07934533939361572,-3.0155344003677365,-2.017613495853543
1789324249871665200,0.8896650390625,0.12491349686980247,-2.3500267106041313,-1.962131847128272
1789324249881627400,0.89962744140625,1.6417828719198704,-2.0458657768696544,-2.228555755403638
1789324249891589000,0.909589111328125,3.309408625626564,-2.3092060399159786,-2.2019424737662074
1789324249901552000,0.91955224609375,2.965963436990976,-3.2727225705251097,-1.2562743190586567
1789324249911514400,0.929514404296875,1.7463234428465366,-4.2322862718552345,0.006609773528575897
1789324249921477400,0.939477294921875,0.7003133379459381,-4.093817127841711,1.4674644158899783
1789324249931439000,0.949439208984375,0.5119844402095303,-3.3977538485556837,2.2713743219107387
1789324249941401300,0.9594013671875,0.817291877098009,-2.6691841379404067,2.6567110253363846
1789324249951364400,0.9693642578125,0.9207949216704815,-1.7379973669193685,2.8267537037432193
1789324249961326300,0.979326416015625,1.0783515549264848,-0.6456438823863864,2.856491839402914
1789324249971288300,0.989288330078125,1.971291743531078,0.5116133053421974,3.2007945216506717
1789324249981251300,0.999251220703125,0.7810333266936242,1.03049952429682,5.011561502835154
1789324249991213300,1.00921337890625,-0.16858546533584592,0.9824819278419017,5.329603954666853
1789324250001176300,1.01917626953125,-0.3389318028643727,1.4088210882633925,5.11395863199234
1789324250011138300,1.02913818359375,-0.6137909465298056,1.8844167392849922,5.187433618047833
1789324250021100300,1.039100341796875,-1.1031050340414046,2.0286708964407443,5.285089690157771
1789324250031063300,1.049063232421875,-1.9758213497847317,2.1894804670780896,5.732255950030684
1789324250041025300,1.059025390625,-2.7762922212675214,3.197709415116906,6.368112890157104
1789324250050987300,1.0689873046875,-3.4439413069739935,4.253659314751625,6.637396279516816
1789324250060950300,1.0789501953125,-4.3121702481701965,4.496125424334407,6.79265113863647
1789324250070912300,1.088912353515625,-4.6162850046753885,4.443645295512676,6.888858180981874
1789324250080875300,1.098875244140625,-4.183513180857896,4.639828961870074,6.710588356977701
1789324250090837200,1.108837158203125,-3.969745634754002,4.442218477579951,6.372248382526636
1789324250100799200,1.11879931640625,-3.8796182045832275,4.265501728236675,6.0778217840820545
1789324250110762200,1.12876220703125,-3.896762231607735,4.66870785035193,6.028871582952141
1789324250120724200,1.13872412109375,-4.138274109205604,4.912720020332932,5.668292888686061
1789324250130686200,1.148686279296875,-4.182253536185622,4.925298931398988,5.169685195389389
1789324250140649200,1.158649169921875,-4.081008207412064,4.581590123391151,4.371826259970665
1789324250150611200,1.168611083984375,-3.6537343964889644,4.097807658782601,3.1058851179003715
1789324250160574200,1.17857421875,-3.335494376258552,4.009681047040224,1.7520143479645252
1789324250170536200,1.1885361328125,-3.3840403805017467,4.1850650864750145,0.7593307595819234
1789324250180498400,1.19849853515625,-3.406840241330862,4.105411704045534,-0.07174012508690357
1789324250190461200,1.208461181640625,-4.110417841769754,3.6450767505198716,-0.39384792666137214
1789324250200423200,1.218423095703125,-4.2369884581968185,2.1765993581950664,-0.5995791735649109
1789324250210385400,1.228385498046875,-3.690927232068777,0.7442655846580862,-1.0606851114630698
1789324250220348400,1.238348388671875,-3.1121698972582816,0.581710339397192,-1.7292232549637554
1789324250230310100,1.24831005859375,-2.882389081725478,0.8952224543228745,-1.8097504976183174
1789324250240273200,1.258273193359375,-2.835061513361335,0.9073933691099285,-0.7149883445084094
1789324250250235400,1.2682353515625,-2.462104399037361,0.786849757887423,0.5007581493288278
1789324250260197000,1.278197021484375,-1.066482984086871,0.39586628074645996,1.3111398817121982
1789324250270160100,1.28816015625,1.2223976953547446,0.0788821057960391,1.9374808054745196
1789324250280122400,1.298122314453125,2.731907428357005,-0.7376873753115535,2.129083573782444
1789324250290084400,1.30808447265625,3.7103199148029087,-1.8690373838454484,1.6921522921979426
1789324250300047000,1.318047119140625,3.9490409926384684,-2.4825644187420606,1.4278022675871849
1789324250310009300,1.32800927734375,3.56337403434515,-1.9230381463631987,1.2589151889562606
1789324250319972400,1.337972412109375,2.332867193749547,-1.6245006054684519,0.7898942401498555
1789324250329934300,1.347934326171875,0.7592839978307485,-1.218324235370755,0.45573651981949803
1789324250339896800,1.357896728515625,-0.5122766646217555,-0.4615785238459706,0.7272989600270986
1789324250349859800,1.36785986328125,-0.5222427628409118,0.7799009616628289,0.8940233076661824
1789324250359821800,1.37782177734375,-3.1979058144718406,1.0403215378701687,1.390656486019492
1789324250369783800,1.38778369140625,0.6668482907176018,2.2841376496329904,-1.971846600934863
1789324250379746800,1.397746826171875,3.025573563823104,2.90227539319545,-1.8589041123658419
1789324250389708800,1.407708740234375,1.3312211312323807,0.42108840028643607,0.17358546558022497
1789324250399671800,1.417671875,2.8373183523774146,-2.9400992201551794,0.737111913511157
1789324250409633800,1.4276337890625,3.41825770740211,-4.740037641072273,2.2001672807872295
1789324250419595800,1.437595703125,2.6686691741555926,-5.381427665406465,1.4692454540878535
1789324250429558800,1.447558837890625,1.2034849781572818,-3.9486829729810355,0.3508960891634226
1789324250439520800,1.457520751953125,-0.9262152662187814,-2.2770707799866794,-0.39709845288991924
1789324250449483000,1.46748291015625,-2.6512720491528508,-0.9300888927817345,-0.8180857308894396
1789324250459445800,1.47744580078125,-3.036949528840184,-0.19610534042418,-0.7607336121171713
1789324250469407700,1.48740771484375,-2.625820212510228,0.15140256760567425,-0.8397574644714594
1789324250479370800,1.497370849609375,-2.2333301301985977,-0.7833855889081954,-0.5944827272087335
1789324250489333000,1.5073330078125,-0.8662205239832401,-3.440081416675448,0.34881694480180736
1789324250499294700,1.517294677734375,1.222265739538148,-5.26049125547409,1.1123077466726303
1789324250509257700,1.5272578125,3.120332160925865,-4.827127603243291,1.55479958499372
1789324250519220000,1.537219970703125,3.6224843949615955,-5.021888251060247,1.824792583927512
1789324250529181700,1.547181640625,2.159572235548496,-5.01906734842062,1.6910358553886413
1789324250539144700,1.557144775390625,0.15058507721032946,-3.186295456176996,1.8581851504415272
1789324250549107000,1.56710693359375,-1.0101970332413912,-0.6647483958289027,0.9969009138166904
1789324250559070000,1.577070068359375,-1.2909276992887257,0.2576195473119616,-0.16052257038950918
1789324250569031700,1.58703173828125,-1.61662446526587,0.6085191436067223,-0.44152387007176874
1789324250578994000,1.596993896484375,-1.9975410141617058,0.8843778197035193,-0.7887754652529955
1789324250588957000,1.60695703125,-2.1130518919140098,1.1796247946202754,-1.0399866068273782
1789324250598919000,1.6169189453125,-2.203961412373185,1.4043603094622492,-1.119216210886836
1789324250608880600,1.626880615234375,-2.4353543392777444,1.1510305682986974,-0.8351660450279712
1789324250618844000,1.636843994140625,-2.3027374284237623,0.5079693958818913,-0.03279693870842457
1789324250628806000,1.646805908203125,-1.7258517327040432,0.17089578810483216,0.08557108204066753
1789324250638769000,1.656768798828125,-0.7786983078747988,0.006844751328229904,-0.11152443846464156
1789324250648731000,1.66673095703125,-0.3202852623224258,0.020937574088573455,0.4355471337497234
1789324250658692900,1.67669287109375,-1.3310609722346067,0.5098807824611663,0.31078035187423225
1789324250668655900,1.68665576171875,-1.701570108884573,0.5532312638878822,-0.39589083066582675
1789324250678617600,1.69661767578125,-0.4672364034771919,1.0304951403826474,-0.24048165776729583
1789324250688579800,1.706579833984375,0.8894728047549724,1.8520266278117894,-0.40660687046945093
1789324250698542800,1.71654296875,2.629029822206497,1.7306056492328643,-0.7127052020072937
1789324250708504800,1.7265048828125,0.979350059556961,2.4245219796180724,-0.2135305224776268
1789324250718467800,1.7364677734375,0.6010450813990086,2.9123171869993207,0.434302102124691
1789324250728429800,1.746429931640625,1.241239100881666,2.4301316361933947,0.8911673337131738
1789324250738391800,1.756391845703125,1.179749736174196,2.005433813238144,0.8892524400025605
1789324250748354800,1.766354736328125,1.4396318215906618,1.6466209596008061,0.7135615265756845
1789324250758316800,1.77631689453125,0.8320937979757785,1.0261854604899883,0.18409166202545166
1789324250768278800,1.78627880859375,1.0616884432867169,0.13018120813965797,-0.04814794483631849
1789324250778241800,1.79624169921875,2.805133408087492,1.3866355599403382,1.442576642870903
1789324250788203800,1.806203857421875,4.201285861174762,4.068773871999979,3.05938318670541
1789324250798166800,1.816166748046875,4.818410628302395,3.380465444624424,1.5144915400028227
1789324250808128800,1.826128662109375,5.294141011619567,3.774125155237317,0.4124528200186789
1789324250818091000,1.836091064453125,4.602933355671167,4.346978234440088,0.045113253315538164
1789324250828053800,1.8460537109375,2.590221075862646,3.3710353529781103,-0.5877148405089974
1789324250838015700,1.856015625,1.2458652993775903,2.421447979000211,-0.8180071126952767
1789324250847978800,1.865978759765625,2.930086652445793,4.597852691406011,-0.3895192498072982
1789324250857941000,1.87594091796875,2.2429951996445654,3.513098722091317,-1.424154997126013
1789324250867902700,1.88590283203125,2.151325800728798,1.2255389890551567,-2.939122191816568
1789324250877865700,1.89586572265625,2.1855215003192425,-1.0277280137568712,-3.8663030881971117
1789324250887828000,1.905827880859375,2.8859488200336694,-3.654100599452853,-4.150113015559316
1789324250897789700,1.915789794921875,4.193212152573466,-5.087402633500099,-3.3390055992498993
1789324250907752700,1.925752685546875,3.2802205250650642,-7.887707890778779,-2.5709286386325956
1789324250917715000,1.93571484375,1.8309160352438687,-11.772315281951427,-1.736655304660648
1789324250927678000,1.945677978515625,1.9359686473459004,-9.290607187777757,-0.8584211022786795
1789324250937639700,1.9556396484375,0.7648805026635527,-7.5850909716159105,0.033921851085126395
1789324250947602000,1.965601806640625,1.0478811594694852,-5.473410368055105,0.7778136339947581
1789324250957565000,1.97556494140625,1.9126435935989021,-2.6781606406003235,1.7030471956998108
1789324250967527000,1.98552685546875,2.1485236027896404,-0.660105830720067,2.4305796722218393
1789324250977489700,1.99548974609375,1.6535826153069733,0.3694324473291635,2.560817286723852
1789324250987452000,2.005451904296875,1.2279166779719293,1.0708452709496021,2.740720849409699
1789324250997414000,2.015413818359375,0.828121898670122,1.408838623920083,2.6489360074207187
1789324251007377000,2.025376953125,0.23692016589343545,1.3852923286378382,2.3934270225219425
1789324251017339000,2.0353388671875,-0.21701778007149694,0.9539818095445632,2.1350322530537844
1789324251027302000,2.045302001953125,-0.7200386136353015,0.07804185557961464,1.5558527473084627
1789324251037264000,2.055263916015625,-1.4184142615169286,-0.846214677786827,1.0231985536336898
1789324251047225600,2.0652255859375,-2.0610393806040284,-1.6123995410472154,0.5549461780469864
1789324251057188900,2.07518896484375,-2.227583695501089,-1.9426193374067544,0.350057884773612
1789324251067150800,2.08515087890625,-2.0875895338773724,-1.6895663673579693,0.4730076072897762
1789324251077113900,2.09511376953125,-2.7120108877539635,-0.9015589638680219,0.4881671094335615
1789324251087075600,2.10507568359375,-0.3960543506644666,0.536398202508688,0.44012901817988603
1789324251097037800,2.115037841796875,-0.11841828963160514,1.4282915124088524,0.05904416351243853
1789324251107000800,2.125000732421875,-2.3223593898691237,1.509272928571701,-0.444234151943773
1789324251116962800,2.134962890625,-2.718200974565744,1.4771785851746797,-0.6192926857512444
1789324251126924800,2.1449248046875,-2.0101532429754734,1.4957196195155382,-0.5069885681509971
1789324251136887800,2.1548876953125,-1.4281550265476106,1.2836580005466938,-0.11516571757644414
1789324251146849800,2.164849853515625,-1.0521112713199108,1.0662029981017112,0.05013035082519054
1789324251156812800,2.174812744140625,-0.7523438963692635,0.3453653430432081,0.39528175885677336
1789324251166774800,2.18477490234375,-0.29151377973780035,-0.5294815549880266,0.3968124755553901
1789324251176736800,2.19473681640625,-0.09286408859305083,-0.9584194997310638,0.1801649901010096
1789324251186699800,2.20469970703125,0.37459092607088385,-1.0839642802417278,0.3347919265806675
1789324251196661800,2.214661865234375,0.6471078905243426,-0.7508020006895065,1.13123325028643
1789324251206624800,2.224624755859375,0.5580303347326815,0.30997955688536166,1.347616824107617
1789324251216586800,2.234586669921875,-0.10135507275834679,1.629683268803358,1.2564436842761932
1789324251226549000,2.244549072265625,0.13245719024762512,1.3272481359481811,1.2947694694086909
1789324251236511700,2.25451171875,1.4677040698647499,1.0371423233121633,0.8068024125918746
1789324251246473700,2.2644736328125,1.2379891591750085,0.6133551854610443,1.18464262278229
1789324251256436700,2.274436767578125,1.1045474879346788,0.3424474097698927,2.3633605316907165
1789324251266399000,2.28439892578125,1.3976713332176207,0.3292471519351005,2.552345226454735
1789324251276360700,2.294360595703125,1.0143920737784355,-0.340089448466897,2.46837281178236
1789324251286323700,2.30432373046875,0.2021756002485752,-1.4855775802075861,1.863963149321079
1789324251296286000,2.314285888671875,-0.45003275521993635,-2.6688427771568297,0.7314820909306406
1789324251306249000,2.3242490234375,-0.7781669774770736,-3.2821132069438694,-0.8250798275604844
1789324251316210700,2.334210693359375,-1.2814292185813188,-3.3794740954995155,-1.4829694435358047
1789324251326173000,2.3441728515625,-1.4259101702302694,-2.7383611345410346,-1.7066665552407503
1789324251336136000,2.354135986328125,-2.7982015629976984,-1.4183721759408712,-2.523974579755962
1789324251346098000,2.364097900390625,-3.6665380562216043,0.5041781869053841,-5.0276013680100435
1789324251356061000,2.37406103515625,-1.6047253531575203,1.1601742442190646,-5.663612037393451
1789324251366023000,2.38402294921875,-0.17471717302389442,1.0269763186067342,-3.9837209686145183
1789324251375986000,2.39398583984375,0.5865658896695822,0.6205225928723812,-1.8695093852713702
1789324251385948000,2.403947998046875,1.1106062034517525,0.6280395443737506,-0.45306320895701646
1789324251395910100,2.41391015625,2.0820582032352686,1.2366823143601418,-0.2872746808633208
1789324251405873000,2.423872802734375,3.1958149796724316,1.8295494230657814,-0.6495178012102842
1789324251415835000,2.4338349609375,3.7804911831378933,2.2872060972929,-1.1684198022559285
1789324251425798000,2.4437978515625,2.443821723371744,3.7289959737002847,-1.0733861876040696
1789324251435760000,2.453760009765625,-2.743278132677078,3.159213387984037,-1.1996031682878732
1789324251445721900,2.463721923828125,-3.562532322824001,2.1412410445660353,-0.8355603050425648
1789324251455684900,2.473684814453125,-1.81112587762475,1.8270155206739902,0.23661270737946033
1789324251465647000,2.483647216796875,-0.5184196243561804,0.8992378274440764,0.9853995688542723
1789324251475610000,2.493610107421875,-0.003886997501179576,0.4730500581920147,1.4516115977197885
1789324251485571800,2.50357177734375,-0.12316694546341896,-0.18997487484514713,2.041348007184267
1789324251495533800,2.513533935546875,-0.4276397216260433,-0.8369967675864696,2.675125510688126
1789324251505497000,2.5234970703125,-0.5631681360125541,-1.0927321085870265,2.845340915313363
1789324251515458800,2.533458740234375,-0.6880057181019336,-1.0338199008911848,2.2447402897462245
1789324251525421800,2.543421875,-0.8423042263448238,-1.223427111467719,1.113261394135654
1789324251535384000,2.553384033203125,-1.5228174697995185,-1.168043662419915,0.4277762074872851
1789324251545346000,2.563345947265625,-2.127962460798025,-0.6908890915185213,0.1954962686151266
1789324251555308800,2.573308837890625,-2.231843691033125,-0.4108902468770742,0.32622605054825543
1789324251565270800,2.583270751953125,-1.9827987875819204,-0.36224633521735666,0.4276189710989594
1789324251575234000,2.593234130859375,-1.5733622466444968,-0.4705909746021032,0.40608839955329895
1789324251585196000,2.603196044921875,-1.1519313165307044,-0.5358586888045073,0.5441875412106514
1789324251595159000,2.613158935546875,-0.7291209878224879,-0.6371943262100219,0.7675406617835163
1789324251605121000,2.62312109375,-0.3811935392063111,-0.717637397712469,1.0370166511058807
1789324251615083000,2.6330830078125,-0.152753068899177,-0.6080319446116685,1.1190636506736278
1789324251625046000,2.6430458984375,-0.127478305856511,-0.5192115053862333,1.1742048153981566
1789324251635007700,2.6530078125,-0.33752982711195945,-0.37094752806723114,1.2776438548237086
1789324251644971000,2.662970947265625,-0.5875006132364273,-0.13994097013175485,1.5290601635813712
1789324251654933000,2.67293310546875,-0.7811714199900627,0.14663491481244564,1.6838403909265993
1789324251664896000,2.68289599609375,-0.9451813210386782,0.39332711765766143,1.702610557848215
1789324251674857700,2.692857666015625,-1.024063646030426,0.5491425332695246,1.6534586966663598
1789324251684820000,2.702820068359375,-1.0749894580822437,0.6168330907046794,1.6387372206136583
1789324251694783000,2.712782958984375,-1.1086743586063383,0.616604542645812,1.4945888619199394
1789324251704745000,2.722744873046875,-1.1776865200340747,0.578793575167656,1.3698454609200357
1789324251714708000,2.7327080078125,-1.2725590989053248,0.578198531883955,1.1895765720531344
1789324251724670000,2.742669921875,-1.3633376864612101,0.6436573847442865,0.9507964575067162
1789324251734632000,2.7526318359375,-1.4745815544188021,0.6873901434868573,0.9435378646805882
1789324251744595000,2.762594970703125,-1.5982348220944405,0.5922317334115504,0.9083364951789379
1789324251754557000,2.772556884765625,-1.6996236509919165,0.4334902012199163,0.9376385775089263
1789324251764520000,2.78252001953125,-1.7801789506971835,0.2958031474947929,1.017122156329453
1789324251774482000,2.79248193359375,-1.8299170873343944,0.14175941773056983,1.0030798947125672
1789324251784445000,2.80244482421875,-1.8556255290865897,-0.015217442876100539,0.9564446925267577
1789324251794407000,2.812406982421875,-1.8416928653240203,-0.14682196181714535,0.9373200130790471
1789324251804369000,2.822368896484375,-1.7996961365938187,-0.33089725722968577,0.9305573870763182
1789324251814332000,2.832331787109375,-1.8387983129262924,-0.48085342541933057,0.9554451600953936
1789324251824294000,2.8422939453125,-1.974485717266798,-0.5810550903588533,0.915909853042662
1789324251834257000,2.8522568359375,-2.2077111202955244,-0.5760656115084887,0.9113511668249964
1789324251844219000,2.862218994140625,-2.3831413369596004,-0.48488428837060926,0.8278975153297186
1789324251854181000,2.87218115234375,-2.453853288042545,-0.3013894231945276,0.7778533814832568
1789324251864144000,2.882143798828125,-2.4530676906228064,0.0737298375993967,0.6401844479367137
1789324251874105900,2.89210595703125,-2.297525246733427,0.3831032452851534,0.47392830233126876
1789324251884068900,2.90206884765625,-2.035611509358883,0.5651543413937091,0.31073709725439547
1789324251894031000,2.912031005859375,-1.670741255378723,0.5711211408436297,0.02715045725405216
1789324251903993900,2.921993896484375,-1.2758067025244235,0.43047523731291293,-0.2986208352640271
1789324251913955800,2.931955810546875,-0.8995243162352591,0.07983224612772465,-0.6726967244848608
1789324251923918000,2.94191796875,-0.6164952370524406,-0.5469488226175307,-1.1104296778410672
1789324251933881000,2.951881103515625,-0.4973041364174336,-1.4035820185661314,-1.583429174889624
1789324251943842800,2.9618427734375,-0.5977952127575874,-2.229933473497629,-2.0246382799237965
1789324251953805800,2.971805908203125,-0.7214157472074031,-2.8451977074503896,-2.2294366298913952
1789324251963768000,2.98176806640625,-0.7420832721829413,-3.3157577023923395,-2.4529031477108596
1789324251973731000,2.99173095703125,-0.6052572192013264,-3.728699036580324,-2.857093312427401
1789324251983692800,3.00169287109375,-0.7358312260508537,-3.90373762357831,-2.8658786764293906
1789324251993655000,3.011655029296875,-0.8058978649675845,-3.5270144347190855,-2.228311425253749
1789324252003618000,3.0216181640625,-0.5580886407911777,-2.591330498409271,-1.4800824899226426
1789324252013579800,3.031579833984375,-0.09859013808965682,-1.7217027963310478,-1.1784776704117654
1789324252023542800,3.041542724609375,0.2774655267715454,-0.949485667169094,-1.0131535449594258
1789324252033505000,3.051505126953125,0.5706184154858812,-0.2881061632514,-0.8710954365432262
1789324252043467000,3.061467041015625,0.7811527152895927,0.2519149059295654,-0.8344877073749899
1789324252053429800,3.0714296875,0.9177274238586425,0.6797445971697569,-0.592777092334628
1789324252063392000,3.08139208984375,0.8753449106812476,1.078413660377264,-0.26023820537775755
1789324252073355000,3.09135498046875,0.7040496018648147,1.4774866282105446,0.07513415143936872
1789324252083317000,3.10131689453125,0.5713152021110057,1.8208382933437823,0.5924132274582982
1789324252093279700,3.11127978515625,0.6229506968021392,2.0215128413796424,0.9692223410353064
1789324252103242000,3.121241943359375,0.7467220378994941,2.11726687926054,0.9952265508636832
1789324252113204000,3.131203857421875,0.7561234879732132,2.12825121461153,0.9943275561973453
1789324252123167000,3.1411669921875,0.9809737883012741,2.0689643283843995,0.8460255849555134
1789324252133129000,3.15112890625,1.2250385652523488,1.8725316557019949,0.7750175735354423
1789324252143092000,3.161092041015625,1.5034078359305858,1.4203653955847024,0.5666480870828032
1789324252153054000,3.171053955078125,1.8731332748569547,0.8174474329859018,0.28815906248241663
1789324252163017000,3.181016845703125,2.392514729982614,0.22718670738637445,-0.05138210445195436
1789324252172979000,3.19097900390625,2.902095068192482,-0.27541970015764233,-0.3146341046929359
1789324252182942000,3.20094189453125,3.1057506778657435,-0.7013608011722564,-0.44987230396121736
1789324252192904000,3.210904052734375,3.203599642199278,-0.9596879122316837,-0.4457940947368741
1789324252202866000,3.220865966796875,3.1231285136461255,-1.0214233606547116,-0.20854659658521413
1789324252212829000,3.230828857421875,2.8596517647385595,-0.8686743468761443,0.07437807237505913
1789324252222791000,3.240791015625,2.5726199527204034,-0.4911544546812772,0.32952801470309495
1789324252232754000,3.25075390625,2.137567324489355,-0.23033260419666765,0.6800622848168015
1789324252242716000,3.2607158203125,2.003452284032106,0.06384498792290687,0.8307274780586361
1789324252252678000,3.270677978515625,1.7858546582460402,0.2921750201255083,1.040173361571133
1789324252262641000,3.280640869140625,1.5977239499628544,0.4672042547732591,1.186106265594065
1789324252272603100,3.29060302734375,1.4116776467382908,0.5989239245265722,1.321347387471795
1789324252282566000,3.30056591796875,1.2585586306035519,0.7684650831520558,1.411402921450138
1789324252292527900,3.31052783203125,1.0340168117027728,0.9261831175148486,1.5148448834851382
1789324252302491000,3.320490966796875,0.8204734297435731,1.0947142223149537,1.6624878062963484
1789324252312453000,3.330453125,0.6109422791004181,1.2616963441073894,1.7240902759894727
1789324252322414800,3.340414794921875,0.46004912232160566,1.378778416699171,1.8076359896823764
1789324252332377900,3.3503779296875,0.2510136462409049,1.4454302787363529,1.9494506447315214
1789324252342339300,3.36033935546875,0.0032020109117031096,1.4569021053433417,2.173505483832955
1789324252352302300,3.37030224609375,-0.20191143288705496,1.4151485377192496,2.3042846578657628
1789324252362264300,3.380264404296875,-0.44789808127880093,1.2142600546717643,2.5410531403288243
1789324252372227300,3.390227294921875,-0.9311538916647434,0.8577490482360124,2.8191005586415527
1789324252382189600,3.400189453125,-1.5791905144065617,0.6903647753834724,2.890136334851384
1789324252392151300,3.4101513671875,-2.344571660068631,0.7872516166865825,2.7086756058514116
1789324252402114300,3.4201142578125,-2.9015976400643586,0.7607067241102456,2.1519196749687195
1789324252412076500,3.43007666015625,-3.2661656962275503,0.30694238114655015,1.9014134667932987
1789324252422039600,3.44003955078125,-3.3994290882915257,-0.15239303994774817,1.6048814205020665
1789324252432001300,3.450001220703125,-3.282251738631725,-0.4541875368118286,1.0929267543762922
1789324252441964300,3.45996435546875,-3.063880790385604,-0.6912129166454076,0.43368703896626826
1789324252451926500,3.469926513671875,-2.886417022067308,-0.9149000914782285,-0.3336098771892488
1789324252461889500,3.4798896484375,-2.8069559473395347,-1.0297738403707741,-0.8978381897792219
1789324252471851300,3.489851318359375,-2.725039880675077,-1.0497089594185351,-1.127249002955854
1789324252481813500,3.4998134765625,-2.568223179066181,-1.0240081164509058,-0.5435241088658571
1789324252491776500,3.509776611328125,-2.391623334100842,-0.9113321698635816,0.8671972600609064
1789324252501738200,3.51973828125,-2.1263275530725716,-0.8007564104259014,1.8755346369102597
1789324252511701200,3.529701171875,-1.7718541899442672,-0.8774865988850593,2.210095677344501
1789324252521663500,3.53966357421875,-1.3581594070404768,-1.221135201138258,2.20637724134326
1789324252531625500,3.54962548828125,-1.0217501814562826,-1.8069599901169537,2.1237559490188955
1789324252541588200,3.559588134765625,-0.7745570433516055,-2.4952315926134583,2.0804266565106806
1789324252551550500,3.569550537109375,-0.5109171397715807,-3.2207822476685046,1.9197865972213446
1789324252561513500,3.579513427734375,-0.33138014537580307,-3.9856735639870164,1.8570250206209717
1789324252571475500,3.589475341796875,-0.1344413132695481,-4.698662843632698,1.7450019849844276
1789324252581438200,3.599438232421875,0.12655366529226303,-5.222033806785941,1.508298092190176
1789324252591400400,3.609400390625,0.3908352643093094,-5.449356123250722,1.07671956981048
1789324252601362400,3.619362548828125,0.6977057857960463,-5.307321980232,0.458956504779309
1789324252611325400,3.629325439453125,0.9417647175282239,-4.889582890373468,-0.07630246456637978
1789324252621287400,3.639287353515625,1.0957090785712003,-4.069147966009378,-0.2635243874415755
1789324252631250400,3.64925048828125,1.1439449939519166,-2.858901238632202,-0.07849778265357017
1789324252641212400,3.65921240234375,1.1747171488344668,-1.676536205393076,0.19018281850740312
1789324252651175400,3.669175537109375,1.1965420271515845,-0.6687462332934141,0.3572043955273926
1789324252661137400,3.679137451171875,1.3036813823997975,0.18284370779097078,0.3248480401933193
1789324252671100400,3.689100341796875,1.4753881946265697,0.8751759838551283,0.11154928064495324
1789324252681062400,3.6990625,1.7912006954491138,1.452849030560255,-0.27939737161695954
1789324252691024400,3.7090244140625,2.180835388329625,1.8986480937331913,-0.7356757432281971
1789324252700987400,3.7189873046875,2.475509824055433,2.2423773600071666,-1.2835270676434039
1789324252710949400,3.728949462890625,2.7167460995823145,2.409022797191143,-2.0046289265960455
1789324252720912400,3.738912353515625,2.690750657582283,2.4077198978990313,-2.7065909085318443
1789324252730874400,3.748874267578125,2.3564859697461125,2.383324876832962,-3.1365789468497036
1789324252740837400,3.75883740234375,1.5737680509664118,2.429028643387556,-3.1236507839545604
1789324252750799400,3.76879931640625,0.3569283550649881,2.638955588415265,-2.636922621282935
1789324252760761600,3.77876171875,-0.6591559826493263,2.879897264909744,-2.136334129432589
1789324252770724400,3.788724365234375,-1.1689280440390108,3.045587593325972,-1.931716396728903
1789324252780686300,3.798686279296875,-1.1148077467948199,3.0057389825403686,-1.998028067026287
1789324252790649300,3.8086494140625,-1.0287047498345374,2.8519419210135935,-2.115104002138227
1789324252800611600,3.818611572265625,-0.7947745595373212,2.5744834085047246,-2.1887346171468494
1789324252810574300,3.82857421875,-0.7778257628239691,1.7822136713951826,-1.8319604297302663
1789324252820536300,3.838536376953125,-1.1937485970407724,0.17896248244345186,-0.5320094660304486
1789324252830499300,3.848499267578125,-1.1837258001983164,-1.288245328336954,0.2054746417939663
1789324252840461600,3.858461669921875,-1.021576651520282,-2.0801783808380363,0.03631488370150327
1789324252850423300,3.86842333984375,-1.2850181829839944,-2.4053537532895803,-0.2784897552527487
1789324252860386300,3.87838623046875,-1.468212603908777,-2.1645003396004436,-0.4648283194221556
1789324252870348500,3.8883486328125,-1.450230372494459,-1.6192536447256802,-0.25287498313337564
1789324252880311600,3.8983115234375,-1.0651292313903569,-0.6775023712009192,-0.14888634700104594
1789324252890273300,3.908273193359375,-0.5154501070261002,0.5466022011369467,-0.05043196412026882
1789324252900236300,3.918236328125,0.017182605469226835,1.9121885433077812,0.005295476059615611
1789324252910198500,3.928198486328125,0.43488662401437755,3.142171067768335,0.1942474375978112
1789324252920160300,3.93816015625,0.6886136208672076,4.053157785195112,0.5572613961867988
1789324252930123300,3.948123291015625,0.8355356089927256,4.7224873713344335,0.8160086323544382
1789324252940085500,3.95808544921875,1.0330091690301895,5.089169058650731,0.8814562331683933
1789324252950048500,3.968048583984375,1.0852208561740815,5.131198520606756,1.038751658204943
1789324252960010200,3.97801025390625,1.1283693852879106,4.901229489025473,1.3768617694228886
1789324252969973200,3.98797314453125,1.168209958897531,4.486127177411317,1.7182576243132353
1789324252979935500,3.997935546875,1.0226745297595858,3.862377439185977,2.054395120283961
1789324252989898500,4.0078984375,0.5407403233662247,3.0094138716608283,2.5065982052803037
1789324252999860200,4.017860107421875,-0.37691052812486886,2.1365163541316985,2.823589102232456
1789324253009822500,4.027822509765625,-1.6035542635515332,1.1018179168403148,2.691917947795987
1789324253019785500,4.037785400390625,-2.8247207366108893,-0.2540788059651852,1.739852785527706
1789324253029747500,4.04774755859375,-3.726452134436369,-1.8064584703356026,0.5613008808359503
1789324253039710200,4.057710205078125,-4.349598061549663,-3.252090993645787,0.0035248861905187367
1789324253049672400,4.06767236328125,-4.769434415948391,-4.341159319028258,-0.010360431298986077
1789324253059635500,4.077635498046875,-4.971399588316679,-4.720048161488771,0.19047507945224643
1789324253069597400,4.087597412109375,-4.438656985706091,-4.204309885171056,0.31797398970536883
1789324253079560200,4.097560302734375,-3.0762568723559376,-3.060547262048721,0.4272431965891272
1789324253089522400,4.1075224609375,-1.781111701502651,-1.7537094614446163,0.7633616955984384
1789324253099484400,4.117484375,-0.7092040620185435,-0.6012889000922441,0.5922303451720625
1789324253109447400,4.127447509765625,0.21054113140329717,-0.14056465498805046,0.08023213216550648
1789324253119409400,4.137409423828125,1.1767606373608113,-0.6461123766809701,-0.9001126375172287
1789324253129372400,4.147372314453125,2.1510545825719833,-1.660905505540967,-1.7512011318854988
1789324253139334400,4.15733447265625,2.759348977512121,-2.5692022532314063,-2.3092367273151875
1789324253149297400,4.16729736328125,2.887698294049501,-3.4264088651537894,-2.477491353261471
1789324253159259400,4.17725927734375,2.4278996393576264,-4.4300072307825085,-2.530186001616716
1789324253169222400,4.187222412109375,1.5883388665020466,-5.3711880109429355,-2.6517332369238136
1789324253179184400,4.197184326171875,0.15074235013127327,-5.371660304629803,-2.989720160153508
1789324253189146400,4.207146484375,-2.5239058984339238,-4.791429974657297,-3.404255193273723
1789324253199109400,4.217109375,-4.4345361063838,-3.4701059680610893,-2.426615444765985
1789324253209071400,4.2270712890625,-3.358821768093109,-1.7061983532071112,-0.4738067217782139
1789324253219034400,4.237034423828125,-1.1348328822135925,-0.36339199812114237,-0.1616243941515684
1789324253228996400,4.246996337890625,0.8614017255246639,0.37034313243329525,-0.5136632236093283
1789324253238959400,4.25695947265625,1.8908852046467364,0.9078817371487617,-0.3793298642262816
1789324253248921300,4.26692138671875,2.12209254585132,1.382799342778325,0.04258841101303697
1789324253258884400,4.27688427734375,2.2141490443885323,1.8104799809366463,0.6165219789288938
1789324253268846600,4.2868466796875,2.2576142382360995,2.0509826814919707,0.8166084979437291
1789324253278809300,4.296809326171875,2.240433824723959,2.082045928275585,0.875418852700293
1789324253288771300,4.306771240234375,2.229949693980068,1.9345067580997943,0.9816574597164988
1789324253298733600,4.316733642578125,2.2805272040508684,1.5799240893781183,0.8812371835902333
1789324253308696600,4.326696533203125,2.3265127101562917,1.0905337217599154,0.8125679903812706
1789324253318658300,4.336658203125,2.586421683579683,0.6179542036890984,0.7626276091702282
1789324253328621300,4.346621337890625,2.7959225121498106,0.2654676304638386,0.6630930298373102
1789324253338583800,4.356583740234375,2.915716766309738,0.055116322544217104,0.579390079756081
1789324253348546800,4.366546875,2.9022762699782847,-0.15207915169298647,0.6685910427317023
1789324253358508500,4.376508544921875,3.0407810698270796,-0.2723509602367878,0.6900688611768185
1789324253368471600,4.386471435546875,3.165252668148279,-0.33116613729894157,0.7877233258515596
1789324253378433800,4.396433837890625,3.0531834552824497,-0.213625215023756,0.9208845727153122
1789324253388396800,4.406396728515625,2.768571563887596,0.06926935105919838,0.9281605550676584
1789324253398358500,4.416358642578125,2.558693134176731,0.37451661872565745,0.7123977434933185
1789324253408320800,4.42632080078125,2.332775277682394,0.7232844636887311,0.5553910722702742
1789324253418283800,4.43628369140625,2.136870428266376,1.0143816254496574,0.4930673025652766
1789324253428245800,4.446245849609375,1.9594272643446922,1.2454168249577282,0.5352135227687657
1789324253438208500,4.45620849609375,1.8006302025735377,1.397609373897314,0.7068257885798811
1789324253448170800,4.466170654296875,1.6556781262814997,1.4690379488170147,0.8253017997480928
1789324253458133800,4.4761337890625,1.5029156684994696,1.5132389095932244,0.9584295827336609
1789324253468095700,4.486095703125,1.3416495862662792,1.5936498323917387,1.1598390209153293
1789324253478058500,4.49605859375,1.1431612231630832,1.5831529882967472,1.263090867205709
1789324253488020700,4.506020751953125,0.8985995295405388,1.5890063905000686,1.3314026252791284
1789324253497983700,4.515983642578125,0.6380969010729343,1.5907079337209462,1.3851196024194359
1789324253507945700,4.52594580078125,0.38270752396583557,1.587075130176544,1.4960598112553358
1789324253517907700,4.53590771484375,0.13698734449055044,1.502814546212554,1.623351435433328
1789324253527870700,4.54587060546875,-0.028310769737698135,1.2866215265274048,1.9402109610907732
1789324253537832700,4.555832763671875,-0.22562660019649192,0.8178729649215937,2.596111010684073
1789324253547795700,4.565795654296875,-0.8587585175395012,0.39460722059607506,3.0909128819569944
1789324253557757700,4.5757578125,-1.7346406038373707,0.20767127505540847,3.3014941992402074
1789324253567720700,4.585720703125,-2.7881664911955593,0.27720541453063485,3.3175220817163584
1789324253577682700,4.5956826171875,-3.6869168273836372,0.07450725171267986,3.0800784764707085
1789324253587645700,4.605645751953125,-4.260779960411787,-0.5086819280654191,2.628491477546096
1789324253597607700,4.615607666015625,-4.638258936074376,-0.9730319624513387,1.7806513905145227
1789324253607570700,4.62557080078125,-5.053726573869586,-1.0943851364910602,0.5623372381463646
1789324253617532700,4.63553271484375,-5.4837371162801976,-1.0469406637489795,-0.4474764948658645
1789324253627495700,4.64549560546875,-5.802309144943952,-1.1009177531301975,-1.1302608981229365
1789324253637457700,4.655457763671875,-5.419866409394145,-1.2044412559688091,-1.004382209482789
1789324253647419600,4.665419677734375,-4.163925267812609,-1.5420757124990223,-0.015562895312905311
1789324253657382700,4.675382568359375,-2.9190093781143425,-2.2038398318201304,1.1378393705531955
1789324253667344600,4.6853447265625,-2.0094436334013936,-2.922175148668885,1.7904339488603174
1789324253677307600,4.6953076171875,-1.4168138405829667,-3.683263565573096,2.056577725020051
1789324253687269600,4.70526953125,-1.0386007054269313,-4.294672877663373,2.065187732455134
1789324253697232600,4.715232666015625,-0.695136227568984,-4.821719898980856,2.0167688617229462
1789324253707195000,4.72519482421875,-0.27347324226498604,-5.248035678526759,1.8335031291276216
1789324253717157600,4.73515771484375,0.183635698418878,-5.4781824047625065,1.5645543785497544
1789324253727119600,4.74511962890625,0.6137555829554796,-5.4240211909860365,1.1962865910857916
1789324253737082600,4.75508251953125,1.0329869571983814,-4.875976389825344,0.6781424226701259
1789324253747044900,4.765044921875,1.5256407105267047,-3.726239368468523,0.26912659136280415
1789324253757007600,4.775007568359375,1.9524024802744386,-2.24404967713356,0.1475609436161816
1789324253766969600,4.784969482421875,2.2376924170613286,-0.9819102654337882,0.18460457998365162
1789324253776932600,4.7949326171875,2.638608966934681,-0.05928863979279995,0.1697233833245933
1789324253786894800,4.804894775390625,3.0583599811375137,0.597712210649252,-0.010388707545399665
1789324253796856600,4.814856689453125,3.501968840789795,1.0883949561655522,-0.2975204728066921
1789324253806819600,4.824819580078125,3.9444998420774935,1.3801841918438673,-0.6965482863239943
1789324253816781800,4.83478173828125,4.41443089146614,1.5101999802887438,-1.2514229335047304
1789324253826744800,4.844744873046875,4.752207386815548,1.543726986837387,-1.8065161918722092
1789324253836706600,4.85470654296875,4.96600795840621,1.4384300445854663,-2.5019097552031275
1789324253846669600,4.864669677734375,4.734516831824183,1.2985796753466128,-2.9285569586604834
1789324253856631800,4.8746318359375,4.060802162468433,1.2343781290709972,-3.0422678012534976
1789324253866594800,4.8845947265625,2.6904291705429553,1.3528326590597628,-2.7706258660688996
1789324253876556500,4.894556640625,1.016065121557191,1.6699229247331617,-2.410526333621889
1789324253886519600,4.90451953125,-0.3251660201013088,2.0904016686886546,-2.2196952803388235
1789324253896481800,4.914481689453125,-1.1225747275345026,2.51546423330307,-2.30943239601776
1789324253906444800,4.92444482421875,-1.4537367731802164,2.6142075161278244,-2.528036130106449
1789324253916406500,4.934406494140625,-2.228191598266363,2.12894153496325,-2.7782255274176597
1789324253926368800,4.94436865234375,-4.515687618416547,1.0118132362663745,-2.7049253134071827
1789324253936331800,4.954331787109375,-4.581881215292215,0.10055296259522438,-0.7573172278024256
1789324253946293500,4.96429345703125,-3.0609868225097654,-0.30889059260487556,0.6094323129288852
1789324253956256500,4.974256591796875,-1.9768629677921532,-0.42361470389366146,0.8316093754597008
1789324253966218800,4.98421875,-1.5708166538149118,-0.3564227436304092,0.5204385629631578
1789324253976181800,4.994181640625,-1.034554060384631,-0.1457300749272108,0.07140037173852325
1789324253986143500,5.0041435546875,-0.3211123607963323,0.3204758164584636,-0.26735183677524327
1789324253996106800,5.014106689453125,0.23052841902971266,0.7737772180855274,-0.5409865532122552
1789324254006068700,5.02406884765625,0.7522246539037675,1.3047779454648494,-0.2758407020486891
1789324254016031700,5.03403173828125,1.0339068485222755,1.9306383922338484,-0.036473143003135915
1789324254025993500,5.043993408203125,1.1367303863979876,2.4830811360925433,0.0864559020511806
1789324254035956700,5.053956787109375,1.4506794314362108,2.8404630801439286,0.12776026460304857
1789324254045918700,5.063918701171875,1.9230328856661916,2.9561808786451813,0.270809137622267
1789324254055881700,5.0738818359375,2.3696705916203555,2.9225474891126155,0.8184531028971076
1789324254065843500,5.083843505859375,2.6617688932478427,2.8740228199183937,1.5307181599214672
1789324254075805700,5.0938056640625,2.8766192661523817,2.649789701640606,1.7931750642620026
1789324254085768700,5.103768798828125,2.955305264854431,2.4098797062814232,1.767517183653265
1789324254095730700,5.113730712890625,2.973170299629867,2.3318068710416555,1.7417527739301324
1789324254105693700,5.123693603515625,3.163764475417137,2.262636304181814,1.6956896725438535
1789324254115655700,5.13365576171875,2.3672514016494155,2.3657126477748154,1.8617102558277547
1789324254125618700,5.14361865234375,0.9466635954856872,2.2182594023168085,2.1840241013683377
1789324254135580700,5.15358056640625,-1.7411410717725753,1.4712684843480586,2.5753482086405155
1789324254145543700,5.163543701171875,-6.556606586533785,0.1762111379086971,2.9659023544535037
1789324254155505700,5.173505615234375,-8.902856408947706,-2.208736371690035,2.3806366606622933
1789324254165468700,5.18346875,-7.748157965791225,-4.465522196277976,1.5783305365763605
1789324254175430700,5.1934306640625,-6.873500452852249,-5.383512070465088,1.5235910845205187
1789324254185393700,5.2033935546875,-5.713264249312878,-4.749123449325562,0.8861752245143055
1789324254195355600,5.213355712890625,-3.774120479062199,-3.4536171900749206,0.23876287115067243
1789324254205318700,5.223318603515625,-1.8625506521746515,-2.365799157014489,-0.5654587311677635
1789324254215281000,5.233281005859375,-0.242859200553596,-1.676368447610736,-1.6587316686332225
1789324254225242600,5.24324267578125,1.44794401512295,-1.5172165810525415,-2.766603770945966
1789324254235205600,5.25320556640625,3.1738582916691898,-1.70549225076437,-3.576620469409227
1789324254245167600,5.263167724609375,3.946294908800721,-1.9379624515116214,-3.6289421927988528
1789324254255131000,5.273130859375,3.886900470545888,-2.5555302862316367,-3.3330741633743046
1789324254265092600,5.283092529296875,3.425109765253961,-3.284166047820449,-2.869272410520911
1789324254275055600,5.2930556640625,2.570168467915058,-4.011365054604411,-2.4163721370406446
1789324254285017900,5.303017822265625,1.1883420618221163,-4.574869290703535,-2.2230272012405097
1789324254294980900,5.31298095703125,-1.441392401522398,-4.672294476667046,-2.427606647760421
1789324254304942600,5.322942626953125,-4.208970278197527,-3.5759295645356177,-2.304609505905956
1789324254314905600,5.332905517578125,-4.167364010089636,-1.8612860390663146,-1.2466659482359885
1789324254324867800,5.342867919921875,-2.0462543377958236,-0.7551555197238922,-0.7404305365398526
1789324254334830000,5.352830078125,0.02265855266228318,-0.44898763008117676,-0.7531995633505284
1789324254344792000,5.3627919921875,1.161240119884908,-0.3863526024699211,-0.6786719995021819
1789324254354755000,5.372755126953125,1.7064613880574702,-0.08362111701667309,-0.2568605456382036
1789324254364717300,5.38271728515625,1.9670564440488814,0.4357201522290706,0.2332566749498248
1789324254374679000,5.392678955078125,2.128296515057981,0.9677800332725047,0.5281621429525315
1789324254384642000,5.40264208984375,2.3012441211260852,1.3681038779497146,0.9076831458367407
1789324254394604300,5.412604248046875,2.351059414652735,1.5178876121819018,1.1752126772664486
1789324254404567300,5.4225673828125,2.3367035570420325,1.4321721532344818,1.2188247322387993
1789324254414529000,5.432529052734375,2.331046408063173,1.2475970916062593,1.2609561932645736
1789324254424492000,5.442491943359375,2.336891919220984,0.9908680633932352,1.2977037692949176
1789324254434454300,5.452454345703125,2.3688734498932957,0.6059183134585618,1.2296446708083153
1789324254444417300,5.462417236328125,2.3973721068859097,0.28223054921627044,1.080969920731336
1789324254454379000,5.47237890625,2.466886080355942,-0.011005378139019011,0.9420634082138538
1789324254464342000,5.482342041015625,2.639947522062063,-0.2598287477940321,0.7806586481623351
1789324254474304300,5.49230419921875,2.785768197882175,-0.33677111769914625,0.8619463537953793
1789324254484267300,5.502267333984375,2.76535669349432,-0.27950317007899284,1.0716675471179187
1789324254494229000,5.51222900390625,2.734831791371107,-0.16914368374049663,1.1322940113857387
1789324254504192000,5.52219189453125,2.6860686372458935,-0.0706318715840578,1.0134431755557656
1789324254514154200,5.532154296875,2.555153269612789,0.15465572418272494,0.9849250832103192
1789324254524117200,5.5421171875,2.298038456952572,0.41926761460006234,1.0655018640950322
1789324254534079000,5.552078857421875,2.0933516045354303,0.6982546518504619,1.0736458614535629
1789324254544041200,5.562041259765625,1.8807248990297316,0.9863654912769794,1.1109743061117827
1789324254554004200,5.572004150390625,1.7723804057754575,1.2501122892975807,1.1223666377417743
1789324254563966000,5.581966064453125,1.6988837924100457,1.4761211850762366,1.2772400963284074
1789324254573929000,5.591928955078125,1.5540075578331947,1.692104945924878,1.4621838451385498
1789324254583891200,5.60189111328125,1.4205670556366443,1.8685808722496031,1.6219690411642194
1789324254593854200,5.611854248046875,1.178281709448248,1.926226421010494,1.7564849175073205
1789324254603816000,5.62181591796875,1.0031773637376724,1.8970500108867883,1.8176181622534988
1789324254613779000,5.631779052734375,0.8470424338478595,1.8254776435822246,1.823620471408218
1789324254623741200,5.6417412109375,0.6320984643757342,1.7030588861376046,1.876616733058542
1789324254633704200,5.6517041015625,0.43159803079776465,1.589167718541622,1.8926811481527983
1789324254643666000,5.661666015625,0.18374445602297781,1.413553377482295,1.8770397807762025
1789324254653629200,5.671629150390625,-0.016683423775434494,1.2246359027355909,1.8099103643551469
1789324254663591200,5.681591064453125,-0.18591295916847883,1.1455489220172166,1.8972031556218862
1789324254673554200,5.69155419921875,-0.10092822564840316,0.8937520895093679,1.9087062541499733
1789324254683516000,5.701515869140625,0.4130910083243623,0.30800971811711786,1.9581487688414752
1789324254693479200,5.711479248046875,-0.028888240832090375,0.0027262100934982297,1.7974018881767988
1789324254703441200,5.721441162109375,-0.9933131184577941,-0.02016308258473873,1.5423096673853693
1789324254713404200,5.731404052734375,-1.8205717513620852,-0.33093174402117725,1.3928611564569175
1789324254723366100,5.7413662109375,-2.505398181840777,-0.6624965252488851,0.7991112735673784
1789324254733328100,5.751328125,-3.037768444007635,-1.0939239487200976,0.3748591485530138
1789324254743291100,5.761291015625,-3.479105267074704,-1.4111334568589924,0.019493074368685484
1789324254753253000,5.771253173828125,-3.8711324080497023,-1.5932114409744738,-0.29589725551903245
1789324254763216400,5.78121630859375,-4.2616935681253665,-1.6154671119242905,-0.2671170051060617
1789324254773178000,5.79117822265625,-4.794194763195514,-1.3770815496534108,-0.010933043555170297
1789324254783141000,5.80114111328125,-5.1804684552103275,-1.1541384711861609,0.7900014999166131
1789324254793103000,5.81110302734375,-4.663132096046209,-1.759946310007572,1.9007267997033892
1789324254803066400,5.82106640625,-3.5608173355996606,-3.1507775680720806,2.6883108632147312
1789324254813028000,5.831028076171875,-2.555446115079522,-4.356304281190037,2.6404841131567953
1789324254822991000,5.8409912109375,-1.799594429785013,-5.010679459303617,2.2113449467532336
1789324254832953000,5.850953125,-1.083622334936261,-5.135139367187023,1.673923100285232
1789324254842916400,5.860916259765625,-0.48007893391549583,-5.170434552451968,1.3477198460906743
1789324254852878000,5.870878173828125,0.05325110406107269,-4.905265028151869,1.0481706439353524
1789324254862841000,5.880841064453125,0.5832037928253412,-4.114461271941662,0.68604705831483
1789324254872803300,5.89080322265625,1.0393757814526556,-2.911642064216733,0.5543396635212003
1789324254882766300,5.900766357421875,1.2982429907381534,-1.689504992559552,0.6118656775556505
1789324254892728000,5.91072802734375,1.6203402709186077,-0.6557464664667845,0.49053252339065073
1789324254902690000,5.92068994140625,2.030242091280222,0.11546002434790134,0.25984409149363635
1789324254912653300,5.9306533203125,2.4074609547019,0.7275140640825033,0.03750745448693633
1789324254922615000,5.940614990234375,2.817570864856243,1.1830191132336854,-0.29855960659608244
1789324254932578000,5.950578125,3.3578993925511833,1.50561908223927,-0.6610916268870234
1789324254942540300,5.960540283203125,3.953341320180893,1.6916969496458767,-1.1321951541211455
1789324254952503300,5.97050341796875,4.491498933577537,1.7052759776651858,-1.68685155544132
1789324254962465000,5.980465087890625,4.7926633158445355,1.5960007794320583,-2.225627592997253
1789324254972428000,5.990427978515625,4.837255906286836,1.3492074542999266,-2.739150823614001
1789324254982390300,6.000390380859375,4.431621095719933,1.1554992381453513,-3.0861265244632956
1789324254992353300,6.010353271484375,3.429067270708084,1.0849462770164011,-3.1431606633275746
1789324255002315000,6.02031494140625,2.0591408535063267,1.1533785927295683,-2.975372778110206
1789324255012278000,6.030278076171875,0.6284662453532218,1.3086685231626034,-2.668364930512011
1789324255022240300,6.040240234375,-0.3979472517389804,1.4381652561694382,-2.653905320265889
1789324255032203300,6.050203369140625,-0.9083774117112159,1.4751140538603067,-2.9659640215128658
1789324255042165000,6.0601650390625,-1.171089605987072,1.4316227026581763,-3.1759342211604116
1789324255052128000,6.0701279296875,-1.8167286660678683,1.2225760475963354,-3.3261814812511203
1789324255062090200,6.08009033203125,-2.2665001400031146,1.1267220564723015,-3.055123775695264
1789324255072053200,6.09005322265625,-2.1483137594312427,0.6389782870173454,-1.295155253855884
1789324255082015000,6.100014892578125,-1.754440698328614,0.13943828130662442,0.8396110417380929
1789324255091978000,6.10997802734375,-1.3537696476489305,-0.022530980759859084,1.6664811137162148
1789324255101940200,6.119940185546875,-1.177933772793412,-0.05198153164982795,1.6152065612919628
1789324255111902200,6.129902099609375,-0.8644868320584297,0.02791208927631378,1.2267764218956232
1789324255121865000,6.139864990234375,-0.592599982202053,0.4533890799105167,0.7467851662635803
1789324255131827200,6.1498271484375,-0.2709457330813631,1.0478916808634995,0.19613164390921592
1789324255141790200,6.159790283203125,0.04422967541404068,1.8005746729940175,-0.517900313189812
1789324255151752200,6.169752197265625,0.25739304507970806,2.6979075435996056,-0.9073867932386696
1789324255161715000,6.17971484375,0.5006991126179695,3.5542210060745476,-0.6950562211353332
1789324255171677200,6.18967724609375,0.9173298028431832,4.080491197800636,-0.4423168836129829
1789324255181640200,6.19964013671875,1.4409458267986774,4.269775752294064,-0.12797821820266544
1789324255191602200,6.209602294921875,1.849861850993335,4.158883766514062,0.24728403125852344
1789324255201565000,6.21956494140625,2.2186907794713973,3.711885848945379,0.7214697424169629
1789324255211527200,6.229527099609375,2.6749279422894117,3.1045529925137756,1.0588407257054
1789324255221490200,6.239490234375,3.635980128611624,2.2909967217475176,1.640069346000254
1789324255231452200,6.2494521484375,3.2801173569515347,1.447981132262945,2.078182238584757
1789324255241415200,6.259415283203125,0.8657333249881863,1.5183026227235794,2.712843246924877
1789324255251377200,6.269377197265625,-2.2986524971976876,1.460156138703227,3.612421850630641
1789324255261340200,6.279340087890625,-5.024172562605142,0.7012883204579353,4.049241488534212
1789324255271302100,6.28930224609375,-5.903962177735567,-1.0635726495981215,3.335374549271166
1789324255281265200,6.29926513671875,-5.7225335974395275,-3.0945132445365187,2.087731718827039
1789324255291227100,6.30922705078125,-5.279493477585912,-4.357034349030256,1.5799039233729242
1789324255301190100,6.319190185546875,-4.768742634291947,-4.426829185268283,1.612176253685355
1789324255311152000,6.329152099609375,-4.422715027947723,-3.2594401873648167,1.830777503556013
1789324255321115100,6.339115234375,-3.8092879462942477,-1.9150380875200033,1.8642602325715123
1789324255331077000,6.3490771484375,-2.4227768895164132,-0.9517389990538359,1.3785033991500735
1789324255341041000,6.359041015625,-0.793474144463241,-0.39591947223842144,0.4419106043670326
1789324255351002600,6.369002685546875,0.7241501406073569,-0.6107189917385578,-0.6442442447215319
1789324255360964900,6.37896484375,2.1297090122044087,-1.5255518631994724,-1.860634297159314
1789324255370927900,6.388927978515625,3.1148420390769838,-2.2460411432117224,-2.5173209670856593
1789324255380889900,6.398889892578125,3.0296970734938977,-2.867016156026721,-2.457195584207773
1789324255390852900,6.408852783203125,2.699612886212766,-3.651282034900784,-1.9754368805117903
1789324255400814800,6.41881494140625,2.4398190636016426,-4.495794000422954,-2.1102502784967423
1789324255410777900,6.42877783203125,1.9886182875156402,-5.223206942218542,-2.699497443139553
1789324255420739800,6.43873974609375,1.4020692759156226,-5.727592049872875,-3.5147499964296816
1789324255430702800,6.448702880859375,0.3281529269576072,-5.826134841689467,-4.227767040865123
1789324255440664800,6.458664794921875,-2.332411851197481,-4.862058923631906,-4.027786612573266
1789324255450627800,6.4686279296875,-4.4755040765881535,-2.4829449424922463,-1.738709460711479
1789324255460589800,6.47858984375,-2.44100768886432,-0.2013952635258436,-0.15422018230967222
1789324255470552800,6.488552734375,-0.588184649977833,1.0899304951697588,-0.29248657029271125
1789324255480514800,6.498514892578125,0.3930348567128181,1.9201345338761806,-0.35066388784274455
1789324255490477800,6.508477783203125,1.5567444354511797,2.308328964820504,-0.3941762818329036
1789324255500439800,6.518439697265625,2.14781516225934,2.4183827462106944,-0.16504253203198313
1789324255510402800,6.52840283203125,2.566108378869295,2.258307335066795,0.056414253400266165
1789324255520364800,6.53836474609375,2.8570202471911905,1.8407091149836778,0.24513313683494925
1789324255530327800,6.548327880859375,3.0709470755100248,1.2319400882691145,0.3073094608932733
1789324255540289800,6.558289794921875,3.0839877588689326,0.6947323229432105,0.32235520046427846
1789324255550252800,6.568252685546875,3.0568799717128274,0.2503261754333973,0.36202070976793765
1789324255560214800,6.57821484375,2.920876925551891,-0.06392857455313206,0.3350688438259065
1789324255570177800,6.588177734375,2.8761130701959132,-0.2450970426082611,0.3377436159931123
1789324255580139800,6.598139892578125,2.872773112118244,-0.3037047143995762,0.2637513280652463
1789324255590102800,6.608102783203125,2.8687527705609797,-0.1375701493471861,0.34832053958699105
1789324255600064800,6.618064697265625,2.6725018841862678,0.10130231965780258,0.5818395187348127
1789324255610026800,6.62802685546875,2.403854454642534,0.33289924470186233,0.7648151823423802
1789324255619989800,6.63798974609375,2.152168681293726,0.4457482097685337,0.7814031829193234
1789324255629951700,6.64795166015625,2.018988875859976,0.5140507616221904,0.6506677018977701
1789324255639914800,6.657914794921875,1.9400901111900806,0.6389841322362423,0.43183775783777234
1789324255649876700,6.667876708984375,1.9238802962757646,0.714053109484911,0.19599910357072947
1789324255659839700,6.67783984375,1.9786777621291576,0.7490081030100584,-0.005444236880540848
1789324255669801700,6.6878017578125,2.032192056304216,0.864258868521452,0.007641893055289983
1789324255679764700,6.6977646484375,2.0090404594279825,1.1394412527918816,0.33246158393695946
1789324255689726700,6.707726806640625,1.824996728197485,1.3730693914026022,0.7175475274719297
1789324255699690000,6.71768994140625,1.5504804066203535,1.4787012646973132,1.068002741000056
1789324255709651700,6.727651611328125,1.2821779911220073,1.5695371353983878,1.3313291216515004
1789324255719614700,6.73761474609375,0.9843968946177512,1.672197883927822,1.5143907099768519
1789324255729576700,6.74757666015625,0.6657634911555796,1.7553724262207746,1.6479636063814163
1789324255739540000,6.7575400390625,0.2982851005036384,1.8501310233235357,1.9358251472219823
1789324255749501700,6.767501708984375,-0.03818213887810707,1.8166735748797653,2.239777845033258
1789324255759464700,6.777464599609375,0.0540833992999047,1.656791055959463,2.462772507557273
1789324255769427000,6.787427001953125,0.3239456114608794,1.340620243218541,2.7714719615042207
1789324255779390000,6.797389892578125,-0.20033315071966498,1.1255009902447461,3.024463849015534
1789324255789351700,6.8073515625,-0.9202490512907504,1.1752712755858898,3.253195740017295
1789324255799314700,6.817314697265625,-1.5330466028690337,1.0545727660626172,3.2499490131810305
1789324255809277000,6.82727685546875,-2.163902373707294,0.5676823985666036,3.223510211327672
1789324255819240000,6.837239990234375,-2.6043454628050324,0.15215513953864573,3.1140505964383483
1789324255829201700,6.84720166015625,-2.8847411978095767,-0.1288163495272398,2.6245979772388934
1789324255839164700,6.85716455078125,-2.9104204134672877,-0.28274083682596685,1.786867926941812
1789324255849127000,6.867126953125,-2.8854858786970374,-0.31998890972435473,0.9222567378513514
1789324255859090000,6.87708984375,-2.9171020831882952,-0.38068507822751996,0.3500470711186528
1789324255869051600,6.8870517578125,-3.1340859609901903,-0.578601267465949,-0.07686506688520311
1789324255879014700,6.8970146484375,-3.3964211386471983,-0.7514858913004397,-0.39200609818696974
1789324255888977000,6.906976806640625,-3.6243308996111154,-0.8429191433727741,-0.3593599661260843
1789324255898940000,6.91693994140625,-3.6616064450383186,-1.1937123566836119,0.4890699034921825
1789324255908902000,6.92690185546875,-3.127697136735916,-1.9832552991777657,1.6062923102132975
1789324255918864600,6.93686474609375,-2.4939240171462296,-3.052618807137012,2.1941227399259806
1789324255928827000,6.946826904296875,-1.999648215574026,-4.017362249192595,2.345748594893515
1789324255938790000,6.956789794921875,-1.5505390049397945,-4.642965506330132,2.3197679120711983
1789324255948752000,6.966751953125,-1.0992173789530992,-4.903945762246847,2.114940774400532
1789324255958714600,6.976714599609375,-0.6631482671558857,-4.872815879967808,1.7221105003491044
1789324255968676900,6.9866767578125,-0.30015842009484767,-4.8031665896803135,1.399380329092592
1789324255978640000,6.996639892578125,0.09951953702741302,-4.676647411179542,1.0328795513011515
1789324255988601900,7.006601806640625,0.5143897843182087,-4.239615007308125,0.6523731906414032
1789324255998564600,7.016564697265625,0.9839420635223388,-3.3208792831897735,0.42955593051090835
1789324256008526800,7.02652685546875,1.4787655621051787,-2.264680961751938,0.35134558649659153
1789324256018488800,7.03648876953125,1.9095429972350597,-1.4304384613096712,0.2796814492553472
1789324256028451800,7.046451904296875,2.339305702364445,-0.7502525501132011,0.17533472040034828
1789324256038413800,7.056413818359375,2.8665292492926118,-0.2127156989634037,-0.10103059004433453
1789324256048376800,7.066376953125,3.3760628257513043,0.21751462367773056,-0.4651308825653046
1789324256058338800,7.0763388671875,3.99806893517971,0.6005044717162847,-0.9504724862493574
1789324256068301800,7.0863017578125,4.588378760617971,0.8647381764709949,-1.5944260774612427
1789324256078263800,7.096263916015625,4.996286192291975,0.9496732986956834,-2.3315854833759366
1789324256088226800,7.106226806640625,5.163630133134126,0.8915057718873024,-3.0903657694682476
1789324256098188800,7.116188720703125,4.803735329478979,0.6892530147492886,-3.7166537939995523
1789324256108151800,7.12615185546875,4.028233771818876,0.44490006850659847,-4.06444431836307
1789324256118113800,7.13611376953125,2.602998139849305,0.25928221982717514,-4.090423978272081
1789324256128076800,7.146076904296875,0.8689935688931495,0.42957273551523684,-3.554126898050308
1789324256138038800,7.156038818359375,-0.6630033057272434,0.9281704919397831,-3.0818969240695235
1789324256148001800,7.166001708984375,-1.7657016586638985,1.5963561687409877,-2.914748213538527
1789324256157963800,7.1759638671875,-2.116482597015053,2.1941975587278604,-2.7196485430255533
1789324256167926800,7.1859267578125,-2.792348745316267,2.2783628656238317,-2.466270871067047
1789324256177888800,7.195888671875,-3.8501562555164095,1.9248755909234285,-2.4171827227711677
1789324256187852000,7.20585205078125,-3.2202994325876233,1.8655267453759907,-1.6616560316473246
1789324256197813800,7.215813720703125,-2.140775180619955,1.668652758666873,-0.746593735344708
1789324256207776800,7.22577685546875,-0.9552542406331748,1.2954594974994658,0.8555805450905114
1789324256217738800,7.23573876953125,-0.24163842658698556,0.949299204686284,1.3070819846235215
1789324256227702000,7.245701904296875,0.15271215236689895,0.7392635385870933,1.223325916115567
1789324256237663700,7.255663818359375,0.30740356891751286,0.6904933701992034,1.0365125740412622
1789324256247626800,7.265626708984375,0.45082185977101324,0.8085545169562101,0.5137915992293507
1789324256257588700,7.275588623046875,0.6324129371523857,1.1546709706276654,-0.26813144284561274
1789324256267552000,7.285552001953125,0.5318249032437801,1.7089608036577701,-1.0701311313308774
1789324256277513700,7.295513671875,0.11847425760254263,2.484479312452674,-1.2373061453469096
1789324256287476700,7.305476806640625,-0.0888261383138597,3.261856016334891,-0.7178287555661053
1789324256297439000,7.31543896484375,-0.030182372295856474,3.782737500759959,-0.17422610157132148
1789324256307402000,7.325402099609375,0.3786754919707775,3.8468624746680256,0.3055188511494547
1789324256317363700,7.33536376953125,0.9069780663073063,3.631199616336822,0.8042736978318542
1789324256327326700,7.34532666015625,1.4266788165152071,3.204295807769894,1.0294534493099898
1789324256337288400,7.355288330078125,1.8313669938817618,2.617155260017514,0.9719449709322303
1789324256347251200,7.365251220703125,2.635061795847118,1.9478835415452718,1.1404895928010343
1789324256357213200,7.375213134765625,2.246858889335394,1.5757067639440296,1.270662033112347
1789324256367176200,7.38517626953125,0.47009354647397994,1.7856079900085926,1.5387421841621398
1789324256377138400,7.395138427734375,-1.4999661710441112,1.7009119372367858,1.7362132599815725
1789324256387101200,7.40510107421875,-3.436053476333618,0.9716203420877456,1.794381955833733
1789324256397063200,7.415063232421875,-4.669990875899791,0.08712181861400604,1.4975975422166288
1789324256407026200,7.425026123046875,-4.836154374785721,-1.2072381932109593,0.9241790842160582
1789324256416988400,7.434988525390625,-4.637625898867845,-2.599512051299214,0.7265711572092026
1789324256426951200,7.444951171875,-4.492220233589411,-3.6786546104729174,0.9915284269981086
1789324256436913200,7.4549130859375,-4.539328021723032,-3.9277573815912006,1.4268093110270796
1789324256446876200,7.464876220703125,-4.478702580368519,-3.228795458254218,1.466176129645109
1789324256456838400,7.47483837890625,-4.055467815703153,-2.229319725513458,1.2151473589003086
1789324256466801200,7.48480126953125,-3.1424703429758547,-1.463169933566451,0.8330252336069941
1789324256476763100,7.49476318359375,-1.843369127973169,-1.103630519220233,-0.27792740866225213
1789324256486726400,7.504726318359375,-0.41154812626391646,-1.5635738430798052,-1.6202140141904353
1789324256496688400,7.5146884765625,1.3675703555949033,-2.45235165130794,-2.7961042984575033
1789324256506651100,7.524651123046875,2.9345991614341735,-2.850312858507037,-3.4502851230427622
1789324256516613000,7.534613037109375,3.5145632416859267,-2.969100565972924,-3.4157539078876376
1789324256526576400,7.544576416015625,3.335826384691894,-3.183727651515603,-3.2273940670236945
1789324256536538400,7.554538330078125,3.0073040399000046,-3.487898814383149,-3.11200506208539
1789324256546501000,7.564501220703125,2.3684862041413783,-3.8344963295698165,-3.085135759860277
1789324256556463400,7.57446337890625,0.8504828566253185,-4.359287096393108,-2.8743571664392946
1789324256566426400,7.58442626953125,-1.7125509371042251,-4.290023006030917,-2.0232155536442993
1789324256576388400,7.594388427734375,-4.074970973074436,-3.197390266165137,-0.22646716094017028
1789324256586351000,7.60435107421875,-2.7570389470040797,-1.5556950725287197,0.09298596140705048
1789324256596313300,7.614313232421875,-0.5164027315758168,-0.44818157439529893,-0.7233758682992308
1789324256606276400,7.6242763671875,0.7089772675253451,0.039305589950084686,-0.9524592761524021
1789324256616238300,7.63423828125,1.3188837738372385,0.3391390158742666,-0.8754394570969045
1789324256626201000,7.644201171875,1.471168092713505,0.6219587631553412,-0.5854542751658708
1789324256636164000,7.6541640625,1.5730467509545385,0.8879659073233603,-0.24270912455841898
1789324256646126300,7.664126220703125,1.6431060833476483,1.148711185440421,0.21774697112888097
1789324256656089300,7.67408935546875,1.7158369730375707,1.1819891856640576,0.6888258753784
1789324256666051300,7.68405126953125,1.8095383161723613,1.1117384223520754,0.9379510044589638
1789324256676014000,7.69401416015625,1.887413144621998,0.9166530726253986,1.1007914964020251
1789324256685976300,7.703976318359375,2.017745890061557,0.7636310871243477,1.040793685426563
1789324256695939300,7.713939208984375,2.1887669119812547,0.7045300788581371,0.9584439035199582
1789324256705901300,7.7239013671875,2.4379694902122018,0.5516331810414791,0.8847507446691394
1789324256715864000,7.733864013671875,2.7690716223642227,0.3311959479153156,0.7401645790800452
1789324256725826300,7.743826416015625,3.0395746166467665,0.14750468338429926,0.6111842711627483
1789324256735789300,7.753789306640625,3.2807752363383766,-0.015796704068779945,0.4811559154972434
1789324256745751300,7.763751220703125,3.457547515261173,-0.165750534170866,0.5244558357805014
1789324256755714300,7.77371435546875,3.649192953667044,-0.22065993596613406,0.5823064055941999
1789324256765676300,7.78367626953125,3.6345302220642566,-0.10063654922544955,0.5777661318160593
1789324256775639300,7.793639404296875,3.3319045350730416,0.09640051909089088,0.5769799498744309
1789324256785601300,7.803601318359375,3.0554420478641986,0.40857437115013595,0.7256362875118851
1789324256795564300,7.813564208984375,2.9524045749768613,0.6368593951672316,0.8868510779492557
1789324256805526300,7.8235263671875,2.7946201973795888,0.8617617910087109,1.1230937829725445
1789324256815489300,7.8334892578125,2.3397606065250933,1.11892862611711,1.3983224906027316
1789324256825451300,7.843451171875,1.940845459602028,1.334917063140869,1.6815613400787115
1789324256835414300,7.853414306640625,1.7943467383898795,1.49314246250391,1.78759434152022
1789324256845377300,7.863377197265625,1.7457915279269218,1.605143870830536,1.7953445172555744
1789324256855339300,7.87333935546875,1.5989010309182106,1.7960633330494165,1.9055822769105433
1789324256865302300,7.88330224609375,1.399066002446413,1.9300801738291977,1.9361077635556458
1789324256875264300,7.89326416015625,1.178261543443054,2.0018460178792474,2.0129510570004583
1789324256885227300,7.903227294921875,0.8616891641639173,2.1933283746778964,2.2646312773913144
1789324256895189200,7.913189208984375,0.7068180436648428,2.1270991219669577,2.2815789050608872
1789324256905152300,7.92315234375,0.6093570557355881,1.9759984599173068,2.2540325803570447
1789324256915114200,7.9331142578125,0.40823016082234675,1.8809470173478124,2.468195117127895
1789324256925077200,7.9430771484375,0.25126243337020276,1.5887953780978916,2.56982886069715
1789324256935039200,7.953039306640625,0.14382855215482412,1.1702023017585277,2.5326766493886708
1789324256945002200,7.963002197265625,0.10206921237707138,0.739745184624195,2.5337305423557757
1789324256954964200,7.972964111328125,0.5626034148018807,0.10739888296723366,2.6756442738652226
1789324256964927200,7.98292724609375,1.5339923592865465,-1.1031447815299034,3.21299466253221
1789324256974889200,7.99288916015625,0.5198200657386333,-1.127511745545268,2.6704391064375637
1789324256984852200,8.002852294921874,-1.2054442955315112,-0.6720365070104598,1.971862529156357
1789324256994815200,8.012815185546875,-2.200723745626211,-1.12586690094769,1.9166458149775862
1789324257004777200,8.022777099609375,-2.8142881899237633,-1.4794155504465103,1.4125769336655736
1789324257014740200,8.032740234375,-3.170754772695899,-1.878529434812069,0.715255763272941
1789324257024702200,8.0427021484375,-3.6142706933677196,-2.155590472435951,-0.003847615338861942
1789324257034665500,8.05266552734375,-4.151853721746802,-2.010351980417967,-0.5479271661303937
1789324257044627200,8.062627197265625,-4.740997426015138,-1.7662591464161872,-0.8182641561962664
1789324257054590200,8.072590087890624,-5.7620390938758845,-1.631249787467718,-0.8254528986565768
1789324257064552200,8.08255224609375,-6.657140259906649,-1.566465472868085,-0.1051964044868946
1789324257074515500,8.092515380859375,-5.937177634117007,-2.4159300923615694,1.5567298224039374
1789324257084477200,8.102477294921876,-4.165558421972394,-3.4786984398394822,2.093972074521333
1789324257094440200,8.112440185546875,-2.7722318399608135,-4.32011770004332,1.7087145738117395
1789324257104402200,8.122402099609374,-1.7917676816821098,-4.70606172171235,1.4034975551530717
1789324257114365400,8.132365478515625,-1.0576157870203255,-4.653545937055349,1.127878386900574
1789324257124328400,8.142328369140625,-0.47336398297939447,-4.607960828444361,0.9225735487155615
1789324257134290200,8.152290283203126,0.004552238210570067,-4.4237750583946704,0.8252515308655798
1789324257144253200,8.162253173828125,0.4749404019832611,-3.833842249575257,0.7094106905065477
1789324257154215400,8.17221533203125,0.9244272137582301,-2.887152350604534,0.5634903537042438
1789324257164178400,8.182178466796875,1.3162182078897953,-1.8311475059121847,0.4706555642709136
1789324257174140200,8.19214013671875,1.7415911536276338,-0.8880518320411444,0.33384806985929605
1789324257184103200,8.202103271484376,2.166853040206432,-0.10785831717252731,0.16321385530009866
1789324257194065400,8.2120654296875,2.7006267394304273,0.4321089759945869,-0.21932065018638966
1789324257204028400,8.2220283203125,3.2670681980252265,0.7577040351629257,-0.623416414617747
1789324257213990100,8.231990234375,3.853367034256458,0.9561106382668018,-1.0733198443695902
1789324257223953200,8.241953125,4.319795628482103,1.0481751739799976,-1.566020213318616
1789324257233916200,8.251916259765625,4.6354807035326955,1.0265180534452198,-2.032790460588783
1789324257243878400,8.26187841796875,4.8660979698896405,0.8865899427950382,-2.553257080602646
1789324257253841200,8.271841064453126,4.916384388059377,0.6759931356817483,-3.1518624406993387
1789324257263803100,8.28180322265625,4.480963511037826,0.5680278510034084,-3.494627245855331
1789324257273766400,8.291766357421874,3.5165859796851873,0.5376373889148235,-3.683744334827363
1789324257283728400,8.301728271484375,1.9249059860616922,0.7600146501928567,-3.4500773255109785
1789324257293691100,8.311691162109375,0.24040566992163656,1.2382792281627655,-3.0535841450378296
1789324257303653000,8.321653076171875,-0.897158244691044,1.6769763503760098,-2.9247914686471224
1789324257313616400,8.331616455078125,-1.467532220429182,2.087682472857833,-2.799988154153526
1789324257323579400,8.341579345703124,-1.4933056902416049,2.3593881209284064,-2.592947578217089
1789324257333541000,8.351541015625,-1.9440397255986928,2.441954760456085,-2.6225059733957052
1789324257343504100,8.361504150390624,-2.093105082428455,2.332685991963744,-2.0356275837108493
1789324257353466000,8.371466064453125,-2.0719518197625875,1.646050466236472,-0.38300519173815845
1789324257363429000,8.38142919921875,-1.6677596092194318,0.931184286803007,1.0405250245530158
1789324257373391000,8.39139111328125,-1.2842156344294546,0.546965189230442,1.2939441245004535
1789324257383354000,8.40135400390625,-0.8100638255406171,0.34896599788367744,1.3287959499120712
1789324257393316000,8.411316162109374,-0.3878232595443725,0.2430927170485258,0.8539530169539153
1789324257403279000,8.421279052734375,-0.2773597465758212,0.3793231422245502,0.2983721942652017
1789324257413242000,8.4312421875,-0.25631869384646416,0.7873568306267261,-0.24339498793072997
1789324257423204000,8.4412041015625,-0.2776759911844507,1.3799030368149279,-0.7845130585681647
1789324257433167000,8.4511669921875,-0.2935713698547333,2.1518723286956547,-0.9116388977251947
1789324257443129000,8.461129150390626,-0.03766542152762413,2.866665442892909,-0.6898622326888144
1789324257453092000,8.471092041015625,0.13374094644784926,3.4481109938740726,-0.24869930488392708
1789324257463054000,8.48105419921875,0.4419355196125805,3.8654771587669847,-0.08055456905290484
1789324257473017000,8.49101708984375,0.945078664381802,3.9574546007186173,0.027015067371353504
1789324257482979000,8.50097900390625,1.4977461569070816,3.816335234457254,0.46108065732643005
1789324257492942000,8.510942138671876,2.046338655078411,3.494496897473931,0.8067091813504695
1789324257502905000,8.520905029296875,2.377737139828503,2.973531826418638,1.0303453566484153
1789324257512867300,8.530867431640624,2.469746730484068,2.303219074460864,1.158422432115674
1789324257522830300,8.540830322265625,2.6232661441132423,1.572854881644249,1.2567293693497776
1789324257532792000,8.5507919921875,2.6732041872367263,0.7843354369789362,1.3266761812791228
1789324257542755000,8.560755126953126,2.9257734654217957,-0.024364041405916213,1.0874038262363523
1789324257552717300,8.57071728515625,2.38109024964869,-0.5417015696138143,1.1326654750466345
1789324257562680300,8.580680419921874,0.503012650257349,-0.904279913264513,1.6343525757886468
1789324257572643000,8.59064306640625,-3.6067166247263547,-1.2510504469305277,2.845394983588159
1789324257582605000,8.60060498046875,-10.041925905817747,-2.024504424411058,4.935050510084629
1789324257592568000,8.610568115234376,-11.196069053179025,-3.7699727117329833,5.079300575587153
1789324257602530300,8.6205302734375,-9.020533524823188,-5.0618946827560665,3.2453470723435283
1789324257612493000,8.6304931640625,-7.83086313700676,-4.622805930876732,2.0442161099664866
1789324257622455000,8.640455078125,-5.837675057357549,-2.784392233353853,1.5593946576990185
1789324257632418000,8.65041796875,-3.5546240339174866,-0.9358569547891616,1.0099570870056749
1789324257642380300,8.66038037109375,-1.4339108135953544,0.11683598887622355,0.3090483404498547
1789324257652343000,8.670343017578125,0.732766577783227,0.2536982822149992,-0.6004285204032436
1789324257662306000,8.68030615234375,2.3564546978250145,-0.44500411340296264,-1.8024423665620386
1789324257672268000,8.69026806640625,3.10137377795577,-1.3558902930647134,-2.184719097895175
1789324257682231300,8.700231201171874,3.1981635886251922,-2.2313059308946133,-1.9565154685512185
1789324257692193000,8.710193115234375,3.233671832118928,-3.0700860747665164,-1.9150956629261373
1789324257702156000,8.720156005859375,3.0620752022683617,-3.7970699774950742,-2.1924457466244696
1789324257712118300,8.7301181640625,2.722933263784647,-4.497047215354442,-2.7507448152959344
1789324257722081300,8.740081298828125,2.2480697264298795,-5.129705067178607,-3.260186621817946
1789324257732044300,8.750044189453124,1.3378688986837863,-5.462278148666024,-3.6140871534943577
1789324257742006000,8.760006103515625,-0.9017989101037382,-5.004723765769601,-3.4603403608500956
1789324257751969000,8.769968994140624,-2.8842636434257027,-3.201238758286834,-1.9642431401938198
1789324257761931300,8.77993115234375,-3.203880212706327,-1.151105971622467,-0.6394418128758669
1789324257771894300,8.789894287109375,-1.8307870020367205,0.144327222391963,-0.5022759334806353
1789324257781856000,8.79985595703125,-0.07926379859000444,0.6692606125563383,-0.7837034957509488
1789324257791819000,8.809819091796875,0.7709364417016505,1.0923083302170038,-0.7809642069801688
1789324257801782000,8.819781982421874,1.3425073721393943,1.47617086943686,-0.4102752567838877
1789324257811744300,8.829744140625,1.7771838605344294,1.6887100427895783,-0.03583557575196027
1789324257821707300,8.839707275390625,2.1231807794794437,1.642261010825634,0.23306034866012632
1789324257831669000,8.8496689453125,2.3364263475358484,1.4278385079443454,0.3226949538126588
1789324257841632000,8.859632080078125,2.4821312880218027,1.049192826589942,0.39604339087903495
1789324257851594200,8.86959423828125,2.5590976233243943,0.6292389832913875,0.45944969512373207
1789324257861557200,8.87955712890625,2.5386168530926105,0.3307517112791538,0.4855798694193363
1789324257871520000,8.88952001953125,2.597468855033815,0.2056575971454382,0.3902425956457853
1789324257881482200,8.899482177734376,2.6712191508993506,0.10429974790811539,0.2756095236413181
1789324257891445200,8.9094453125,2.841078873954713,-0.060711366072297095,0.07389072724953294
1789324257901407200,8.9194072265625,2.9317452333077787,-0.2302700603544712,-0.01570581091493368
1789324257911370000,8.929369873046875,2.9957772682353854,-0.2756447410851717,0.13122194936424492
1789324257921332200,8.939332275390624,2.988794862002134,-0.1855143883049488,0.20209639753252268
1789324257931295200,8.949295166015625,2.943716533869505,-0.06601473317742347,0.29274375992417334
1789324257941258200,8.95925830078125,2.9256819877460596,0.059959670922160146,0.34218408265858885
1789324257951220000,8.969219970703126,2.8220030020847915,0.3658049044817686,0.3422441422827542
1789324257961183000,8.979182861328125,2.644486919057369,0.754316730812192,0.3665393562361598
1789324257971145200,8.989145263671874,2.403086392879486,1.001112978553772,0.4276376757994294
1789324257981108200,8.999108154296875,2.2166766631700097,1.1400076545029878,0.6110616676963866
1789324257991071200,9.0090712890625,2.008752728527784,1.298665015542507,0.8216510221555828
1789324258001033000,9.019032958984376,1.803369272148609,1.456534441074729,1.0438218010760842
1789324258010996200,9.028996337890625,1.550095937347412,1.621799822077155,1.224107056555897
1789324258020958200,9.038958251953124,1.3285386141501365,1.7391881841391323,1.3830973028115927
1789324258030921200,9.048921142578125,1.1049616216935216,1.8363327995955943,1.5709239135816693
1789324258040883000,9.058883056640624,0.8718577992178499,1.9573235700637102,1.8074138713642953
1789324258050846200,9.06884619140625,0.5776853216648101,2.0339087970942256,2.123065482536703
1789324258060809200,9.078809326171875,0.30024083768129345,1.921694622799754,2.3110604356110094
1789324258070771200,9.088771240234376,-0.022203502371162174,1.6711100886911152,2.3178061104789376
1789324258080734200,9.098734130859375,-0.3145757986344397,1.4078718247145414,2.4231750950537623
1789324258090696200,9.1086962890625,-0.3222948485791683,1.0102081391572952,2.4361067650802433
1789324258100659200,9.1186591796875,0.4517629400134086,0.44483109492361544,2.603675600719452
1789324258110622200,9.128622314453125,1.011629696393013,-0.5002145439714193,3.0509456132277846
1789324258120584200,9.138584228515626,0.33344986432194706,-0.7804793460726738,2.986545329509675
1789324258130547000,9.148546875,-0.9935200392067431,-0.4353571641355753,2.8559073175132275
1789324258140509200,9.15850927734375,-1.851788727402687,-0.5698065511137247,2.834816014167666
1789324258150472200,9.16847216796875,-2.4427871196269986,-0.8257949900925159,2.7351363272756335
1789324258160434200,9.17843408203125,-2.7929683385193345,-1.068877770268917,2.2842950321517885
1789324258170397000,9.18839697265625,-2.8901415955483913,-1.1749673242032528,1.6729614156462251
1789324258180360200,9.198360107421875,-2.921708700200915,-1.1311971560597418,1.0371784175388514
1789324258190322200,9.208322265625,-3.142275697186589,-1.119990117868781,0.608591478190571
1789324258200285200,9.21828515625,-3.5155437771558757,-1.181138121792674,0.3629587212704122
1789324258210247000,9.228246826171874,-3.8573908829450607,-1.26730892329216,0.3405105964884162
1789324258220210200,9.238210205078126,-4.029619088697433,-1.6606529920846222,0.7403916658341885
1789324258230173200,9.248173095703125,-3.754575820636749,-2.541708681628108,1.495340410939604
1789324258240135200,9.25813525390625,-3.0494010141342875,-3.448697853851318,1.963046477755159
1789324258250098200,9.26809814453125,-2.3991484689086673,-4.157050121346116,2.0618113878898323
1789324258260060200,9.27806005859375,-1.8471119677633046,-4.592881917256117,1.8628892364792524
1789324258270023200,9.288023193359376,-1.3295698568940162,-4.79015630145967,1.4919697654627262
1789324258279986200,9.297986083984375,-0.9056967943251133,-4.727948559349775,0.9656580726824701
1789324258289948200,9.3079482421875,-0.47963411275744433,-4.343820062670112,0.35044220791608094
1789324258299911200,9.3179111328125,-0.02238133402294479,-3.715777011165023,-0.07570420641228556
1789324258309873200,9.327873046875,0.4142845654904842,-2.899489269608259,-0.09829437001347541
1789324258319836200,9.337836181640625,0.7917629566311836,-2.0712486399292946,0.0685721625752747
1789324258329798100,9.347798095703125,1.172421146851778,-1.2257312967568634,0.26952552755251524
1789324258339761200,9.35776123046875,1.5902163508117197,-0.4334253192901611,0.26354104631543157
1789324258349724400,9.367724365234375,2.0440730482339857,0.30254677653610706,0.09715352941527962
1789324258359686400,9.377686279296874,2.5253777245521545,0.9948340444147586,-0.14947832154482601
1789324258369649200,9.387649169921875,3.0184266146779057,1.536164442628622,-0.558249530441314
1789324258379611100,9.397611083984375,3.491303654390573,1.8228876270890235,-1.2227050808034836
1789324258389574400,9.407574462890626,3.8098049559056757,1.9225842651158571,-1.8876336555048823
1789324258399537400,9.417537353515625,3.998403281700611,1.8655834439992904,-2.489872695928812
1789324258409499100,9.4274990234375,4.17878790590167,1.625373004388809,-3.163000213046372
1789324258419462100,9.437462158203125,4.158046731168032,1.2266115867227316,-3.857265210738778
1789324258429424400,9.44742431640625,3.659466510400176,0.8040028450012207,-4.3859021315962075
1789324258439387400,9.457387451171876,2.5678712968885895,0.5195125341594219,-4.467339767093956
1789324258449350400,9.467350341796875,1.3230373863853513,0.4856920976221561,-4.187883066505194
1789324258459312000,9.47731201171875,0.14971476064920425,0.7636182276427745,-4.0064220452442765
1789324258469275100,9.487275146484375,-0.4650282259084284,1.083217845788598,-3.985439170709252
1789324258479237400,9.4972373046875,-0.709780254471302,1.3870102384716272,-3.807062671460211
1789324258489200400,9.507200439453126,-0.6811727302767336,1.714147266384959,-3.4590853923529385
1789324258499163100,9.5171630859375,-1.5104752900987863,1.535192967247963,-2.5292490130275485
1789324258509125000,9.527125,-2.853352956855297,0.7323065590560436,-0.13450506268814205
1789324258519088400,9.53708837890625,-2.5321102476775645,0.10209668490588665,0.9745384214915335
1789324258529050400,9.54705029296875,-1.6599143025465308,-0.32314240531921384,0.36528964843600986
1789324258539013400,9.557013427734375,-1.1970781067896634,-0.4420651373416185,-0.1365292619921267
1789324258548976000,9.56697607421875,-0.8510247084170579,-0.24892975263893602,-0.3308279183205217
1789324258558938400,9.5769384765625,-0.5441355187624692,0.31108605682253837,-0.5627939689379186
1789324258568901400,9.5869013671875,-0.4169640868980437,1.1809773782730102,-0.8562044491425156
1789324258578864400,9.596864501953124,-0.39743981367349623,2.1307757646530865,-0.8547158910851925
1789324258588826000,9.606826171875,-0.30059505794644353,3.1598201217055317,-0.8703187530823051
1789324258598789000,9.6167890625,-0.185784437417984,4.131964779928326,-0.8192159039631486
1789324258608751400,9.62675146484375,-0.05092237798571586,4.980567814156413,-0.6542462179716676
1789324258618714400,9.63671435546875,0.24048867202997207,5.4248284157156945,-0.24229418708197772
1789324258628677400,9.646677490234374,0.6335856341935694,5.520756641119719,0.13384170340858398
1789324258638639000,9.65663916015625,0.9423428096771239,5.258068996763229,0.5638102333083749
1789324258648602400,9.666602294921875,1.2418832440041006,4.749761747229099,0.864926392519474
1789324258658564400,9.676564453125,1.5485750113904475,4.115589399188757,1.0287808838106691
1789324258668527400,9.68652734375,1.6882665368057785,3.379918332135677,1.1684329539984464
1789324258678490000,9.696489990234374,1.6106421759858727,2.5080454814791677,1.1796356082752346
1789324258688452400,9.706452392578125,1.4407310150042176,1.5642629943877457,1.1872314702317117
1789324258698415400,9.716415283203125,1.193691606156528,0.5717085853427648,1.1649691503453998
1789324258708378400,9.72637841796875,0.9396344275012611,-0.3725876964896917,1.1541485541887582
1789324258718340000,9.736340087890625,0.4861205521672964,-1.3200018180817366,1.5962541696712373
1789324258728303000,9.74630322265625,-2.435554976416379,-2.332193240010738,3.2927252018511295
1789324258738265300,9.756265380859375,-7.674258032321929,-3.4684961947768924,5.308173044103384
1789324258748228400,9.766228271484374,-10.089930350530146,-4.927925772771239,5.012434194016456
1789324258758191400,9.77619140625,-9.143847769802809,-5.6385869017302985,3.541041791027784
1789324258768153000,9.786153076171875,-7.434511703091859,-4.744280685469508,2.5736475422024725
1789324258778116400,9.796116455078124,-5.441929188120365,-3.066325260928273,1.8245185892917215
1789324258788079400,9.806079345703125,-3.3640053082108494,-1.7356489040970802,0.8647272166855633
1789324258798041300,9.816041259765624,-1.0634045995548367,-1.565862830799818,-0.43656884148027747
1789324258808004400,9.82600439453125,1.3239958561539649,-1.7955542144834995,-1.785041880558431
1789324258817966300,9.83596630859375,3.0237746977075934,-1.7513205204814672,-2.398620499511808
1789324258827929300,9.845929443359376,3.5073464421749114,-1.9159277298361062,-2.5734552345007655
1789324258837892400,9.855892333984375,3.577558334781229,-2.3336826017856596,-2.712042744196951
1789324258847854300,9.865854248046874,3.4788077454328534,-2.847052395406365,-3.0811995894551276
1789324258857817000,9.875817138671875,3.1361539994359013,-3.4680677402317523,-3.333825274002552
1789324258867780000,9.885780029296875,2.234915061302483,-4.254409840857982,-3.4342511030867695
1789324258877742300,9.895742431640626,0.22387173761948942,-5.306550411337613,-3.36225174254179
1789324258887705300,9.905705322265625,-2.1549344927452503,-5.352572157800197,-2.627617617321014
1789324258897668400,9.91566845703125,-3.702173433226347,-3.957029653304815,-1.3500266617283225
1789324258907630000,9.925630126953125,-3.221607592576742,-2.181005484199524,-1.0044725911799817
1789324258917593300,9.93559326171875,-1.34470663574934,-0.9224754951685666,-1.2419418423235415
1789324258927555300,9.945555419921876,0.02763502590060234,-0.321278949534893,-1.5144443398602305
1789324258937518300,9.955518310546875,0.47813086858764287,0.258976514878869,-1.128112707113102
1789324258947481000,9.965481201171874,0.837997469061613,0.8920756807297467,-0.4467884395364672
1789324258957443300,9.975443359375,1.2949775592014192,1.3498773163855076,0.05962620118409395
1789324258967406300,9.98540625,1.678694990862161,1.685665268266201,0.32589944894239303
1789324258977369300,9.995369384765626,1.8096514211580157,1.8308751187115906,0.5396676526334137
1789324258987331000,10.0053310546875,1.9325709677316247,1.7697481575757263,0.7054414946146309
1789324258997294000,10.015294189453124,2.0230724919117984,1.5737603060513734,0.8692021701425313
1789324259007257300,10.02525732421875,2.077768543217331,1.3803811757206916,0.9090940355479716
1789324259017219300,10.03521923828125,2.1510916997119782,1.1705015769660472,0.9453456447549163
1789324259027182300,10.045182373046876,2.4114707748651503,0.7800017916887998,0.8663732303269207
1789324259037144000,10.05514404296875,2.662894682407379,0.4635422251343727,0.6311717049196363
1789324259047107300,10.065107421875,2.9203415035009384,0.2344131515085697,0.4773141453772783
1789324259057070300,10.0750703125,3.232674930036068,0.1340624334871769,0.395325305737555
1789324259067032300,10.0850322265625,3.460997655715048,-0.10689327153265475,0.31115400749221445
1789324259076995300,10.094995361328126,3.5911294717550275,-0.23071780412197113,0.34340997119173405
1789324259086958000,10.1049580078125,3.7156855334892867,-0.06184124688506126,0.4117915796309709
1789324259096920300,10.11492041015625,3.7888542300745844,0.002336918514966965,0.35066388784274455
1789324259106883300,10.12488330078125,3.629508594509959,-0.06048340253531932,0.3149367409013212
1789324259116846300,10.134846435546875,3.313440657621622,0.08421265316903591,0.38418241882398724
1789324259126808000,10.14480810546875,2.7869816653251647,0.31253742467463014,0.6215135036058723
1789324259136771300,10.154771240234375,2.173017408055067,0.49781157448291774,1.0092829871363937
1789324259146733300,10.1647333984375,1.9178624972909688,0.8524030110329389,1.4454197573423384
1789324259156696300,10.1746962890625,1.3821115066446363,1.1404057139098644,1.7990894028723239
1789324259166659300,10.184659423828125,1.1626619693815707,1.3320312785714863,2.141974035015702
1789324259176621300,10.194621337890625,1.4951272065803407,1.4997235944598912,2.045265034497529
1789324259186584300,10.204584228515625,1.725815200085938,1.6032698936522005,1.963502550959587
1789324259196547300,10.21454736328125,1.7013196412548421,1.711622131821513,2.012857095106691
1789324259206509300,10.22450927734375,1.5224150264784693,1.8662801940917968,2.152215881436318
1789324259216472300,10.234472412109374,1.3918027334451675,1.8860826266705988,2.2865904496125875
1789324259226435000,10.24443505859375,1.3331274032451212,1.8479367281496524,2.450560383976996
1789324259236397300,10.254397216796875,1.1549893889270721,1.7216069347411393,2.603904733300209
1789324259246360300,10.2643603515625,1.0919359897732734,1.4734399831682443,2.62087457280159
1789324259256323300,10.2743232421875,0.8843592611335217,1.1588292593508958,2.5339567523270845
1789324259266285000,10.28428515625,0.6625545390464365,0.6858452521324158,2.302816046617925
1789324259276248300,10.294248291015625,0.45301732398867606,0.275341958746314,2.0821369675599035
1789324259286210300,10.304210205078125,0.2773731723129749,-0.0465419709444046,2.022276957619935
1789324259296173300,10.31417333984375,0.25294001119360326,-0.35294951456189155,1.9793658905237912
1789324259306136300,10.32413623046875,1.0489021730802952,-0.7552642407953739,1.898890524186939
1789324259316098300,10.334098388671874,1.3147370294213294,-0.9694862526684999,1.5639149116024373
1789324259326061300,10.344061279296875,0.006351487918570637,-0.3849064953148365,0.8059867122948169
1789324259336024300,10.3540244140625,-1.2175146725535393,-0.14988076486587523,0.295957753534615
1789324259345986300,10.363986328125,-1.9668460161685943,-0.6821972510188817,0.30468276565149427
1789324259355949300,10.37394921875,-2.630508662587404,-1.4556377844959496,0.44050840941891073
1789324259365912300,10.383912353515624,-3.180254422447085,-2.2490122679769993,0.42965939088538285
1789324259375874300,10.393874267578125,-3.911777137649059,-2.887226584884524,0.41665903953686356
1789324259385837300,10.40383740234375,-4.652278693598508,-3.090757691395283,0.6623097705051303
1789324259395799300,10.41379931640625,-5.513752315315604,-2.999057897341251,1.2089619482636451
1789324259405762600,10.423762451171875,-7.0660594989717005,-3.1381887201339005,1.7021907250009476
1789324259415725600,10.4337255859375,-8.421310325089097,-3.5843303131341933,1.9473123175285756
1789324259425687300,10.443687255859375,-6.167174722748994,-4.264847063720226,2.168898720689863
1789324259435650300,10.453650390625,-3.5636803238153454,-4.872456983527541,2.34151461058557
1789324259445613300,10.46361328125,-2.410936521857977,-5.314434442585706,2.271801461281627
1789324259455575600,10.473575439453125,-1.4841338111400604,-5.683948722979426,1.9975769622579216
1789324259465538600,10.48353857421875,-0.7803215251624583,-5.510003776437044,1.379977271094918
1789324259475501300,10.493501220703125,-0.18989954458661376,-4.616725149658322,0.5820196976073085
1789324259485463300,10.50346337890625,0.29934425416775046,-3.3439696513980626,0.10225421355515718
1789324259495426300,10.51342626953125,0.8189829719901084,-2.1384897000312804,-0.1043822385597974
1789324259505389600,10.5233896484375,1.4616004922926424,-0.9656102880179881,-0.2573304281722754
1789324259515351300,10.533351318359376,2.0494658471882343,0.19756430706083775,-0.34007227813638746
1789324259525314300,10.543314208984375,2.411995675522089,1.2423241196393966,-0.31991694046668706
1789324259535276300,10.5532763671875,2.5576725589573384,2.0915005698412656,-0.3430368270304054
1789324259545239600,10.563239501953126,2.7517197978079317,2.663560452839732,-0.5546960026782005
1789324259555202600,10.57320263671875,3.195195386469364,2.849624876242876,-1.1349578237675129
1789324259565164300,10.583164306640626,3.737962539488077,2.8313778564125296,-1.9037562305271625
1789324259575127300,10.593127197265625,4.315519266337156,2.632560334420204,-2.8297987705275416
1789324259585090300,10.60309033203125,4.818683015502989,2.3744705392479895,-3.5890441899135705
1789324259595052500,10.613052490234375,4.701280624915659,2.0759259840905666,-4.048237572188675
1789324259605015300,10.623015380859375,4.342388568562269,1.6825164488464592,-4.238452977791428
1789324259614978300,10.632978271484374,3.773860366821289,1.283262279227376,-4.251042994773388
1789324259624940300,10.642940185546875,2.4720845257818698,1.0487520970851183,-3.756492467913031
1789324259634903600,10.652903564453124,1.0798907471925019,1.075187099546194,-3.037171062636375
1789324259644866600,10.662866455078126,0.10401800835728645,1.2099252403378487,-2.667113761407137
1789324259654828300,10.672828369140625,-0.18049338180515914,1.2678998749226331,-2.8974077871590853
1789324259664791300,10.682791259765626,-0.424715943133831,1.1082377207547425,-3.6267315310120583
1789324259674753500,10.69275341796875,-2.181032956728339,0.5958832416564226,-3.3850501420661807
1789324259684716500,10.702716552734374,-4.541471463492512,-0.4255956485778093,-1.0996334854733198
1789324259694679600,10.712679443359375,-2.6572055308550593,-0.8517617905199527,-0.24513584024868904
1789324259704641300,10.722641357421875,-0.6781804165929556,-0.8582757024586201,-0.739083213584125
1789324259714604300,10.732604248046876,-0.07570906525049358,-0.5183937592625618,-0.48702765707485374
1789324259724567300,10.7425673828125,0.5534942987382412,0.02246200717687607,-0.14419241703115404
1789324259734529500,10.752529541015624,0.9345604852378367,0.7204998014062642,-0.73180971544981
1789324259744492300,10.7624921875,0.8058183699905872,1.5267173998475074,-1.2212561971694231
1789324259754455300,10.772455322265625,0.5410206381449476,2.3385686202615497,-0.9458609008006751
1789324259764417500,10.78241748046875,0.4577298125285655,3.0767800194472072,-0.7505603008881211
1789324259774380500,10.792380615234375,0.5839535882793366,3.5789480355739594,-0.6288320099256932
1789324259784343600,10.802343505859374,0.8184826212525367,3.6746798616230487,-0.6042581982266158
1789324259794305300,10.81230517578125,1.0679976264335214,3.522914598184824,-0.5116846170127392
1789324259804268300,10.822268310546875,1.269476330459118,3.141110745060444,-0.08485906131379306
1789324259814230500,10.83223046875,1.4125953461050986,2.6249083583623167,0.27061514942012727
1789324259824193500,10.842193603515625,1.552055400852114,1.9995862562537192,0.5536804689601064
1789324259834156500,10.852156494140624,1.6985118903577328,1.4114245487600565,0.6929382060680538
1789324259844118300,10.8621181640625,1.7109002472877501,0.8684364464670419,0.7342074973065406
1789324259854081300,10.872081298828125,1.6391680132463573,0.4529974502444267,0.745679177783057
1789324259864044500,10.88204443359375,1.4397767830193042,0.15236732098460196,0.6616545945320278
1789324259874006500,10.892006591796875,1.1849430670335888,-0.0008329436928033829,0.5631575415533036
1789324259883969300,10.90196923828125,0.7917138567924499,-0.04109188884496689,0.6191276313826442
1789324259893932300,10.911932373046875,0.19502660527676344,0.07660276268720627,1.119774502356723
1789324259903894500,10.92189453125,-1.6622025596141814,0.3747223704308271,2.7277731050312517
1789324259913857500,10.931857421875,-6.49770022405684,0.38808512535095213,5.618728939571977
1789324259923820500,10.941820556640625,-10.3432855183959,-0.641772886171937,7.278128716725111
1789324259933782300,10.9517822265625,-9.186934047335386,-2.5669261249929667,3.8215292959690093
1789324259943745300,10.961745361328125,-6.8816931116580955,-3.2581817117363214,0.6768081783916801
1789324259953708300,10.971708251953125,-4.967890118891001,-2.3588012609511613,0.7723722466584294
1789324259963670500,10.98167041015625,-3.440790733988583,-0.9917553676217794,1.1638789439558983
1789324259973633300,10.99163330078125,-2.221055608906597,-0.2288099246740341,1.2567027736037968
1789324259983595300,11.00159521484375,-1.0263666622757912,-0.2677478503555059,0.9352359002813696
1789324259993558500,11.01155859375,0.055929684753715986,-0.8808417545318603,0.18386479446701703
1789324260003521500,11.021521484375,1.1734136650204658,-1.6036340507894753,-0.43402401583567257
1789324260013483300,11.031483154296875,1.9144030044868587,-2.004599700501561,-0.7902453916750848
1789324260023446300,11.0414462890625,2.069330531348288,-2.336678860992193,-1.173638340621814
1789324260033409300,11.0514091796875,1.8126003340914845,-3.0166227801263332,-1.641713752206415
1789324260043371500,11.06137158203125,1.082294885724783,-3.9784669936090706,-2.32965349240005
1789324260053334500,11.07133447265625,0.23099399071484802,-4.7686032258212565,-2.776010773977637
1789324260063297500,11.081297607421876,-0.46049116700068116,-5.259365466314554,-2.949044450893998
1789324260073259300,11.09125927734375,-1.133989855518192,-5.284166145572066,-2.987585193951428
1789324260083222300,11.10122216796875,-1.7776269281268118,-4.266268036434054,-2.6440631406873463
1789324260093185500,11.111185546875,-1.6731206978611648,-2.236144018575549,-1.6609164653263986
1789324260103147500,11.1211474609375,-0.8016988058425486,-0.38985798024237156,-0.7358717772569507
1789324260113110300,11.1311103515625,0.2907669068932533,0.8988748393505811,-0.2115687939506024
1789324260123073300,11.1410732421875,1.0008674793601036,1.6022674386113882,-0.1441530348688364
1789324260133035500,11.151035400390626,1.198306260345131,2.048459300494194,-0.12233750890195369
1789324260142998500,11.16099853515625,1.5299863385155796,2.2888912739008664,0.035898411855101585
1789324260152960300,11.170960205078124,1.8240462956048547,2.2860288702070712,0.1736713902980089
1789324260162923300,11.18092333984375,2.1018742259480057,1.9848036976635455,0.23842077971473336
1789324260172886300,11.19088623046875,2.2852796592749653,1.463755624499917,0.20416823537051676
1789324260182848500,11.2008486328125,2.3075746393218637,0.9087877460777759,0.18393252594098447
1789324260192811500,11.2108115234375,2.2796236793398856,0.4070020072668791,0.22094927430152891
1789324260202774300,11.220774169921874,2.3021882701084015,0.02165712053477764,0.288080882679671
1789324260212736300,11.230736328125,2.335373915873468,-0.14735679934620857,0.3079289079658687
1789324260222699500,11.240699462890625,2.4173659703835844,-0.26804244938790794,0.19960560363009572
1789324260232662500,11.25066259765625,2.629743815694749,-0.47849429507255553,-0.08069587721973658
1789324260242624300,11.260624267578125,2.8554262559980153,-0.6634370209693908,-0.3720852999255061
1789324260252587300,11.270587158203124,3.0092963827610015,-0.7474976984471082,-0.5517680594675243
1789324260262550300,11.28055029296875,2.982134819591045,-0.7465536955952644,-0.49446796314343805
1789324260272512500,11.290512451171875,2.8016730385005473,-0.6037649348169565,-0.2163051017574966
1789324260282475500,11.3004755859375,2.623342716480791,-0.28106968874335286,-0.0497128560654819
1789324260292437200,11.310437255859375,2.460088383039832,0.20364625732302666,-0.01647109619900584
1789324260302400300,11.320400146484374,2.353005726414919,0.6660889967828989,0.08396423136591911
1789324260312363300,11.33036328125,2.2314006234407424,1.0249760847002267,0.22939751530364155
1789324260322325500,11.340325439453125,1.98591428925395,1.1706558907449245,0.4018088225379586
1789324260332288500,11.35028857421875,1.774353605544567,1.3034399748593568,0.6233285902038216
1789324260342251500,11.36025146484375,1.6409550427936017,1.4378835166186092,0.7594925260148943
1789324260352213500,11.370213623046874,1.4485923960290847,1.5835884571045635,0.9421946333780884
1789324260362176500,11.380176513671875,1.2391152405954897,1.8190157540917395,1.0431623142540454
1789324260372139500,11.390139404296875,1.0964824010312557,2.1258967604398724,1.1957638823859393
1789324260382101500,11.4001015625,0.9831050281763076,2.4420079519480464,1.3244039985634386
1789324260392064500,11.410064453125,0.8233725852511823,2.625214063310623,1.4103499052658677
1789324260402027500,11.420027587890624,0.5890823294699191,2.6933389205098153,1.5552981821656227
1789324260411989500,11.429989501953125,0.309086918894574,2.5884476364493367,1.6371765471681952
1789324260421952500,11.439952392578125,-0.07241174073815346,2.2119693622618914,1.8306335650406778
1789324260431915500,11.44991552734375,0.10311667560338973,1.70607034291327,2.018624718722701
1789324260441877500,11.45987744140625,0.8401660452723503,0.9697644850879907,2.2454345556207
1789324260451840500,11.469840576171874,0.341719716549851,0.38670331560373306,2.3555466430693865
1789324260461802500,11.479802490234375,-0.6821078191697597,0.1433370423108339,2.2468892844736574
1789324260471765500,11.489765625,-1.6637421902716159,-0.19509820920825002,2.185160704182833
1789324260481728500,11.499728515625,-2.2935288705736396,-0.6527601441323757,2.1395574753932656
1789324260491690800,11.509690673828125,-2.597930919587612,-0.9371920027852058,1.8336299703776835
1789324260501653500,11.519653564453124,-2.6367852586388585,-0.9764631059437989,1.2919517816394566
1789324260511616500,11.529616455078125,-2.652555074700713,-0.8795511301994323,0.7148593113012611
1789324260521578500,11.53957861328125,-2.738311450180411,-0.749126176431775,0.33807723186165095
1789324260531541500,11.54954150390625,-2.9393121614307165,-0.7934042940974235,0.10768062251806258
1789324260541504500,11.55950439453125,-3.288126768144965,-0.9431611403226852,-0.020000877760350703
1789324260551466500,11.569466552734376,-3.6726065624803303,-1.1333049419939518,-0.16050006629675626
1789324260561429500,11.579429443359375,-3.9635020641893144,-1.4847680173903703,0.03731909230798482
1789324260571392500,11.589392578125,-3.948230845299363,-2.5026316397368906,1.032864499862492
1789324260581354500,11.5993544921875,-3.4260657508045433,-3.907652166673541,2.2014994061738253
1789324260591317500,11.6093173828125,-2.791958284693956,-4.930459090641141,2.505270463807881
1789324260601280500,11.619280517578124,-2.2199416563153265,-5.491521194285154,2.382785216998309
1789324260611242500,11.629242431640625,-1.792839694827795,-5.839667692479491,2.2399624078199265
1789324260621205500,11.63920556640625,-1.367735629159212,-6.062066581067443,2.0093287748500703
1789324260631168500,11.64916845703125,-0.9128875826120376,-6.024388300058245,1.5223980753436683
1789324260641130500,11.659130615234375,-0.4537818786203861,-5.357178774812818,0.7322169810764491
1789324260651093500,11.669093505859376,0.030866299439407885,-4.242288610431552,0.15624211659133433
1789324260661055500,11.679055419921875,0.5498808574814349,-3.004374123927951,-0.044924160484224554
1789324260671018500,11.6890185546875,1.080991474976018,-1.8778063812345265,-0.02294073060452938
1789324260680981800,11.698981689453126,1.5947113241434097,-0.8217530212253331,0.035490123315155504
1789324260690943500,11.708943603515625,2.09113758174777,0.09166822987198829,0.0008034253373742104
1789324260700906500,11.718906494140626,2.612983527290821,0.8314408870249986,-0.26951106063574554
1789324260710869500,11.728869384765625,3.145871091330051,1.3860282416969536,-0.6363095061995089
1789324260720831700,11.738831787109374,3.717082248544693,1.7686399040728806,-1.1117835766680537
1789324260730794500,11.74879443359375,4.295442108470201,1.9456325477480887,-1.642038161855191
1789324260740757500,11.758757568359375,4.684269576621055,1.9751731150090692,-2.227400594019145
1789324260750719500,11.768719482421876,4.8569700760602945,1.946789901089668,-2.8359911954268813
1789324260760682500,11.7786826171875,4.634151500755548,1.830425036856532,-3.34071035734117
1789324260770645500,11.7886455078125,3.863742297798395,1.7360259207159279,-3.5451387049525973
1789324260780607500,11.798607421875,2.634503869703412,1.7137217344492672,-3.2253707445025444
1789324260790570500,11.808570556640625,1.1279232489556072,1.8706062405973671,-2.4923329485625025
1789324260800532500,11.818532470703126,-0.21849011764638124,2.1071382839560506,-1.8668004185736178
1789324260810495500,11.82849560546875,-0.9900000483870506,2.306660154825449,-1.6686366843149065
1789324260820458500,11.83845849609375,-1.2956703637711704,2.2617753034383057,-2.1988635047122833
1789324260830420500,11.84842041015625,-1.6996435247361659,2.0001953280627727,-2.315159541492909
1789324260840383500,11.858383544921875,-3.6947377302676436,1.3121487664937972,-1.666524806727469
1789324260850346500,11.868346435546876,-4.372138394659757,0.22175708355307577,-0.7078390572756529
1789324260860308500,11.87830859375,-2.9844039335668087,-0.5058838217794895,-0.06523666147701442
1789324260870271500,11.888271484375,-1.934386346590519,-0.6730050597816706,-0.03417553358525038
1789324260880234500,11.898234375,-1.2299953839421272,-0.37251638481914995,0.024951120578870174
1789324260890196500,11.908196533203125,-0.5006856686145067,0.2614846983075142,0.46297823457606135
1789324260900159500,11.918159423828126,0.0077484039033763105,0.8388444412797689,0.8593331756222993
1789324260910122800,11.928122802734375,0.19243158381488173,1.401544375258684,0.3158868081677705
1789324260920084500,11.93808447265625,0.34427747474126513,2.1126240218907593,-0.2887174270175397
1789324260930047500,11.948047607421875,0.47905901628322894,2.8613661674410102,-0.6796346339892596
1789324260940009500,11.958009521484374,0.8574246385872364,3.3626083008944985,-0.854150804548338
1789324260949972700,11.96797265625,1.3644422867022454,3.488340712931752,-0.9453675643257796
1789324260959935500,11.977935546875,1.6829659461796282,3.2783506395399566,-0.5809367246761917
1789324260969897500,11.9878974609375,1.7712307973489165,2.8596663777858016,0.1975640878651291
1789324260979860500,11.997860595703125,1.8537500906035302,2.3879355854988096,0.9608123862169683
1789324260989823500,12.007823486328125,1.963558372800052,1.845910190758109,1.3974712806008756
1789324260999785500,12.017785400390625,2.0447771048501133,1.1428741498500108,1.3850716716244815
1789324261009748500,12.02774853515625,2.120515944184363,0.4507195684403181,1.1505432231731711
1789324261019711500,12.03771142578125,2.125185689561069,0.10712181959152221,0.8341774723820388
1789324261029673500,12.047673583984375,2.080300253652036,0.032520459854602814,0.5167367858357728
1789324261039636700,12.05763671875,1.8503633707746863,0.16121347526311874,0.3543899226285517
1789324261049599500,12.067599609375,1.4662962488934397,0.3377577906489372,0.5225576009437441
1789324261059561500,12.0775615234375,1.2656897976577282,0.37644203383028507,0.753234415468201
1789324261069524500,12.0875244140625,0.559057778084278,0.31371289819478987,1.369745069285482
1789324261079486700,12.09748681640625,-4.638349244706332,0.4847025020629167,3.036235243090987
1789324261089449500,12.107449462890624,-12.72754446120858,-0.05758943465948105,6.027350656995177
1789324261099412500,12.11741259765625,-11.495696142876147,-2.0258844805926084,3.9805601664960384
1789324261109374500,12.12737451171875,-7.494016031461953,-3.3468729716241357,-0.0061416445601731534
1789324261119337500,12.13733740234375,-5.886821657842398,-2.881342787542939,0.5169993092294782
1789324261129300500,12.147300537109375,-3.874949335989356,-1.4387895255476235,1.0459448576446622
1789324261139262500,12.157262451171874,-1.5968714247867464,-0.316504574739933,0.6353484060823917
1789324261149225500,12.1672255859375,0.5435641486153007,-0.020165420672297478,-0.13079875551611184
1789324261159188500,12.1771884765625,2.0524705819621683,-0.44459553260207174,-0.9644247314952313
1789324261169150500,12.187150390625,2.5412039469763634,-1.1711895592302084,-1.303264326031506
1789324261179113700,12.19711376953125,2.6551450911939143,-1.884344258570671,-1.4262360411837696
1789324261189076500,12.207076416015624,2.5244860364094377,-2.617500712454319,-1.728085629235953
1789324261199038500,12.21703857421875,2.152866746560484,-3.5242233426958323,-2.3160296023257074
1789324261209001500,12.22700146484375,1.434897340414673,-4.736885314521193,-2.924567889024317
1789324261218963700,12.236963623046876,-0.03933364700078964,-6.272283448952436,-3.5542259745106097
1789324261228926500,12.246926513671875,-2.1075404350161553,-7.197147300562262,-3.9457974806725975
1789324261238889500,12.256889404296874,-3.763147541888058,-6.589324030265212,-3.2597143281310794
1789324261248851500,12.2668515625,-3.7746401190221306,-4.308227940285206,-2.277278285257518
1789324261258814500,12.276814453125,-2.2722926057994366,-1.8953975675046444,-1.6472355843678115
1789324261268777700,12.28677783203125,-0.6137411160387098,-0.3043003422051668,-1.1886281852871179
1789324261278739500,12.296739501953125,0.5095885215163231,0.5227367569029331,-0.7424361772738397
1789324261288702500,12.306702392578124,1.078666319964081,1.092404776328802,-0.4506938494771719
1789324261298665500,12.31666552734375,1.4881823558785021,1.6040385399371384,-0.1484742590688169
1789324261308627700,12.326627685546875,1.968266550491005,1.9392215116620062,0.16811156421378254
1789324261318590500,12.336590576171876,2.2618084750555454,2.0324159281879663,0.3301847250461578
1789324261328553500,12.346553466796875,2.378203296035528,1.8664409376114606,0.27261151086911556
1789324261338515500,12.356515380859374,2.4817668386235834,1.4984399843901395,0.11919044304788112
1789324261348478500,12.366478515625,2.5298037243008613,1.0588473746418952,0.041054187183082104
1789324261358441500,12.37644140625,2.4660367700502275,0.644866760534048,0.05659428614228963
1789324261368403500,12.386403564453126,2.482386139565706,0.2833329575002193,0.020946341916918753
1789324261378366500,12.396366455078125,2.6499156661078334,0.06457505576312542,-0.04411269797086716
1789324261388329500,12.40632958984375,2.851938413882255,-0.10879939741492271,-0.13682882946059108
1789324261398291700,12.416291748046875,3.0662907741367813,-0.21684359254837035,-0.20151085272952912
1789324261408254700,12.426254638671875,3.18873174341321,-0.21356793187856674,-0.3175970461517572
1789324261418216400,12.436216552734376,3.141316789026558,-0.1395464178562164,-0.36838527636379004
1789324261428179500,12.446179443359375,3.002795330303907,0.02293722347319126,-0.14626958863139153
1789324261438142500,12.456142578125,2.826515218812227,0.2336117719978094,0.12631167322993278
1789324261448104700,12.466104736328125,2.697731310249865,0.579332504349947,0.4118136453323066
1789324261458067500,12.4760673828125,2.6302058802485466,0.8647142110735178,0.6669207714319229
1789324261468030500,12.486030517578126,2.547706460738182,0.986666520050168,0.7518785438798368
1789324261477992400,12.495992431640625,2.5309870888665316,0.9660036712497472,0.7774151361964643
1789324261487955500,12.50595556640625,2.507815764376521,0.9055068247109651,0.8025900555938482
1789324261497918700,12.515918701171875,2.425366321487725,0.9456272381752728,0.8724947819471359
1789324261507880400,12.52588037109375,2.3100793156191703,1.1282254467725754,1.0531691828750074
1789324261517843500,12.535843505859376,2.2345367295093834,1.3803566258013247,1.206865122114867
1789324261527806500,12.545806396484375,2.084383139051497,1.7085417014628648,1.4221113624691963
1789324261537768700,12.555768798828124,1.7694566272832453,2.0611200446248055,1.7799895656049252
1789324261547731700,12.565731689453125,1.3541362890042363,2.327675470325351,2.015369516319036
1789324261557694500,12.575694580078125,1.0589726084567606,2.364557047998905,2.002098823596537
1789324261567656400,12.585656494140625,1.0165371960483491,2.353676757544279,2.139599268708378
1789324261577619500,12.595619384765625,0.8709972368657588,2.1154630447089673,2.175148136473447
1789324261587581700,12.605581787109376,0.6359504636287688,1.749377569720149,2.217703083608299
1789324261597544400,12.61554443359375,0.37092458558306096,1.3724556434184312,2.271051373566687
1789324261607507500,12.625507568359374,0.18513328003287313,0.8732464770972728,2.16117338713482
1789324261617469400,12.635469482421875,-0.03941898719668388,0.3535796291589737,2.0572529939331115
1789324261627432700,12.6454326171875,-0.26974742667488755,-0.07745616464614867,2.0526218270011247
1789324261637395700,12.655395751953124,-0.29948198213800786,-0.38477380884587764,2.081207285494357
1789324261647357400,12.665357421875,-0.2851530855994671,-0.6200742645829915,2.1568891339443623
1789324261657320400,12.675320556640624,-0.19295769004821775,-0.7553145096778869,2.174948814509064
1789324261667283500,12.685283447265626,0.4682675731558352,-0.8088374255508184,2.0490875153951347
1789324261677245700,12.69524560546875,0.5465268343457952,-0.698951986464858,1.5879805545836687
1789324261687208400,12.70520849609375,-0.21264314518384633,0.3208826436936855,0.3043592327855527
1789324261697171500,12.71517138671875,-1.7930781797587871,0.1681464893966913,-0.35155192272365093
1789324261707133400,12.725133544921874,-3.111861269700527,-1.5377555112123489,0.02540332132577896
1789324261717096400,12.735096435546875,-3.6533950815320013,-3.0410306606739756,0.10189180998355149
1789324261727059700,12.745059814453125,-4.367908794265985,-4.234902007311582,0.1325118430443108
1789324261737021400,12.755021484375,-5.239650127497315,-5.05772821072638,0.6373685137331485
1789324261746984400,12.764984375,-5.7478135846465825,-5.285791700947285,1.2056474168881772
1789324261756947500,12.774947509765624,-5.929906181809306,-5.619383019566536,1.7394499038152396
1789324261766909700,12.78490966796875,-5.091827464205027,-5.939995029625297,1.6430639977715908
1789324261776872700,12.794872802734375,-3.64265566085279,-5.8644964287877075,0.9282155001252889
1789324261786834400,12.80483447265625,-2.4319793098866938,-5.076089796847104,0.16740838438048958
1789324261796797400,12.81479736328125,-1.333921037840843,-4.0219776340335605,-0.03263794875442982
1789324261806760400,12.824760498046874,-0.4065513408899307,-2.993731149360537,0.09815496154278516
1789324261816722700,12.83472265625,0.21577508653402327,-2.0760791288256644,0.3843316180363297
1789324261826685400,12.844685546875,0.6360907488822937,-1.2626894467979668,0.6908918679974972
1789324261836648400,12.8546484375,0.9611118075549602,-0.39818449456095695,0.8165608594097197
1789324261846610400,12.8646103515625,1.332833827126026,0.5182189872175454,0.857898978100717
1789324261856573700,12.87457373046875,1.6997450854144989,1.3563579105764627,0.8111654301069676
1789324261866536700,12.88453662109375,1.9389631529867648,2.0082728360563515,0.513069130173698
1789324261876498400,12.89449853515625,2.1548377543725072,2.435524435147643,0.033368674181774256
1789324261886461400,12.90446142578125,2.3631002733193336,2.654343127161264,-0.704437139877677
1789324261896424400,12.914424560546875,2.6892893528580664,2.567919227683544,-1.6974723181769251
1789324261906386700,12.92438671875,2.9157132591784,2.4081623809695243,-2.696476049491763
1789324261916349400,12.934349365234375,2.8863234985649586,2.1518068622440096,-3.44668066881001
1789324261926311400,12.9443115234375,2.7763573954582212,1.6988953367173671,-4.239103842915594
1789324261936274400,12.9542744140625,2.5505495752096174,1.1341688653469084,-4.7120314437717195
1789324261946237400,12.964237548828125,2.2874305536985395,0.5107248320698737,-4.945376673787832
1789324261956199400,12.974199462890626,1.782395457702875,0.07569266210496425,-4.692431255766749
1789324261966162400,12.984162353515625,1.0910030928373335,-0.04480301832258701,-3.971410937617719
1789324261976125400,12.99412548828125,0.5853057335406542,0.05273965654075145,-3.3269004431754348
1789324261986087700,13.004087646484376,0.3976367610177025,0.31671967879533763,-3.0227301570907232
1789324261996050700,13.01405078125,0.1998877815723419,0.7920937960207461,-3.1038433829396963
1789324262006013700,13.024013671875,-0.5617483323425054,1.1085013401269912,-2.3061856691814957
1789324262015975400,13.033975341796875,-2.390019406035542,1.0163818593561649,-0.00677431644052267
1789324262025938400,13.0439384765625,-2.5234084703058004,0.6371160002768039,0.8650066181488335
1789324262035901400,13.0539013671875,-1.6484131037145853,0.24379765044748783,-0.11576244136057794
1789324262045863700,13.06386376953125,-0.9051029200851917,0.2095347308397293,-0.7081818062987179
1789324262055826400,13.073826416015624,-0.5814017118394375,0.444290996697545,-0.438514678318426
1789324262065788400,13.083788330078125,-0.2545300568640232,1.0583861868709326,-0.5575573834586888
1789324262075751400,13.09375146484375,0.141115201542899,1.8363439055114983,-0.8946681814409791
1789324262085714700,13.103714599609376,0.4384884478986263,2.652639245852828,-1.122825779686123
1789324262095676400,13.113676513671875,0.7325299194831401,3.3988954198062418,-0.8993358809910714
1789324262105639400,13.123639404296876,1.0847357030056417,3.932548122999072,-0.6690623135052621
1789324262115602400,13.1336025390625,1.3461292158983647,4.126502422869205,-0.4250359688684344
1789324262125564700,13.143564697265624,1.5497266656436026,3.990527433758974,-0.019088292960077524
1789324262135527700,13.153527587890625,1.6966133632600306,3.627695992130041,0.44619405383989214
1789324262145490400,13.163490478515625,1.7992960313603281,3.1484383114695547,0.8474113402254879
1789324262155452400,13.173452392578126,1.8219994460776447,2.5933734024137256,1.1795942533515393
1789324262165415400,13.18341552734375,1.8075696464478967,1.9506816478312015,1.307004535473138
1789324262175378700,13.193378662109374,1.7270099628284572,1.2629144877254963,1.2685739747919142
1789324262185340400,13.20334033203125,1.6170590572908519,0.661006578952074,1.0224581105299293
1789324262195303400,13.213303466796875,1.4414005848288536,0.23515023361146448,0.7915315590281039
1789324262205265400,13.223265380859376,1.102445693349838,-0.08999532822370529,0.637408845743537
1789324262215228700,13.233228759765625,0.5544005999282002,-0.3975046956032514,0.7273042207241058
1789324262225191700,13.243191650390624,-0.7410226572141051,-0.7644459106385707,1.1938283112134784
1789324262235153400,13.2531533203125,-5.0717853776514525,-1.0839157649248838,4.084616461037099
1789324262245116400,13.263116455078125,-8.738367857536673,-2.509138537412882,6.99102968468964
1789324262255079400,13.273079345703126,-8.695856165021658,-4.514649507540464,4.906517074039578
1789324262265041700,13.283041748046875,-8.07089003674388,-5.633592162182927,1.5419798509091138
1789324262275004700,13.293004638671874,-6.722572809281945,-4.517003961712121,0.1546132915467955
1789324262284967400,13.302967529296875,-4.61181370448023,-1.9686720625519751,0.047613162106182425
1789324262294929400,13.312929443359375,-2.111343042169511,-0.4616892907440662,-0.625334669329226
1789324262304892400,13.322892333984376,0.5993687456846237,-0.07568214071094989,-1.758819205673784
1789324262314854700,13.332854736328125,2.3773408339872955,0.15134849933087824,-2.379191430290043
1789324262324817400,13.3428173828125,2.8845921447277068,-0.05532441233694553,-2.0653353242322803
1789324262334780400,13.352780517578125,3.090701577293873,-0.7871820585817099,-1.7935323532670735
1789324262344742400,13.362742431640624,2.8641210191071034,-1.697356875103712,-1.8203394039109349
1789324262354705400,13.372705322265626,1.834165538559109,-2.8174972150981423,-2.274709457682818
1789324262364668400,13.38266845703125,0.03256488351821899,-4.2415275629311795,-2.9785072767436502
1789324262374630100,13.392630126953126,-1.7743454222381114,-5.33785272757411,-3.571739711630344
1789324262384593200,13.40259326171875,-2.900632594424486,-5.6379667240053415,-3.915976927426457
1789324262394556200,13.41255615234375,-2.9684207670152185,-4.638005253574252,-3.4517765306442976
1789324262404518400,13.422518310546875,-1.9853706838965415,-2.6210055057048796,-2.1156379628844557
1789324262414481200,13.432481201171875,-0.6017303602494299,-0.6974994495689869,-0.8147672539912164
1789324262424443100,13.442443115234376,0.44253786941990253,0.7426356453686952,-0.01017959483936429
1789324262434406400,13.452406494140625,0.8859051754012703,1.5677397305876015,0.21208967601954937
1789324262444369400,13.462369384765625,1.1662734378769992,1.9685656795680522,0.012938245897740125
1789324262454331100,13.4723310546875,1.5124869221821426,2.140771673488617,-0.1306615390025079
1789324262464294100,13.482294189453125,1.827103198957443,2.1080267572283744,-0.1484748435907066
1789324262474257200,13.492257080078126,2.107648863826692,1.9569418772697447,-0.14793474536463616
1789324262484219400,13.502219482421875,2.263543189893663,1.6672908226639032,-0.1598623529151082
1789324262494182400,13.512182373046874,2.2742427169539035,1.2908370983958244,-0.03295096022635698
1789324262504144100,13.52214404296875,2.2669303481139242,0.8831371719926595,0.2122257234893739
1789324262514107100,13.532107177734375,2.2681918924823403,0.3679290570288896,0.31457711380869147
1789324262524070100,13.542070068359376,2.3054645153000948,-0.17649580006897447,0.31700901713073254
1789324262534032400,13.552032470703125,2.4313017028860746,-0.5855214221179484,0.21403452647700905
1789324262543995400,13.561995361328124,2.581254217813909,-0.816805627951026,0.03473886655643582
1789324262553958100,13.571958251953125,2.736679757325351,-0.9203086725234985,-0.15274842925667761
1789324262563920400,13.58192041015625,2.8968846400678157,-0.964284592372179,-0.27613004038408395
1789324262573883400,13.59188330078125,2.9173581037759777,-0.8649322377383708,-0.22281945208758114
1789324262583846400,13.601846435546875,2.8317101571068166,-0.6799614547908306,-0.07347688575163483
1789324262593808100,13.61180810546875,2.661184663619101,-0.44435120245218274,0.12255582782775162
1789324262603771100,13.621771240234375,2.4831869345545767,-0.2647609434992075,0.17275354480072855
1789324262613733400,13.6317333984375,2.333182251048088,-0.09405892440080642,0.30956995317116376
1789324262623696400,13.6416962890625,2.0868924915239213,0.08552665837705135,0.6839335732921957
1789324262633659400,13.651659423828125,1.8476903521731496,0.25270284143686295,1.1819602518305181
1789324262643621000,13.66162109375,1.6198814212352037,0.2432920390129089,1.5592705929279327
1789324262653584100,13.671584228515625,1.85473910164088,0.3463648754745722,1.4737163158915936
1789324262663547400,13.68154736328125,2.067111101733148,0.6414782871395349,1.5324186802290378
1789324262673509400,13.69150927734375,2.114651728326082,0.9722919577389955,1.7390568128444253
1789324262683472100,13.70147216796875,2.116279914049804,1.403819918975234,1.9130114039979873
1789324262693435100,13.71143505859375,2.0055532018341125,1.7367279315054416,1.9506084364645182
1789324262703397400,13.7213974609375,1.777859567838907,2.055643074518442,2.0655239786721764
1789324262713360400,13.7313603515625,1.4911762769974768,2.3272300646454096,2.166160820158571
1789324262723322000,13.741322021484375,1.115825691665709,2.2970891934037208,2.2555036758229137
1789324262733285000,13.75128515625,0.8994460633672773,2.190506887516379,2.4183247324131427
1789324262743248100,13.761248046875,0.7125859595417976,1.9068629643708466,2.517187403833866
1789324262753210400,13.77121044921875,0.44561829977855083,1.5682196230590342,2.5475293506056067
1789324262763173400,13.78117333984375,0.26889175969362256,1.1134469798356295,2.4738100344002247
1789324262773136400,13.791136474609376,0.16562793070450424,0.6832371154606341,2.437672260831296
1789324262783098000,13.80109814453125,0.17317410830035804,0.31797990798950193,2.491854809656739
1789324262793061400,13.811061279296876,0.08750555723458528,-0.09806699099838734,2.451208911013603
1789324262803023400,13.8210234375,-0.0760825382053852,-0.5590402424275874,2.227722665580362
1789324262812986400,13.830986328125,-0.11408216012343764,-0.808394357958436,2.0798925496339797
1789324262822949000,13.84094921875,0.08950213787928223,-0.8408218788325786,1.9489203372471033
1789324262832911400,13.850911376953125,0.9468800147153437,0.013497194954752921,1.2395203142650424
1789324262842874400,13.860874267578126,0.7010591878771781,0.6997042661368846,0.2890304384894669
1789324262852837400,13.87083740234375,-1.2845289381623268,-0.3088578593790531,0.3628863866865635
1789324262862799000,13.880799072265624,-2.64687176836729,-1.3712994591206311,0.5094081965133548
1789324262872762000,13.89076220703125,-3.271662540078163,-2.420674656540155,0.3922850612588227
1789324262882724400,13.900724365234375,-3.988039708596468,-3.163988347300887,0.32652737158238887
1789324262892687400,13.910687255859376,-4.520170316788554,-3.4476141502678392,0.48821036405339835
1789324262902650400,13.920650390625,-4.931937346500158,-3.5222616872340438,0.914639979237318
1789324262912612000,13.930612060546874,-5.289927777838707,-3.561560847443342,1.4172168684259057
1789324262922575400,13.940575439453125,-5.34352258990407,-3.7397079218506812,1.703560844310373
1789324262932538400,13.950538330078125,-4.978890820854902,-4.138133823952079,1.742182397519052
1789324262942500400,13.960500244140626,-3.921109614139795,-4.4249300736486905,1.6700136717565357
1789324262952463400,13.97046337890625,-2.6072610579907893,-4.455159207695722,1.4328278406642376
1789324262962425300,13.98042529296875,-1.4864122774660586,-4.164903757455945,1.052702588276565
1789324262972388400,13.990388427734375,-0.6496224306285381,-3.6730741799920796,0.7134867077738046
1789324262982351400,14.000351318359375,0.00490998387336731,-3.047666153165698,0.5516577309608459
1789324262992313300,14.010313232421876,0.564477465045452,-2.1849147665977475,0.38249446573704476
1789324263002276000,14.020276123046875,1.0736604745008052,-0.7950771957457066,-0.1204256839312613
1789324263012239000,14.030239013671874,1.4048973389483987,0.3599304594904184,-0.739555215010047
1789324263022201300,14.040201416015625,1.754797987333685,0.8668278422266245,-1.2213084388133137
1789324263032164400,14.050164306640625,2.2509565339125692,0.7423147428512573,-1.3264186993867157
1789324263042127400,14.06012744140625,2.2945418470084666,0.7492629545539617,-1.466101603104174
1789324263052089000,14.070089111328125,2.7221336378395558,1.115603865608573,-1.8187170634061096
1789324263062052400,14.08005224609375,3.358655763876438,1.2037567808359861,-2.1927666491419076
1789324263072014300,14.090014404296875,4.058832323700189,0.9759574945092201,-2.7908032694399356
1789324263081977300,14.099977294921874,4.563216262310743,0.6305021350950002,-3.354396060605347
1789324263091940000,14.109940185546876,4.684693939512968,0.37957857829034325,-3.625238077583909
1789324263101902300,14.11990234375,4.504059139943123,0.1352034202158451,-3.769918935719132
1789324263111865300,14.129865234375,3.823060743319988,-0.07157879704535007,-3.7646143995702266
1789324263121828400,14.139828369140625,2.346468433600664,-0.05157061276137829,-3.182600985573232
1789324263131790000,14.1497900390625,0.7549310633182525,0.26156010163128374,-2.401491817164421
1789324263141753000,14.159753173828125,-0.3256575664779171,0.6975526410609484,-2.0819164566770194
1789324263151715300,14.16971533203125,-0.9535270515143871,1.0242343264222145,-2.372215161536634
1789324263161678300,14.17967822265625,-2.4949457614094017,0.752803988161683,-2.604469381445646
1789324263171641300,14.189641357421875,-2.9755624554634093,0.25913375126719473,-2.317798950085789
1789324263181603000,14.19960302734375,-1.8779028273463247,0.3402010921478271,-1.6467423940233885
1789324263191566300,14.20956640625,-1.4006857126027346,0.7860135993242263,-1.2315759311318397
1789324263201529300,14.219529296875,-1.107276182246208,1.304607265073061,-0.7879410602554678
1789324263211491300,14.2294912109375,-0.5656640444815159,1.7587065390795469,-0.5975544628042727
1789324263221454300,14.239454345703125,-0.07775777794122696,2.1801579274594785,-0.9452585509933531
1789324263231417000,14.2494169921875,0.3734019354820251,2.649250187936425,-1.138240571765229
1789324263241379300,14.25937939453125,0.6865396641373634,3.0622125649124383,-1.2479719162680207
1789324263251342300,14.26934228515625,0.8439491440076381,3.398150738918781,-1.1385390432551503
1789324263261304300,14.27930419921875,0.9687690443098544,3.5492309427022932,-0.8592365103147923
1789324263271267000,14.28926708984375,1.1142226403832436,3.5653099708437916,-0.5874839178299531
1789324263281230300,14.299230224609374,1.1986883915305138,3.4229806442707775,-0.2656273876028135
1789324263291192300,14.3091923828125,1.2775731276750564,3.118741676864028,0.1558516559690237
1789324263301155300,14.3191552734375,1.371137254296243,2.6865947069466114,0.6810056300815195
1789324263311118300,14.329118408203126,1.4682532281801104,2.2253800479769708,1.0324182904649526
1789324263321080300,14.339080322265625,1.5159085671938954,1.769040301567316,1.213089622652903
1789324263331043300,14.349043212890624,1.6861621118724346,1.2928449310868977,1.124871898560971
1789324263341005300,14.35900537109375,1.908033761715889,0.969745195865631,0.9840860751029104
1789324263350968300,14.36896826171875,2.0338053367197513,0.6823603326261043,0.7541269803937524
1789324263360931300,14.378931396484376,2.1050199766278266,0.3452566219717264,0.3920006913594901
1789324263370893300,14.388893310546875,2.089011967895925,0.015184125128388404,0.21180537918545306
1789324263380856300,14.398856201171874,1.8700000913977621,-0.3525724979430437,0.2416818273372948
1789324263390819300,14.4088193359375,1.3530264280661939,-0.733139502748847,0.4881351068601012
1789324263400781300,14.41878125,0.8665642228543758,-1.0402549023747443,0.7533836146805435
1789324263410744300,14.428744384765626,-0.1506771759405732,-1.3270295247614383,1.4468538817986845
1789324263420707300,14.438707275390625,-5.453589230775833,-1.7174258496642112,4.459855841079354
1789324263430669300,14.44866943359375,-13.703939178091288,-3.2175445809215306,7.200149404987693
1789324263440632300,14.45863232421875,-11.955544189667702,-4.0002223138213155,2.818221437719464
1789324263450594300,14.46859423828125,-10.049757330095767,-3.068384531545639,-0.9166583333224058
1789324263460557300,14.478557373046876,-8.886849861520528,-1.2957476667910814,0.045582989719137545
1789324263470520300,14.488520263671875,-5.325912114411592,-0.08120762613415718,0.26016959712095555
1789324263480482300,14.498482421875,-1.4426663669809698,0.3286293122977018,-0.5595986069627106
1789324263490445300,14.5084453125,1.5928993062853811,0.21356500926911828,-1.4256808915190398
1789324263500408300,14.518408203125,2.6582161692023276,0.042568975660204886,-1.6321084501236676
1789324263510370300,14.528370361328125,2.993029138571024,-0.22384558026492593,-1.1085972017169
1789324263520333300,14.538333251953125,3.1299139360025525,-0.7290028413355351,-0.9632054188333451
1789324263530296300,14.54829638671875,2.9526094498991964,-1.5723054310679434,-1.0841015698205678
1789324263540258300,14.55825830078125,2.599033035610616,-2.6637054142683745,-1.407052032764256
1789324263550221300,14.56822119140625,2.229239207623154,-4.042579108035564,-1.9458235402755437
1789324263560183300,14.578183349609375,1.5412497830688952,-5.272573907455802,-2.451313540431857
1789324263570146300,14.588146240234375,-0.14244900742992758,-6.140706402540206,-3.0880776585310694
1789324263580109300,14.598109375,-2.120377704757452,-5.909919040313363,-3.4290181708693503
1789324263590071300,14.6080712890625,-2.7530793957233426,-4.261909256702661,-2.53407716383636
1789324263600034300,14.618034423828124,-2.324538341343403,-2.0803549064487217,-1.407952488735318
1789324263609997300,14.627997314453125,-1.6370120042562484,-0.3839677531599998,-0.9902955242022872
1789324263619959300,14.637959228515625,-0.5839022964835167,0.5430091450810433,-0.8884431694462895
1789324263629922300,14.64792236328125,0.37447745575904845,1.1580068370521068,-0.7238686933174729
1789324263639885300,14.65788525390625,0.7960333274267614,1.8195535142302512,-0.5427775282822549
1789324263649847300,14.667847412109374,1.3724071281015873,2.248988302579522,-0.2828672396846115
1789324263659810300,14.677810302734375,1.9461853593252598,2.374363571742177,-0.16999167887195943
1789324263669772300,14.687772216796875,2.361790067503601,2.27681797426939,-0.08394888766631484
1789324263679735300,14.6977353515625,2.62206816650033,2.082499517261982,0.15166662536934017
1789324263689698300,14.7076982421875,2.6367408349752424,1.799747574520111,0.4647343575283885
1789324263699660300,14.717660400390624,2.6299744095802304,1.46091484811604,0.6885150558635592
1789324263709623300,14.727623291015625,2.724691505628824,1.0431664059072732,0.5974100128322839
1789324263719586300,14.73758642578125,2.8626351644635197,0.521539656072855,0.23390666329115628
1789324263729548300,14.74754833984375,3.0998072592914103,-0.130846978572011,-0.2880954957269132
1789324263739511300,14.75751123046875,3.2176714221715925,-0.7849895169734954,-0.6550706130318343
1789324263749474300,14.767474365234374,3.2118203580558298,-1.2185720726519822,-0.705907650821656
1789324263759436300,14.777436279296875,3.1020038925528524,-1.4790987395823,-0.646467912120372
1789324263769399300,14.7873994140625,2.8613001164674756,-1.4812456884831189,-0.5138387263067067
1789324263779361300,14.797361328125,2.484510292112827,-1.280000062561035,-0.38359453593343495
1789324263789324300,14.80732421875,2.1573054596602916,-0.8662544262528419,-0.2888004291258752
1789324263799287300,14.817287353515624,1.9581332790113983,-0.37139351826906203,-0.17415069824755192
1789324263809249300,14.827249267578125,1.802180500755459,0.1450198808312416,0.06337386327981949
1789324263819212300,14.83721240234375,1.664339717773348,0.5779793361753225,0.3395877825550735
1789324263829175300,14.84717529296875,1.5727451376594601,0.9176637109726666,0.6650802581317723
1789324263839137300,14.85713720703125,1.5710677059665321,1.2070587449908257,0.8426863575302064
1789324263849100300,14.867100341796874,1.5343853041268884,1.4268120875060557,0.8864435200616717
1789324263859063300,14.877063232421875,1.4452201431170104,1.8121826932013034,1.178981089889258
1789324263869025300,14.887025390625,1.277700553447008,2.230256129580736,1.4263672663480043
1789324263878988300,14.89698828125,1.1502480396188794,2.407183306804299,1.4782668188028036
1789324263888951300,14.906951416015625,0.8538451726652682,2.5290701493293044,1.6851862525776027
1789324263898913300,14.916913330078126,0.626323461170867,2.5784698477923866,1.8746480633340774
1789324263908876500,14.92687646484375,0.5011760824799537,2.5177643269389867,1.923833680655062
1789324263918838300,14.93683837890625,0.28641689499020573,2.3021815481066703,1.975396548501402
1789324263928801300,14.94680126953125,0.05685761325359344,1.9609744937866924,2.049096721614897
1789324263938764300,14.956764404296875,-0.22843809568695722,1.4131272610247134,2.06561107243374
1789324263948726500,14.9667265625,-0.5266822796583175,0.8549550336033105,2.1424507126167414
1789324263958689300,14.976689208984375,-0.6945090355813502,0.3077379154384136,2.2375186679296193
1789324263968652300,14.98665234375,-0.7836193976640701,-0.2933253592044115,2.292575076980144
1789324263978614300,14.9966142578125,-0.6930804640829563,-0.7109492982506752,2.325275861837715
1789324263988577300,15.006577392578125,-0.09016250148415565,-0.8002794405639171,2.273552981124073
1789324263998540300,15.016540283203126,0.8446119187653064,-0.06562018090188503,1.5679451900318264
1789324264008502300,15.026502197265625,-1.2456284218817948,-0.28259587539732456,1.4882323325000701
1789324264018465300,15.03646533203125,-2.954807252204418,-1.3010101173639297,1.826864714026451
1789324264028427300,15.04642724609375,-3.445436221706867,-1.6575135250151156,1.6823821549423037
1789324264038390300,15.056390380859375,-4.088482781076431,-1.6971885327994822,1.3895378572531043
1789324264048353300,15.066353271484376,-4.636712291154265,-1.3896014240086079,1.2553202332042157
1789324264058315300,15.076315185546875,-5.140978740864992,-0.9351964450538158,1.3182825930736959
1789324264068278300,15.0862783203125,-6.074202424541116,-0.6857283477544784,1.6717394726358352
1789324264078241300,15.0962412109375,-6.940597136047482,-1.0810025078266858,1.9344693486988542
1789324264088203500,15.10620361328125,-6.205505914708971,-2.2662381280660626,2.1927156496070324
1789324264098166300,15.116166259765626,-4.646171608895063,-3.787786600843072,2.427121202331036
1789324264108129300,15.12612939453125,-3.274889100909233,-4.911750883039832,2.447599926736206
1789324264118091300,15.13609130859375,-2.035219879692793,-5.503119862142205,2.32863247878924
1789324264128054300,15.14605419921875,-1.1212240435779095,-5.802619526067375,2.0623181683681904
1789324264138017500,15.156017578125,-0.49752398971319195,-5.660369109949469,1.6189216362923382
1789324264147979300,15.165979248046876,-0.06736139854602516,-5.193136798125505,1.0869437344439328
1789324264157942300,15.1759423828125,0.37812384943738575,-4.398537741285562,0.5679701294668018
1789324264167905300,15.1859052734375,0.8202211354829371,-3.3382664713203907,0.2504464408122003
1789324264177867500,15.195867431640625,1.2290564956568182,-2.1403794593006373,0.06290171572342515
1789324264187830300,15.205830322265625,1.6572689026042817,-1.0515016880542039,0.044430677878856656
1789324264197792300,15.215792236328125,2.0042272139273583,-0.07109598196446895,0.04653831768259406
1789324264207755300,15.22575537109375,2.285794915320724,0.751110628247261,0.05445172115564346
1789324264217718300,15.23571826171875,2.5475392874777314,1.4127180957019327,-0.035923838557302946
1789324264227680300,15.24568017578125,2.86339971909523,1.8117220899522304,-0.3164882081270218
1789324264237643300,15.255643310546875,3.4454876596331596,1.9202128598093986,-1.0105648436404764
1789324264247606300,15.265606201171876,4.18701329793334,1.7153128030329943,-1.9753176380462942
1789324264257568300,15.275568359375,4.6813189101219175,1.3673656268030405,-2.8638951013967393
1789324264267531500,15.285531494140624,4.834421559643745,0.947753144288063,-3.7905481745108958
1789324264277494300,15.295494384765625,4.57830978654623,0.6291279241323471,-4.443133254337311
1789324264287456300,15.305456298828124,3.8894332038939,0.3995242187321186,-4.712439440050721
1789324264297419300,15.315419189453126,2.725838337576389,0.3149403941631317,-4.6493388407543295
1789324264307382300,15.32538232421875,1.1861322768181561,0.5325111319422722,-4.1240579523265355
1789324264317344500,15.335344482421876,-0.17225750491209327,1.088702999201417,-3.2824428772896526
1789324264327307300,15.345307373046875,-0.9839362183034419,1.6860387777537107,-2.785926895575225
1789324264337269200,15.355269287109374,-1.2523556843101977,2.132611747908592,-2.817507151970267
1789324264347232500,15.365232421875,-1.0077590655047446,2.314077153083682,-2.91209448415935
1789324264357195500,15.375195556640625,-1.23534259018898,2.1924130133986472,-2.2520015129208564
1789324264367157800,15.38515771484375,-2.0585504863977433,1.7745318847209215,-0.622315686834231
1789324264377120800,15.395120849609375,-1.959364135980606,1.4925672929644584,0.2749848158717155
1789324264387083500,15.40508349609375,-1.403027307292819,1.3547370313763618,0.029622400325536726
1789324264397045500,15.41504541015625,-0.8709276787608862,1.2613356941014529,-0.2400366904787719
1789324264407008800,15.4250087890625,-0.3034942682529799,1.2516887448340654,-0.4922253718484193
1789324264416971800,15.4349716796875,0.36699089939594265,1.3347294316142797,-0.8498807260137051
1789324264426933500,15.44493359375,0.8150117302715778,1.6168571049779652,-1.0583705509103833
1789324264436896500,15.454896484375,1.0154933860838413,1.9163661212533711,-1.03159535670951
1789324264446859500,15.464859619140626,1.138178831640631,2.248561017078161,-1.0113265487279743
1789324264456821800,15.47482177734375,1.2723885646440087,2.4493501314043997,-0.9483153812807052
1789324264466784800,15.48478466796875,1.3539093483805655,2.388048982745409,-0.6678129710312932
1789324264476747800,15.494747802734375,1.5519836507901548,2.176242215320468,-0.220790576608479
1789324264486709500,15.50470947265625,1.7583681009054184,1.7887351821184156,0.13800218408890066
1789324264496672500,15.514672607421875,1.9610498971104622,1.3012637998640537,0.5204724652327597
1789324264506635800,15.5246357421875,2.2140017448723315,0.7355535781532525,0.8772495752587914
1789324264516597800,15.53459765625,2.355907293075323,0.2403384499043226,1.0006493796300142
1789324264526560500,15.544560546875,2.326357665725052,0.031305823367834086,1.0776675912503153
1789324264536522800,15.554522705078124,2.092087429818511,0.10434183348417282,0.8645495950963348
1789324264546485800,15.56448583984375,1.7959145722284913,0.4414613262295723,0.6625220980815589
1789324264556448800,15.57444873046875,1.606834892657399,0.9084101449370384,0.710310854216665
1789324264566410500,15.584410400390626,1.0151989331819116,1.221047522854805,1.098016113404557
1789324264576373500,15.59437353515625,-1.9775278614416718,1.3735773409247398,2.590180451591313
1789324264586336500,15.60433642578125,-7.604554966020584,1.5601660804629325,5.6349628660142415
1789324264596298800,15.614298828125,-11.164213779234885,0.7812859862804412,7.545300228497386
1789324264606261800,15.62426171875,-9.247087195003033,-1.3023042488276957,4.692549621449411
1789324264616224500,15.634224609375,-6.607652883160114,-3.0417285798102616,1.1095987799748777
1789324264626186500,15.6441865234375,-4.727280450829864,-2.855320457535982,0.8345288431029766
1789324264636149800,15.654149658203124,-3.1137177112221717,-1.244037353298068,1.47200235158056
1789324264646112800,15.66411279296875,-1.8329010715812444,0.21338380748331545,1.8403133936643599
1789324264656074800,15.67407470703125,-0.6481742776468395,0.784656339496374,1.6009066716521978
1789324264666037500,15.68403759765625,0.3290215264856815,0.5626847364097833,1.183123304260522
1789324264676000500,15.69400048828125,1.1384551643639802,-0.3892465703457594,0.42440366231426596
1789324264685962800,15.703962646484374,1.637868913346529,-1.5948808354914188,-0.4695072710186243
1789324264695925800,15.71392578125,1.7678012612916527,-2.4472148729413745,-0.9492824727471917
1789324264705888800,15.723888671875,1.6013355645887553,-3.2113498179346323,-1.461903566892445
1789324264715850500,15.7338505859375,1.3512033042922615,-4.081647966620325,-2.199145828785002
1789324264725813500,15.7438134765625,1.0354185682594776,-5.019367208150029,-3.028737873072922
1789324264735776800,15.75377685546875,0.43904038269296286,-5.875732108551263,-3.732111767633259
1789324264745738800,15.76373876953125,-0.9412016768179833,-6.668374770626425,-4.064517383599281
1789324264755701500,15.773701416015625,-2.6742075190603734,-6.662152535110712,-3.9145340351417657
1789324264765664500,15.78366455078125,-3.109399263501167,-4.9578532935231925,-2.684263633650541
1789324264775626800,15.793626708984375,-1.945934161043167,-2.140327436852455,-1.6208444210484623
1789324264785589800,15.80358984375,-0.6053717854917049,0.12996844217181205,-1.259435851829499
1789324264795552800,15.813552734375,0.45284810490161176,1.4147235903054476,-1.055462262248248
1789324264805514500,15.823514404296875,1.1183772758446633,2.100440832144022,-0.9755112120464443
1789324264815477500,15.8334775390625,1.5529951659202574,2.5296821437478063,-0.7384656662076711
1789324264825440800,15.843440673828125,2.0033599295735356,2.8332635240286588,-0.43120793550163505
1789324264835402800,15.85340283203125,2.387278729025274,2.874305728513002,-0.1772863659247756
1789324264845365800,15.86336572265625,2.7176433406829834,2.6167384959101674,-0.13612857223674654
1789324264855328500,15.87332861328125,2.869129494918883,2.058845669952035,-0.29246655041798947
1789324264865290800,15.883290771484376,2.759166606682539,1.4604969149649143,-0.3410138698354363
1789324264875253800,15.893253662109375,2.6583517782807347,0.8422054421454668,-0.334744288046658
1789324264885216800,15.903216796875,2.72617268409729,0.19812310998737812,-0.5989113573059439
1789324264895178500,15.913178466796875,2.77641584764719,-0.36088264564871786,-0.9057891487836838
1789324264905141500,15.9231416015625,2.8038006981790065,-0.7821838119029998,-1.0997868494041263
1789324264915104500,15.9331044921875,2.8636335278511047,-1.178896480345726,-1.2806038736730814
1789324264925066800,15.943066650390625,2.7721047064498063,-1.3693483250528573,-1.3092457385286689
1789324264935029800,15.95302978515625,2.6608850961506367,-1.4489777420848606,-1.3339419344983994
1789324264944992500,15.962992431640625,2.4832357421323654,-1.256004854467511,-1.1382774697095155
1789324264954954800,15.972954833984375,2.303150393138826,-0.7656126163303851,-0.8180471524447203
1789324264964917800,15.982917724609376,2.2265268799245357,-0.1934130326002836,-0.48993543428033587
1789324264974880800,15.992880859375,2.179975848890841,0.3453220884233713,-0.1518012115344405
1789324264984842500,16.002842529296874,2.122014366048574,0.7720546320766211,0.13410539584606884
1789324264994805500,16.012805419921875,2.103319894711673,1.0603186162382363,0.32406054307743903
1789324265004768500,16.0227685546875,2.0985893590584395,1.2917635655909776,0.45767961671128865
1789324265014730800,16.032730712890626,2.093129924608767,1.4573387431949376,0.5534012136273085
1789324265024693800,16.04269384765625,2.179877356952429,1.574788480055332,0.5825766008377075
1789324265034656800,16.05265673828125,2.194029654815048,1.843485593959689,0.7206720892332494
1789324265044618500,16.062618408203125,2.010597333481163,2.0408003101736307,0.9625899172835052
1789324265054581800,16.072581787109375,1.7242321686781943,2.1198732623666525,1.2501684033989906
1789324265064544800,16.082544677734376,1.32956284263134,2.076713919597864,1.4115665875792502
1789324265074506800,16.0925068359375,0.8931599688351154,1.9742647679924963,1.6938289932385087
1789324265084469500,16.102469482421874,0.5923942304968833,2.0138152726143597,1.895719054543972
1789324265094432500,16.1124326171875,0.39628699037656184,1.8549661883950233,1.8601069122843443
1789324265104394800,16.122394775390624,0.21891396908164024,1.6072890661656856,1.8196854700468479
1789324265114357800,16.132357666015626,0.06930566448159516,1.3277812199115753,1.818417057546228
1789324265124320800,16.14232080078125,-0.23186105587296185,0.9356810137003659,1.8422725649081169
1789324265134283500,16.152283447265624,-0.33823819457702337,0.49284430746436114,1.9837869218364357
1789324265144245500,16.16224560546875,-0.3419453054666519,0.13611585888564587,2.1749989372611043
1789324265154208800,16.172208740234375,-0.2916905245441943,-0.01725567070543766,2.2959457224570214
1789324265164171800,16.182171875,0.057663084417581556,0.038249943417310715,2.383698824711889
1789324265174133500,16.192133544921877,1.2328560340702532,0.559319059368968,2.0654048823371527
1789324265184096500,16.202096435546874,0.3436789973914623,0.37516602254509923,1.8386930989861487
1789324265194059500,16.2120595703125,-1.943509564244747,-0.3483019810169935,1.8867194632694124
1789324265204021800,16.222021728515625,-2.5694787320852277,-0.622473726940155,1.717941836362332
1789324265213984800,16.23198486328125,-2.847545147359371,-1.083264607539773,1.2564015987001358
1789324265223947800,16.24194775390625,-3.3198569544047114,-1.5774708510071038,0.8001479231387376
1789324265233909500,16.251909423828124,-3.833964999172091,-1.6729074935019015,0.8338146304190158
1789324265243872800,16.261872802734374,-4.327772014188766,-1.5464081887453793,1.0961268655918537
1789324265253835800,16.271835693359375,-4.905934305715561,-1.521736688825488,1.3729315903671084
1789324265263797800,16.2817978515625,-5.448587476965785,-2.0571254220306874,1.7946612111665308
1789324265273760500,16.291760498046877,-5.569813809755444,-2.9562907687604425,2.2210724139109255
1789324265283723500,16.3017236328125,-4.903230891975761,-3.8218811781466004,2.5354782628059387
1789324265293685800,16.311685791015623,-3.938383405023813,-4.436399562168121,2.5740394641295072
1789324265303648800,16.321648681640625,-2.872203787797689,-4.743489827352762,2.3232791350625455
1789324265313611800,16.33161181640625,-1.8858862273156642,-4.935138772889972,1.9162720132291315
1789324265323573500,16.341573486328127,-1.11370709207654,-4.999722596481442,1.4232920966863631
1789324265333536500,16.35153662109375,-0.5998187544744461,-4.804426818874478,0.8801355059586465
1789324265343499800,16.361499755859374,-0.12964922015480695,-4.3630251138776535,0.3723017191551625
1789324265353462800,16.371462890625,0.3246236568529159,-3.619890286815166,0.15623144906684755
1789324265363424800,16.3814248046875,0.7658628647644072,-2.5499896032392977,0.20871669245511293
1789324265373387500,16.391387451171877,1.2226537890076636,-1.363248254612088,0.3461895189076662
1789324265383350500,16.4013505859375,1.617531058716774,-0.2582984694868326,0.42996714166030287
1789324265393312800,16.411312744140623,1.9841070937015115,0.7304343354433774,0.33505276947394014
1789324265403275800,16.42127587890625,2.404665771025419,1.7084160292565822,0.026106062767654654
1789324265413238800,16.43123876953125,2.7759225111722943,2.0319974105149505,-0.30038916011080147
1789324265423200500,16.441200439453127,3.063056029999256,2.1507442014485596,-0.6510514405183494
1789324265433163500,16.45116357421875,3.7006349716126916,2.1320044296652076,-1.347655256421864
1789324265443126800,16.461126708984374,4.4125791261196134,1.7493045044839381,-2.170719214115292
1789324265453088800,16.4710888671875,5.045308874136209,1.171896830716729,-3.1114313538506626
1789324265463051800,16.4810517578125,5.28574377015233,0.46762101888060564,-4.133998331582546
1789324265473014500,16.4910146484375,4.89534160003066,-0.15528642330169676,-4.897997082975507
1789324265482976800,16.500976806640626,3.7798219055742024,-0.42916532375812527,-5.075658419692516
1789324265492939800,16.510939697265623,1.9629718050837515,-0.4176952507168054,-4.695541496741772
1789324265502902800,16.52090283203125,0.10532499930262565,-0.08397884441316127,-4.031382591238618
1789324265512864500,16.530864501953126,-1.3238544018566607,0.5471060590058565,-3.7276629715308545
1789324265522827500,16.54082763671875,-3.311135887810588,0.8686807766169309,-3.6313480848968025
1789324265532790800,16.550790771484376,-5.276317185637355,0.4444914877057075,-3.0762369986116886
1789324265542752800,16.560752685546873,-3.638257718154788,0.17837971411943435,-2.3161812857560813
1789324265552715800,16.5707158203125,-2.0491864457249642,0.4353711926609277,-1.8501574729390442
1789324265562678500,16.580678466796876,-0.9235866712808608,0.8003904997229576,-1.3622329400897024
1789324265572640800,16.590640869140625,-0.31347499778568744,1.3187024259209632,-0.8680492007151246
1789324265582603800,16.600603759765626,0.06377247067596763,1.8141279820501803,-0.6899807445019484
1789324265592566800,16.61056689453125,0.44904717824868856,2.324855152207613,-1.006996410569176
1789324265602529800,16.62052978515625,0.9348070804100483,2.837763173535466,-1.4401377252861856
1789324265612491500,16.630491455078126,1.3698444380067287,3.3606612584799525,-1.6114190055772661
1789324265622454500,16.64045458984375,1.5066016635358332,3.798592072495818,-1.4322197917684911
1789324265632417800,16.650417724609376,1.4244192010201513,4.031252827379107,-1.2327172101214527
1789324265642379800,16.6603798828125,1.4573685538113117,4.152878388619422,-0.8625157511811703
1789324265652342800,16.6703427734375,1.538786607825756,4.037420117837191,-0.5429817456174642
1789324265662305500,16.680305419921876,1.621777610245347,3.695350893729925,-0.20205131628178058
1789324265672267800,16.690267822265625,1.670644224745035,3.187800600042939,0.22928068399094043
1789324265682230800,16.700230712890626,1.7253981437176464,2.666260943970084,0.6325002501096576
1789324265692193800,16.71019384765625,1.7635726838111876,2.1200357594519854,1.0587727019704878
1789324265702155500,16.720155517578124,1.7003046189934015,1.5078046095848083,1.2926635831706226
1789324265712118500,16.730118408203126,1.5611819795072077,1.0621014080017805,1.4424587155796587
1789324265722081500,16.74008154296875,1.3400690390765666,0.7045254026830196,1.3140616143777966
1789324265732043800,16.750043701171876,1.2254773219957946,0.4289426209181547,1.0218945583630352
1789324265742006800,16.7600068359375,1.058403722527623,0.16964228091239927,0.8203107865277677
1789324265751969500,16.769969482421875,0.5996835107222199,-0.0729939245402813,1.0051854886896907
1789324265761931800,16.779931884765624,-0.7657774515032768,-0.20645663856863974,1.946435680824518
1789324265771894800,16.789894775390625,-3.948997445757687,-0.5423591567397117,4.290173228156567
1789324265781857800,16.79985791015625,-7.820382659524679,-1.7347773819595573,7.123743041655421
1789324265791819500,16.809819580078123,-8.701174145174026,-3.363672130733728,6.776243609192967
1789324265801782500,16.819782470703124,-7.851294515138864,-4.327962568324804,4.118014580509066
1789324265811745500,16.82974560546875,-7.35991034335494,-4.113687949481606,1.2136596045605839
1789324265821708800,16.839708740234375,-6.336411345469951,-2.783278719154,-0.050318457275815305
1789324265831670800,16.8496708984375,-4.543092927214503,-1.0624445223510264,-0.328632490635477
1789324265841633800,16.8596337890625,-2.081581525634229,0.12255027486979961,-0.7102537172019481
1789324265851596500,16.869596435546875,0.32456279351115225,0.4067284510225057,-1.5912323959864676
1789324265861558800,16.879558837890624,1.8778338537633419,0.5046235925853252,-1.815181144364923
1789324265871521800,16.889521728515625,2.432441958962381,0.3196984023451805,-1.372550189834088
1789324265881484800,16.89948486328125,2.6015280672967434,-0.23348025457262991,-1.1049633752591907
1789324265891446500,16.909446533203123,2.41891290756464,-1.2401701564759016,-1.1316271449748425
1789324265901409500,16.919409423828125,1.842581046335399,-2.6758424267858265,-1.4695330388575791
1789324265911372500,16.92937255859375,0.9515171729966998,-4.156716943868995,-1.9227667820759116
1789324265921334800,16.939334716796875,-0.15337737480998037,-5.468055563023686,-2.492128950423002
1789324265931297800,16.9492978515625,-1.0270343324042857,-6.402168889015913,-3.132245886081457
1789324265941260500,16.959260498046874,-1.409911659979075,-6.602933453422785,-3.4897403505966067
1789324265951222800,16.969222900390626,-1.3790147096730767,-5.4161131943404675,-3.047248220014572
1789324265961185800,16.979185791015624,-0.8993081162013113,-3.1143840661764144,-1.8485658198334276
1789324265971148800,16.989148681640625,-0.2608757726289332,-1.1027823779582977,-0.9294336437433958
1789324265981110500,16.999110595703126,0.18906360521912574,0.29886136602163316,-0.4094488158971071
1789324265991073500,17.009073486328123,0.5402443565428257,1.2376023518145083,-0.18772154296040533
1789324266001036500,17.01903662109375,0.8589889652945101,1.9477356575071811,0.02753814139738679
1789324266010998800,17.028998779296874,1.2479495583057403,2.4283155266821383,0.3024621669925749
1789324266020961800,17.0389619140625,1.6094167258441447,2.661816239520907,0.4295009854532778
1789324266030924800,17.0489248046875,1.9785913990199564,2.6934984949856995,0.40263709005564446
1789324266040887600,17.058887451171874,2.3086406611181793,2.4701047501415014,0.32146804236620663
1789324266050849800,17.068849853515626,2.46826058357954,2.0332839431941507,0.27451719835996624
1789324266060812800,17.078812744140624,2.54055746576637,1.5159499221175907,0.33837124637216326
1789324266070775800,17.08877587890625,2.6698618910714984,0.8803186074405908,0.3580332475669682
1789324266080737500,17.098737548828126,2.783437124586105,0.39746611715853214,0.3430854154124856
1789324266090700500,17.108700439453123,2.803667427188158,0.06492927602827549,0.17767814172133803
1789324266100663600,17.11866357421875,2.8698142623126506,-0.18272855697870252,-0.07176087561398745
1789324266110625800,17.128625732421874,2.8637118537843227,-0.4538257177621126,-0.21496844632625578
1789324266120588800,17.1385888671875,2.733766792488098,-0.7153723753899336,-0.25618147733286023
1789324266130551600,17.148551513671876,2.571596747152507,-0.8912854071348905,-0.3028857992321253
1789324266140513500,17.158513427734373,2.3390697016514834,-0.9658680621713399,-0.30435397208854553
1789324266150476800,17.168476806640626,2.129703313115984,-0.8450310209602117,-0.3195673233114183
1789324266160439800,17.178439697265624,1.8644123543933033,-0.656946489906311,-0.26636750191301106
1789324266170401500,17.188401611328125,1.6102420707523821,-0.4165156855434179,-0.02412146482169628
1789324266180364500,17.198364501953126,1.4570121415890753,-0.08296528345644473,0.3282948196463287
1789324266190327600,17.20832763671875,1.4271467262879014,0.10486614961922168,0.4803390461564064
1789324266200289800,17.218289794921876,1.5884800285384058,0.3081727997243404,0.6308674612760543
1789324266210252800,17.228252685546874,1.690821920377016,0.6256207927942276,0.8655920168213546
1789324266220215800,17.2382158203125,1.648347198871523,0.8619400701850652,1.11369262515977
1789324266230178600,17.248178466796876,1.4978046090960502,1.0420984844148158,1.4577680745229125
1789324266240140800,17.258140869140625,1.2469289830863475,1.2529665096849203,1.7471506874509155
1789324266250103800,17.268103759765626,1.0892214701175689,1.4596931973665952,1.7926187455534934
1789324266260066800,17.27806689453125,0.850441793962568,1.7864070314317941,1.8594446489833294
1789324266270028500,17.288028564453125,0.6342915905058384,1.9695266335546968,1.8496017387524246
1789324266279991600,17.297991455078126,0.4941385850585997,1.9784920302987097,1.868077306641638
1789324266289954600,17.30795458984375,0.4420364957690239,1.9204583590030668,2.065651988966018
1789324266299916800,17.317916748046876,0.4197952917359769,1.7951877192586658,2.2111400718308984
1789324266309879800,17.3278798828125,0.2415408114314079,1.5355197149842976,2.2072287436060605
1789324266319842600,17.337842529296875,-0.0302291340470314,1.1735779156714676,2.155283598443866
1789324266329804500,17.347804443359376,-0.1161503446996212,0.821279558494687,2.2091043282195924
1789324266339767800,17.357767822265625,-0.2863339659471065,0.4162368686020374,2.1740046655267475
1789324266349731000,17.36773095703125,-0.3151625855464488,0.017744331005215642,2.065320711185038
1789324266359693000,17.377693115234376,0.5005506440579891,0.542914452534914,1.6996008546382189
1789324266369656000,17.387656005859377,0.6227753402352333,1.3617238215237855,0.8306304474249482
1789324266379619000,17.397619140625,-1.616820280098915,0.2634481073349714,0.8365177518978715
1789324266389581000,17.4075810546875,-2.638267606151104,-0.5663555338770151,0.8037702052891254
1789324266399544000,17.4175439453125,-3.1156688452899455,-1.0502502266883849,0.41094270771667357
1789324266409507000,17.427507080078126,-3.7749551763206717,-1.1592816792935132,0.13829481035992502
1789324266419470000,17.437469970703123,-4.334313398656249,-0.8810989441633224,0.12460443092063068
1789324266429432000,17.44743212890625,-4.927185768058896,-0.45124446909725663,0.44110023783221836
1789324266439395000,17.45739501953125,-5.347128505441546,-0.3409223921597004,0.9183648449793458
1789324266449358000,17.467358154296875,-5.500567839571834,-1.215402210444212,1.4565810566954314
1789324266459320000,17.477320068359376,-5.224493474897742,-2.713195713624358,1.8726174342893063
1789324266469283000,17.487282958984373,-4.395951231923699,-4.174343785974383,2.0414999828755853
1789324266479246000,17.49724609375,-3.2858839576542374,-5.200733829125761,2.028947667555511
1789324266489208000,17.5072080078125,-2.2317700412750243,-5.899560727906227,2.033577227052301
1789324266499171000,17.517171142578125,-1.3827812225997447,-6.401885395899415,1.8714343619845806
1789324266509134000,17.527134033203126,-0.7789549129843711,-6.539964663812518,1.5303135246433317
1789324266519096000,17.537095947265627,-0.213800571590662,-6.118116385069489,1.0407990922540427
1789324266529059000,17.54705908203125,0.34924466869458554,-5.125583018812537,0.5574100108772516
1789324266539022000,17.55702197265625,0.944007381888479,-3.8881747282654047,0.284656753449887
1789324266548984000,17.566984130859375,1.4607598036848009,-2.62059400229454,0.2563584413349628
1789324266558947000,17.576947021484376,1.8648096831478178,-1.3729822976410389,0.2810119672067463
1789324266568910000,17.58691015625,2.173458283690363,-0.2881388964772224,0.2719952786669135
1789324266578872000,17.5968720703125,2.4769828192174432,0.592784691119194,0.1512637436568737
1789324266588835000,17.6068349609375,2.7367244732499123,1.1092471900582312,-0.0015837620601058006
1789324266598798000,17.616798095703125,3.0232208632171154,1.571655442726612,-0.4072599275507033
1789324266608761000,17.626760986328126,3.3696085350453853,1.8213269536435603,-1.0818075405992567
1789324266618723000,17.63672314453125,3.825664203816652,1.7497984254807233,-2.038870803415775
1789324266628685800,17.646685791015624,4.146082737129927,1.486885155674815,-3.116622785013914
1789324266638649000,17.656649169921874,4.2040977037250995,1.0970195766478776,-4.094936487260461
1789324266648611000,17.666611083984375,3.921147023540735,0.6559680002629756,-4.867529171736538
1789324266658574000,17.676573974609376,3.0209260302782055,0.3602496084421873,-5.251660298764706
1789324266668537000,17.686537109375,1.5539736555635928,0.3134013480275869,-4.959370712348819
1789324266678499000,17.6964990234375,-0.12971475967168808,0.6206213770717383,-3.966066946241259
1789324266688462000,17.706462158203124,-1.4408897126972675,1.1682102511584758,-2.8694354921281335
1789324266698425000,17.716425048828125,-2.017878868791461,1.9144108955323695,-2.4544290421038863
1789324266708387000,17.726386962890626,-1.7427274641811847,2.5120143851101395,-2.494111648672819
1789324266718350000,17.73635009765625,-1.797786649710685,2.6662545142292973,-2.117524068892002
1789324266728313000,17.74631298828125,-2.3625772723585365,2.382081014251709,-1.2245675136744976
1789324266738275000,17.756275146484374,-1.9589187303006648,2.1593553779274224,-0.8698791926212608
1789324266748238000,17.766238037109375,-1.3039286351591348,2.109293416163325,-0.96638309902139
1789324266758201000,17.776201171875,-0.7159995673775672,2.11967277135849,-0.785650611230731
1789324266768163000,17.7861630859375,-0.13127894024848938,2.170615023088455,-0.7558513199683279
1789324266778126000,17.7961259765625,0.2244751834053546,2.1561849311977626,-0.9128987615931778
1789324266788089000,17.806089111328124,0.5133330418068915,2.166433353489637,-0.9732962394107133
1789324266798051000,17.816051025390625,0.8251789770860225,2.3169208520770073,-1.036981433662027
1789324266808014000,17.82601416015625,1.051986256700754,2.5059347729355097,-1.053662227088958
1789324266817976800,17.835976806640623,1.1875075106941162,2.7227941475749016,-0.9854143280319869
1789324266827940000,17.845940185546876,1.2967958606697618,2.9139065020173787,-0.8774248587604612
1789324266837902000,17.855902099609374,1.4081833748817443,2.939453031206131,-0.634053690096736
1789324266847865000,17.865864990234375,1.4546892515994607,2.6374241410642862,-0.31759127399809656
1789324266857828000,17.875828125,1.5127505415543914,2.232637471759319,0.0648915013011545
1789324266867790000,17.8857900390625,1.749181754887104,1.6137866114914416,0.25849669547267257
1789324266877753000,17.895753173828126,1.9234584176018834,0.7492617855101823,0.5298027497664094
1789324266887716000,17.905716064453124,1.9393647195249795,-0.08328150979876518,0.8222598747689276
1789324266897678000,17.915677978515625,1.9219535659968852,-0.7683616227775811,0.8883939234770833
1789324266907641000,17.92564111328125,1.7223022235289216,-1.1678688903748988,0.8576103704176843
1789324266917604000,17.93560400390625,1.3834569299042223,-1.2081038701295852,0.8467384824652224
1789324266927566000,17.945566162109376,1.013587844723463,-1.0149164629787206,0.733836472037062
1789324266937529000,17.955529052734374,0.45592137486711143,-0.7645745054543018,0.7906282535128295
1789324266947492000,17.9654921875,-1.193533931376785,-0.3679442545980215,1.7232791057370602
1789324266957454000,17.9754541015625,-5.833232690995931,0.16869944710433482,4.6592318737372755
1789324266967417000,17.9854169921875,-9.59579074255824,-0.15393734678030013,7.403696293589472
1789324266977380000,17.995380126953126,-8.780594303369522,-1.2310709042191506,6.234737854412198
1789324266987342000,18.005342041015624,-6.91102149747312,-2.317465626478195,2.385866962531209
1789324266997305000,18.01530517578125,-5.597021550154686,-1.9931173525005579,0.4791026362292468
1789324267007267800,18.025267822265626,-3.7493396735489366,-0.4451765473604202,1.0606555931076407
1789324267017231000,18.035231201171875,-2.008885707257688,0.9600403789311647,1.1941798280648885
1789324267027193000,18.045193115234376,-0.3126896926268935,1.5516548572272062,0.8871690578572452
1789324267037156000,18.055156005859374,0.8709680107712745,1.4254898989915847,0.4637867014147341
1789324267047119000,18.065119140625,1.571864409302175,0.680169544583559,-0.06005096593480557
1789324267057081000,18.0750810546875,1.903748047220707,-0.3043926966637373,-0.45817982131838797
1789324267067044000,18.085044189453125,2.0162953989923,-1.2237614579886198,-0.7734519316539168
1789324267077007000,18.095007080078126,1.9474482188679276,-2.2043764229148626,-1.2399079984083772
1789324267086969000,18.104968994140624,1.570379723702371,-3.3409482577502727,-1.789516103363037
1789324267096932000,18.11493212890625,0.49996495312452316,-4.820757191428542,-2.6069886707901953
1789324267106894800,18.124894775390626,-1.6060146623156963,-6.609817367717623,-3.538753680090606
1789324267116857000,18.134857177734375,-3.7124537119612095,-7.802439591076969,-4.004612073212861
1789324267126820000,18.144820068359376,-3.946835299287736,-7.351245975384116,-3.8156989823803302
1789324267136783000,18.154783203125,-2.794529011964798,-5.296981203481555,-3.169437844878435
1789324267146746000,18.16474609375,-1.4341769171856342,-2.6336650807917117,-2.684254865822196
1789324267156708000,18.1747080078125,-0.03111512310132384,-0.38496144037246705,-1.9832745884001255
1789324267166671000,18.184671142578125,1.0372729639545082,1.1939654546618461,-1.1437841773670165
1789324267176634000,18.194634033203126,1.4862392589867115,2.083383314359188,-0.624797128386423
1789324267186596000,18.20459619140625,1.7798071947753429,2.5716812105655666,-0.33250505775250494
1789324267196558800,18.214558837890625,2.138017114083469,2.831944842645526,-0.16534999054595828
1789324267206522000,18.224522216796874,2.536120944623649,2.929131543678045,-0.11386340280622244
1789324267216484000,18.234484130859375,2.858231961068511,2.831608742558956,-0.22181436669826507
1789324267226447000,18.244447021484376,3.049881198866665,2.423739304807782,-0.38264687981978057
1789324267236410000,18.25441015625,2.9880627483353015,1.8459557834655045,-0.4607873734682798
1789324267246372000,18.2643720703125,2.815838341975212,1.1725129167884587,-0.4615944520674646
1789324267256335000,18.274335205078124,2.7213354731991886,0.39640228731930255,-0.5817527172341942
1789324267266298000,18.284298095703125,2.6731436892211438,-0.3337555692702532,-0.7254654609896242
1789324267276260000,18.294260009765626,2.630536719638109,-0.9834674317479133,-1.0581428796343504
1789324267286223000,18.30422314453125,2.612377378091216,-1.4871177953869104,-1.3759917085900901
1789324267296185900,18.314185791015625,2.454823594379425,-1.7683488121718167,-1.3587196712717413
1789324267306149000,18.324149169921874,2.322611757194996,-1.7866800031542778,-1.1973502747945486
1789324267316111000,18.334111083984375,2.1209467368170616,-1.544993061250448,-1.0407884247295558
1789324267326074000,18.34407421875,1.942435505272448,-1.178625846710801,-0.9280706848271191
1789324267336037000,18.354037109375,1.7361819880604743,-0.7008692182630301,-0.6371002181857824
1789324267345998000,18.363998046875,1.6291889094151555,-0.2693371653735637,-0.37008521214947104
1789324267355961000,18.373961181640624,1.6463737068414688,0.166082542604208,-0.03885901522636413
1789324267365924000,18.383924072265625,1.701541759572923,0.4811842648088932,0.28780148121640087
1789324267375886000,18.393885986328126,1.8220444542631506,0.5999550211399793,0.5472777623109519
1789324267385849300,18.403849365234375,1.9894678900822995,0.6571598403960466,0.7321404087089002
1789324267395812000,18.41381201171875,2.2197791592299936,0.6773539026409388,0.9154230924390255
1789324267405774000,18.423774169921874,2.2684207328021526,0.7765396685361862,1.3145537818089126
1789324267415737000,18.433737060546875,2.2804795655168593,1.0377969878286122,1.7292685554102063
1789324267425700000,18.4437001953125,2.2918146140016615,1.2876479469656943,1.8796616537123918
1789324267435662000,18.453662109375,2.0066835210382936,1.4817828640997408,1.8662803402222692
1789324267445625000,18.463625,1.6331600050032138,1.7420692925333976,1.8747675980605183
1789324267455588000,18.473588134765624,1.428617091101408,2.1128660139530897,2.0729116047054528
1789324267465551000,18.483551025390625,1.4341210953451693,2.3978315410912034,2.178800375370681
1789324267475513300,18.493513427734374,1.0878897831223904,2.4645558838427064,2.3073265097796916
1789324267485476400,18.503476318359375,0.7237900751233101,2.3218811048328876,2.502981183826923
1789324267495439000,18.513439208984376,0.2985094838440418,1.9650012650847435,2.576778241443634
1789324267505401000,18.523401123046874,0.005064443782716989,1.515472367733717,2.5357243465214965
1789324267515364000,18.533364013671875,-0.17873503036312757,1.0453127702862024,2.517821317823231
1789324267525327000,18.5433271484375,-0.3452747421503067,0.6296195070415734,2.546604052454233
1789324267535289000,18.5532890625,-0.585239828697592,0.128284434607625,2.493423081886768
1789324267545252000,18.563252197265626,-0.732248106867075,-0.3416454457372427,2.490248835764825
1789324267555215000,18.573215087890624,-0.6619779812674969,-0.5182394454836845,2.5091756545528767
1789324267565177000,18.583177001953125,0.006076689565181732,-0.4123685027360916,2.474748776555061
1789324267575140400,18.593140380859374,0.535734185642004,0.09417407521307468,2.089556450036168
1789324267585103000,18.60310302734375,-1.2970529041707515,0.1472632758438587,1.6121378213711082
1789324267595065000,18.613065185546876,-2.5988451118230818,-0.6369090795278549,1.526943609818816
1789324267605028000,18.623028076171874,-3.336515828260779,-1.060690372160077,1.5147890616446733
1789324267614991000,18.6329912109375,-3.8794203439235684,-1.4628671512275933,1.2422297193542122
1789324267624954000,18.6429541015625,-4.58802687844038,-1.7394979807406663,0.9520091942973434
1789324267634916000,18.652916015625,-5.226040704339742,-1.5679466513365505,1.123301580504328
1789324267644879000,18.662879150390626,-5.849202998065948,-1.2823884190022945,1.6590419036261737
1789324267654842000,18.672842041015624,-6.012254794672131,-1.3731582387298344,2.0682577875502406
1789324267664804000,18.68280419921875,-5.513867466127872,-2.175720237272978,2.3560173293210567
1789324267674767400,18.692767333984374,-4.795552023023367,-3.421415294650197,2.5334172386229037
1789324267684730000,18.702730224609375,-3.761562026262283,-4.515555516469479,2.3500220344290135
1789324267694692000,18.712692138671876,-2.598496736776829,-5.27405099427104,2.136645387338847
1789324267704655000,18.722655029296874,-1.5933856284976005,-5.750760159492493,1.8840422068841753
1789324267714618000,18.7326181640625,-0.7379739371679723,-5.926733981513976,1.5525734333768486
1789324267724580000,18.742580078125,-0.10413725082278251,-5.7228825570076705,1.1911372454985976
1789324267734543000,18.752543212890625,0.4517477424442768,-5.151752063813805,0.6403299938872457
1789324267744506000,18.762506103515626,0.9357235376678407,-4.1549855900317425,0.09190262314975262
1789324267754468000,18.772468017578124,1.3677367982029913,-2.826159244981408,-0.13334244864955544
1789324267764431400,18.782431396484377,1.674283604160696,-1.4120079016059637,-0.17124810867384074
1789324267774394000,18.79239404296875,1.9112509701967237,-0.07358721425831317,-0.05090586524233222
1789324267784356000,18.802356201171875,2.018438256239891,0.9885065949589014,0.14445055651068686
1789324267794319000,18.812319091796876,2.1001450640678403,1.773443504962325,0.22280001673474906
1789324267804282000,18.8222822265625,2.121946707639843,2.2917764739483593,0.13450506268814205
1789324267814245000,18.8322451171875,2.037874778115749,2.613089910274744,-0.10249722853079438
1789324267824207000,18.84220703125,2.1938919999100266,2.5701263823390006,-0.6213007376380264
1789324267834170000,18.852170166015625,2.5595675789237022,2.1903940747916697,-1.4409281450115143
1789324267844133000,18.862133056640626,2.9242791352108117,1.5926508844822644,-2.4364913804836568
1789324267854095000,18.87209521484375,3.6405613189220425,0.7193845336407423,-3.9528886079773304
1789324267864058400,18.882058349609373,4.040847754198312,-0.19366846866607665,-5.445075084930658
1789324267874021000,18.892021240234374,4.083834663009643,-0.9181447724878787,-6.312421398073434
1789324267883983000,18.901983154296875,3.6601252665698527,-1.3470540756583214,-6.723820763516426
1789324267893946000,18.911946044921876,2.6329028642475603,-1.5794611480414866,-6.656108578771352
1789324267903909000,18.9219091796875,1.2781915518343447,-1.2545704377502203,-5.684170841297507
1789324267913871000,18.93187109375,-0.06233926866822875,-0.3395096027523279,-4.0407197439044715
1789324267923834000,18.941834228515624,-0.7109615732103586,0.7470902866899967,-2.831647905525565
1789324267933797000,18.951797119140625,-0.7240490183204412,1.7742665117830037,-2.346081772370636
1789324267943759000,18.961759033203126,-0.5289713039109483,2.585334472864866,-1.976951230597496
1789324267953722000,18.97172216796875,-0.44813368013296273,3.118537678724527,-1.489107361768931
1789324267963685000,18.98168505859375,-0.849843974199891,3.2614947818070648,-0.6843520178999751
1789324267973648100,18.991648193359374,-1.3424077111572026,2.956599396318197,0.19873948832005262
1789324267983610000,19.001610107421875,-1.3225848203122614,2.285465975627303,0.4421675017375499
1789324267993573000,19.011572998046876,-0.39118071674611415,1.5253303294032812,0.08869776269383728
1789324268003536100,19.0215361328125,0.41019641939401624,1.1776193000167607,-0.734913965075463
1789324268013498000,19.031498046875,0.6714238550048321,1.305276542636752,-1.2929101052775978
1789324268023461000,19.041461181640624,0.7453237154088914,1.696284277436137,-1.3499531581006943
1789324268033424100,19.051424072265625,0.8779026323400437,2.1664590724527835,-1.2158183900296686
1789324268043386000,19.06138623046875,1.0432428321443497,2.6198171727031467,-1.1494374538883567
1789324268053349400,19.071349365234376,1.2002850130721927,2.8456337607800957,-0.9810486801683902
1789324268063312100,19.08131201171875,1.3758847410842776,2.8403268865436315,-0.5360464664615691
1789324268073274000,19.091274169921874,1.5615990358754992,2.721186127856374,0.009711392805725335
1789324268083237000,19.101237060546875,1.7886065873026846,2.4773083979099986,0.5825128879517316
1789324268093200100,19.1112001953125,2.1230302650928494,2.0862696834504604,1.1183755222789942
1789324268103162000,19.121162109375,2.9462200411230324,1.6261059948384762,1.4702351957775652
1789324268113125000,19.131125,2.757222486877441,1.4436498250603675,1.528851050875336
1789324268123088100,19.141088134765624,1.1283017268791795,1.5089923580646514,1.9032249001294372
1789324268133051100,19.151051025390625,-1.2736264358758926,1.8790876532167196,2.9291029021054507
1789324268143013000,19.16101318359375,-4.68201361438781,2.289542431285977,4.291342856457829
1789324268152976100,19.17097607421875,-6.764142252510785,2.012142370966077,4.920346277427673
1789324268162939100,19.180939208984373,-6.597637685102224,1.0448866538286208,4.320869979715347
1789324268172901000,19.190901123046874,-5.236559175744652,-0.7793670009166002,2.865193616774678
1789324268182864100,19.200864013671875,-3.8185131630182263,-2.5080367136508226,1.6880048171296715
1789324268192827100,19.2108271484375,-2.7776959505856036,-3.382380922856927,0.9461403022639453
1789324268202789000,19.2207890625,-2.3944306466065344,-3.286207198259234,0.720159025144577
1789324268212752100,19.230752197265623,-2.474569912856817,-2.7307576737999915,0.8045455005105584
1789324268222715100,19.240715087890624,-2.8628701422631737,-2.228227254101634,0.9244260447144508
1789324268232677000,19.250677001953125,-3.2449753164216872,-1.8897054933428763,0.8939778610892594
1789324268242640400,19.260640380859375,-3.2946739978313446,-1.6800146951586008,0.3011846213374287
1789324268252603100,19.27060302734375,-2.846925554156303,-1.6717472175508736,-0.8451819737382232
1789324268262565000,19.280565185546877,-1.5057387630961834,-1.7993734805107116,-2.035841810983419
1789324268272528100,19.290528076171874,0.9824322434812783,-1.494028597688675,-3.0764713918894526
1789324268282491100,19.3004912109375,2.474566697986424,-0.9909282691478729,-3.0935271561086175
1789324268292454100,19.3104541015625,2.8286744426727295,-1.2997802833080292,-2.8367180483967065
1789324268302416100,19.320416015625,2.7873101666271687,-2.1260271088212725,-2.6773496164783834
1789324268312379100,19.330379150390623,2.2435354440011084,-3.1948201234161853,-2.6662790641486644
1789324268322342100,19.340342041015624,1.1987972587324678,-4.312051882487535,-2.673288650649786
1789324268332304100,19.35030419921875,-0.22273908032774925,-5.456359864532947,-2.7085546098202467
1789324268342267100,19.36026708984375,-1.714002743347734,-5.989945932230353,-2.5708894756659864
1789324268352231200,19.370231201171876,-2.671321149969101,-5.218523752838373,-1.9626973720565437
1789324268362193400,19.380193359375,-2.550097155267,-3.233170604598522,-1.6554804117523132
1789324268372156400,19.390156494140626,-1.536488121625036,-1.3307464994579552,-1.4530685185298322
1789324268382119200,19.400119140625,-0.5257680874228478,-0.1332949562460184,-1.2970657636523246
1789324268392081200,19.4100810546875,-0.01341711545586586,0.7033855849981308,-1.0851707334220408
1789324268402044400,19.42004443359375,0.30937223864197727,1.530422099584341,-0.5494507224358618
1789324268412007400,19.43000732421875,0.620887480662018,2.136733211752772,-0.08832008848786353
1789324268421969200,19.43996923828125,1.0004337641179561,2.5371909119427203,0.2375016190432012
1789324268431932200,19.44993212890625,1.2635258976221084,2.69625802282691,0.49536520424410696
1789324268441895200,19.459895263671875,1.5393465797960757,2.5226158586233853,0.5145123877845704
1789324268451858200,19.469858154296876,1.8538871609866618,1.9860089818000792,0.34768713705427945
1789324268461820400,19.4798203125,2.0920869914270934,1.3166168518185615,0.20921645867079494
1789324268471783200,19.489783203125,2.3361314562425015,0.6764923173755407,0.01976005474179983
1789324268481746200,19.49974609375,2.5785581105977293,0.14283201539814472,-0.23269538780525326
1789324268491708200,19.509708251953125,2.8498680373489855,-0.2483382164865732,-0.49680225130990147
1789324268501671400,19.51967138671875,3.127355775952339,-0.5392290420204401,-0.7009484209790825
1789324268511634400,19.529634521484375,3.3943887560367583,-0.745220985686779,-0.8516852181524038
1789324268521596200,19.53959619140625,3.599155834083259,-0.8337386425733566,-0.9041349518358707
1789324268531559200,19.54955908203125,3.610535598492622,-0.8436655778259038,-0.9503181724704801
1789324268541522200,19.559522216796875,3.4567598720148203,-0.7298480599880218,-0.9574658522680402
1789324268551484400,19.569484375,3.2069100819215177,-0.511026445364952,-0.777704766792804
1789324268561447400,19.579447509765625,2.8707193944588303,-0.2578372817158699,-0.6390341088578104
1789324268571410200,19.58941015625,2.5053134261667727,-0.040384032836556435,-0.5549765001200139
1789324268581372200,19.5993720703125,2.1601778002262115,0.06235445710420608,-0.5332492369584739
1789324268591335400,19.60933544921875,1.857292293255031,0.13894085317850113,-0.40411183878332374
1789324268601298400,19.61929833984375,1.6685151037618517,0.38370121117830275,-0.09311886707171797
1789324268611260200,19.62926025390625,1.507958046580851,0.6969272026389837,0.2114849881246686
1789324268621223200,19.63922314453125,1.356241590720415,1.0599942065894603,0.5958015547223389
1789324268631186200,19.649186279296874,1.2862781199172137,1.3746686432927846,0.7891587654821575
1789324268641149200,19.659149169921875,1.2491919595822691,1.5410411087542772,0.9778973765306174
1789324268651111400,19.669111328125,1.1453437548339367,1.8401953202426433,1.160098840895295
1789324268661074200,19.67907421875,1.0624468604385853,2.018910549926758,1.2814932237282395
1789324268671037200,19.689037109375,1.0804068800210953,2.2879420103520154,1.6738658171400427
1789324268680999200,19.698999267578124,1.0055778490081428,2.406928455260396,1.8954794005692004
1789324268690962400,19.70896240234375,0.9967069986797868,2.2445435981303454,1.9373070563428103
1789324268700925400,19.718925537109374,0.8855624994434416,1.9265841484069823,1.9447522577822207
1789324268710887200,19.72888720703125,0.5765211001910269,1.605641298958659,2.0410585227183997
1789324268720850200,19.73885009765625,0.5446260787583888,1.2370645916759968,2.1230998231977223
1789324268730813200,19.748813232421874,0.398031349825859,0.8006441822230815,2.124451676198095
1789324268740775400,19.758775390625,0.2764813380397856,0.2955412816882133,2.126810514283925
1789324268750738400,19.768738525390624,0.24763722861036658,-0.07996376355290412,2.154090735397488
1789324268760701200,19.778701171875,0.18664470750913023,-0.37582887036800383,2.1495013617806134
1789324268770663200,19.7886630859375,0.1337701725423336,-0.5449363137513399,2.0858635868676005
1789324268780626200,19.798626220703124,0.14833762707710266,-0.6108394032478333,2.0928240735299886
1789324268790589400,19.80858935546875,0.4825812721252441,-0.48464989509284495,2.080126358389854
1789324268800551200,19.81855126953125,1.6235913816690444,0.5002238963216543,1.693092641787976
1789324268810514200,19.82851416015625,-0.1457563418796286,0.482478980794549,1.48591996390447
1789324268820477200,19.838477294921876,-2.0407424425065517,-0.7339630940914154,1.7353979980759322
1789324268830439400,19.848439453125,-2.689677475392818,-1.5328554642111063,1.9493937999777495
1789324268840402400,19.85840234375,-3.3413550849854943,-2.0090169324219227,1.9702010256849227
1789324268850365200,19.868365234375,-4.222832214811444,-2.0339315934479236,1.8673399322777986
1789324268860327200,19.8783271484375,-5.496618809685111,-1.4296996256411074,2.1893404740855096
1789324268870290200,19.888290283203126,-6.29475071682632,-0.7543231605529784,2.131381475461274
1789324268880253400,19.89825341796875,-7.3292153453618285,-0.6091191553264856,1.6858556762717662
1789324268890216400,19.908216552734373,-7.777444850552081,-1.25800275028646,1.2668237701237202
1789324268900178200,19.91817822265625,-6.321891821730136,-2.469482818850875,1.3312760762900113
1789324268910141200,19.92814111328125,-4.483727130532264,-3.9203742856025694,1.6035812976889312
1789324268920104200,19.938104248046876,-3.0826094562530515,-4.953993110963702,1.7995429918587207
1789324268930066400,19.94806640625,-1.8239596402347087,-5.392651654732227,1.6690309443295002
1789324268940029400,19.958029541015627,-0.7776409077763557,-5.536023183834552,1.1898806695662438
1789324268949992200,19.9679921875,-0.05018573427423834,-5.344935963833332,0.6652255118213594
1789324268959954200,19.9779541015625,0.4153495643734932,-4.788106383192539,0.293720642132312
1789324268969917200,19.987917236328126,0.8806864909049124,-3.9255437971949574,-0.007226736383140087
1789324268979880400,19.99788037109375,1.425163881907612,-2.8500287808686493,-0.26000351983904835
1789324268989842200,20.00784228515625,1.8276481194891034,-1.6893956869661808,-0.27307576737999917
1789324268999805200,20.01780517578125,2.067458746127039,-0.5158838222682476,-0.18653496352434157
1789324269009768200,20.027768310546875,2.204689142125845,0.48699791952371596,-0.028401772489398715
1789324269019730400,20.03773046875,2.3593897283636034,1.2568132482409478,0.15925912632495165
1789324269029693400,20.047693359375,2.5341677647292613,1.8165356277137994,0.1559603770405054
1789324269039656200,20.05765625,2.6005457782611248,2.2069576715797186,0.010009498969465494
1789324269049618200,20.0676181640625,2.7095138102412224,2.343297402349114,-0.27268969067186116
1789324269059581200,20.077581298828125,2.949816604310274,2.220873384207487,-0.7961969935558736
1789324269069544200,20.087544189453126,3.4847195998251435,1.8735288500458,-1.6558920612931252
1789324269079506200,20.097506103515624,4.0690789924263955,1.3079133208811282,-2.805476230175793
1789324269089469200,20.10746923828125,4.301588940662145,0.6405594187289476,-4.065398550347983
1789324269099432200,20.11743212890625,3.927547538232803,0.08279168045520782,-4.876184479618073
1789324269109394400,20.12739453125,2.991080342590809,-0.24224516030848026,-5.156945540803671
1789324269119357400,20.137357421875,1.5843173559010029,-0.3174824798613787,-4.867009239515662
1789324269129320400,20.147320556640626,0.12061726098060607,-0.1423667359739542,-4.179354307612776
1789324269139282200,20.1572822265625,-1.0049199696213007,0.26537995218038557,-3.361539210358262
1789324269149245200,20.1672451171875,-1.364231420430541,0.7850777797788381,-2.8607468664988875
1789324269159208200,20.177208251953125,-1.0221680415421723,1.2831325153678654,-2.80973330309838
1789324269169170400,20.18717041015625,-0.39109073690772056,1.6922633513569831,-2.6305709141686555
1789324269179133200,20.19713330078125,-0.2578361126720905,1.9856711281478403,-1.7378427608795464
1789324269189096200,20.20709619140625,-0.7833680532515048,1.8744804516822098,-0.46158217710778116
1789324269199058200,20.21705810546875,-1.0147802693784236,1.6083049652099608,0.2867040413685143
1789324269209021400,20.227021484375,-0.7457073078989982,1.3742255757004023,0.016583616662770508
1789324269218984400,20.236984375,-0.21220358472280204,1.1520604958683252,-0.4300781277541071
1789324269228946200,20.2469462890625,0.4305612350959331,1.04856212747097,-0.5150703869935125
1789324269238909200,20.2569091796875,1.0596432011947035,1.0729010344356298,-0.6446756949413568
1789324269248872200,20.2668720703125,1.3715315143108366,1.32726859421432,-0.6460876806311309
1789324269258834400,20.27683447265625,1.424098883024603,1.5972072326123714,-0.5182831750275567
1789324269268797200,20.286797119140626,1.4913633240021764,1.8548796791553497,-0.44927324208952485
1789324269278760200,20.29676025390625,1.471543794158101,2.0162030445337296,-0.35608003113996234
1789324269288722200,20.30672216796875,1.4865633763745427,2.023930423915386,-0.16942761524841188
1789324269298685400,20.316685546875,1.9130612344890832,1.8878940600067375,0.3422511565454304
1789324269308648400,20.3266484375,2.9353324441447852,1.5101011960893869,1.1019356980010866
1789324269318610200,20.336610107421876,2.731123584502935,1.6112135461330412,1.5741390762358902
1789324269328573200,20.3465732421875,0.9112722563698887,2.1859090383321047,1.9678304971612988
1789324269338536200,20.3565361328125,-0.9420683766499162,2.989595072469115,2.5650293514609337
1789324269348497000,20.366496826171876,-2.6536636204645037,3.3799732771933075,3.1812969172373413
1789324269358460000,20.3764599609375,-3.4325460527345535,3.0041157652527093,3.3928988097399473
1789324269368423000,20.3864228515625,-2.9930054654344915,2.1596610828757283,2.91133051404953
1789324269378385000,20.396385009765623,-2.034744078874588,0.953417161399126,2.0382671384342013
1789324269388348000,20.406347900390625,-1.5007503071591257,-0.2375765839755535,1.2727002609416842
1789324269398311000,20.416310791015626,-1.666440635575354,-1.1059423032939433,0.8205911378391086
1789324269408273000,20.42627294921875,-2.0642409531243144,-1.6253846948266029,0.5618764887668192
1789324269418236000,20.43623583984375,-2.4762755477309226,-1.7335761894762516,0.3404751233162358
1789324269428199000,20.446198974609374,-2.706502353465557,-1.569150766429305,0.059830856910720466
1789324269438161000,20.456160888671874,-2.4483918077662588,-1.3541776439279316,-0.011257599334418772
1789324269448124000,20.4661240234375,-1.8391537022352218,-1.1949065349042416,0.018371413394995033
1789324269458087000,20.4760869140625,-1.2528161414287984,-0.8932751196473836,-0.05427486675139516
1789324269468049000,20.486048828125,-1.0140250670969486,-0.4020891007840633,0.16281203303355724
1789324269478012000,20.496011962890623,-0.8568427470460533,0.014472177466750145,0.30932631714101877
1789324269487975000,20.505974853515625,-0.7409484229341149,0.22416297565102575,0.417723161637038
1789324269497937000,20.51593701171875,-0.564049448891729,0.01344751059412956,0.41820765721835196
1789324269507900000,20.52589990234375,-0.21271555283293125,-0.8656067759990692,0.03635854018013924
1789324269517863000,20.53586279296875,0.46652796294689175,-2.067155233135819,-0.6838169611752033
1789324269527825000,20.545824951171873,1.0913315941393376,-2.7222867825746535,-1.2045929393991828
1789324269537788000,20.555787841796874,1.1531449301041663,-2.897432337078452,-1.4083626769714057
1789324269547751000,20.5657509765625,0.700866441784054,-3.3021225602716204,-1.6537759459219872
1789324269557713000,20.575712890625,-0.29591289147958155,-4.001522290503979,-2.031800718899071
1789324269567676000,20.585676025390626,-2.180899101215601,-4.970395964232087,-2.2704832182899115
1789324269577639000,20.595638916015623,-4.069159656447172,-5.75801933684051,-2.746271469274163
1789324269587601000,20.605600830078124,-4.155767095798254,-5.425830286234617,-3.231529267132282
1789324269597564000,20.61556396484375,-2.8589807336091995,-3.7860394649147984,-2.7447505433171986
1789324269607526700,20.625526611328127,-1.3913701872467994,-1.6323066030442714,-1.6903794373065233
1789324269617489000,20.635489013671876,-0.023267624471336602,0.05046937352120876,-1.1194608332976699
1789324269627452000,20.645451904296873,0.9584133622512221,1.0502104791998863,-0.8353245235253125
1789324269637415000,20.655414794921874,1.3142577214717863,1.6278905401676893,-0.5501577016614377
1789324269647377000,20.665376953125,1.4610612708494066,1.9556167661458252,-0.26645795667544003
1789324269657340000,20.67533984375,1.7234171990334988,2.165038684260845,-0.10669146535024046
1789324269667303000,20.685302978515626,1.9663598400868474,2.300151503583789,0.050531040580570695
1789324269677265000,20.695264892578123,2.1644427641943094,2.2582266710460184,0.09670973117053508
1789324269687228000,20.705227783203124,2.320443327114731,1.9388158534705637,0.01438917535841465
1789324269697191000,20.71519091796875,2.326337499719858,1.4325620293349026,-0.10561258407235145
1789324269707153000,20.72515283203125,2.19936897001639,0.8412415655493736,-0.12805106424316764
1789324269717116000,20.735115966796876,2.0560677296712995,0.15033376933038234,-0.2797655473422259
1789324269727079000,20.745078857421873,2.1058676794983446,-0.45011575732827186,-0.5218455802168697
1789324269737041000,20.755041015625,2.2302798027172686,-0.8674053498536348,-0.681571081944555
1789324269747004000,20.76500390625,2.3062070042304694,-1.2282751360207795,-0.7770646422583609
1789324269756967000,20.774966796875,2.2560849828422067,-1.5663760410189627,-0.8512269529908895
1789324269766929000,20.784928955078126,2.1839114347741004,-1.7310247514277695,-0.9509882537517697
1789324269776892000,20.794891845703123,2.242257533019781,-1.7839257360100744,-1.0823841714434326
1789324269786854000,20.80485400390625,2.365924536959827,-1.5850731427043676,-1.1137933821205048
1789324269796817000,20.81481689453125,2.281325807082653,-1.2240753462433813,-0.9336396440658717
1789324269806780000,20.82477978515625,2.0754019602164626,-0.8172013492703437,-0.7811582682475448
1789324269816742000,20.834741943359376,1.9436895969867705,-0.33454876547455786,-0.6199816909287125
1789324269826705000,20.844704833984373,2.006480984203517,0.11516016461849211,-0.42081688986867666
1789324269836668000,20.85466796875,2.031051069575548,0.41924598729014395,-0.17351707651913165
1789324269846630000,20.8646298828125,1.9843594610273836,0.6590355711400508,0.23036709098815916
1789324269856593000,20.874593017578125,1.8653813455559312,0.8054384307622909,0.6869364083699881
1789324269866556000,20.884555908203126,1.8904713631488381,0.9958353304117917,0.986912603765726
1789324269876518000,20.894517822265627,1.9384195476293562,1.1475561701864003,1.000089919116348
1789324269886481000,20.90448095703125,1.997190008766949,1.2902215968459845,1.013406935198605
1789324269896444000,20.91444384765625,1.8309715648233889,1.5231617531925439,1.1153642116338014
1789324269906406000,20.924406005859375,1.6803661389447748,1.7495225311487912,1.3370663501292466
1789324269916369000,20.934368896484376,1.668682569283247,2.0527666422992943,1.6582460770733654
1789324269926332000,20.944331787109373,1.4844503297433256,2.2179425914525983,1.8424762707866726
1789324269936294000,20.9542939453125,1.285765932611376,2.2176117520630356,1.9115870702832936
1789324269946257000,20.9642568359375,1.1361832739092408,2.1027964553594587,1.929851187378913
1789324269956220000,20.974219970703125,0.9273895706951618,1.7502303871572016,1.9388911106638609
1789324269966182000,20.984181884765626,0.7576654567182064,1.3681138148218392,2.0365631109952926
1789324269976145000,20.994144775390627,0.5042202724814415,0.904033829548955,2.0302651798948643
1789324269986108000,21.00410791015625,0.29803719015717506,0.4237538201034069,1.9841822047643363
1789324269996070000,21.01406982421875,0.15388956211581825,-0.007144611057639121,1.907650461486727
1789324270006033000,21.024032958984375,0.049559272938966746,-0.26693536492884157,1.769810701417923
1789324270015996000,21.033995849609376,-0.029197014520317314,-0.3320107714295387,1.6815576868169009
1789324270025958000,21.0439580078125,-0.09522438798360526,-0.3118044342249632,1.6946688050635157
1789324270035921000,21.0539208984375,0.011390066607668996,-0.12868366305828094,1.8069896546028554
1789324270045884000,21.0638837890625,1.143545911631733,0.7537538362324238,1.5949533162057399
1789324270055846000,21.073845947265625,0.4328689275164157,1.0279039548456668,1.1881415708139538
1789324270065809000,21.083808837890626,-1.8632909491479395,-0.16533786171674728,1.3223176938086747
1789324270075771000,21.09377099609375,-2.7271955974042412,-0.6909253318756818,1.2373771647565066
1789324270085734000,21.10373388671875,-3.806018423104286,-0.7928647803932428,1.1966669687055052
1789324270095697000,21.11369677734375,-4.69226232894063,-0.768294987282157,1.0374525583051144
1789324270105659100,21.1236591796875,-5.349132831001281,-0.7514952436506748,0.9993174734391271
1789324270115622000,21.133621826171876,-6.402382824027538,-0.7674895161181687,1.165347993595153
1789324270125585000,21.1435849609375,-6.996506070274114,-1.0262895053863526,1.3270815472096205
1789324270135547000,21.153546875,-5.91833440195918,-1.7666197964221237,1.5707587861478327
1789324270145510000,21.163510009765623,-4.426961871737242,-2.802666141191125,1.8186453133441507
1789324270155473000,21.173472900390625,-3.304619053262472,-3.8853994183331726,1.8441265222117305
1789324270165435000,21.183434814453125,-2.220654773020744,-4.793658756622672,1.7149708577275276
1789324270175398000,21.19339794921875,-1.2354478041291237,-5.4373781006872655,1.3859339875422418
1789324270185361000,21.20336083984375,-0.35848953996710475,-5.710439255020022,0.8740056249015032
1789324270195323000,21.213322998046873,0.36049919928908347,-5.550946612200141,0.39314094743579625
1789324270205286000,21.223285888671874,0.9082347883701324,-4.917580904367566,0.026305384732037782
1789324270215249000,21.233248779296876,1.3380981773950158,-3.872196822410822,-0.23921412204951045
1789324270225211000,21.2432109375,1.7150703725792467,-2.628697813773155,-0.46210525113381445
1789324270235174000,21.253173828125,2.086553761088848,-1.3522533978670834,-0.5845951010532677
1789324270245137000,21.263136962890623,2.4465021946273744,-0.24632921475172043,-0.5866138935297728
1789324270255099000,21.273098876953124,2.7594693890213966,0.7080570839405059,-0.4850250850807875
1789324270265062000,21.283061767578126,2.9120822091996668,1.5349293478757142,-0.3568687338322401
1789324270275025000,21.29302490234375,2.997310176891088,2.2130939823776483,-0.2270984445810318
1789324270284987000,21.30298681640625,2.987582563602924,2.736287835398316,-0.17781652727872133
1789324270294950000,21.312949951171873,2.967006224042177,3.060049249398708,-0.2742908422581851
1789324270304912000,21.322911865234374,2.9758956329405306,3.1963655992925166,-0.4589665877819061
1789324270314875000,21.332875,3.024843495982885,3.158199242505431,-0.745263948045671
1789324270324838000,21.342837890625,3.070318129956722,2.8818583358496426,-1.2163402219466863
1789324270334800100,21.352800048828126,3.0586873133957386,2.380323941451311,-1.8370351026460527
1789324270344763000,21.362762939453123,2.9445524001717565,1.671463139912486,-2.6641251009851694
1789324270354726100,21.37272607421875,2.785184845036268,0.9129226539254188,-3.555713582719862
1789324270364688100,21.382688232421874,2.379443651485443,0.18970891738533974,-4.401088594812155
1789324270374651100,21.392651123046875,1.541098976421356,-0.42792905996143815,-4.9840311063528056
1789324270384614100,21.4026142578125,0.6063023443400859,-0.9641758713006973,-5.249952325803041
1789324270394576100,21.412576171875,-0.22323007871508596,-1.1803525243729351,-4.891943189764023
1789324270404539100,21.4225390625,-0.818314278948307,-0.9940572148233652,-4.0725937225490805
1789324270414502100,21.432502197265624,-1.0817734921991824,-0.5678413885205984,-3.254219237846136
1789324270424464100,21.442464111328125,-1.4546610484182834,-0.19846096363961696,-2.335110588762164
1789324270434427100,21.45242724609375,-1.9106150103807449,-0.13064473399817944,-0.9392133525449782
1789324270444390400,21.462390380859375,-1.5975860027968882,-0.30378830102980137,-0.37552119265832007
1789324270454352100,21.47235205078125,-0.85031911743097,-0.5482143125087022,-0.9366983009841292
1789324270464315100,21.482315185546874,0.0069360098082572215,-0.7589543274849653,-1.0800610622581095
1789324270474277400,21.49227734375,0.6722234078846872,-0.8007704389512539,-0.9664444738198071
1789324270484240400,21.502240478515624,1.0803403906561433,-0.5289256746709347,-0.7855960314992815
1789324270494203100,21.512203125,1.3166858254015446,-0.12068389647603034,-0.578264728987962
1789324270504165000,21.5221650390625,1.5498840481624006,0.3474924181997776,-0.24023396661654114
1789324270514128100,21.532128173828124,1.8601856766089795,0.7378601015299558,0.23240254233852028
1789324270524091100,21.542091064453125,2.716941037632525,0.8896271185338497,0.8855820809267461
1789324270534053000,21.55205322265625,2.7439456566751,1.176132276329398,1.6214891486927867
1789324270544016100,21.56201611328125,1.0843848437413572,2.05325997877419,2.3562797796495256
1789324270553979100,21.571979248046876,-0.8573775845751166,3.2301240765094756,2.9217767970010637
1789324270563941000,21.581941162109374,-2.4459695490553974,3.9205285993814467,3.2412565881595015
1789324270573904400,21.591904296875,-2.7363977255135774,3.8188685523271557,2.9016327113777396
1789324270583867100,21.6018671875,-1.9829872958913444,3.452283895644545,2.2297259682267905
1789324270593829000,21.6118291015625,-0.5778723686695099,2.9982039108604193,1.3447557355880737
1789324270603792100,21.621792236328126,0.2842556253030896,2.478583824673295,0.8164405940309166
1789324270613755100,21.631755126953124,0.5172153631329536,1.8614590575456618,0.5586740394636989
1789324270623717000,21.641717041015625,0.5271811690911651,1.166451424792409,0.4491340528145432
1789324270633680100,21.65168017578125,0.3774441966101527,0.47074178124964233,0.3849557412840426
1789324270643643100,21.66164306640625,0.08053864083141088,-0.18457681519389152,0.2497336163677275
1789324270653605000,21.671605224609376,-0.32917145635038614,-0.6725175685256719,0.10950433081388473
1789324270663568400,21.681568359375,-0.8080886530101299,-0.9846768075376748,-0.1113566076170653
1789324270673530000,21.691530029296874,-1.2216074948251248,-1.0450947436213494,-0.38746560521312057
1789324270683493000,21.7014931640625,-1.515192089487612,-0.8961685030013322,-0.7152062981080264
1789324270693456100,21.7114560546875,-1.459988380920887,-0.7331950323283671,-1.0031582937110215
1789324270703418400,21.72141845703125,-1.018543421304226,-0.5317898319303989,-1.0118901008948684
1789324270713381400,21.73138134765625,-0.38361967037469147,-0.4134890311986208,-0.8902323909506201
1789324270723344100,21.74134423828125,0.13133710017651318,-0.32743747216463087,-0.6432386478755623
1789324270733306000,21.75130615234375,0.3006391893491149,-0.1446533856064081,-0.268643410955742
1789324270743269000,21.76126904296875,0.3136766578376293,0.021796236744523047,0.04942925335112959
1789324270753232100,21.771232177734376,0.25612594775333997,0.15490063885450361,0.22533567269220947
1789324270763194000,21.781194091796873,-0.11648922126516699,0.2019096427887678,0.45245242011491205
1789324270773157000,21.7911572265625,-0.60767480173707,0.06217968505918979,0.7171727028101682
1789324270783120100,21.8011201171875,-0.951293008852005,-0.4304144470363855,0.8534293584059923
1789324270793082000,21.81108203125,-1.0165899491488932,-1.2824608997166156,0.8577710408721119
1789324270803045400,21.82104541015625,-0.8566767428293823,-2.298931606400013,0.508229581188038
1789324270813008100,21.831008056640623,-0.5742191068589687,-3.0208658245235678,-0.3703470414234325
1789324270822970000,21.84097021484375,-0.4739360472463071,-3.2967478814959525,-1.207786328613013
1789324270832933000,21.85093310546875,-0.6665127751529216,-3.40939810912013,-1.9277390175305307
1789324270842895400,21.860895263671875,-1.4663516323424874,-3.5034494347363707,-2.4193460382848975
1789324270852858400,21.8708583984375,-2.717380890354514,-3.7208886550903317,-2.7390084925338622
1789324270862821000,21.880821044921873,-3.4837983933269974,-3.5483927383124825,-2.5292457981571554
1789324270872783000,21.890783203125,-2.8198434859633443,-2.674358910229802,-1.9426530935458837
1789324270882746000,21.90074609375,-1.2137713943719863,-1.00333591530025,-1.4685788068726657
1789324270892709400,21.91070947265625,0.09929024918302894,0.6446621778726578,-1.2531509263411162
1789324270902671000,21.920671142578126,0.958707230631262,1.6905840199679136,-1.0300096949532627
1789324270912634000,21.930634033203123,1.4514837335564195,2.25609725780189,-0.7355442258030176
1789324270922597000,21.94059716796875,1.6540324049010873,2.417881810951233,-0.3292982976004481
1789324270932559400,21.950559326171874,1.8101687230303882,2.392944938093424,-0.05181647728122771
1789324270942522400,21.9605224609375,1.9916976949609815,2.3147136974215505,0.025394042040780187
1789324270952485000,21.970485107421876,2.1095243023097514,2.2750240765899417,0.10764547813944518
1789324270962447000,21.980447021484373,2.119707550410926,2.192065222874284,0.16777940964996813
1789324270972410000,21.99041015625,2.0841995991781355,2.00439628688395,0.11411671998016536
1789324270982372400,22.000372314453124,2.1414824521064757,1.5572458091020582,-0.15990253879502414
1789324270992335000,22.010335205078125,2.224918275684118,0.9828647896796464,-0.47354617114588615
1789324271002298000,22.020298095703126,2.1731579855695364,0.5341068767011166,-0.2930830748811364
1789324271012260000,22.030260009765627,2.0091281377114356,0.06730009681284427,-0.13643296201080082
1789324271022223400,22.040223388671876,1.5854386150158941,-0.36956279571056366,0.12311674964614212
1789324271032186400,22.050186279296874,0.39258594390153884,-0.9250468069612979,1.2469608395293355
1789324271042148000,22.060148193359375,-1.3031354389548302,-2.116211232727766,3.2389015494659543
1789324271052111000,22.070111083984376,-1.9311831666350363,-3.7520465944200754,6.010734453237056
1789324271062074000,22.08007421875,-0.3880021232426166,-4.310018915355205,4.847774377691746
1789324271072036400,22.090036376953126,1.3959481626868246,-4.371042416116595,2.021911339177936
1789324271081999400,22.099999267578124,2.415354338300228,-4.197863193249702,0.34049620263688263
1789324271091961000,22.109961181640625,3.4453178560242055,-3.142648622152209,-1.2529891599081455
1789324271101924000,22.119924072265626,5.0790872250974175,-2.253682013353705,-2.3517725313581526
1789324271111887000,22.12988720703125,5.772794296646118,-1.8440782991558313,-2.7589970953345295
1789324271121849300,22.139849365234376,5.937931082832813,-1.5423761567503214,-2.74561534345299
1789324271131812000,22.14981201171875,5.391664397260547,-1.01916944424808,-2.298791321146488
1789324271141775000,22.159775146484375,4.829081367659568,-0.6172118608891963,-1.795774140844494
1789324271151737000,22.169737060546876,3.8809868625879287,0.00901858823597431,-1.195775572823733
1789324271161700400,22.179700439453125,2.847028430008888,0.8653641994148492,-0.8246034422203898
1789324271171663400,22.189663330078126,2.5165689796745774,1.6901210786312817,-1.0140971094198525
1789324271181625000,22.199625,2.5306091954648493,2.1612053897082806,-1.6068034746058284
1789324271191588000,22.209588134765625,2.23944846694842,2.360633152553439,-2.0781810695409773
1789324271201551000,22.219551025390626,1.782838379164785,2.4264035555809733,-2.2284923347786068
1789324271211513300,22.229513427734375,1.1210417458135633,2.4239064780682322,-2.307049738664925
1789324271221476000,22.23947607421875,0.4088998767774552,2.292704694709182,-2.2517462229855356
1789324271231438000,22.24943798828125,-0.2983621112626046,2.127483152848482,-2.1372619118019935
1789324271241401000,22.259401123046874,-0.8479787648499012,1.952069887319207,-1.870578768068552
1789324271251364400,22.2693642578125,-1.0461644186794756,1.8205244050890206,-1.5423213578231632
1789324271261326000,22.279326171875,-0.8480945001840591,1.5994687478035687,-1.307059334400296
1789324271271289000,22.2892890625,-0.3493126193642616,1.2047013682097196,-1.2541072041526435
1789324271281252000,22.299252197265623,0.17655838044378905,0.6277490369945764,-1.2172243113048373
1789324271291214300,22.30921435546875,0.669085840511322,0.03504968607127666,-1.0908072780042886
1789324271301177300,22.31917724609375,1.0850737027883528,-0.47648470881581306,-0.9383783630255609
1789324271311140400,22.329140380859375,1.655744761776924,-0.826044580939412,-0.7266954411759973
1789324271321102000,22.33910205078125,4.418137929290533,-1.6974702723503112,0.09281352744959294
1789324271331065000,22.349065185546873,3.9797406668066975,-1.6735878769814967,0.9185865249060093
1789324271341028000,22.359028076171874,0.8634054665625095,-0.6187099904924631,1.672626922994852
1789324271350990600,22.368990478515624,-1.229496202248335,0.38834056141674517,2.199639019129425
1789324271360953600,22.37895361328125,-2.5168016193866727,1.3803285687506197,1.8812030379354954
1789324271370915600,22.38891552734375,-2.758186947995424,1.6412866128355263,1.0689266509119422
1789324271380878600,22.398878662109375,-2.5499112773060797,1.199433656939864,0.24043833008222282
1789324271390841600,22.408841552734376,-2.335560086095333,0.4817530046075582,-0.1180682340849191
1789324271400803600,22.418803466796874,-1.7758347840130329,-0.3176163353741169,0.01228453122936189
1789324271410766600,22.4287666015625,-1.1543115627307443,-0.9384434641510248,0.38722368621602654
1789324271420729600,22.4387294921875,-1.1097954715907572,-1.101314058971405,0.6172367761347443
1789324271430691800,22.44869189453125,-1.373794783067703,-1.0946908414393663,0.6384532402299344
1789324271440654800,22.45865478515625,-1.4077226255021988,-1.2581921353787182,0.694476375420764
1789324271450617600,22.46861767578125,-1.082389578270912,-1.535528482812643,0.8109678617082535
1789324271460579600,22.47857958984375,-0.6229976046837866,-1.8147212717682122,0.852173586191237
1789324271470542600,22.48854248046875,-0.09557619709596037,-1.9835072281122206,0.7342579853847623
1789324271480504800,22.4985048828125,0.41343817779421804,-1.8998066161185503,0.5233648256734014
1789324271490467600,22.508467529296876,0.7796564853824675,-1.6092980679005384,0.3227066442504525
1789324271500430600,22.5184306640625,0.9727546068146824,-1.198083411374688,0.24742037098929284
1789324271510392600,22.528392578125,1.1106737157300115,-0.8170926281988621,0.3080950583130121
1789324271520355600,22.53835546875,1.2274645502902566,-0.4776262800663709,0.31507790293768045
1789324271530318800,22.54831884765625,1.283226623392105,-0.16503683294355867,0.22861381758004426
1789324271540280600,22.558280517578126,1.4422927113629878,-0.011197101318836212,-0.2795231899537146
1789324271550243600,22.56824365234375,1.6997335411071777,0.24113866037130355,-0.4743010811664164
1789324271560205800,22.578205810546876,1.49549224050045,0.5593243200659752,-0.20221761275939643
1789324271570168800,22.5881689453125,1.1317746636867523,0.31667525513172146,-0.8964890401925891
1789324271580131600,22.598131591796875,2.110270298371464,0.4319096540302038,-1.3321072664171456
1789324271590093600,22.608093505859376,3.6715479933381077,0.5664870513021946,-1.9363681680575011
1789324271600056600,22.618056640625,2.8924925425887107,0.7348895612865686,-1.9264964701235294
1789324271610019600,22.62801953125,2.495456049019098,0.812482504054904,-1.7913364506579934
1789324271619981600,22.637981689453124,0.9810372819915413,1.3058365146070718,-1.005057040004432
1789324271629944600,22.647944580078125,-0.13500453664287923,2.018622380635142,-0.0757571056433022
1789324271639907600,22.657907470703126,0.01186097205504775,2.3958844986766574,1.0287335375376045
1789324271649869600,22.66786962890625,-0.07736278727427125,1.956469583582878,1.1290127246927468
1789324271659832800,22.677832763671876,-0.03191021900177002,0.7562637732267379,-0.033563685297220945
1789324271669794600,22.687794677734374,0.016201777738332746,-0.10967442668378352,-0.7962739312496036
1789324271679757600,22.697757568359375,-0.16429405175223946,-0.7664473135888576,-0.9852191707860678
1789324271689720600,22.707720458984376,-0.5490238753259181,-1.2913719359248876,-0.7891815618358552
1789324271699682800,22.717682861328125,-0.6041114101670682,-1.442443956401944,-0.39172662365846334
1789324271709645800,22.727645751953126,-0.39865445016026496,-1.2533090395122766,-0.00020991642363369463
1789324271719608600,22.737608642578124,-0.1339982822097838,-0.8745593132615089,0.19343714412823318
1789324271729570600,22.747570556640625,0.6114660107135772,-0.39552667352855203,0.2392506546676159
1789324271739533600,22.757533447265626,0.5714880744598806,0.11418459758460521,0.19569025681726634
1789324271749495800,22.767495849609375,-0.19858312871456146,0.4399707954108715,0.15398264722675084
1789324271759458600,22.77745849609375,-0.9391140568889677,0.487264461505413,0.3289715498641133
1789324271769421600,22.787421630859374,-1.537639775878191,0.4830792847752571,0.5490427261568606
1789324271779383600,22.797383544921875,-1.8624705726757644,0.3613789047330618,0.37442236457094547
1789324271789346800,22.807346923828124,-1.774463495659828,-0.36689211519658566,-0.14928864419162272
1789324271799309800,22.817309814453125,-1.6955787595152854,-1.048685461589694,-0.06851378345154226
1789324271809271600,22.827271484375,-1.6353613144397734,-1.2014280456274746,0.44917752663008864
1789324271819234600,22.837234619140624,-1.5382079311549663,-1.276021806579828,0.7442978794924915
1789324271829197600,22.847197509765625,-1.6381027221024036,-0.8051888399153947,1.0663473750084638
1789324271839159800,22.857159912109374,-1.6811188570082187,0.5007417827159166,1.912335404432565
1789324271849122800,22.867122802734375,-1.236950025385618,0.1473860254406929,2.4374311455518005
1789324271859084500,22.87708447265625,-0.8551626119393855,-0.31472645915150643,2.6378578563064337
1789324271869047600,22.887047607421874,-0.5945768352329731,-0.842094967508316,2.577099143961072
1789324271879010600,22.897010498046875,-0.3130244044739753,-1.1663567322462796,2.1785013924241063
1789324271888972800,22.906972900390624,0.03120645464658737,-1.1771762324243784,1.6290366414628923
1789324271898935600,22.916935546875,0.3150619747161865,-0.827960059171915,1.1214587291166185
1789324271908898600,22.926898681640626,0.5813537810444831,-0.6886427738964557,0.349219534253329
1789324271918860800,22.93686083984375,1.1096703839063644,-0.7776075900286435,-0.8913634408071637
1789324271928823800,22.94682373046875,1.6125035859435797,0.24491700986623763,-1.5559487550288438
1789324271938785500,22.95678564453125,1.8397808942228555,1.3108616492927074,-2.026307382179797
1789324271948748500,22.96674853515625,1.8952689726889131,1.9867782126069067,-2.1406123912736774
1789324271958711600,22.976711669921876,2.384794364863634,2.5116321077942847,-2.3388269789367913
1789324271968673800,22.986673828125,2.6622780118137594,2.801428708350658,-2.5759783232375977
1789324271978636800,22.99663671875,1.9621108043402433,3.039100569394231,-2.5641876399397847
1789324271988599600,23.006599609375,1.5316291372865438,2.585760004800558,-3.3084652072966096
1789324271998561500,23.0165615234375,0.7955394794952124,1.4546061033606528,-3.242528507791459
1789324272008524500,23.026524658203126,-1.2142594701498746,0.4135521595627069,-2.711763050472736
1789324272018486800,23.03648681640625,-2.4346821391046047,-0.44624622241854667,-2.0732759079732
1789324272028449500,23.046449462890624,-2.7617086923807856,-0.6598731910079717,-1.3075640690520405
1789324272038412500,23.05641259765625,-2.466568977230787,-0.5498246703147888,-0.572779575575143
1789324272048374500,23.06637451171875,-1.9228373630940914,-0.869486247780919,-0.11702478944659232
1789324272058337800,23.076337890625,-0.9777402862727641,-1.2048860771268606,0.2275230997338891
1789324272068300800,23.08630078125,-0.14917525607817805,-1.220834756886959,0.4945917356535792
1789324272078262500,23.096262451171874,0.14920038138628006,-1.0946399880349635,0.5675459127053618
1789324272088225500,23.1062255859375,0.19506081807361914,-0.579039658883214,0.6825362737149
1789324272098187800,23.116187744140625,0.32709494233727454,0.1823334201812744,0.9639192661911249
1789324272108150800,23.12615087890625,0.51636776986029,0.8023790431916713,1.082557628314197
1789324272118113800,23.13611376953125,0.5807130354555323,0.8579273274123668,1.0689330075874923
1789324272128075500,23.146075439453124,0.853777221995592,0.4824526773095131,1.0510232568874955
1789324272138038500,23.15603857421875,1.1160942794740198,-0.03729658821523189,1.1505915923595427
1789324272148001800,23.166001708984375,1.1202233421027659,-0.3317717019766569,1.462942262290418
1789324272157963800,23.1759638671875,1.1644435921013354,-0.19354571906924248,1.8532225595980882
1789324272167926500,23.185926513671873,1.3047054647505283,0.3595212941676378,2.069984903603792
1789324272177888500,23.195888427734374,1.5155635531485079,0.9783704008698463,2.051503198234737
1789324272187851800,23.205851806640624,1.6478431948721408,1.4679840558499098,1.8553195318773388
1789324272197814800,23.215814697265625,1.619492714178562,1.6677409045189617,1.5757032568126916
1789324272207776500,23.225776611328126,1.4196604621857405,1.4708628261566161,1.171197742536664
1789324272217739500,23.235739501953127,0.9216109872937202,0.9425988302648067,0.6933361924096941
1789324272227702500,23.24570263671875,0.19389584768116472,0.055578679358959195,0.13020283544957637
1789324272237664800,23.255664794921874,-0.3286824672570452,-1.1422492959499357,-0.5886784248441458
1789324272247627800,23.265627685546875,-0.46919513632953164,-0.8776865053713321,-1.1538374424129725
1789324272257589500,23.275589599609376,-0.4631202368626371,0.3069716072410345,-1.5987275740474463
1789324272267552500,23.285552490234377,-0.5813105264246463,0.5928700313150882,-2.225147992786765
1789324272277515800,23.295515869140626,-1.0081932922035455,0.2463958502471447,-2.316283430956304
1789324272287477800,23.305477783203123,-1.0528232920467853,-0.578895866498351,-1.7318329990707337
1789324272297440500,23.3154404296875,-0.8392869243502616,-0.8404495383888483,-1.4090478827565907
1789324272307403500,23.325403564453126,-0.9049415920436382,-0.730714905950427,-0.5352323735997081
1789324272317365800,23.33536572265625,-0.9281938728153705,-0.4426151724398136,-0.101392920550704
1789324272327328800,23.345328857421876,-0.9190566266357898,-0.051824295261502264,0.20016674464419482
1789324272337290500,23.35529052734375,-1.4212883556485176,-0.4904501058042049,0.7691564264170825
1789324272347253500,23.36525341796875,-1.5909633697867394,-0.6794751325786114,1.5195489695228634
1789324272357216000,23.375216064453124,-0.7687631893157959,0.6284972250133752,2.3161887384101747
1789324272367178200,23.38517822265625,1.8369816188931465,2.1464847904384134,3.376358009305596
1789324272377141200,23.395141357421874,2.566932554733753,-0.7173632569462061,2.3844028813280165
1789324272387104000,23.40510400390625,2.8856618197858332,-2.7206442760646343,-0.06937061947658657
1789324272397066200,23.415066162109376,3.257305513423681,-2.0379905134499072,-1.6406462691053747
1789324272407029200,23.425029296875,2.1076118928171694,-1.595471787121892,-2.7607059450790286
1789324272416991200,23.4349912109375,0.5901110879957676,-0.7542255453974008,-3.320578254416585
1789324272426954000,23.4449541015625,-0.9443639402411877,0.3663385729670524,-2.6699884400606155
1789324272436917000,23.4549169921875,-2.5267054660245774,0.8375099778056144,-1.1530758103907108
1789324272446879200,23.464879150390626,-4.761269521932304,1.1143705244213342,0.5239344422549009
1789324272456842200,23.47484228515625,-5.301799417418241,0.9265729936152696,2.3887447099246084
1789324272466804000,23.484803955078124,-2.406005787457526,0.2948831100404262,3.329662016843259
1789324272476767000,23.49476708984375,-0.3869371243596077,-0.7824275575309991,2.1361573115609587
1789324272486730000,23.50472998046875,0.32757571159154175,-0.46219607122242445,0.9692824006594717
1789324272496692200,23.514692138671876,0.7952366240911185,-0.0659568655103445,0.6014470132634043
1789324272506655200,23.5246552734375,0.9910441506125033,0.40632688448429105,0.3929407486885786
1789324272516618200,23.5346181640625,0.9401287868894636,1.3863900607466697,0.18144860017076134
1789324272526580000,23.544580078125,0.5725222398132086,1.562488970452547,0.20150383846685288
1789324272536543200,23.554543212890625,-0.05431143590211868,1.1446709701389073,0.10771540157049894
1789324272546505200,23.564505126953126,-0.5682780263721943,0.4457873727351427,0.008817804966866969
1789324272556468200,23.57446826171875,-0.5720350408181548,0.06438859328031539,-0.13553499025776983
1789324272566431000,23.584430908203124,-0.09944675491899252,0.12030161916017532,-0.3034168373689055
1789324272576393200,23.594393310546874,0.5380994534686208,0.3418886068433523,-0.5201266474697739
1789324272586356200,23.604356201171875,1.0102741901308296,0.4015361430764198,-0.7682535592932254
1789324272596318200,23.614318115234376,1.0940569274500012,0.08092121040821075,-1.0253248981378973
1789324272606281000,23.624281005859373,0.8456734105169773,-0.39513855099380013,-1.2817939602404833
1789324272616244000,23.634243896484374,0.4805439210787415,-0.5018775087475776,-1.4325366026327013
1789324272626206200,23.644206298828124,0.46859015617370603,-0.3665934245109558,-1.2933403133884072
1789324272636169200,23.654169189453125,1.9845745650827884,0.4406371503651142,-0.6116594874590635
1789324272646132200,23.66413232421875,1.868661244009435,-0.12375438996255397,-0.17332484188266098
1789324272656094000,23.674093994140627,0.9057990856558084,-0.432688821709156,0.12245039469189942
1789324272666057200,23.68405712890625,0.9888570158317684,0.3420493503630161,0.5684089592754841
1789324272676019200,23.694019287109374,1.0722504615724087,-0.27190672360062595,0.16165223200656473
1789324272685982200,23.703982177734375,0.7987479932129382,-0.8528671214133501,-0.22914529410824178
1789324272695945200,23.7139453125,0.6159811500504613,-1.010872156023979,-0.49659365006051953
1789324272705907200,23.7239072265625,0.629008681666851,-1.3978916979700327,-0.971559478745982
1789324272715870200,23.7338701171875,0.5458394000709057,-1.7146242362469433,-0.9823296598896384
1789324272725833200,23.743833251953124,0.2590964879967272,-2.1359645654678343,-0.9895820421706885
1789324272735795200,23.753795166015625,0.546337558851391,-2.2225807726472615,-1.7365071283616125
1789324272745758000,23.763758056640626,-0.03526186751723289,-2.206238125133514,-1.5312190951809286
1789324272755720200,23.77372021484375,-1.0182065175000579,-2.6091309435158965,-1.0587827849730849
1789324272765683200,23.78368310546875,-1.4297557397425174,-1.3804846360951661,-0.45000718238726256
1789324272775646200,23.793646240234374,-1.9569325249195098,-0.4640238711714744,-0.025123554536327718
1789324272785608000,23.80360791015625,-2.9608769275069236,-1.329564596197009,0.349300636665523
1789324272795571200,23.8135712890625,-3.6676094848453995,-2.14380534209609,0.9925453489556908
1789324272805533200,23.823533203125,-2.3940695582091807,-3.6008494862586256,1.7135349797055124
1789324272815496200,23.83349609375,-0.5279881015598774,-5.0143029104977845,1.8325746161058545
1789324272825459200,23.843459228515623,0.9066565792679786,-5.231289710909128,1.0210095191568136
1789324272835421200,23.853421142578124,1.5933084716081618,-5.3182262360841035,0.1285496614150703
1789324272845384200,23.86338427734375,2.071896290183067,-5.818654715067148,-0.6121988550327718
1789324272855347200,23.87334716796875,2.9382594375073907,-6.133341426730156,-0.9572150923773646
1789324272865309200,23.88330908203125,3.6744706027865406,-6.595690642687678,-0.9600782267235219
1789324272875272000,23.89327197265625,3.5642777051866052,-6.651179305675625,-1.072638437976688
1789324272885234200,23.903234130859374,2.26904091052711,-6.692750502470135,-0.6392381069973111
1789324272895197200,23.913197265625,-0.03821954827904701,-6.571678483459353,0.10589183940514922
1789324272905160200,23.92316015625,-6.167255971291661,-5.61296029304266,0.5096374752245844
1789324272915122000,23.933121826171874,-13.998235428154468,-3.5985675128012895,1.506404679659009
1789324272925085200,23.943085205078123,-13.605793276637792,-1.9484984585732221,3.0281925141498442
1789324272935047200,23.953047119140624,-7.210179800614714,-1.4157120168209074,3.1288334472894666
1789324272945010200,23.96301025390625,-3.3908687652170655,-0.9711574007511138,2.7065073219016194
1789324272954973200,23.97297314453125,2.3930127426326275,-1.5972475646227597,2.069897955972701
1789324272964935200,23.98293505859375,2.3505893129229545,-1.574697294640541,1.3244110128261148
1789324272974898200,23.992898193359373,1.6777525954455137,-1.3871020084083079,0.9594888825282454
1789324272984861200,24.002861083984374,1.3382640354812145,-1.2783417739599943,0.9451640045776962
1789324272994823200,24.0128232421875,1.2322501771315932,-0.5241448701351881,1.5143829650618135
1789324273004786200,24.0227861328125,1.2494605473905802,0.4554951122790575,2.2206172174893317
1789324273014748200,24.032748046875,1.2273667890042066,1.2740800248622894,2.7301912720888852
1789324273024711200,24.042711181640627,1.0994950268507002,1.9474550870001315,2.9564345611453056
1789324273034674200,24.052674072265624,0.9571376432269811,2.589853996115923,2.2926541335657236
1789324273044636200,24.06263623046875,0.8136538859218359,3.0374808592379092,1.4230170791372656
1789324273054599200,24.07259912109375,0.7093038691312075,3.5400773299098014,0.7299741705857217
1789324273064561200,24.08256103515625,0.5947492691904306,3.830250947085023,0.6401058297425508
1789324273074524200,24.092524169921877,0.46201019326150417,3.8846950694561,2.829657316230237
1789324273084487200,24.102487060546874,0.5455506462574005,4.028719509509205,4.045825542610883
1789324273094449200,24.11244921875,0.5206815779387951,4.001316538798809,3.841070739524066
1789324273104412200,24.122412109375,0.7078717905014753,3.862303789427876,4.033707527054846
1789324273114375200,24.132375244140626,0.90117084133327,3.7306156838566062,4.330121499924362
1789324273124337200,24.142337158203127,0.906549611762166,3.6465550063788887,4.566968308320641
1789324273134300200,24.152300048828124,0.949483913603425,3.687409579336643,4.7894618894547225
1789324273144262100,24.16226220703125,0.816495831349492,3.8098447033941745,4.819321605667471
1789324273154225200,24.17222509765625,0.21434651503562926,3.536197273606062,4.394878049734235
1789324273164188200,24.182188232421876,-0.5294944144695997,3.0226141294956204,3.6725194687187668
1789324273174150100,24.192150146484376,-0.8390764964699745,2.609249601459503,2.9149489968076345
1789324273184113200,24.202113037109374,-0.7393944714903831,2.180514485812187,2.178724095264077
1789324273194075100,24.2120751953125,-1.0962158590495585,1.4220470650613306,1.144447975037992
1789324273204038100,24.2220380859375,-1.691537959691882,0.3708177642077207,0.08672551277279854
1789324273214001200,24.232001220703125,-1.6358885531842708,-0.2971381954908371,-0.2976093201339245
1789324273223963100,24.241963134765626,-1.2272013693094252,-0.5974772328495979,-0.20374387247860432
1789324273233926100,24.251926025390624,-1.8308979150652884,-1.0635732341200113,-0.255589795050025
1789324273243889200,24.26188916015625,-2.694582783091068,-1.4513696056574583,-0.1274830550968647
1789324273253851100,24.27185107421875,-3.266840819010138,-1.6053417314901948,0.19297873283624647
1789324273263814100,24.281814208984375,-3.0918595151573416,-1.1573024881750344,0.6540805790811777
1789324273273776000,24.291776123046876,-3.0583214026927945,-0.9528522209927439,0.5059732536286116
1789324273283739100,24.3017392578125,-3.506319437214732,-1.2774682059958575,-0.35107670642733574
1789324273293702100,24.3117021484375,-3.8853906505048275,-1.6921186821892857,-1.2929033832758665
1789324273303664000,24.3216640625,-4.1152305027484894,-2.0546844586193562,-2.0519921507954595
1789324273313627100,24.331627197265625,-4.013900710561871,-2.3081191214621066,-2.315602755215764
1789324273323589000,24.341589111328126,-3.648311494657397,-2.15045398633033,-2.1091455321252344
1789324273333552000,24.35155224609375,-3.335237478888035,-2.0465258482135833,-1.8526725244998932
1789324273343515100,24.36151513671875,-2.8894547823280092,-1.6794892099797725,-1.7020576001405714
1789324273353477400,24.371477294921874,-2.653379835087061,-1.2927723042421042,-1.8299878144830464
1789324273363440600,24.381440673828124,-2.4846564225852488,-1.0834430328465998,-2.0772329750359058
1789324273373403600,24.391403564453125,-2.322508296820521,-0.6901267288438976,-2.492526425307989
1789324273383365400,24.401365478515626,-2.117072817993164,-0.5118623116672039,-2.9550246943473812
1789324273393328400,24.411328369140627,-1.5876011998772621,-0.40862010998800397,-3.1094583002120255
1789324273403290600,24.42129052734375,-0.8701280528157949,-0.09399725734144448,-3.01278714748621
1789324273413253600,24.431253662109373,-0.3032622313290834,0.15163995655812323,-2.9732834046155214
1789324273423216400,24.44121630859375,-0.011841828963160514,0.14993899785913525,-3.090998514413833
1789324273433178400,24.451178466796875,2.3478350457787514,-0.4123397880982607,-3.338310894984007
1789324273443141400,24.461141357421877,6.557592090439796,-2.0407821899950505,-3.4447301192641255
1789324273453103600,24.471103515625,-0.3701560854285955,-2.5334791979432105,-3.7234728263646364
1789324273463066400,24.48106640625,3.7379753989696503,-2.6962267509058115,-2.0731156028449536
1789324273473029400,24.491029296875,3.6933302015572784,-2.5096166763186454,-0.011997896307706831
1789324273482991400,24.500991455078125,2.7094308081328866,-2.4253350495666264,1.3631222901448607
1789324273492954400,24.510954345703126,1.3832359806299208,-2.520585229578614,1.6489000104486942
1789324273502917600,24.520917724609376,-0.22779636371731757,-2.4876585270106792,1.212997779650986
1789324273512879400,24.53087939453125,-2.528129653608799,-2.3479393829360604,0.7457736511334776
1789324273522842400,24.54084228515625,-4.741085104298591,-2.7715058637738226,-0.5652449422866106
1789324273532804600,24.5508046875,-5.0286698740243905,-2.8354332692831754,-0.5066182735338807
1789324273542767600,24.560767578125,-4.976762576654553,-2.9368104077428576,-0.43035336449891326
1789324273552730400,24.57073046875,-4.7546693930149075,-3.291811886398494,-0.4784446107119322
1789324273562692400,24.5806923828125,-4.1875890519946815,-3.3750910581097004,-0.2696750190258026
1789324273572655400,24.5906552734375,-3.1817946376264095,-2.919060816040635,0.21564999884963035
1789324273582617600,24.60061767578125,-2.0575345873534676,-2.386441547548771,0.637257746835053
1789324273592580400,24.610580322265626,-1.052469656303525,-2.251991283787787,0.49342970613688225
1789324273602543400,24.62054345703125,0.34383331117033955,-2.5181489423424006,0.6174445006012916
1789324273612505300,24.63050537109375,1.2902777109473942,-2.150452817286551,0.306463365457952
1789324273622468400,24.64046826171875,2.3404385057866572,-1.6091561752118169,0.07790975363254547
1789324273632431600,24.650431640625,2.779226228892803,-1.229425182838738,1.371932204066217
1789324273642393300,24.660393310546876,3.667995269292593,-1.1358471738226712,1.30338707562834
1789324273652356400,24.6703564453125,3.5495062525123355,-1.24699912571311,-1.386758601798117
1789324273662318600,24.680318603515627,2.961002599713206,-1.1015765092998742,-2.614529587689042
1789324273672281600,24.690281494140624,3.099701460829377,-1.0859887718066572,-1.3707710513323546
1789324273682244600,24.70024462890625,2.449426119250059,-0.8544938458323478,0.5918740060150623
1789324273692206300,24.710206298828126,1.5698457629561424,-0.33621216864213344,1.3485901991844176
1789324273702169300,24.72016943359375,1.073486140847206,0.00415551224425435,1.3691902118816972
1789324273712131600,24.730131591796876,0.6806389156609773,0.09539572596251963,1.3649813620150089
1789324273722094600,24.740094482421874,0.01862988166809082,-0.11517346249148248,1.4920713261410594
1789324273732057300,24.750057373046875,-0.5377531242489815,-1.2872178849853575,2.1839900529682637
1789324273742019300,24.760019287109376,-0.812180306237936,-1.972911599817872,2.9615853680372237
1789324273751982300,24.769982421875,-1.0608049384504556,-1.4793033222436904,2.8459181306794283
1789324273761944600,24.779944580078126,-1.2336924848943949,-1.045524074949324,2.181902433039248
1789324273771907300,24.7899072265625,-0.7738724951535463,-0.09096709586530924,0.8269048510305583
1789324273781870300,24.799870361328125,-0.24946166755855081,0.6442077121034264,-0.19915566790550945
1789324273791832300,24.809832275390626,0.25417642112076283,1.3400064952343702,-0.6043978258930146
1789324273801795600,24.819795654296875,0.881526814186573,1.874226769182086,-0.8862012357383966
1789324273811758600,24.829758544921877,0.9815525380373,2.052183581714332,-1.1450984017707406
1789324273821720300,24.83972021484375,0.98063893032372,2.05869690913111,-1.174686023043841
1789324273831683300,24.849683349609375,0.8724193786233663,1.8733578773930668,-0.6938761445052921
1789324273841645600,24.8596455078125,0.6003700316816568,1.457791163137555,0.05075958863943815
1789324273851608600,24.869608642578125,0.26073709481060503,0.7975918089151381,0.7428858207374811
1789324273861571600,24.879571533203126,-0.3468079430669546,-0.08242693879604339,1.2174616271920502
1789324273871533300,24.889533203125,-0.8784878848820924,-0.9543322304174303,1.3697054679274558
1789324273881496300,24.899496337890625,-1.1493594202160835,-1.7320374356016515,1.611392994353175
1789324273891458600,24.90945849609375,-1.2031424483299256,-2.268912023450434,1.9863051882676779
1789324273901421600,24.919421630859375,-1.015581648889184,-1.9307719554856417,2.018034936136007
1789324273911384300,24.92938427734375,-0.7462912452667951,-1.03918113566339,1.304458211991191
1789324273921346300,24.93934619140625,-0.1427536894649267,0.07937398096621036,-0.00043934126533567904
1789324273931309600,24.9493095703125,0.5412099867045879,0.9795683784827589,-1.0598206035882234
1789324273941271600,24.959271484375,0.9796469966769218,1.591771471299231,-1.6520787866152822
1789324273951234300,24.969234375,1.0968518188655376,1.8613214026406406,-1.91687173268795
1789324273961197300,24.979197265625,0.8590297356963157,1.7890490703731774,-1.6020613946452735
1789324273971159600,24.98915966796875,0.5361515342712402,1.4485919576376676,-0.8334054650962353
1789324273981122600,24.99912255859375,0.2088455795317888,0.8684910992637276,-0.025472769832797348
1789324273991084300,25.009084228515626,-0.057384267476201054,0.3602969547152519,0.4574944694027304
1789324274001047300,25.01904736328125,-0.21584464463889597,0.18914543828368185,0.5928671087056399
1789324274011010300,25.02901025390625,-0.3666670742690563,0.014815584076941012,0.6877949979607015
1789324274020972500,25.03897265625,-0.4618418509572744,-0.09900485637038946,0.6990869379561394
1789324274030935600,25.048935546875,-0.35517069774270055,-0.06512392181754112,0.6244611744303256
1789324274040898300,25.058898193359376,-0.12323182739317416,-0.012504384525120258,0.5347035274200141
1789324274050860300,25.0688603515625,0.028951369196176528,0.09461655828356742,0.5001055306389928
1789324274060823600,25.078823486328126,0.15346856022477148,0.1327636258482933,0.39282391737587746
1789324274070785500,25.08878564453125,0.2006108351498842,0.11622457897961139,0.25922077196352183
1789324274080748300,25.098748291015625,0.19510756155848502,0.03147796506434679,0.21542766133584082
1789324274090710500,25.10871044921875,0.15803309166133403,-0.03614128070026636,0.26052659386508165
1789324274100673500,25.118673583984375,0.009112696260213852,-0.10404752671271562,0.3255183406703174
1789324274110636500,25.128636474609376,-0.11274024399518966,-0.19648323382586239,0.39460057165957985
1789324274120598500,25.1385986328125,-0.12175181796848773,-0.2460050973638892,0.4355559015780687
1789324274130561300,25.148561279296874,-0.20286942773163316,-0.21170009218007324,0.4921024030558765
1789324274140524300,25.158524169921876,-0.27610242172479627,-0.06684037034660577,0.5864578261852265
1789324274150486500,25.168486572265625,0.08274491870403289,-0.025763679070770738,0.9511028200421482
1789324274160449500,25.178449462890626,0.4030769427776336,-0.436454311722517,0.5023979524251073
1789324274170411300,25.188411376953123,0.24142098444402216,-0.5169254402756691,0.2892433505877852
1789324274180374300,25.198374267578124,-0.005866846206784248,0.06406652171909809,0.0677627458885312
1789324274190337500,25.208337646484374,0.11067688172459601,0.19086627072691917,-0.546866770357266
1789324274200299500,25.218299560546875,0.1936748984068632,0.2534466455414891,0.040393823578208685
1789324274210262500,25.228262451171876,0.08459142335355281,0.2775122885227203,0.2761432651918381
1789324274220224300,25.238224365234377,0.000039162966609001156,0.13405220435410736,0.1889473584283143
1789324274230187500,25.2481875,-0.08214695281088352,-0.00981558383256197,0.1923247259069234
1789324274240150500,25.258150634765624,-0.12950550083518028,-0.08228285415023565,0.2655778128400445
1789324274250112500,25.268112548828125,-0.1389198103904724,-0.08514818045347929,0.3623992607567459
1789324274260075300,25.2780751953125,-0.14829261889159678,-0.060978492575883864,0.3996274599108845
1789324274270037500,25.28803759765625,-0.21924188586175442,0.022154840923845766,0.43664230857528746
1789324274280000500,25.29800048828125,-0.27671090901196,0.10194704730212688,0.44733927835226056
1789324274289963500,25.307963623046874,-0.28197102149724956,0.14135054466873406,0.40930385446846484
1789324274299925200,25.31792529296875,-0.2628133165627718,0.1754778551980853,0.3789342890374362
1789324274309888300,25.32788818359375,-0.3197375653117895,0.17054945888519285,0.34861214294470844
1789324274319850500,25.3378505859375,-0.32031858007013797,0.12491115878224372,0.3168185360599309
1789324274329813500,25.3478134765625,-0.25625731904804705,0.06989245139360427,0.26468758600205183
1789324274339776500,25.357776611328124,-0.19107669860720633,0.03277940305173397,0.2873294797904789
1789324274349738200,25.36773828125,-0.13731588232517242,0.008931202213466168,0.3746170834254473
1789324274359701000,25.377700927734374,-0.09403495900332927,-0.05323942275643349,0.38608123818263407
1789324274369663000,25.3876630859375,-0.06349310574531555,-0.1563067062601447,0.44982634592764076
1789324274379626000,25.3976259765625,-0.029366964259743687,-0.2012298438310623,0.5317046378649771
1789324274389589000,25.407589111328125,0.002393032616376877,-0.24324878439307213,0.5348842908143997
1789324274399551000,25.417551025390626,0.001249123278260231,-0.2813303855061531,0.47227987753711637
1789324274409514000,25.427513916015624,-0.07094634436070918,-0.30041560972630976,0.5858309995237737
1789324274419476000,25.43747607421875,-0.17529460758566856,-0.3330927214473486,0.7636930464446544
1789324274429439000,25.44743896484375,-0.22305764475762843,-0.38142069902569053,0.900869666429609
1789324274439402000,25.457402099609375,-0.20293255609571934,-0.21777678174525497,1.0529744640205054
1789324274449364000,25.467364013671876,-0.6399696361422539,-0.14177578434348106,0.9806753168113529
1789324274459327000,25.477326904296874,-0.9520973109722137,-0.19290829794853925,0.7616242773465812
1789324274469289000,25.4872890625,-1.0805921734601258,-0.06162205117642879,0.5542077077046036
1789324274479252200,25.497252197265624,-0.9765718270152807,0.16787819384932517,0.6449559001222253
1789324274489215200,25.50721533203125,-0.702756639444828,0.25184300973713397,0.99065624727346
