time,seconds_elapsed,z,y,x
1789701071552875500,0.05087548828125,-0.7812503304451703,-0.2952076658196747,-2.1434138585604727
1789701071562896400,0.060896484375,0.22197569473981857,-0.19661051346734165,-1.6842213530682026
1789701071572917500,0.07091748046875,0.9256558787703514,-0.22527561306804417,-1.0245477032203227
1789701071582938400,0.0809384765625,1.0253063395678996,-0.11290171816721557,-0.4364462745465338
1789701071592959500,0.09095947265625,0.8322060261785984,0.1281331895686686,-0.3196409730695188
1789701071602981600,0.100981689453125,0.3842828104585409,0.18062120943590998,-0.31101182254254817
1789701071613002500,0.11100244140625,0.08541676826179027,0.06953384721428156,-0.29232714194729925
1789701071623023600,0.121023681640625,0.10508183819651604,-0.164285576184839,-0.23963848494142292
1789701071633044500,0.13104443359375,0.2388087561190128,-0.5674637873798608,-0.1728964604027569
1789701071643065300,0.1410654296875,0.4995440973639488,-1.1067818228580057,-0.12808292068615554
1789701071653086500,0.15108642578125,0.653317193493247,-1.3140813419915736,0.07106777878329157
1789701071663108600,0.161108642578125,0.7264116557985544,-1.0973485163412988,0.24207287248149512
1789701071673129500,0.17112939453125,1.0664134259819984,-0.9550028231553733,0.34626083057820795
1789701071683150600,0.181150634765625,0.8499965344130992,-0.9439832703605293,0.5165104297339916
1789701071693171500,0.19117138671875,0.2788216175556183,-0.9317878056541085,0.10234174570813774
1789701071703192600,0.201192626953125,-0.21819968333244322,-0.9386999231301247,-0.42409854188784957
1789701071713213400,0.21121337890625,-0.7639695252984762,-0.8383348843224346,-0.8115091289781033
1789701071723234300,0.221234375,-0.9580822306007146,-0.5641463333949447,-0.669189154755324
1789701071733256700,0.231256591796875,-0.7825503071278334,0.12414601962864398,-0.508188007068634
1789701071743277600,0.241277587890625,0.2799842315942049,0.10180822335332632,-0.17743541900664567
1789701071753298200,0.251298095703125,1.1058692380577324,-0.15759031632989645,0.08284852520897984
1789701071763319300,0.2613193359375,1.8325719857573508,-0.3409012032411992,-0.08379968845397233
1789701071773340200,0.271340087890625,2.1104420016765593,-0.4397950004525482,-0.17468115186244249
1789701071783361300,0.281361328125,1.9835838004797697,-0.398156437510252,-0.09955372242480516
1789701071793382100,0.291382080078125,1.9938374834686516,-0.3065947367526591,-0.08017448369413614
1789701071803404300,0.301404296875,1.9844179132163524,-0.2944195841819048,-0.0782636816367507
1789701071813425400,0.31142529296875,1.6336521724343298,-0.46182051590830087,-0.23210370552241802
1789701071823446300,0.3214462890625,1.4514824183821677,-0.5462380439996719,-0.7035770159170032
1789701071833467100,0.331467041015625,1.2132622758060694,-0.7578374522842466,-1.1159195074290036
1789701071843488300,0.34148828125,0.8839373824596405,-1.011266123777628,-1.5405869352459907
1789701071853509000,0.351509033203125,0.5125006095707416,-1.2229882816590367,-1.9313845344260334
1789701071863530200,0.3615302734375,0.03333762145638466,-1.4231671551324425,-1.9683914920449255
1789701071873552400,0.371552490234375,-0.16857026776671408,-1.3738108574196695,-1.694244296041131
1789701071883573200,0.3815732421875,-0.09795710088312626,-1.1079271935008466,-1.0114686606124044
1789701071893594400,0.391594482421875,-0.13472645035386085,-0.8257118418537079,-0.27329583987146616
1789701071903615200,0.401615234375,-0.36050445998609065,-0.5192058062978089,0.11874240701943635
1789701071913636000,0.411635986328125,-0.5252484474629163,-0.26397490768805143,-0.01683598398864269
1789701071923657200,0.4216572265625,-1.3896423405408858,-0.9351192881643772,-0.9470125550538301
1789701071933679400,0.431679443359375,-1.7967583295762537,-1.8130688283860683,-1.4501625679552554
1789701071943700200,0.4417001953125,-1.1037941853493451,-1.973256467732787,-1.3261322836607694
1789701071953721300,0.451721435546875,-1.2159598443269728,-1.720790357661247,-1.6640332821726798
1789701071963742200,0.4617421875,-1.6234966891229152,-1.1317249793261288,-1.4947054740369319
1789701071973763300,0.471763427734375,-1.5757780756145714,-0.7551797773823141,-1.4195277757167815
1789701071983784200,0.4817841796875,-1.2333037778377531,-0.8515425948113202,-1.6479542540311813
1789701071993805000,0.49180517578125,-0.21370587904453275,-1.2573407792463898,-2.1841285846561194
1789701072003827500,0.501827392578125,0.8196990113049745,-1.601034974206984,-2.3465678023219105
1789701072013848300,0.511848388671875,1.1904542316704987,-1.6635837848395107,-1.8747405639231205
1789701072023869200,0.521869140625,0.8945207357943058,-1.4007006179109216,-0.981698083987832
1789701072033890300,0.531890380859375,0.6393453667640686,-1.1434174629464744,-0.4764081364482641
1789701072043911200,0.5419111328125,0.9084721042573451,-0.9605702480241656,-0.7202928806573152
1789701072053932300,0.551932373046875,1.1169590796098112,-1.0246072513878346,-1.3048147703438997
1789701072063953200,0.561953125,1.2635112845748662,-0.9768965289250016,-1.600600382182002
1789701072073975300,0.571975341796875,2.000392311939597,-0.8629054080858826,-1.2813070535063742
1789701072083996400,0.581996337890625,2.7355279569417235,-0.9396269748471677,-0.5381944382756948
1789701072094017300,0.592017333984375,2.092346373015642,-0.2913691105701029,0.25468027898967266
1789701072104038100,0.6020380859375,1.2596246523998678,0.24227160992398858,0.9085784872412681
1789701072114059300,0.612059326171875,1.2902506768099964,-0.14193857368975876,0.778362207788229
1789701072124080000,0.622080078125,1.5511666353188454,-0.635043870177865,-0.14917992312014103
1789701072134102300,0.632102294921875,1.6949280405215918,-1.086489853196591,-0.7993810304194688
1789701072144123400,0.642123291015625,1.2440947825737296,-1.3658476234555244,-0.8733534446030855
1789701072154144300,0.652144287109375,0.5788894367575645,-1.2758248227030038,-0.8287199376285076
1789701072164165400,0.662165283203125,0.3157849917611107,-1.2843499283336102,-0.6666133129179477
1789701072174186200,0.672186279296875,0.39514965690970416,-1.183364127279073,-0.47561552476584906
1789701072184207000,0.68220703125,-0.09440262327194213,-0.6479525246549397,-0.44269875907003875
1789701072194228200,0.692228271484375,-1.2425146737754345,-0.15852065598256884,-0.35867958264648914
1789701072204250400,0.70225048828125,-2.0459294897556304,0.21483846327103673,-0.12651684041321276
1789701072214271200,0.712271240234375,-2.227928563416004,0.732170511586219,0.05581716428995132
1789701072224292400,0.722292236328125,-2.0784182392977177,1.3074438036732374,0.6611299130707979
1789701072234313200,0.732313232421875,-1.4087806101225315,1.5059383773215114,0.8820236577928066
1789701072244334300,0.742334228515625,-0.3479785942815244,1.4785225471295416,0.7735913401246071
1789701072254355200,0.752355224609375,0.30209727920293805,1.7376352556087076,0.85331486518085
1789701072264377000,0.762377197265625,0.2921886102594435,2.407245266124606,1.2380904275923967
1789701072274398200,0.772398193359375,-0.6820747936829924,2.974210748593509,1.563087520867586
1789701072284419300,0.78241943359375,-1.872279434506595,2.9876696573644876,1.5249123962521551
1789701072294440200,0.792440185546875,-2.2857620359644293,2.885680524486303,1.006661260330677
1789701072304461300,0.80246142578125,-1.902602384316921,2.5961829068765043,0.013662030127644538
1789701072314482200,0.812482177734375,-1.6223396280422806,1.9901684395670889,-0.9958341613680124
1789701072324503300,0.82250341796875,-1.687149369344115,1.4940090162053703,-1.5135545514136552
1789701072334525400,0.832525390625,-2.1073004887804387,1.145932368376851,-1.0072738392710685
1789701072344546300,0.84254638671875,-3.0768001854524014,0.8668845408499241,0.5694593451112508
1789701072354567200,0.852567138671875,-3.9341304237544534,0.6277142579421401,1.9973194803655145
1789701072364588300,0.86258837890625,-3.765777013608813,0.34574849714189765,2.267864267963171
1789701072374609200,0.872609130859375,-2.7880823200434444,-0.5481086601771414,2.2311153767585754
1789701072384630300,0.88263037109375,-2.0066145474553108,-1.2766831930980085,1.8130957163929937
1789701072394651100,0.892651123046875,-1.833746874755621,-1.782414162403345,0.6399304731756449
1789701072404673300,0.90267333984375,-1.663630254329741,-2.5875159085571764,-0.5277829343765974
1789701072414694400,0.9126943359375,-1.4186425173148511,-3.174962161257863,-1.377692959550023
1789701072424715300,0.92271533203125,-1.16192693310529,-3.4018650832667943,-1.5286901612251995
1789701072434736000,0.932736083984375,-0.6924120633020997,-3.5122456123933192,-1.5163152482986448
1789701072444757200,0.94275732421875,0.019849486590921877,-3.412461003822088,-0.7110755549788474
1789701072454778000,0.952778076171875,0.16975421685427428,-2.7895252123281358,0.8038467776566743
1789701072464799200,0.96279931640625,-0.5705518165230751,-1.482297243362665,2.036187847942114
1789701072474821400,0.9728212890625,-1.308283030976355,-0.24942367363572118,2.419403321430087
1789701072484842200,0.98284228515625,-1.181408463166654,0.5301307396117597,2.184895477375388
1789701072494863400,0.99286328125,-0.45799277431368823,0.6700157417725772,1.590036902591586
1789701072504884200,1.00288427734375,0.07783201222121715,0.18142624220848083,0.7435814017862081
1789701072514905000,1.012905029296875,0.2916518730342388,-0.05890278228037059,0.034492636710405346
1789701072524926200,1.02292626953125,0.5475684158205986,-0.1601243648521602,-0.5844207673996686
1789701072534948400,1.0329482421875,0.9764721660330891,-0.08886435143239796,-1.159587968763709
1789701072544969200,1.04296923828125,1.3302680682912469,-0.05681581993848085,-1.6283979051679371
1789701072554990300,1.052990234375,1.2521885110497475,-0.14363741349689663,-1.9677040943026542
1789701072565011200,1.06301123046875,0.8642121067702769,-0.02752148252353072,-1.9485148251861333
1789701072575032300,1.0730322265625,0.23258958934322,0.19843612145930528,-1.613198582470417
1789701072585053200,1.08305322265625,-0.1623379492484033,0.5770026731628924,-1.438266378456354
1789701072595074300,1.09307421875,-0.10020020363479852,0.7750535216316581,-0.9670102179437875
1789701072605096400,1.103096435546875,0.505526678904891,0.9343666431661695,-0.36678748577833176
1789701072615117300,1.113117431640625,0.9038426908910274,0.8450534519877284,0.05551672003865242
1789701072625138200,1.12313818359375,0.9652841248035431,0.7448649387907237,0.2784299878895283
1789701072635159300,1.1331591796875,0.8069578954145312,0.7446335411876439,0.3970400007009506
1789701072645180200,1.14318017578125,0.3780415779814124,0.833258092514798,0.27900165029764173
1789701072655201300,1.153201171875,0.00046411038041114806,0.9219218068085611,-0.022679449319839475
1789701072665223200,1.16322314453125,0.1911608697593212,0.9609376930970698,-0.6675374420255422
1789701072675244300,1.173244384765625,1.1805566686429083,1.1692414939023554,-1.8491209694981574
1789701072685265400,1.183265380859375,2.344540095886588,1.4716105757839977,-1.568416022413969
1789701072695286300,1.193286376953125,2.2229462449587882,1.606361429926753,0.6308528482288122
1789701072705307100,1.20330712890625,1.7071360724486409,1.786830517540872,1.2959037341356276
1789701072715328300,1.213328369140625,1.3614793452434242,1.4390256723910568,0.9202543119877576
1789701072725349000,1.22334912109375,1.0547861165523529,1.0234414224788546,0.5068915375173092
1789701072735371300,1.233371337890625,0.2560319858595729,0.6877943403735757,0.014507248780131338
1789701072745392400,1.243392333984375,-0.6543702096775174,0.4400628576084971,-0.5007815302044153
1789701072755413000,1.2534130859375,-1.2042618077486753,0.28320085555315017,-1.0470493848204612
1789701072765434000,1.26343408203125,-1.3601383058980105,-0.06125307173356413,-1.5990888085752724
1789701072775455000,1.273455078125,-1.2590741789102553,-0.4218482787430286,-1.385852300608158
1789701072785476000,1.28347607421875,-0.7301473351955413,-0.40922026783823967,-0.5915916819423437
1789701072795497000,1.2934970703125,-0.03383300375789404,-0.10541326210796832,0.05894903257489204
1789701072805519000,1.30351904296875,0.3749804368451237,-0.20130553941577672,-0.15170914933681487
1789701072815540000,1.3135400390625,0.29430355658680196,-0.5352256515979766,-0.9030646922558545
1789701072825561000,1.32356103515625,0.11787673010081053,-0.7902423229351639,-1.642214249074459
1789701072835582000,1.33358203125,-0.13350129247307777,-1.0973545076906681,-2.3031489318341016
1789701072845603000,1.34360302734375,-0.4762158287465572,-1.188900280226767,-2.4622552056849
1789701072855624000,1.3536240234375,-0.6992483390629292,-1.1139224883928895,-1.9439426949650047
1789701072865645000,1.36364501953125,-0.704080873785913,-0.8685019129186868,-0.8140034300118685
1789701072875667200,1.373667236328125,-0.48559652829319233,-0.5969304126217961,0.5358738863736391
1789701072885688000,1.38368798828125,-0.25433745690137144,-0.7647051460966467,0.9789677822411059
1789701072895709000,1.393708984375,-0.1867991674184799,-0.9620984805047511,0.5411708237379789
1789701072905730000,1.40372998046875,-0.0438449869453907,-1.4665736045300959,-0.3074111677020788
1789701072915751000,1.4137509765625,-0.14749854590445757,-1.6813035659253597,-0.6852028625756502
1789701072925772000,1.42377197265625,-0.45559155839085574,-0.9900041400402784,-0.5759896236628294
1789701072935794200,1.433794189453125,-0.4080407026648521,-0.05193067824542522,-0.1563835708886385
1789701072945815000,1.44381494140625,-0.950368002961576,0.8725351139575243,1.055986724513769
1789701072955836200,1.453836181640625,-0.5416273353338241,1.0344693047106266,1.3793594314575195
1789701072965857000,1.46385693359375,1.5028765055328606,0.06794716254472732,0.4165507568567991
1789701072975878000,1.4738779296875,2.2906401633948086,-0.8955506633639335,0.03342646878361702
1789701072985899000,1.48389892578125,1.550517377629876,-0.9581284078299999,0.4514554814994335
1789701072995920000,1.493919921875,0.4496481398165226,-1.1158826825499535,1.1206669942170382
1789701073005942000,1.50394189453125,0.2069268864288926,-1.5907880132198333,1.8705472038865087
1789701073015963100,1.513963134765625,0.6229892752468585,-2.113799495410919,2.4419535914123056
1789701073025984000,1.52398388671875,1.1457505820691585,-2.43422445846498,2.6655086642980574
1789701073036005000,1.534005126953125,1.3197162791386245,-2.3189473894685504,3.1237983757317065
1789701073046026000,1.54402587890625,1.1117921983659267,-1.9600310754567383,3.7119974926263093
1789701073056046800,1.554046875,0.8229410619661212,-1.47113521335721,3.7580028724759815
1789701073066068000,1.56406787109375,0.9362377708002925,-0.5366004470825195,2.6483839264959097
1789701073076090000,1.574090087890625,1.0239207304283975,0.5507061293244362,1.012230000373721
1789701073086111000,1.584111083984375,-0.6468988508835435,1.351931326305866,-0.3372252912074327
1789701073096132000,1.594132080078125,-3.453015424789488,1.5494576394438742,-1.6792933951467275
1789701073106153000,1.604153076171875,-4.158671292807162,1.2416437361598014,-2.3852280801057812
1789701073116174000,1.614174072265625,-4.201119272436201,0.6579623889505862,-2.345716738450527
1789701073126195000,1.62419482421875,-3.4229043641641734,0.40558454168438907,-1.76644034820199
1789701073136217000,1.634217041015625,-2.0535542855456472,0.31181787822842594,-1.1832090828478337
1789701073146238200,1.64423828125,-0.7401704242989421,0.20633505801558494,-0.7352186471104621
1789701073156259000,1.654259033203125,0.3387815807387233,-0.07407996621131896,-0.3875456116467714
1789701073166280000,1.664280029296875,1.0390630622416734,-0.4938151983231306,-0.09337795639932155
1789701073176301000,1.674301025390625,1.3784697891414164,-0.9149889388054608,0.2582990540087223
1789701073186322000,1.684322021484375,1.5196563754200934,-1.1310235530585049,0.4246341100692749
1789701073196343000,1.694343017578125,1.640535794468224,-0.8653618613272905,0.5237976641327142
1789701073206365200,1.704365234375,1.3485507439568638,-0.5262368739783764,0.5622814163058996
1789701073216386000,1.714385986328125,0.4560056921496987,-0.5627092863291502,0.60946519228518
1789701073226407200,1.7244072265625,0.3774605632230639,-0.15265958192944526,0.00362462023794651
1789701073236428000,1.734427978515625,0.07585603597313165,0.17925883504152296,-0.5646329478681087
1789701073246449000,1.744448974609375,-0.13140636602044103,0.35161154395639893,-0.8603145148098468
1789701073256470000,1.754469970703125,-0.46481531381011004,0.535958057525754,-0.9211790256172419
1789701073266492200,1.7644921875,-0.5185261534705757,0.4179577010452747,-0.7325386142462491
1789701073276513000,1.774512939453125,-0.44294513504654165,0.28176702335774895,-0.30351649835109706
1789701073286534100,1.7845341796875,-0.4846577861383557,0.4438274708390236,0.2108849764049053
1789701073296555000,1.794554931640625,-0.10379004482030868,0.8346095801889896,0.49830023478269575
1789701073306576100,1.804576171875,0.7034358538806438,1.271685823202133,0.49303310803472994
1789701073316597000,1.814596923828125,0.816727302017808,1.4932956072390078,0.4524813174158335
1789701073326617900,1.824617919921875,0.48512861852049827,1.6912889533668756,0.2714507965266704
1789701073336640000,1.834639892578125,-0.18097703713625668,1.8645804044365881,0.4043897789418697
1789701073346661000,1.8446611328125,-0.7017799033671617,1.6997890706866978,0.8019932587444781
1789701073356682000,1.854681884765625,-0.7295861941814422,1.3167565525501965,0.9513029457241297
1789701073366703000,1.864703125,-0.5719137525260448,0.8436018649399281,0.8331295707643032
1789701073376724000,1.874723876953125,-0.2998737579345703,0.7888011842161416,0.4548685048133135
1789701073386745000,1.8847451171875,-0.11796937682032585,0.6881400850713253,-0.07333294723629952
1789701073396766000,1.894765869140625,0.25428075827807184,0.6365741484850644,-0.5580366183429956
1789701073406788000,1.9047880859375,0.2373261163458228,2.075183056768775,-2.0231927572906017
1789701073416809000,1.91480908203125,-0.5260404746234416,3.6496290069967507,-3.736790573099255
1789701073426830000,1.924830078125,2.5200752342298625,1.686099568030238,-3.0708658269673585
1789701073436851000,1.934850830078125,2.5349992471173404,1.4744278251618146,-3.217577314147353
1789701073446872000,1.9448720703125,2.283615963846445,1.5985644924402236,-2.924384056890011
1789701073456893000,1.954892822265625,2.1999828641310333,1.0635095212340355,-1.8962813646018504
1789701073466915000,1.9649150390625,1.1305052282728254,0.2827881830990314,-1.1847089660167693
1789701073476936200,1.974936279296875,-0.021013269673287868,-0.7167828267097472,-0.515191163828969
1789701073486957000,1.98495703125,-0.578673017527908,-1.4879028082847594,0.30517215660363434
1789701073496978000,1.99497802734375,-0.8303319028697908,-2.172954279690981,1.1664145999133586
1789701073506999000,2.0049990234375,-0.9154650318846106,-2.4183014976680277,1.7321213144928216
1789701073517020000,2.01502001953125,-0.9307879809617996,-2.2768530455827714,1.9358216400906443
1789701073527041000,2.025041015625,-0.8582159350953996,-2.186825568655133,1.9615455716729162
1789701073537063200,2.035063232421875,-0.5610368230722844,-2.42958043205142,1.8237948050618171
1789701073547084000,2.045083984375,0.42077714238017794,-2.5781197191804646,1.6828560560643673
1789701073557105200,2.055105224609375,1.234369068981707,-2.366660742279887,1.5988333725094794
1789701073567126000,2.0651259765625,0.7081061837792396,-2.435345571449399,1.3915639562532305
1789701073577147000,2.07514697265625,-0.13659282874763012,-2.5739491554975507,1.015090942762792
1789701073587168000,2.08516796875,-0.7763003068223595,-2.3080764513641596,0.6308604470133781
1789701073597188900,2.09518896484375,-0.8344377307534218,-1.6967518949478864,0.4182183978080749
1789701073607211000,2.1052109375,-0.5618691822431982,-1.2824907103329897,0.10213029491454362
1789701073617232100,2.115232177734375,-0.2561307700589299,-0.9846890824973583,-0.038759354244172574
1789701073627253000,2.1252529296875,0.029678806687891482,-0.8261807745397091,0.1591588808208704
1789701073637274000,2.135274169921875,0.2530322195217013,-1.0113841971993445,0.4542319604754448
1789701073647295000,2.145294921875,0.4843126259624958,-1.256764148402214,0.7016162372380494
1789701073657316000,2.155316162109375,0.3327329482242465,-1.4315087208896875,1.023576739296317
1789701073667337000,2.1653369140625,-0.019042554122209548,-1.3489490956246852,1.2529001664504409
1789701073677359000,2.175359130859375,-0.05594254423528909,-1.0760141980201006,1.266749243582785
1789701073687380000,2.1853798828125,-0.0707344551756978,-0.8080991744041442,1.0832309975311158
1789701073697401000,2.195401123046875,0.6761470110692084,-0.4296235889196396,0.6404229328677058
1789701073707422000,2.205421875,1.5094950468897819,0.20627660582661628,-0.31421383345425125
1789701073717443000,2.215443115234375,0.673550710965693,0.5987614274412393,-1.6294477064818143
1789701073727464000,2.2254638671875,-0.04250380146950483,0.6575099690079689,-2.789793507875502
1789701073737486000,2.235486083984375,-0.461454605205357,0.845019330522418,-3.568653436052799
1789701073747507200,2.245507080078125,-0.7394305657170712,1.2036048051446675,-3.9618089965358374
1789701073757529300,2.255529296875,-0.8427050622306763,1.5427362222343681,-4.045828465220332
1789701073767550200,2.26555029296875,-0.7724523992225527,1.644094071471691,-3.8175247365027665
1789701073777571300,2.2755712890625,-0.5204967228911817,1.5306933177411555,-3.2137551255106924
1789701073787592200,2.28559228515625,-0.19567440166100858,1.2513824553638695,-2.213662722176313
1789701073797613000,2.295613037109375,0.22864771984964607,0.811760619521141,-0.9507081947013735
1789701073807635000,2.305635009765625,0.5759434464335441,0.41731005079150196,0.34105303280204535
1789701073817656000,2.315656005859375,0.8457108199179172,0.10676584576070308,1.491607508021593
1789701073827677200,2.32567724609375,0.9428580657228827,-0.08865911118388176,2.363850945556164
1789701073837698300,2.3356982421875,0.8162751743361354,-0.17309096006155014,2.8672593171328304
1789701073847719200,2.34571923828125,0.4485431011840701,-0.13627367979586125,3.039359512591362
1789701073857740300,2.355740234375,-0.09750526546239853,-0.041675826212763785,2.8389748874127863
1789701073867762200,2.36576220703125,-0.6078197631657123,0.08874269781410693,2.306958260989189
1789701073877783000,2.375782958984375,-0.8663922272883355,0.23375731794834134,1.6430664819896221
1789701073887804200,2.38580419921875,-0.7973005708836018,0.29168752886950966,1.0213882893413304
1789701073897825300,2.3958251953125,-0.4661280038438737,0.30995325340032576,0.5253156674802303
1789701073907846100,2.40584619140625,-0.08924597116112709,0.3210416336476803,0.21020400840342043
1789701073917867300,2.4158671875,0.1055623151898384,0.36999767999649047,0.13644260662198066
1789701073927888100,2.42588818359375,0.12333411872386932,0.4445569541573524,0.22338906866908073
1789701073937910000,2.435909912109375,-0.02935907321423292,0.5064928935885429,0.3635100715428591
1789701073947931100,2.44593115234375,-0.23351883301734924,0.5334668252319097,0.4503209245115518
1789701073957952300,2.4559521484375,-0.38768297429084775,0.5635369693249463,0.44136663368344303
1789701073967973000,2.46597314453125,-0.48333179823160166,0.5943997251003981,0.4117033168256283
1789701073977994200,2.475994140625,-0.484711269891262,0.5605599993407726,0.3735293612539768
1789701073988015000,2.48601513671875,-0.4912450555741787,0.45742286547124383,0.3612146540820598
1789701073998036200,2.4960361328125,-0.5173103479400277,0.26369886722564695,0.35232232257425783
1789701074008058000,2.50605810546875,-0.5044789234176278,0.02361643790900707,0.34893910987675186
1789701074018079000,2.516078857421875,-0.48932490116655825,-0.20255320138931274,0.3449544241547584
1789701074028100400,2.526100341796875,-0.46971506855040784,-0.44653906788527964,0.32921500323116776
1789701074038121200,2.536121337890625,-0.47947629184722895,-0.6742635354101657,0.3223024473637342
1789701074048142000,2.54614208984375,-0.6574570697769522,-0.8478507545560597,0.3244219237357378
1789701074058163200,2.5561630859375,-1.015749406671524,-0.9437672895222902,0.3458341295987367
1789701074068184000,2.56618408203125,-1.42638450974375,-1.0131126284271479,0.3536345742166042
1789701074078206000,2.5762060546875,-1.7445885818779467,-1.046290675407648,0.3612380349576473
1789701074088227000,2.58622705078125,-1.9082097028046845,-1.0195201573818922,0.3303986600577831
1789701074098248200,2.596248291015625,-1.8061419517323374,-0.8396908289760351,0.32452772219777104
1789701074108269300,2.606269287109375,-1.472297242873907,-0.49337096168696876,0.3169277685880661
1789701074118290200,2.616290283203125,-1.0531363035187125,-0.08986439532041549,0.26678689636886116
1789701074128311000,2.62631103515625,-0.6930310719832777,0.31572131540775294,0.23898528172969816
1789701074138333200,2.636333251953125,-0.5786898225322366,0.6570891132473945,0.2581938400685787
1789701074148354000,2.64635400390625,-0.6253329157635569,0.8899047664314508,0.346997328159213
1789701074158375200,2.656375244140625,-0.7955129568144679,1.1483715782225132,0.49751931353807444
1789701074168396300,2.666396240234375,-1.0808683600530027,1.322078624355793,0.5800608186244964
1789701074178417200,2.676417236328125,-1.2039292147934435,1.2851070303112269,0.4517372210502624
1789701074188438300,2.686438232421875,-1.044554645395279,1.0909645143926143,0.2837310169070959
1789701074198459100,2.696459228515625,-0.7918260849952697,0.7774661357313394,0.048102059867978095
1789701074208481000,2.70648095703125,-0.5705056392937898,0.4032131363779306,-0.3111602911025286
1789701074218502100,2.716502197265625,-0.3526718666642904,0.09544950197637081,-0.7180033084154128
1789701074228523300,2.726523193359375,-0.21577684009969234,-0.007901566904783249,-0.9301403307080268
1789701074238544100,2.736544189453125,-0.07879851916581392,0.14625380654036998,-0.8293862925827503
1789701074248565200,2.746565185546875,0.04869827219545841,0.4324105892896652,-0.47631987364292144
1789701074258586000,2.756586181640625,0.06372983711063862,0.7309077981740236,0.017690554991364477
1789701074268608000,2.76660791015625,0.03556289629042148,0.9743985746294259,0.49983285117745396
1789701074278629000,2.776629150390625,-0.018625790014863013,1.124250113400817,0.8439297817200422
1789701074288650000,2.78664990234375,-0.06954173825979232,1.1702122386306524,1.0158131195574998
1789701074298671400,2.79667138671875,-0.04114449581503868,1.173694820049405,1.0288953039705753
1789701074308692200,2.806692138671875,0.05640811592042446,1.119537113404274,0.8193611576527356
1789701074318713000,2.816713134765625,0.16332593737244605,1.0782394728541373,0.4869283614188432
1789701074328734200,2.826734130859375,0.21227818432897327,0.9968740258097648,0.08664601779580115
1789701074338756000,2.836756103515625,0.20690438233613967,0.8920873711675404,-0.3216547971099615
1789701074348777000,2.84677685546875,0.11264613597095012,0.81142685752213,-0.6646148325771093
1789701074358798300,2.85679833984375,-0.04343932875394821,0.7770195610076188,-0.8530570910274982
1789701074368819200,2.866819091796875,-0.18052724754214286,0.7636912928789854,-0.8628080851912499
1789701074378840300,2.87684033203125,-0.363155851277709,0.7525707639276981,-0.8165057682216167
1789701074388861200,2.886861083984375,-0.5117220264136791,0.7387596807181834,-0.7756400893479585
1789701074398883000,2.896883056640625,-0.534952679875493,0.7052309206038713,-0.7361059513390064
1789701074408904200,2.906904296875,-0.4467009804487228,0.6638128685444593,-0.7628314611792564
1789701074418925000,2.916925048828125,-0.31002514959275723,0.61828679664433,-0.8180249406129121
1789701074428946200,2.9269462890625,-0.16194237405955791,0.6185732123702764,-0.8970365180075168
1789701074438967300,2.93696728515625,-0.03527764960825443,0.655488107791543,-0.9516846385180949
1789701074448988200,2.94698828125,0.027604630762338638,0.6571557487428188,-1.079499117526412
1789701074459009300,2.95700927734375,0.03728548229932785,0.6460661994516849,-1.207789397352934
1789701074469031200,2.96703125,-0.03682458678930998,0.5554460173279047,-1.373037827220559
1789701074479052000,2.977052001953125,-0.10986147368848323,0.42987727141976356,-1.5367717608720064
1789701074489073200,2.9870732421875,-0.2432587212651968,0.3720785779237747,-1.6358891377061604
1789701074499094300,2.99709423828125,-0.4712444700747728,0.4509364260613918,-1.7355483663320541
1789701074509115100,3.007115234375,-0.6989420495927333,0.6696855599701405,-1.8439847756534813
1789701074519136300,3.01713623046875,-0.8382283552080393,1.0441337896347045,-1.8973375956565142
1789701074529157000,3.0271572265625,-0.879717718937993,1.5447726964980364,-1.8663456605434416
1789701074539179000,3.037178955078125,-0.871683173303306,2.0541981364071367,-1.717172751685977
1789701074549200100,3.0472001953125,-0.7965642194330692,2.4019810619860884,-1.5448556986063717
1789701074559221200,3.05722119140625,-0.6929331645667552,2.5864415573239325,-1.3722592440634964
1789701074569242000,3.0672421875,-0.6822972042620181,2.60306302177906,-1.1494932757288217
1789701074579263200,3.07726318359375,-0.8097364202171564,2.4807629222780463,-0.9628601125270128
1789701074589284000,3.0872841796875,-1.0089730444043874,2.266920265111327,-0.8664666076987981
1789701074599306000,3.097305908203125,-1.3350678697884082,2.0396464639633893,-0.8299082706302404
1789701074609327000,3.1073271484375,-1.6502102162644265,1.7495739690750836,-0.8376829962849617
1789701074619348000,3.117347900390625,-1.7910802839398383,1.473880712673068,-0.7852478756487369
1789701074629369300,3.127369384765625,-1.8767840524494648,1.10158469260633,-0.6762672764480113
1789701074639390200,3.13739013671875,-1.9932506234914062,0.6538192977964877,-0.665643006581068
1789701074649411300,3.147411376953125,-2.3206448410362004,0.18574352088570595,-0.7387947520315646
1789701074659432200,3.15743212890625,-2.7814371829405427,-0.23084406085014342,-0.7387795544624328
1789701074669454000,3.1674541015625,-3.1130285599142313,-0.5413251375168562,-0.6332780295491218
1789701074679475000,3.177474853515625,-3.212124309438467,-0.6759200704455375,-0.4341624013930559
1789701074689496000,3.18749609375,-3.1713992080792783,-0.7336825235843658,-0.21517770516276358
1789701074699517200,3.19751708984375,-3.0567221508026123,-0.7163128711104393,-0.09320435339808464
1789701074709538300,3.207538330078125,-2.9993098262757063,-0.6081079324573279,-0.03539396946430206
1789701074719559200,3.21755908203125,-3.011600275789201,-0.34106267741322516,0.016101824495196343
1789701074729581000,3.2275810546875,-2.816576885382831,0.06465338169634342,0.11915712530016899
1789701074739602200,3.237602294921875,-2.5048013849914073,0.5546849698275327,0.33681787945032116
1789701074749623000,3.247623046875,-2.6723358799695967,0.7478799757629633,0.8267308096379041
1789701074759643600,3.2576435546875,-2.977073736809194,0.17109540233016013,1.6402864958822727
1789701074769664500,3.26766455078125,-3.4438358007729053,-0.9976783279299736,2.744544207090139
1789701074779685400,3.277685302734375,-3.5050919412463903,-2.2172633770167827,3.9078111566275355
1789701074789706500,3.28770654296875,-1.9583675261586904,-3.220917272225022,4.377774354720115
1789701074799728400,3.297728271484375,0.6773714382976294,-3.838562263834476,4.129912523573637
1789701074809749500,3.30774951171875,3.00872062869966,-4.108803100049496,3.4759622928738594
1789701074819770600,3.3177705078125,3.9722693080127236,-4.1450387810349465,2.5133950258135793
1789701074829791500,3.32779150390625,3.801244048309326,-3.705146311557293,1.579389251849055
1789701074839812600,3.3378125,2.9389591102093457,-2.7093805392503736,0.5718576384246349
1789701074849833500,3.34783349609375,1.8189917886942624,-1.5802122586697338,-0.5747334861218929
1789701074859855400,3.35785546875,0.8873676491692661,-0.7033563589036465,-2.2259248223781585
1789701074869876500,3.36787646484375,0.6643047437146306,-0.3520809150338173,-4.335522189924121
1789701074879897600,3.377897705078125,1.098962235148251,-0.1763379791587591,-5.9358291421175
1789701074889918500,3.38791845703125,1.9920514768347144,-0.02049684458374977,-6.744800423181057
1789701074899939600,3.397939697265625,2.5676792814478278,0.15912556307315825,-6.650431117656827
1789701074909960400,3.40796044921875,2.7490941254794596,0.23102526263594625,-5.637042010375857
1789701074919981600,3.417981689453125,2.8678245498001576,0.1736941866517067,-3.9726714590728283
1789701074930003500,3.42800341796875,2.9313693857327103,-0.015738836401700974,-2.073683758121729
1789701074940024300,3.4380244140625,2.9350732086867093,-0.3509107022106647,-0.47130876748263834
1789701074950045700,3.448045654296875,2.871229097546637,-0.7347182963728904,0.6315355697959661
1789701074960066600,3.458066650390625,2.846724478626251,-1.0458984612196682,1.528193317618966
1789701074970087400,3.46808740234375,2.668756267917156,-1.2575994301825761,2.2691151448071003
1789701074980108500,3.478108642578125,2.2799008888460692,-1.338773738569021,2.8041671934038397
1789701074990129400,3.48812939453125,1.8456385342098771,-1.16061205111444,3.259640093851089
1789701075000151300,3.4981513671875,1.4075465382829309,-0.6235755507022142,3.508222055965662
1789701075010172400,3.50817236328125,1.016610991936922,0.20686463484764098,3.4571810200363395
1789701075020193500,3.518193603515625,0.6146762049317359,1.1008844353824854,3.1158290042877197
1789701075030214700,3.528214599609375,0.1880946140564978,1.8870032486468553,2.6383523618251083
1789701075040235500,3.538235595703125,-0.2061127935670316,2.3966478842645884,2.062313638323545
1789701075050256400,3.54825634765625,-0.7184335165262222,2.5808202103108164,1.3869687374174593
1789701075060278500,3.558278564453125,-1.0732298279985786,2.429018706515431,0.7341133162170648
1789701075070299400,3.56829931640625,-1.027617392989248,2.0499346337437627,0.20362463001310824
1789701075080320500,3.578320556640625,-0.7347310097239911,1.595838866868615,-0.13506605757176876
1789701075090341600,3.588341552734375,-0.2596247496545315,1.2095207511901855,-0.22686405130326748
1789701075100362500,3.598362548828125,0.43587095887660976,0.9039245239555835,-0.2947966008007526
1789701075110383600,3.608383544921875,1.031598133188486,0.7624117744624614,-0.38928222618103026
1789701075120404500,3.618404541015625,1.2536240968108177,0.7594733829230069,-0.45007074914276596
1789701075130426400,3.62842626953125,1.1090240488268435,0.8413660687118768,-0.4661608832001686
1789701075140447500,3.638447509765625,0.7332547266263514,0.9682523269593715,-0.4940355630755424
1789701075150468600,3.648468505859375,0.2667359698992222,1.07566056227684,-0.6576052460759878
1789701075160489500,3.658489501953125,-0.21700959676504133,1.1401350802749395,-0.8626724761128425
1789701075170510600,3.668510498046875,-0.5803086193731054,1.1901117018431424,-1.0932260295838117
1789701075180531500,3.678531494140625,-0.7486778481423855,1.2531862899154425,-1.1847346849799156
1789701075190553300,3.68855322265625,-0.8573287769973278,1.4030933582663536,-1.218488486021757
1789701075200574500,3.698574462890625,-0.9316238472640513,1.6106483134657144,-1.2144728206396103
1789701075210595300,3.70859521484375,-1.0473509981155396,1.770852903947234,-1.0177513941437006
1789701075220616700,3.71861669921875,-1.3534195190370082,1.9646610733449459,-0.857570769059658
1789701075230637600,3.728637451171875,-1.9942010560840366,2.0810212614029644,-0.6672241382926702
1789701075240658400,3.738658447265625,-2.851006685990095,1.910614425858855,-0.4609317503750324
1789701075250679600,3.748679443359375,-3.6030338445603847,1.4389075989693403,-0.10507073228061199
1789701075260701400,3.758701416015625,-3.9110488233745095,0.805147338861227,0.550566428592801
1789701075270722300,3.768722412109375,-3.7494162459164855,0.28512743970155713,1.5550322247058153
1789701075280743700,3.77874365234375,-3.246553817784786,0.0031856442987918854,2.575920163309574
1789701075290764500,3.7887646484375,-2.599777424237132,-0.03480184879004955,3.4491239703088996
1789701075300785700,3.79878564453125,-2.1322721406906844,0.22643676580190658,4.100677076739073
1789701075310806500,3.808806640625,-1.9296926358163355,0.8107990810126066,4.388905989587307
1789701075320828400,3.818828369140625,-1.7586790665507315,1.578749784901738,4.160982784619927
1789701075330849500,3.828849609375,-1.508918708306551,2.175065572756529,3.568123859220743
1789701075340870400,3.838870361328125,-1.214814108357951,2.393199789637327,2.8725369652748105
1789701075350891500,3.8488916015625,-0.7598305988628417,2.1292589303493497,2.0126187563061713
1789701075360912600,3.85891259765625,-0.18208266029059886,1.4902625231534241,1.1144967811495066
1789701075370933500,3.86893359375,0.33039106127321716,0.7892980278223752,0.4744651856869459
1789701075380954600,3.87895458984375,0.6683827337432652,0.1306768827021122,0.2366395953863859
1789701075390976500,3.8889765625,0.8453864102691412,-0.3597878361493349,0.495227987730503
1789701075400997400,3.898997314453125,0.737943688160181,-0.8623615104675293,1.3450596869707108
1789701075411018500,3.9090185546875,0.1234000966321677,-1.4214426694273947,2.7373896591603755
1789701075421039600,3.91903955078125,-0.8477244978278875,-1.8399696947932243,4.200791063395142
1789701075431060500,3.929060546875,-1.8722972624242304,-1.9083236845731735,5.345115996575355
1789701075441081600,3.93908154296875,-2.8605297166168686,-1.7948691548287867,6.195365044444799
1789701075451103500,3.949103515625,-3.5402374889075756,-1.7676608299076557,6.656648092475533
1789701075461124400,3.959124267578125,-3.599211655923724,-1.808994126293063,6.578646568906307
1789701075471145500,3.9691455078125,-3.2915801234692332,-1.79454591422379,6.005774785003066
1789701075481166600,3.97916650390625,-3.138467537075281,-1.4673358210742473,5.04855297062397
1789701075491187500,3.9891875,-3.071256872111559,-1.0428361510396003,3.6121710907399653
1789701075501208600,3.99920849609375,-2.8363024533331394,-1.0861369481056928,2.14453248732686
1789701075511229400,4.0092294921875,-2.294057862883806,-1.569711907443404,0.8273609242349863
1789701075521251300,4.019251220703125,-1.3549521354317664,-2.2907857093453408,-0.36889410266876216
1789701075531272400,4.0292724609375,-0.12608261371441185,-3.007155863600969,-1.360941146713495
1789701075541293300,4.039293212890625,1.2251777545273304,-3.6211452553123236,-1.9648001895546912
1789701075551314700,4.049314697265625,2.5052584811091423,-4.268340166532993,-2.3581986188828945
1789701075561335600,4.05933544921875,3.524111699014902,-4.756949612906575,-2.743655733817816
1789701075571356400,4.0693564453125,3.800181387513876,-4.989209385773539,-3.100829588076472
1789701075581378600,4.079378662109375,3.020011838042736,-5.044090730518103,-3.3396763381183145
1789701075591399400,4.0893994140625,1.8143220433175562,-4.844991468974948,-3.3408477199852467
1789701075601420300,4.099420166015625,0.8803902113720774,-4.364017632046342,-2.851567827004194
1789701075611441400,4.10944140625,0.48052813898772,-3.74685253290832,-2.202000925955176
1789701075621462500,4.119462646484375,0.604729980456829,-3.034220396137237,-1.5734768129348753
1789701075631483600,4.129483642578125,1.2377116574078797,-2.2517004841476678,-0.9599562077790498
1789701075641504500,4.13950439453125,2.08529090154618,-1.4443588501125573,-0.4489858765155077
1789701075651526400,4.1495263671875,2.8975992180779575,-0.6309142230272293,0.007181435936689376
1789701075661547500,4.159547607421875,3.53937122746706,0.15229308670461178,0.2161439198464155
1789701075671568400,4.169568359375,3.890775558413565,1.013296752822399,0.179435945174098
1789701075681589500,4.179589599609375,3.8944396338790654,1.7117378671556711,-0.10742694001793861
1789701075691610600,4.189610595703125,3.496934938275814,2.167757880091667,-0.5261690694391727
1789701075701631500,4.199631591796875,3.0342429002299904,2.3545073631495237,-0.8089391323596239
1789701075711653400,4.2096533203125,2.653401754657924,2.40104641148448,-0.9481453584760426
1789701075721674500,4.219674560546875,2.2799603639483452,2.3415941055625678,-1.1079612419009208
1789701075731695400,4.2296953125,1.9729314735621213,2.1680086399823426,-1.2830711405694484
1789701075741716500,4.239716552734375,1.8525322392463683,1.924572224062681,-1.5063918201774358
1789701075751737600,4.249737548828125,1.9088488774910568,1.6624696861177681,-1.6831442253559827
1789701075761758200,4.25975830078125,1.9984014303833244,1.369671565657854,-1.8414952969253062
1789701075771780400,4.2697802734375,2.08809748339951,1.1375123305559158,-1.9657710804134607
1789701075781801200,4.27980126953125,2.262712876549363,1.0666022265523671,-2.194034477120638
1789701075791822000,4.289822021484375,2.5509458810508248,1.166620936140418,-2.499113402482867
1789701075801843200,4.29984326171875,2.874684498697519,1.4866098458647727,-2.76293151217401
1789701075811864300,4.3098642578125,3.2415678460657595,1.9173738369911908,-3.007331804689765
1789701075821885400,4.319885498046875,3.5681530853152275,2.4369997683972118,-3.2193092525064944
1789701075831906300,4.32990625,3.7759067779570814,2.9603900207728144,-3.4779210257261988
1789701075841928200,4.33992822265625,3.8104502680718895,3.4158453855633732,-3.7474265334039925
1789701075851949300,4.34994921875,3.6105437817990778,3.797459269073605,-3.990023575890064
1789701075861970200,4.35997021484375,3.085485888472199,4.069533165934682,-4.199031652507186
1789701075871991300,4.3699912109375,2.2034160534501073,4.145620380315185,-4.291727471861243
1789701075882012400,4.380012451171875,1.1377122370421886,3.9718139654606577,-4.115966415807605
1789701075892033300,4.390033203125,-0.14420213470757007,3.4779742172181605,-3.6021576462477443
1789701075902055200,4.40005517578125,-1.7262743420302866,2.7091648506730794,-2.577484928408265
1789701075912076300,4.410076171875,-3.373014544096589,1.595335593521595,-0.8052747646331787
1789701075922097200,4.42009716796875,-4.6679058863192795,0.3482493740469217,2.0760721145629883
1789701075932118300,4.4301181640625,-5.23885634677112,-1.3830834204167126,4.838649990993738
1789701075942139400,4.440139404296875,-5.81229044073224,-3.8689667544484134,6.4431228306949135
1789701075952160300,4.45016015625,-6.583294686973095,-5.798194695362448,7.297819505622982
1789701075962181400,4.460181396484375,-6.641064154374599,-6.575907499331236,7.471808291307092
1789701075972203300,4.470203369140625,-5.835486607402562,-6.247338392788172,6.563828354480862
1789701075982224100,4.48022412109375,-4.438890209940076,-4.6909179285943505,4.8808875427424905
1789701075992245200,4.490245361328125,-2.912492543566227,-3.0322756918102503,2.708462255361676
1789701076002266000,4.50026611328125,-1.6495850701034067,-1.772792347577214,0.525480502653122
1789701076012287500,4.51028759765625,-0.8659636266127229,-0.49586920824348923,-1.4330857609480618
1789701076022308400,4.520308349609375,-0.8214385484486818,0.882377293536067,-3.059011138522625
1789701076032330200,4.530330322265625,-1.2677011374801397,2.0669494814306497,-4.164604482248425
1789701076042351400,4.540351318359375,-1.993111215020716,2.253563355410099,-4.241445145344734
1789701076052372200,4.550372314453125,-1.9179677112311124,0.5629214677751064,-2.7217349939107893
1789701076062393000,4.56039306640625,1.0370137284964323,-2.8086715190857645,-1.0310808313161135
1789701076072414200,4.570414306640625,4.605867071035504,-6.077745796236395,-0.32858488863408564
1789701076082435300,4.580435302734375,5.201102077916264,-7.708024692845344,-0.02518938631415367
1789701076092456400,4.59045654296875,2.0301681492611765,-7.669895160937309,0.6483481729090214
1789701076102478300,4.600478271484375,-0.4307365185976028,-6.1140837685525415,0.924559900227189
1789701076112499200,4.610499267578125,-0.3610644319564104,-4.0506957789957525,0.2793342432528734
1789701076122520300,4.620520263671875,-0.20248393554538488,-2.267337613740563,-1.1635732390075921
1789701076132541200,4.630541259765625,0.7833034635826945,-0.6947130337208509,-3.573241932886839
1789701076142562300,4.640562255859375,3.586713993400335,0.2356330486923456,-5.2428942239850755
1789701076152583400,4.65058349609375,5.808063178426027,0.3205132258594036,-5.838934702029824
1789701076162605300,4.660605224609375,6.370824487203359,-0.3734901982873678,-5.587254189378023
1789701076172626200,4.670626220703125,6.381607747024297,-0.7950830409646034,-3.764073716822266
1789701076182647300,4.680647216796875,6.247496213698387,-1.0447142198711632,-0.93593469620049
1789701076192668200,4.690668212890625,6.158672267341613,-1.3910177205473184,1.179584462609887
1789701076202689300,4.700689208984375,5.811488476699591,-1.3583739265739916,2.9652935749053952
1789701076212710400,4.71071044921875,5.373554740074277,-1.1048977626770735,4.149170766273141
1789701076222732300,4.720732177734375,4.747513968302309,-0.4645400040000677,5.278255460223555
1789701076232753200,4.730753173828125,3.394484325365722,0.6490139433413744,6.76008800868392
1789701076242774300,4.740774169921875,1.3572962143398821,2.1690520115554333,8.071962634411454
1789701076252795100,4.750795166015625,-0.9736284670397639,3.633392157945037,7.661508440864086
1789701076262816300,4.760816162109375,-2.9229987400114537,4.197023235294223,5.158609090101718
1789701076272837000,4.770837158203125,-3.5323674861848353,3.675419281813502,2.296985733029246
1789701076282858500,4.7808583984375,-2.835957585418224,3.053805386573076,0.20519290224313735
1789701076292880400,4.79088037109375,-1.7892882859565316,2.5600837117522954,-1.2444745756715536
1789701076302901200,4.8009013671875,-0.9077541652463376,1.9659949522972107,-2.3107991543263195
1789701076312922000,4.810922119140625,-0.20654782398343086,1.3966753079175949,-2.943039657521248
1789701076322943200,4.820943115234375,0.21495332182236015,0.7178261982828378,-3.1747558250308034
1789701076332964000,4.830964111328125,0.3793139360047877,0.05253507387936115,-3.0095740306586025
1789701076342985500,4.8409853515625,0.6631751551628112,-0.5433037441134453,-2.821210682663321
1789701076353007400,4.85100732421875,1.0128571923613547,-0.9873252762198448,-2.572520583999157
1789701076363028200,4.8610283203125,1.3589713079452514,-1.1624071178376674,-2.40009480984807
1789701076373049300,4.87104931640625,1.714298657554388,-1.0935784962832926,-2.277783604431152
1789701076383070200,4.8810703125,1.9669068064451216,-0.8921990148484706,-2.140778687751293
1789701076393091300,4.89109130859375,1.9182488662600516,-0.548951394611597,-2.1297627882182595
1789701076403112200,4.9011123046875,1.3154396247327327,-0.042162148424983024,-2.016243376544118
1789701076413133300,4.91113330078125,0.1809387874851003,0.5341068767011166,-1.928960814410448
1789701076423155200,4.9211552734375,-1.1925228546380997,1.0975322023451328,-1.6646388468503952
1789701076433176300,4.93117626953125,-2.594973238825798,1.3521645505398512,-1.0526590413957833
1789701076443197200,4.941197265625,-4.000286611229181,1.3297598265081643,-0.20646891352832317
1789701076453218300,4.95121826171875,-4.97607810152173,1.3824644117355347,0.34869711781442164
1789701076463239200,4.9612392578125,-4.756594223597645,1.6315023009240626,0.4379132783591747
1789701076473260300,4.97126025390625,-3.406071595045924,1.9181150107473133,0.495949872264266
1789701076483282400,4.981282470703125,-1.539942792123556,2.055987942433357,0.9625041386961937
1789701076493303300,4.99130322265625,0.31143034021556376,2.1447055058062077,1.7298036852002143
1789701076503324200,5.00132421875,1.621059232842922,2.257912782791257,2.617493698191643
1789701076513345300,5.01134521484375,2.150328021863103,2.330970420217514,3.4759815820962188
1789701076523366100,5.0213662109375,1.7351953151106834,2.3561112912148237,4.293329646360874
1789701076533387300,5.03138720703125,0.3416307961573824,2.355196514457464,4.872209730768203
1789701076543409400,5.041409423828125,-1.4857938533067703,2.146411725202203,4.696169857773184
1789701076553430300,5.05143017578125,-3.145714439463615,1.559877911171317,3.81330331941545
1789701076563451400,5.061451416015625,-3.901197291445732,0.879589124122262,2.9462130268603564
1789701076573472300,5.07147216796875,-3.713766255864501,0.4343184687376022,2.401206570482254
1789701076583493000,5.0814931640625,-3.018403818324208,0.2993681464999914,2.243636420157552
1789701076593514200,5.09151416015625,-2.1969915733605623,0.31429391295313835,2.3022791632622477
1789701076603535000,5.10153515625,-1.4739754052191971,0.38473756848871704,2.3582944804728028
1789701076613557200,5.11155712890625,-0.9079092827428131,0.37926936621069907,2.6268951482653615
1789701076623578400,5.121578369140625,-0.8576467569053172,0.05709609818458557,3.3668098442375656
1789701076633599200,5.13159912109375,-1.1618635124802588,-0.4930816233515739,4.436142957058549
1789701076643620400,5.141620361328125,-1.2651105364650488,-0.8976800766080617,5.386052987119555
1789701076653641200,5.15164111328125,-1.4056424582272766,-1.0847498776614666,5.942008123013377
1789701076663662000,5.161662109375,-1.7026164030671118,-1.149602581322193,6.042454118102788
1789701076673684500,5.1716845703125,-2.2206074267476796,-1.1352736117184161,5.880089719238877
1789701076683705300,5.181705322265625,-2.797840912991762,-1.0431342572033404,5.408752894705533
1789701076693726200,5.191726318359375,-3.411908630636334,-0.8388269056230783,4.468635359862446
1789701076703747300,5.201747314453125,-3.8541362650632855,-0.7987012314617633,3.100824327379465
1789701076713768200,5.211768310546875,-3.7221716806381937,-1.2515566428869962,1.551502297013998
1789701076723789300,5.221789306640625,-2.673496740442514,-2.090342047455907,0.06666530604064465
1789701076733811500,5.2318115234375,-1.0143208351731299,-2.9356191521316766,-0.9756932906150817
1789701076743832300,5.241832275390625,0.9237502643447368,-3.645799219575524,-1.5443717144817113
1789701076753853400,5.251853515625,2.803524803847074,-4.179306961339712,-1.6631985849142075
1789701076763874800,5.261874755859375,4.192784867072105,-4.640848368045687,-1.5224761090159415
1789701076773895700,5.271895751953125,4.8140448343083255,-4.987898887696862,-1.4927975945889949
1789701076783916800,5.281916748046875,4.455532132661342,-5.323785039255022,-1.883797730603814
1789701076793937700,5.291937744140625,3.0363457177281377,-5.607227886870503,-2.478678517219424
1789701076803959600,5.30195947265625,1.047185870681703,-5.550158676692843,-2.6655940044939515
1789701076813980700,5.311980712890625,-0.5630898100793361,-4.987428932097554,-2.398781973683834
1789701076824001500,5.32200146484375,-1.0970704300522804,-4.21181748432219,-2.0718132880747318
1789701076834022700,5.332022705078125,-0.5368576367139816,-3.4285938079774376,-1.7649655994743108
1789701076844043800,5.342043701171875,0.5004392926380038,-2.581201903104782,-1.5171978763520717
1789701076854064600,5.352064697265625,1.6277631143957376,-1.6454700360000132,-1.2352934903502464
1789701076864086500,5.36208642578125,2.6426100192695854,-0.7204857728809118,-0.9791659351617097
1789701076874107600,5.372107666015625,3.243276695810258,0.11793839716017246,-0.8595943838417529
1789701076884128500,5.38212841796875,3.6621713854447004,0.8831132065951823,-0.8892302281707525
1789701076894149600,5.392149658203125,3.849392869928479,1.599583898615837,-0.9433750753343105
1789701076904170800,5.402170654296875,3.697650402843952,2.178746307095885,-1.0109867223143576
1789701076914191600,5.412191650390625,3.316812764403224,2.6733231374412774,-0.8193073816388845
1789701076924212700,5.422212646484375,2.963263530382514,3.0138772808104752,-0.5550134711295366
1789701076934234600,5.432234619140625,2.7001886402741073,3.1296225518405434,-0.4467798909038305
1789701076944255500,5.44225537109375,2.6532231832206246,3.004260142159462,-0.5642652835994959
1789701076954276600,5.452276611328125,2.798281057974696,2.6652999899834393,-0.9201619575291872
1789701076964297500,5.46229736328125,2.9159973368167877,2.2213643825948237,-1.424536543789506
1789701076974318800,5.47231884765625,3.031837884914875,1.8257780878335237,-1.9717355417758224
1789701076984339700,5.482339599609375,3.2322803777605293,1.585780998712778,-2.4338170467078686
1789701076994361600,5.492361572265625,3.408999465191364,1.5795079097926616,-2.7275702759355305
1789701077004382700,5.5023828125,3.564197625687718,1.7907897765606642,-2.936435144689679
1789701077014403600,5.512403564453125,3.681031276476383,2.111748408100009,-3.1604087352484465
1789701077024424400,5.522424560546875,3.82257208302021,2.4492034164100884,-3.4092058014184237
1789701077034445800,5.53244580078125,3.7826457308232784,2.7217887699246406,-3.755191906708479
1789701077044466700,5.542466796875,3.460323409715295,2.9752479826867577,-4.090819115069508
1789701077054488600,5.552488525390625,2.8421564400583503,3.2065392027825115,-4.278313863536715
1789701077064509700,5.562509765625,1.7950109013870357,3.3971915384978053,-4.324040426445007
1789701077074530600,5.572530517578125,0.3930366102784872,3.527257595825195,-4.252498454278707
1789701077084551700,5.5825517578125,-0.9584121932074428,3.509422663927078,-4.026148782238364
1789701077094572500,5.592572509765625,-2.136447965070605,3.2754473193138836,-3.5001416253626343
1789701077104593700,5.60259375,-3.1609920880943534,2.7905770594686268,-2.481474285417795
1789701077114614800,5.61261474609375,-3.857494343319535,1.9472218627661466,-0.36032150463461876
1789701077124636700,5.62263671875,-4.444237416186929,0.7794751374661922,3.239845844578743
1789701077134657500,5.632657470703125,-4.7765685056120155,-1.5801526374369859,6.157044958400726
1789701077144678700,5.6426787109375,-5.439306438401341,-4.607372214901447,6.97124303420186
1789701077154699500,5.652699462890625,-6.235658476388454,-6.445104359900951,6.705248164993524
1789701077164720600,5.662720703125,-6.096257604482769,-6.59801762433052,5.614270206597447
1789701077174741800,5.67274169921875,-5.082155380496382,-4.577133143982291,3.9169992562115192
1789701077184763600,5.682763671875,-3.467312537950277,-1.6912503749221561,2.232193819645047
1789701077194784800,5.69278466796875,-1.8547028612837195,0.26680969272255894,0.5408429069578647
1789701077204805600,5.7028056640625,-0.784820590147376,1.5459972698569298,-0.9830424843341111
1789701077214826500,5.712826416015625,-1.275761109817028,2.405817279148102,-2.284225620177388
1789701077224847600,5.72284765625,-2.7934219275057313,2.344579258853197,-3.099028091612458
1789701077234868700,5.73286865234375,-4.320075614467263,0.22280805391073225,-1.9466461087048053
1789701077244890600,5.742890625,-2.455416299575567,-3.447003324893117,1.168607141521573
1789701077254911700,5.752911865234375,3.0986314935103056,-6.889876418113708,2.671297184571624
1789701077264932600,5.7629326171875,6.949034709525108,-8.851011070898174,2.2716396948486564
1789701077274953700,5.77295361328125,6.663962214881181,-9.787406370347737,1.7054577639728783
1789701077284974600,5.782974609375,4.196201689778268,-9.322233913663029,1.3343547530829907
1789701077294995500,5.792995361328125,1.101634669227898,-7.313995564398169,1.5159136817604302
1789701077305016800,5.803016845703125,-1.9580688354730604,-4.303209235340357,1.0731734216362236
1789701077315038700,5.813038818359375,-1.6800892216995358,-1.8273972134679555,-1.4805278956025838
1789701077325059600,5.8230595703125,2.334237897580862,-0.5895873563826084,-4.492953224039078
1789701077335080700,5.833080810546875,5.12761072524786,0.18026479721367358,-5.934236319968104
1789701077345101600,5.8431015625,6.021834523922204,0.5896499002248048,-6.638131608054041
1789701077355122700,5.853122802734375,6.384558413523435,0.4372071759164333,-6.472308593168854
1789701077365143600,5.8631435546875,6.256264042043686,-0.13328794198334215,-4.9596273174583905
1789701077375165700,5.873165771484375,6.080783556497097,-0.7094657816946506,-2.6635429171830416
1789701077385186600,5.8831865234375,6.03327595539093,-1.0940583887547255,-0.4784995557695627
1789701077395207700,5.893207763671875,5.8333355668485165,-1.1219441745460033,1.5855881064891815
1789701077405228500,5.903228515625,5.144958165889978,-0.7251987728774547,3.6680402774780987
1789701077415249700,5.913249755859375,4.15930842166692,0.01976736126542091,5.592055452179909
1789701077425270500,5.9232705078125,2.9463436675027013,0.9714595985680818,7.146007480433583
1789701077435292700,5.933292724609375,1.581724416798353,2.174640040820837,7.9477447185903785
1789701077445313800,5.943313720703125,-0.12820552415251732,3.2947838879466054,7.099153959321975
1789701077455334700,5.953334716796875,-1.8531100391343236,3.8417654437899587,5.021799988254904
1789701077465355500,5.96335546875,-2.4824282251417635,3.593450023657083,2.536486563065648
1789701077475376600,5.973376708984375,-2.0460216980837282,2.923679123491049,0.20543781691491603
1789701077485397500,5.9833974609375,-1.3832650605939327,2.212286757647991,-1.2936059785872698
1789701077495419600,5.993419677734375,-0.8869242893159389,1.7724048095643519,-1.9543506917327642
1789701077505440800,6.003440673828125,-0.4952244805991649,1.4362924480348824,-2.1026666914999486
1789701077515461600,6.013461669921875,-0.24454043163880704,1.0227660074353218,-1.9456740488022564
1789701077525482800,6.023482666015625,0.042145270355418325,0.4692231933802366,-1.7304969281613827
1789701077535503600,6.033503662109375,0.5491420218128711,-0.2862380312919616,-1.625990259504318
1789701077545524500,6.0435244140625,1.0719909338533877,-0.9325023836642503,-1.5737211430847644
1789701077555547000,6.053546875,1.5393582702338695,-1.2040490417808294,-1.5677484984159469
1789701077565567700,6.063567626953125,1.9390788883209227,-1.1854109768062828,-1.9208862290263176
1789701077575588600,6.073588623046875,2.1383996836602686,-0.9691296943157911,-2.26555306841135
1789701077585609700,6.083609619140625,2.0017701761640607,-0.5743833575099706,-2.4975924765259028
1789701077595630600,6.093630615234375,1.4212733042098582,-0.03650806818604469,-2.549585114091635
1789701077605651700,6.103651611328125,0.35454299429841335,0.6643699179053306,-2.2861884446829555
1789701077615672600,6.113672607421875,-0.9809832137167454,1.4511188457667827,-1.6509668798506258
1789701077625694700,6.12369482421875,-2.1500269930899143,1.912431119892001,-0.6732844612449407
1789701077635715800,6.1337158203125,-3.1197225045949217,2.07828803704679,0.3956505921691656
1789701077645736700,6.14373681640625,-3.887047185540199,2.142263373351097,1.0919091017663478
1789701077655757600,6.153757568359375,-4.304724316078424,2.1807325124770403,1.207837328147888
1789701077665778700,6.16377880859375,-4.013495636892318,2.06417007984519,1.1068763692736625
1789701077675799600,6.173799560546875,-3.034953971108794,1.6784055063962935,1.2149644035488367
1789701077685821400,6.183821533203125,-1.7892723577350378,1.154089955869317,1.4480723176777361
1789701077695842800,6.1938427734375,-0.6177081199735402,0.6205103179126977,1.7741344098359346
1789701077705863700,6.20386376953125,0.06385843192636967,0.11318623419702052,2.2392501678973433
1789701077715884800,6.213884765625,0.15608904492147266,-0.2121095497637987,2.5244939274549485
1789701077725905700,6.22390576171875,-0.3312071268964559,-0.2537719319730997,2.3989766194730997
1789701077735926500,6.233926513671875,-1.1938836946625262,0.04651859006881714,2.1236270619422197
1789701077745948700,6.24394873046875,-1.7800953640669583,0.5390227057933807,2.0588573603898284
1789701077755969300,6.25396923828125,-1.8984312361121176,1.1998743864446877,2.351533315774798
1789701077765990100,6.263990234375,-1.7877233747273682,1.8714210641115903,2.9258067831695076
1789701077776011500,6.274011474609375,-1.6218588587880134,2.233354095596075,3.5148861900299786
1789701077786032400,6.284032470703125,-1.3490852892249823,2.2246429658740756,3.9658039113909003
1789701077796053500,6.294053466796875,-0.8871330366957932,1.9995517694622278,4.10510073840022
1789701077806075400,6.304075439453125,-0.44227856089659034,1.60026837374866,3.8208682017117734
1789701077816096300,6.31409619140625,-0.3845867618411779,1.1086381182491778,3.4591017589658497
1789701077826117400,6.324117431640625,-0.9146206169497221,0.5224485876113176,3.4705607260912656
1789701077836138200,6.33413818359375,-1.585350206080079,-0.022447394129633903,3.82288889388442
1789701077846159400,6.344159423828125,-1.9756167671233416,-0.26715397611558434,4.184820756325125
1789701077856180500,6.354180419921875,-2.021615717232227,-0.2873018611311912,4.263890201386809
1789701077866201300,6.364201416015625,-1.9533236867725847,-0.25961130565106866,4.135485355269909
1789701077876223200,6.37422314453125,-1.903147158718109,-0.2607289115041494,3.9190836612701414
1789701077886244400,6.384244384765625,-1.7592121505141258,-0.3298065393835306,3.6737317671179768
1789701077896265200,6.39426513671875,-1.9526450568586586,-0.5951783082574605,3.5172102490633725
1789701077906286600,6.40428662109375,-2.4549644641548394,-1.1677367884278296,3.233941004449129
1789701077916307500,6.414307373046875,-2.445163785630464,-2.1560762101262805,2.430470074367523
1789701077926328300,6.424328369140625,-1.5912532926440237,-3.412050084933638,1.3236363751918077
1789701077936350500,6.4343505859375,-0.0022142419833689926,-4.632520100161433,0.4615338079214096
1789701077946371300,6.444371337890625,1.7160358566105365,-5.7834249962538475,-0.14689210444390774
1789701077956392200,6.45439208984375,2.918087587094307,-6.6911822302401065,-0.7080880636006593
1789701077966413300,6.464413330078125,3.3894156437993046,-7.2371683453053235,-1.3937117819368838
1789701077976434400,6.474434326171875,2.9588404532432553,-7.481814137014746,-2.192745606353879
1789701077986455600,6.48445556640625,1.7169452265404164,-7.2290171875536435,-2.872517676052451
1789701077996477400,6.4944775390625,0.42860885891914363,-6.223159644821286,-3.1628812628418204
1789701078006498300,6.504498291015625,-0.4165703383401036,-4.964657712841034,-3.133288673132658
1789701078016519400,6.51451953125,-0.712117172986269,-3.79827116997838,-2.9772213285863396
1789701078026540300,6.524540283203125,-0.30872575743198394,-2.7477760286182162,-2.8597271680623293
1789701078036561200,6.53456103515625,0.5297402059242129,-1.78503457403481,-2.790783980217576
1789701078046582500,6.54458251953125,1.4448305592775343,-0.8780693672090768,-2.605252640777826
1789701078056604400,6.5546044921875,2.2421014656752347,0.01003039562702179,-2.242050612270832
1789701078066625300,6.564625244140625,3.032045974707603,0.8114923239737749,-1.813002192890644
1789701078076646400,6.574646484375,3.745645202945173,1.5024801996916533,-1.40160808814466
1789701078086667300,6.584667236328125,4.13579018343538,2.0110019687592984,-1.1108879430025815
1789701078096688400,6.5946884765625,4.048533340264856,2.4664865596443413,-0.6864402954161166
1789701078106709200,6.604709228515625,3.4925247206181287,2.941742603448033,-0.2517266898810863
1789701078116730400,6.61473046875,2.792915147027373,3.278534763935208,0.046724341773986815
1789701078126752300,6.624752197265625,2.3128438118964434,3.39136385525763,0.1104816514134407
1789701078136773400,6.6347734375,2.1180150672793387,3.3729216051161286,-0.022121815437078474
1789701078146794200,6.644794189453125,2.2043235236838457,3.186487179356813,-0.48495501551926135
1789701078156815400,6.6548154296875,2.493007779084146,2.9036580797255036,-1.2459914099752902
1789701078166836200,6.664836181640625,2.8234242670595644,2.6643524800002574,-1.950536686402559
1789701078176857300,6.674857421875,3.046918549668789,2.533133160984516,-2.4525737696260212
1789701078186879500,6.68487939453125,3.2043069136857985,2.457682490941882,-2.8207851507276294
1789701078196900400,6.694900390625,3.3795296250790354,2.443920507571101,-3.0682711342990396
1789701078206921200,6.704921142578125,3.5381668201133607,2.468999419248104,-3.255605139246583
1789701078216942300,6.7149423828125,3.5349361676290627,2.624913619059324,-3.439546579146385
1789701078226963200,6.724963134765625,3.3704534614369273,2.8840935475558043,-3.509067859140038
1789701078236984300,6.734984375,2.970257334792614,3.1620687774151564,-3.54748380677402
1789701078247006500,6.74500634765625,2.261231698080897,3.381597079002857,-3.596134148174524
1789701078257027300,6.75502734375,1.184873801189661,3.480522148135304,-3.6572289606064556
1789701078267048400,6.76504833984375,-0.24584347706139087,3.4112603958606718,-3.6513995238006114
1789701078277069300,6.7750693359375,-2.162428209501505,3.199462980785966,-3.4139819297790526
1789701078287090200,6.785090087890625,-3.9832179875284432,2.642163444545865,-2.7097856129199265
1789701078297111300,6.795111328125,-5.02182746078372,1.7453513829439877,-0.9756669871300458
1789701078307133400,6.805133544921875,-5.291362779077887,0.5331763178527354,1.825749446260929
1789701078317154300,6.815154296875,-5.417576252630353,-1.3261129944384098,4.379613260585069
1789701078327175400,6.825175537109375,-6.112226157987117,-3.4374715264379976,6.228581085348129
1789701078337196300,6.8351962890625,-6.406850909352302,-4.927947984603047,7.547651760059595
1789701078347217400,6.845217529296875,-5.281072271209955,-5.492649321532249,7.849182053029537
1789701078357238300,6.85523828125,-4.201952216129005,-4.944401691275835,6.574331043794751
1789701078367260400,6.865260498046875,-3.197131907489896,-3.0100030697256326,4.256978230041265
1789701078377281500,6.875281494140625,-1.676681166821718,-1.2059206808716059,1.9102303949773312
1789701078387302400,6.885302490234375,-0.3630652503848076,0.13952595959007738,-0.12051964582502842
1789701078397323300,6.8953232421875,0.14775018257796763,1.3146639641851185,-1.8897306277841328
1789701078407344400,6.905344482421875,-0.3976169238060713,2.251601699948311,-3.4433839653521776
1789701078417365200,6.915365234375,-1.6167226649433373,2.41596574819684,-4.414558317238092
1789701078427387400,6.925387451171875,-1.4575772281259298,0.3775672384679317,-3.9152959594249723
1789701078437408500,6.935408447265625,1.6864888596087693,-3.0814135244667527,-1.8946137236505747
1789701078447429400,6.945429443359375,5.866218430274724,-5.987797229763865,-0.23534254131317137
1789701078457450500,6.955450439453125,8.036589123213291,-7.674753706884384,-0.21654256377518175
1789701078467471400,6.965471435546875,6.476001017946005,-8.841623649349808,-0.22730010463297365
1789701078477492200,6.9754921875,2.4926228714197873,-9.158151020443439,0.24456746577620506
1789701078487513300,6.985513427734375,-2.468906188006699,-8.227168978214264,0.7742039190649986
1789701078497535500,6.995535400390625,-4.144865470294654,-6.3405205343544475,-0.13254910631477831
1789701078507556400,7.005556396484375,-1.359680625258386,-4.442551070535183,-2.331998009699583
1789701078517577500,7.015577392578125,3.7199431909337637,-2.81942321472466,-4.436641554230452
1789701078527598300,7.025598388671875,6.867485722607374,-1.5352029041200876,-5.540433401492238
1789701078537619500,7.035619384765625,7.716455836582184,-0.535663458493352,-5.505135878139734
1789701078547640300,7.045640380859375,7.816707185882329,-0.08303308799564837,-4.135936606168746
1789701078557662200,7.055662109375,7.406486216568946,-0.10663783546686172,-2.1206167742103337
1789701078567683600,7.06568359375,6.610600627049803,-0.20244389579594135,-0.3805576524555683
1789701078577704400,7.075704345703125,5.483737700802087,-0.1885030487269163,1.1364350567132233
1789701078587725300,7.085725341796875,4.405075034099817,-0.03890577697753906,2.3742507590174675
1789701078597746400,7.095746337890625,3.5623712870433923,0.5198579865962266,3.642181029078364
1789701078607767300,7.105767333984375,2.6960592853844165,1.3312287300169467,5.167551690492034
1789701078617789200,7.1157890625,1.804275573338568,2.3259897091954946,6.712812462767959
1789701078627810600,7.125810546875,0.8239211590446531,3.3387755898863074,7.337587452387809
1789701078637831400,7.13583154296875,-0.6847849294245243,3.9825913800626993,6.418972724300622
1789701078647852500,7.1458525390625,-1.965613844025135,4.072246516546607,4.572627649256587
1789701078657873400,7.155873291015625,-2.1192587837301193,3.825783446282148,2.5863690766096115
1789701078667894300,7.165894287109375,-1.5253342749260366,3.480671785739064,0.9067612086862326
1789701078677916400,7.17591650390625,-0.8251660445392132,3.068360566148162,-0.3931219504743814
1789701078687937300,7.185937255859375,-0.5271626105211675,2.6688363474160433,-1.251668871089816
1789701078697958400,7.19595849609375,-0.6409867042303085,2.0768921987742184,-1.8675047674506902
1789701078707979500,7.2059794921875,-0.7121217760961502,1.15559509973526,-2.3610312119603156
1789701078718000400,7.21600048828125,-0.7627765161216259,0.09800853880941868,-2.7302538159310816
1789701078728021500,7.226021484375,-0.5817302131414414,-0.8849959516018628,-2.944055556565523
1789701078738043400,7.23604345703125,0.12632109864540397,-1.6244231563180684,-3.1535914564490315
1789701078748064300,7.246064208984375,1.1174889487028121,-1.9397861598074435,-3.354218658211827
1789701078758086000,7.2560859375,2.0530665020287038,-1.9251351186424492,-3.3297429731249806
1789701078768107000,7.26610693359375,2.6119886710345743,-1.652455072581768,-3.3096360046416518
1789701078778128000,7.2761279296875,2.639507961601019,-1.1501204677164554,-3.124050889188051
1789701078788149000,7.28614892578125,1.991255650281906,-0.5032593184947968,-2.899799066209793
1789701078798171100,7.296171142578125,0.6890238821685314,0.3692033147484064,-2.610357270440459
1789701078808192000,7.30619189453125,-0.8141261796087026,1.2662258042305707,-1.8075351596564053
1789701078818212900,7.316212890625,-2.4466648378431795,1.8254028247803449,-0.3472445809185505
1789701078828234000,7.32623388671875,-4.310952981334925,2.2072522706121207,1.1713666693627833
1789701078838254800,7.3362548828125,-5.7323570723176,2.603147192931175,2.263928682079911
1789701078848276000,7.34627587890625,-5.9142848343074315,2.8781027827084062,2.7735458451688286
1789701078858298000,7.356298095703125,-4.743395134806633,2.8827421329468486,3.003814151957631
1789701078868319000,7.366319091796875,-2.9776188034713265,2.751027139368653,3.3169664936602112
1789701078878340000,7.376340087890625,-1.2636837185323238,2.573338914644718,3.814139770239591
1789701078888361000,7.38636083984375,-0.16826456281840801,2.4111855281829833,4.3838416919350625
1789701078898381800,7.3963818359375,-0.018033596275374292,2.242432889586687,4.776348140859604
1789701078908403000,7.40640283203125,-0.7671060697585343,2.136246305018663,4.744629060515761
1789701078918425000,7.416425048828125,-1.7828502157330512,1.9413135155051946,4.406345784687995
1789701078928446000,7.426446044921875,-2.425266660505533,1.7179665324121713,4.126874178791046
1789701078938467000,7.436467041015625,-2.451878773099184,1.5234177737802266,4.090665970334411
1789701078948488000,7.446488037109375,-2.0562515618056056,1.3198270460367203,4.084826596656441
1789701078958509000,7.456509033203125,-1.6312176387637853,1.121262037500739,3.8722739793002603
1789701078968530000,7.466530029296875,-1.26010995169878,0.8687561799407005,3.357418915557861
1789701078978552000,7.476552001953125,-1.0542033482283353,0.5449655398458242,2.9179478863626716
1789701078988573200,7.4865732421875,-1.2274608970284462,-0.08057108179628848,3.1255922734111548
1789701078998594000,7.496593994140625,-1.585253175446391,-0.877742619472742,3.9679689804702996
1789701079008615000,7.506614990234375,-1.4478519529253244,-1.2800018161267042,4.6952819690227505
1789701079018636000,7.516635986328125,-1.0990677413493395,-1.3591618620812893,4.95175789925754
1789701079028657000,7.526656982421875,-0.9793325239002704,-1.4616355636060236,4.926866619107127
1789701079038678800,7.5366787109375,-1.0585182157527655,-1.5705015965163707,4.643403313225507
1789701079048700200,7.5467001953125,-1.179976019210741,-1.659723017758131,4.198603197962045
1789701079058721000,7.556720947265625,-1.5365584103822707,-1.7759020040303468,3.6306045730531213
1789701079068742100,7.5667421875,-2.123624139332771,-2.2855916478335856,2.881533341678977
1789701079078763000,7.576762939453125,-2.2370850988179445,-3.4304198543608186,1.5009662879973649
1789701079088784000,7.586783935546875,-1.436705705010891,-4.552715326562524,-0.15092179835140704
1789701079098806000,7.596805908203125,0.18387542545888572,-5.3546232451111075,-1.393814073267579
1789701079108827000,7.606826904296875,1.9636101029872892,-6.031645723840594,-2.1838912687689063
1789701079118848000,7.616847900390625,3.2211832296848297,-6.6750581939131015,-2.6379519643306732
1789701079128869000,7.626869140625,3.6485236761033533,-7.127150219750404,-3.0810324161946774
1789701079138890000,7.636889892578125,3.3690392107248304,-7.473319864913821,-3.7319437175899743
1789701079148911000,7.6469111328125,2.361266335890442,-7.679011948850751,-4.5168344503641125
1789701079158933000,7.65693310546875,0.975041110316664,-7.375872467118501,-4.765422842219472
1789701079168953900,7.666953857421875,-0.07750058830976486,-6.389218222028017,-4.26470970107615
1789701079178975000,7.67697509765625,-0.3917404329881072,-5.115881124487519,-3.531274430251121
1789701079188996000,7.68699609375,0.07542085942625999,-3.7534734123528,-2.8924364284873008
1789701079199017000,7.697016845703125,0.9578735562860965,-2.525768185174465,-2.309683302038908
1789701079209038000,7.7070380859375,2.037294640140235,-1.4483511346191167,-1.7295044099926948
1789701079219060000,7.71706005859375,3.135892133629322,-0.29778935287594793,-1.0813158115595578
1789701079229080800,7.727080810546875,4.013160121327639,0.9221458248227834,-0.41200843725204467
1789701079239102000,7.73710205078125,4.397380972465872,1.95262401407063,0.07071604273617267
1789701079249123000,7.747123046875,4.228535979411006,2.7928233770906923,0.27260347369313237
1789701079259144200,7.757144287109375,3.8283594342499967,3.4575872627496715,0.37793724082410335
1789701079269165000,7.7671650390625,3.3949358685255047,3.9138329011350868,0.42104982184171674
1789701079279187000,7.77718701171875,2.931142298978567,4.278084146434068,0.6945826853394508
1789701079289207800,7.787207763671875,2.7095880445212126,4.4222558860033745,0.8106693171530962
1789701079299229000,7.79722900390625,2.7335890978336335,4.269125763952732,0.6388841789931059
1789701079309249800,7.807249755859375,2.9793133324295282,3.9179274769723413,0.17044249137938022
1789701079319271200,7.817271240234375,3.2485575588226316,3.449554178419709,-0.595759323015809
1789701079329292000,7.8272919921875,3.416412956318259,2.9696441713303328,-1.5615595806479454
1789701079339313200,7.837313232421875,3.655963470715284,2.6379922963410616,-2.3961107086479663
1789701079349335000,7.8473349609375,3.8302006782025098,2.469243164876103,-3.0639672996252774
1789701079359356000,7.85735595703125,3.8756490086913105,2.3986983870536087,-3.6059172910422084
1789701079369377000,7.867376953125,3.83780939964056,2.4388579634845255,-4.000211792427301
1789701079379398000,7.87739794921875,3.733932261058688,2.5882769560575483,-4.2544922584444285
1789701079389419000,7.8874189453125,3.4924592541664836,2.804507969665527,-4.397075852039456
1789701079399441000,7.89744091796875,3.0180314778804775,3.0156694249242544,-4.505680603665113
1789701079409462000,7.9074619140625,2.2345091108500954,3.252610049083829,-4.489057385644316
1789701079419483000,7.91748291015625,1.064580949857831,3.4898353354036806,-4.411365074154735
1789701079429504000,7.92750390625,-0.4691957208514213,3.6432641481399535,-4.237635816189647
1789701079439524900,7.93752490234375,-2.1912132822200654,3.615619769889116,-3.8088527697473764
1789701079449546000,7.9475458984375,-3.458446509927511,3.2805005110502243,-2.7676012575507163
1789701079459568000,7.957568115234375,-4.062681984865665,2.587361594778299,-0.7159171497911214
1789701079469589000,7.967589111328125,-4.677848603662849,1.5180834270149468,2.3116607395917175
1789701079479609900,7.97760986328125,-6.010885844406485,-0.7086527117460966,5.570832046887278
1789701079489631000,7.987630859375,-7.3132479609012595,-3.928099326896667,8.017941705888509
1789701079499651800,7.99765185546875,-6.972015187618136,-6.6922519052982326,8.655001592063904
1789701079509673000,8.0076728515625,-5.919476557731628,-8.444438687220215,7.1770830021768806
1789701079519694000,8.017694091796875,-5.062933962675928,-8.482638946276902,4.484980345463753
1789701079529716000,8.027716064453125,-3.9343522498115897,-5.711500162249803,2.013500799837708
1789701079539737000,8.037737060546876,-2.317984097394347,-2.5743244185507295,-0.17080606399476528
1789701079549758000,8.047758056640625,-0.6289423384323716,-0.3022211978435516,-2.0389766018778084
1789701079559778800,8.05777880859375,0.02788286318182945,1.4955711509555578,-3.5397400607794522
1789701079569800000,8.067800048828126,-0.6716667969152331,2.5557488974183795,-4.442099819636344
1789701079579820800,8.07782080078125,-2.10220638051182,1.830497517570853,-3.823833481258154
1789701079589843000,8.087843017578125,0.24490181229710578,-1.0746633679330349,-2.0018962867617605
1789701079599864000,8.097864013671876,5.518847592628002,-4.696597143274546,-0.44661973190605636
1789701079609885000,8.107885009765624,8.958442102569341,-6.812910667333006,0.17707856839299202
1789701079619906000,8.117906005859375,8.325534659898281,-7.38779262201488,0.1656073263078928
1789701079629927000,8.127927001953125,3.560411969669163,-7.442593302738666,0.824927559608221
1789701079639949000,8.137948974609374,-3.531330836613476,-6.953249112349749,2.564127434185147
1789701079649970200,8.14797021484375,-4.983379948967695,-5.632750450661778,3.0239731428891417
1789701079659991000,8.157990966796875,-1.2848287978917359,-4.1271892360895865,1.3585446069657803
1789701079670012000,8.168011962890626,3.3703426945388317,-2.1221780321776866,-1.4329595042198895
1789701079680033000,8.178032958984375,6.533927137213945,-0.39635084939301013,-3.2210674943506716
1789701079690054000,8.188053955078125,7.671876690143346,0.5850625724345445,-4.317603671395778
1789701079700076000,8.198075927734376,7.623277202147245,0.795423232704401,-4.48526442310214
1789701079710097200,8.20809716796875,6.792523128342628,0.6452917079478502,-3.4570524252206085
1789701079720118000,8.218117919921875,5.6873909723877905,0.21444646827876568,-1.7960013737291096
1789701079730139100,8.22813916015625,5.05472610630095,0.05302373417913914,0.09252864609360695
1789701079740160000,8.238159912109374,4.430713625486195,0.25099779108464715,1.7516349932581186
1789701079750180900,8.248180908203125,4.092563912910223,0.690022245556116,3.2613685250788924
1789701079760202500,8.258202392578125,3.978986049047112,1.2780705558031797,4.777853284725547
1789701079770223400,8.268223388671874,3.5048490724012256,1.855076663032174,6.259110663646459
1789701079780244200,8.278244140625,2.589566411346197,2.493440033021569,7.301550508844852
1789701079790265300,8.288265380859375,0.644387452584505,3.0924697560101744,7.0925798416286705
1789701079800286200,8.2982861328125,-1.7015500890098512,3.229664642304182,4.999672327598929
1789701079810307300,8.308307373046874,-3.0505107289418576,2.880615642312169,2.380090717217326
1789701079820329500,8.31832958984375,-3.157095080655813,2.3365584494829177,0.1528846228569746
1789701079830350300,8.328350341796876,-2.422361586713791,1.8393746515095233,-1.4195038103193043
1789701079840371500,8.338371337890624,-1.3423556887090204,1.3424486276894807,-2.5127497136473655
1789701079850392300,8.348392333984375,-0.47447030025348064,0.8126134369581938,-3.2259166879475116
1789701079860413400,8.358413330078125,-0.04328618401885032,0.228327109593153,-3.5587551423728465
1789701079870434300,8.368434326171876,0.20102876830101013,-0.3890530936002731,-3.76628671669662
1789701079880456400,8.37845654296875,0.6877776084344833,-0.9975631771177053,-3.87760891058743
1789701079890477300,8.388477294921875,1.3205074295163153,-1.4364678046017885,-3.7751831398576496
1789701079900498400,8.39849853515625,1.994704329431057,-1.6691630462765692,-3.5778356904178854
1789701079910519300,8.408519287109375,2.542612936991453,-1.6901456285506486,-3.180647805678844
1789701079920540400,8.41854052734375,2.7275673533260822,-1.5564941139519213,-2.8477438848018646
1789701079930561300,8.428561279296876,2.347167521780729,-1.2667927904635667,-2.5724779139012095
1789701079940583400,8.43858349609375,1.295030458432436,-0.6557265927225351,-2.1821581613659857
1789701079950604500,8.4486044921875,-0.1340226859986782,0.1797457417756319,-1.4278583816885948
1789701079960625400,8.45862548828125,-1.5837193900078534,0.8382745324373245,-0.24020751700103282
1789701079970646300,8.468646240234374,-3.029538375800848,1.3278016781777142,0.9356792601346969
1789701079980667400,8.47866748046875,-4.345228760424256,1.816194851452112,1.8407699052602051
1789701079990688300,8.488688232421875,-5.13699171705544,2.238103920471668,2.2797119421452283
1789701080000710100,8.498710205078124,-4.877037297055125,2.424735914629698,2.2885575119018555
1789701080010731500,8.5087314453125,-3.7656490033149717,2.4194021523863074,2.130994960361719
1789701080020752400,8.51875244140625,-2.2843910398721694,2.2672587032854556,2.059889626047015
1789701080030773500,8.5287734375,-0.8308270659755915,1.9805682520508765,2.101725026735663
1789701080040794400,8.53879443359375,0.2385877337794751,1.583196242916584,2.187417104807496
1789701080050815200,8.548815185546875,0.6514712733656167,1.1340426086187363,2.1245207959115504
1789701080060837400,8.55883740234375,0.23252573032677173,0.7192758125692605,1.8739830235540866
1789701080070858500,8.5688583984375,-0.6323335152406245,0.4776619359016418,1.4665905556648968
1789701080080879400,8.57887939453125,-1.3019020977675915,0.3597697159707546,1.2380237920969723
1789701080090900500,8.588900390625,-1.4976432810544966,0.4287549893915653,1.582330565997958
1789701080100921300,8.59892138671875,-1.1509276193808764,0.8700561566233634,2.4558324791610238
1789701080110942500,8.6089423828125,-0.6404845268618315,1.5313631798267364,3.6225030996620653
1789701080120964400,8.61896435546875,-0.3790297122359276,2.192140626198053,4.5807425666511055
1789701080130985200,8.628985107421874,-0.5756885948896407,2.673170577228069,5.074739551281929
1789701080141006600,8.639006591796875,-1.399479843944311,2.819620198601484,5.232970211341977
1789701080151027500,8.64902734375,-2.533488550293445,2.2715280511677265,5.263647673678398
1789701080161048300,8.65904833984375,-3.363224971488118,1.118378591018915,5.432374593311548
1789701080171069400,8.6690693359375,-3.430198905086517,-0.0739431880891323,5.518567022120952
1789701080181091300,8.67909130859375,-2.7894191216051576,-0.8714473187208175,5.2128872082561255
1789701080191112200,8.6891123046875,-2.0707336761444806,-1.2701111212313174,4.526716377431154
1789701080201133300,8.69913330078125,-1.7694833691596983,-1.3803157092690468,3.703535953751206
1789701080211154400,8.709154541015625,-1.9786030894577502,-1.2602028906792402,2.8203187022596596
1789701080221175600,8.719175537109376,-2.4956273139327765,-1.119197506186366,1.8462129730969665
1789701080231196400,8.729196533203124,-3.0223569398641583,-1.2293734526515006,0.8986503829449415
1789701080241218300,8.73921826171875,-3.1269664843738076,-1.7502309716790914,0.20508418117165564
1789701080251239400,8.749239501953125,-2.3713842636704445,-2.579572256076336,-0.008421206864714622
1789701080261260300,8.75926025390625,-0.44482926829271013,-3.409959834656119,0.0424637617200613
1789701080271281200,8.76928125,2.017649005558342,-4.161412992730736,-0.05409983897805214
1789701080281302500,8.779302490234375,3.650942719943821,-4.950795191705226,-0.27324001803100106
1789701080291323400,8.789323486328126,4.321945792253315,-5.578688021084666,-0.4911076929301023
1789701080301345300,8.79934521484375,4.318659025667608,-6.246435306468606,-0.9690542909920214
1789701080311366400,8.809366455078125,3.4501688031867146,-6.853717894017696,-1.5268863266736268
1789701080321387300,8.81938720703125,1.8310463836252688,-7.065933242243528,-1.7567577430993317
1789701080331408400,8.829408447265624,0.12138210787326097,-6.445421170765161,-1.441114169102907
1789701080341429500,8.839429443359375,-0.9467351994171738,-5.341616464021802,-1.1703478477090596
1789701080351450400,8.849450439453125,-0.9173159204483031,-4.18138026048243,-1.0961141522407531
1789701080361472300,8.85947216796875,0.050902211980521674,-3.057813453170657,-1.172083293199539
1789701080371493400,8.869493408203125,1.4437047701179981,-1.8747966780245302,-1.3442945478171109
1789701080381514200,8.87951416015625,2.6478058343470097,-0.5251379728257656,-1.544974356549978
1789701080391535400,8.889535400390624,3.251755478081107,0.829739343804121,-1.5552029050976037
1789701080401556200,8.89955615234375,3.485725269736349,1.9507465297609567,-1.497476692315936
1789701080411577300,8.909577392578125,3.278249517253041,2.6850410477638245,-1.5236697027146815
1789701080421599500,8.919599609375,3.038940994918346,3.2061645242512222,-1.6128431931614875
1789701080431620400,8.929620361328125,2.8503058442443607,3.6146453718990084,-1.4442115505963562
1789701080441641200,8.93964111328125,3.491537463146448,3.3773926130503416,-1.2934241922795773
1789701080451662300,8.949662353515626,3.4927240425825117,3.3710680862039326,-1.2706833681613205
1789701080461683200,8.95968310546875,2.205505719205737,4.871034841769934,-0.9678519294649361
1789701080471704300,8.969704345703125,2.9249826073050498,4.83732195726037,-1.0306120447605849
1789701080481726500,8.9797265625,3.396728597161174,4.419295282632112,-1.1447346830248832
1789701080491747300,8.989747314453124,3.730004858481884,3.9615661276906726,-1.3648743945091961
1789701080501768400,8.9997685546875,3.802463360971212,3.345296516087651,-1.6340221747905015
1789701080511789300,9.009789306640625,3.697531160378456,2.7427099774003025,-2.1138310595929624
1789701080521810200,9.01981005859375,3.562158813336491,2.1969763757914302,-2.846863010314107
1789701080531831300,9.029831298828125,3.4310990687966343,1.8596259968996047,-3.5412013655036687
1789701080541853400,9.039853515625,3.1739947775304316,1.7755670729875563,-3.9565380703955886
1789701080551874300,9.049874267578126,2.7346239938393233,1.8383406322866678,-4.184895575127006
1789701080561895400,9.0598955078125,1.9188830725103616,1.9691788430303334,-4.301343441468477
1789701080571916300,9.069916259765625,0.7715583729922771,2.1257757644087074,-4.225382483816147
1789701080581937400,9.0799375,-0.43961189897060393,2.3069793037772177,-3.924336174970865
1789701080591958300,9.089958251953124,-1.434497381311655,2.4364129084199666,-3.5494185742288824
1789701080601980400,9.09998046875,-2.1913535674735902,2.3461580524772403,-3.0363030476301907
1789701080612001500,9.11000146484375,-2.1739076348930597,1.782307779419422,-1.8369161524415014
1789701080622022400,9.1200224609375,-2.030865776136517,0.5634972218364477,0.42869419911503787
1789701080632043300,9.130043212890625,-2.805297074216604,-1.4378285715609789,3.215005417832732
1789701080642064400,9.140064453125,-3.980342139831185,-3.7868636407792566,5.573580468812585
1789701080652086300,9.150086181640624,-5.645487767159938,-6.012849253433942,6.214933083745837
1789701080662107400,9.160107421875,-6.493728982338309,-7.655313677877187,5.093978504759073
1789701080672128500,9.17012841796875,-5.764454922845959,-7.713344426563381,2.842379142898321
1789701080682149400,9.1801494140625,-4.977862062329054,-5.480668376359343,0.8074035933554172
1789701080692170500,9.19017041015625,-3.9975095477312803,-2.7615502869486805,-0.6818827782422304
1789701080702191400,9.20019140625,-2.6207261042416095,-0.7320891169130802,-2.0444518184185028
1789701080712213200,9.210213134765626,-1.651185198776424,0.9640338324815034,-3.1014538574546573
1789701080722234400,9.220234375,-1.9181763855457306,2.374100536891818,-3.8563650470286603
1789701080732255500,9.23025537109375,-2.683133168315887,2.9468519092857837,-4.1041199106693265
1789701080742276400,9.2402763671875,-3.1830604197785255,1.582356869482994,-2.725252646642923
1789701080752297500,9.25029736328125,-0.29426965431720015,-1.651007796382904,0.5612655172616243
1789701080762319400,9.2603193359375,5.726467429757118,-4.498741159790754,3.209475840756297
1789701080772341200,9.27034130859375,9.51078197057545,-5.827915295365452,3.7425744171977042
1789701080782362000,9.280362060546874,8.957894990080595,-7.010382619935274,3.3000913467049595
1789701080792383200,9.29038330078125,4.737594339573383,-7.98175980091691,3.46033217754364
1789701080802404000,9.300404052734375,-0.816495831349492,-7.520961321532726,4.422521258941292
1789701080812425200,9.31042529296875,-3.238456143786013,-5.428682753056288,4.020626219424605
1789701080822446300,9.3204462890625,-0.7940928608834743,-3.448081183257699,0.5223083023577928
1789701080832468200,9.33046826171875,3.896359496025741,-1.6857114454954862,-2.6472949622154234
1789701080842489300,9.3404892578125,6.4531549798876044,-0.3414782724767923,-4.351002083128691
1789701080852510200,9.35051025390625,6.727661656853556,0.5474012425601482,-5.1661844937920565
1789701080862531000,9.360531005859375,6.722324387478828,0.7409937233805656,-4.905099023935199
1789701080872552200,9.37055224609375,6.269400586992502,0.5167261183112859,-3.5911481764554973
1789701080882573000,9.380572998046874,5.703693872413039,0.27967209690511224,-1.7534587015539407
1789701080892595200,9.39059521484375,5.1924499849051236,0.2069721868753433,0.04890110129117965
1789701080902616300,9.4006162109375,4.654176343913376,0.3955851257175207,1.6999848855197428
1789701080912637200,9.41063720703125,4.298780897504091,0.8059504719376563,3.2905928659975525
1789701080922658300,9.420658203125,3.9946217173352836,1.324014560854435,4.901147071439027
1789701080932679200,9.43067919921875,3.154851393382251,1.7503098821341991,6.416562740549445
1789701080942700000,9.440699951171876,1.524401524120569,2.2041730092972514,7.3289441272050135
1789701080952722400,9.450722412109375,-1.1893380871221422,2.7679250826776025,6.571901186299324
1789701080962743300,9.460743408203125,-3.2814895220875737,2.801115404617786,3.9890415791153906
1789701080972764200,9.47076416015625,-3.7487200803458687,2.4031261403679847,1.2261772869586944
1789701080982785300,9.480785400390625,-3.0686814686655994,2.1202982097804544,-0.6572773292958736
1789701080992806100,9.49080615234375,-1.901055593266338,1.9892589235067366,-1.7554542592853306
1789701081002827300,9.5008271484375,-0.8660393221974373,1.8281231896549461,-2.296929618927836
1789701081012849400,9.510849365234375,-0.14744915380477905,1.546399420917034,-2.4927695864140986
1789701081022870300,9.520870361328125,0.4051543335735798,1.0338836137771605,-2.7854361894488333
1789701081032891400,9.530891357421876,0.8173438264809548,0.41928631930053234,-3.008293343198299
1789701081042912300,9.540912353515624,1.2303589565575122,-0.20186521912515162,-3.0342800173699853
1789701081052933000,9.55093310546875,1.5980511360906064,-0.6860562645345926,-3.0999715099424123
1789701081062955300,9.560955322265626,1.958414872431755,-0.8558207105219363,-2.874833551779389
1789701081072976400,9.570976318359374,2.3073136502981186,-0.932775355386734,-2.6561756032854316
1789701081082997200,9.580997314453125,2.256978132289648,-0.9194044171601533,-2.471308280712366
1789701081093018400,9.591018310546875,1.7124001304566858,-0.7601631187528372,-2.3484587306350466
1789701081103039200,9.601039306640626,0.7409259188413619,-0.20605624107420442,-1.9312053784668444
1789701081113060400,9.611060302734375,-0.4685001398026943,0.4969640177428722,-1.0983230604618788
1789701081123082200,9.621082275390625,-1.7287772647619246,1.0549410148531198,-0.19217910689115522
1789701081133103000,9.63110302734375,-2.9319746581494806,1.4724626625686883,0.6184381878137588
1789701081143124200,9.641124267578125,-3.843430746653676,1.8199533272027968,1.1791694520682097
1789701081153145300,9.651145263671875,-4.1119086648494,2.0643530351966617,1.4577379716455936
1789701081163166200,9.661166259765626,-3.5763030740231274,2.115463629230857,1.581549060231447
1789701081173187300,9.671187255859374,-2.487140640616417,2.024019855764508,1.7796569726496934
1789701081183209200,9.681209228515625,-1.2647323508024215,1.8723259039968252,2.0723393577754496
1789701081193230000,9.69122998046875,-0.2944857447532937,1.6600877594172954,2.374473461857438
1789701081203251200,9.701251220703124,0.20630813347604124,1.3752899900615214,2.669894332036376
1789701081213272300,9.711272216796875,0.11594576203823088,1.0549433529406784,2.8643232636809346
1789701081223293200,9.721293212890625,-0.5056446792613715,0.8152642437279224,2.78635681142509
1789701081233314300,9.731314208984376,-1.3456219970285892,0.7414467278450727,2.409418518510461
1789701081243336200,9.741336181640625,-1.9453163214057683,0.6719219407200813,1.9619079752445219
1789701081253357000,9.751357177734375,-2.049718360644579,0.6053431439191103,1.8945377358049154
1789701081263378200,9.761378173828126,-1.6979904968321322,0.6580968289852142,2.202245256105065
1789701081273399300,9.7713994140625,-1.1766196945201606,0.787010209146142,2.672840906882286
1789701081283420400,9.78142041015625,-0.8035305513143539,0.8288707442760467,3.0330414154857395
1789701081293441300,9.791441162109376,-0.8183067532289773,0.6969558442115783,2.9670225906550884
1789701081303463200,9.801463134765624,-1.3223673781692982,0.5808557683944702,2.428904724746942
1789701081313484300,9.811484375,-2.125969387284666,0.5957353576183319,1.6656886481642723
1789701081323505200,9.821505126953125,-2.856549122548103,0.6745552118331194,1.119484506434202
1789701081333526000,9.831526123046874,-3.23804259454906,0.5849725560635328,1.1736042191565037
1789701081343547400,9.84154736328125,-3.240954682603478,0.17737842812240123,2.204023371693492
1789701081353568300,9.851568359375,-2.8277988288819786,-0.3747013276427984,3.7189854518175123
1789701081363590100,9.861590087890624,-1.9873703332811592,-0.7066460480988025,4.59705364998281
1789701081373611300,9.871611328125,-1.3097072185605763,-0.792722741574049,4.657088724228739
1789701081383632100,9.881632080078125,-1.2120588183004408,-0.7861229049175977,4.527839828503131
1789701081393653200,9.8916533203125,-1.4551087921857833,-0.7780944967627524,4.538595615795255
1789701081403674000,9.901674072265624,-1.754026856830716,-0.8424357437700033,4.617946800407767
1789701081413696300,9.9116962890625,-1.997908093908429,-1.0573790556550025,4.5516561728984115
1789701081423717400,9.92171728515625,-1.8315782985448836,-1.6499825449883936,3.953728273671865
1789701081433738200,9.93173828125,-0.9330594330251216,-2.694711377906799,2.74500831747055
1789701081443759000,9.941759033203125,0.6510626925647258,-3.709904904261231,1.4107488414555787
1789701081453780200,9.9517802734375,2.3604852685153483,-4.551314812114835,0.299318462139368
1789701081463801000,9.961801025390624,3.525592877483368,-5.29307425917089,-0.540812511819601
1789701081473823200,9.9718232421875,3.9484289982199665,-5.877001690095662,-1.2214882523596287
1789701081483844400,9.98184423828125,3.519372395533323,-6.316624110460281,-2.0041548793435098
1789701081493865200,9.991865234375,2.084287131331116,-6.5312336603462695,-2.724435485041141
1789701081503886300,10.00188623046875,0.43571766801103945,-6.2105865789741275,-2.9315123013347386
1789701081513907200,10.0119072265625,-0.7062991343572735,-5.562719467580318,-2.8633178860306736
1789701081523928000,10.021927978515626,-1.027934203853458,-4.839892100009322,-2.7428461710005996
1789701081533950200,10.0319501953125,-0.5354346181735397,-3.968931688022613,-2.6312135959863663
1789701081543971300,10.041971435546875,0.41805034776479005,-2.861781177982688,-2.5295026955276727
1789701081553992200,10.0519921875,1.4626874107465146,-1.5981623413801191,-2.2704408404529093
1789701081564013300,10.062013427734374,2.536281688143313,-0.34252222857177256,-1.909633598127961
1789701081574034200,10.0720341796875,3.281556157582998,0.6685439887195825,-1.5021072747260331
1789701081584055300,10.08205517578125,3.8360944124162195,1.3866478349000215,-1.2351532050967216
1789701081594077400,10.092077392578124,4.2463066139012575,2.0050094503462312,-1.1542121209442615
1789701081604098300,10.102098388671875,4.24436307861805,2.5630899078309533,-1.0098480736732482
1789701081614119200,10.112119140625,3.909995514929294,3.0481635812938213,-0.7179016016066074
1789701081624140300,10.122140380859374,3.348220879101753,3.4942221721857782,-0.4849988546609878
1789701081634161200,10.1321611328125,2.7371695866689083,3.8529707284152503,-0.35790684470832346
1789701081644182300,10.142182373046875,2.564097331307828,4.051846118074655,-0.4158522531986236
1789701081654204200,10.1522041015625,2.701628902210295,3.961766618698835,-0.8866998329102993
1789701081664225300,10.162225341796875,2.915021769782901,3.605006605938077,-1.7065742007821798
1789701081674246400,10.172246337890625,3.28994521574378,3.3050416625887156,-2.398902969714999
1789701081684267300,10.182267333984376,3.58229354660958,3.1053514494150876,-2.7367121982902285
1789701081694288100,10.1922880859375,3.76171692456305,3.001551467722654,-2.8333500332683323
1789701081704309200,10.202309326171875,3.873924669116735,2.9490713389009238,-2.8763170683354136
1789701081714331100,10.2123310546875,3.90047306882441,2.9717046109914778,-2.9648791488856077
1789701081724352000,10.22235205078125,3.763478089016676,3.1258623225241897,-3.0992367659270763
1789701081734373400,10.232373291015625,3.404285003890097,3.2806039714246986,-3.341087373960018
1789701081744394200,10.242394287109375,2.7865082025945185,3.460058621299267,-3.6669086430996654
1789701081754415400,10.252415283203124,1.7751660909712315,3.5500814220517873,-4.116808127328754
1789701081764435000,10.26243505859375,0.37119594987034793,3.478968488952517,-4.505272607386112
1789701081774457300,10.272457275390625,-1.1667343333870173,3.2342864568859335,-4.609775184389949
1789701081784478200,10.282478271484376,-2.5739579233258962,2.7073019794106483,-4.505777049776912
1789701081794499000,10.2924990234375,-3.793865628495812,1.6634569435894488,-3.9961481962502
1789701081804520200,10.302520263671875,-4.863365622316301,0.05411795915663242,-2.234821830061078
1789701081814541000,10.312541015625,-5.3042620081394904,-1.8527479278236627,1.1737480115413665
1789701081824563000,10.32256298828125,-5.3007268197506665,-3.6938691307395692,4.488300429797173
1789701081834584000,10.332583984375,-5.922468725284934,-5.505623369395733,6.0958496082037685
1789701081844605200,10.342605224609375,-6.0418947306543584,-6.439518084201216,6.917084158512949
1789701081854626300,10.352626220703126,-4.791383505167067,-5.969051612761616,6.99934976926744
1789701081864647200,10.362647216796875,-3.8305797406479716,-3.916560864794254,5.811723454499244
1789701081874668000,10.37266796875,-3.1951708365499973,-1.5761083304822443,3.681033030042052
1789701081884690000,10.38268994140625,-2.4082471366435287,-0.43450083956718444,1.5351047044426203
1789701081894711000,10.3927109375,-1.8081907009556888,0.23436112906038759,-0.14663842194378376
1789701081904732200,10.402732177734375,-1.7252672108143567,0.9339519979506731,-1.4540788646161555
1789701081914753300,10.412753173828126,-2.4422616344481707,1.5299515594631432,-2.4762065741479393
1789701081924774100,10.422774169921874,-3.680061846922338,1.1251537842422723,-2.573413148924708
1789701081934795300,10.432795166015625,-2.9846254673629997,-1.0931225692093371,-0.748400784766674
1789701081944817200,10.442817138671876,1.0765884907767176,-4.3936318490654225,1.711988042524457
1789701081954838000,10.452838134765624,6.097382224598527,-6.463330336943268,2.453282794678211
1789701081964859100,10.462859130859375,8.635062965884805,-7.571721202433109,2.039035054066777
1789701081974880300,10.47288037109375,7.159528056263923,-8.241222638007997,1.6472037279248237
1789701081984901000,10.482901123046876,2.7080443222105504,-7.741365236911177,1.8556798896223305
1789701081994922200,10.492922119140625,-2.3466207015529275,-5.707060133975744,2.4145552968770265
1789701082004944100,10.502944091796875,-3.683440675705671,-3.3382541963607073,1.0976701495110988
1789701082014965000,10.512965087890626,-0.5269783399954437,-2.076632086533308,-2.9103035090893505
1789701082024986000,10.522986083984375,4.684296172367036,-0.6896165873646736,-5.533013480624557
1789701082035007000,10.533007080078125,7.800899375897646,0.5989151566982269,-6.504361435511708
1789701082045028000,10.543028076171876,8.605937993687391,1.4599012871593235,-6.655589523333311
1789701082055050200,10.55305029296875,7.9667060241699215,1.704835832682252,-5.977614273923635
1789701082065071000,10.563071044921875,6.822567553472519,1.2810416805684566,-4.109423862296342
1789701082075092000,10.573092041015625,6.006315467751026,0.6411573846220969,-1.8385007912844418
1789701082085113000,10.583113037109374,5.464116470009088,0.024751579418778417,0.1933960814654827
1789701082095134000,10.593134033203125,4.970765966588258,-0.3366162193983793,1.9588298829734325
1789701082105155300,10.6031552734375,4.380110980974138,-0.3876923266410827,3.688855101969838
1789701082115177200,10.61317724609375,3.977814959441125,-0.09197042768895626,5.499671182993054
1789701082125198000,10.623197998046875,3.574158463209867,0.46775721248090263,7.283038700598478
1789701082135219200,10.63321923828125,2.5742151129573583,1.246993280494213,8.483742523604631
1789701082145240000,10.643239990234376,0.633801761162281,2.252028985449672,8.49812234661281
1789701082155261000,10.653260986328124,-1.673977168560028,3.144113434007764,6.804743142968416
1789701082165282000,10.663281982421875,-3.0456057135045524,3.29703195913434,4.017480322614312
1789701082175304200,10.67330419921875,-3.5657729121804236,2.871445662906766,1.347910984748602
1789701082185325000,10.683324951171874,-3.372589596682787,2.3335633593201637,-0.4912304425269365
1789701082195346200,10.69334619140625,-2.794006449395418,1.8737515528857707,-1.6288468179792164
1789701082205367000,10.703366943359375,-2.0395137774944305,1.420782159692049,-2.3110458225637673
1789701082215388200,10.71338818359375,-1.2261246799886225,0.8361088788360357,-2.63379835178256
1789701082225409000,10.723408935546875,-0.4453365602277219,0.20658406434059143,-2.8487884254187343
1789701082235431200,10.73343115234375,0.5785516561705619,-0.3558703704446554,-2.9835441018670794
1789701082245452300,10.743452392578124,1.5607529404401779,-0.7969161016106605,-3.0781296804904934
1789701082255473200,10.75347314453125,2.35442509169355,-1.142957736480236,-3.2697558296740055
1789701082265494000,10.763493896484375,2.924306900000572,-1.288338851839304,-3.2503204768419263
1789701082275515100,10.77351513671875,3.165484138816595,-1.1568646812796592,-3.222657393890619
1789701082285536000,10.783535888671874,2.8789959321558474,-0.801872262713313,-3.2525825765550134
1789701082295558100,10.79355810546875,1.9712240851223468,-0.20584522867202756,-3.057794748470187
1789701082305579300,10.803579345703126,0.5105389541089534,0.6677589758217334,-2.55944073767364
1789701082315600100,10.81360009765625,-1.1109259369254112,1.411690506219864,-1.4401193128466605
1789701082325621200,10.823621337890625,-2.780439111813903,1.8465122483044862,-0.13400339677631853
1789701082335642000,10.83364208984375,-4.382930422309041,2.2453952465236187,0.9094856652140617
1789701082345664000,10.8436640625,-5.655292537337541,2.6390385905236005,1.4655062675595283
1789701082355685000,10.85368505859375,-5.860082119476795,2.897279192343354,1.6782757425367831
1789701082365706200,10.863706298828125,-4.73353483504951,2.836709865090251,1.8607453563183545
1789701082375727000,10.87372705078125,-2.8607424825847145,2.6138983040481802,2.2546663482159377
1789701082385748200,10.883748291015625,-0.9078864863891154,2.3000907133072612,2.842815780749917
1789701082395769000,10.89376904296875,0.5762188293088227,1.9803309361636638,3.4250323161035774
1789701082405791000,10.903791015625,1.2839905935019253,1.7276099745482205,3.885021817192435
1789701082415812000,10.91381201171875,1.025660632898286,1.464728853446245,3.9738007553637025
1789701082425833200,10.923833251953125,-0.00009176993668079376,1.11445294200778,3.5698370928794145
1789701082435854000,10.93385400390625,-1.1692191359400748,0.7370593065410852,3.0497721855342386
1789701082445875200,10.943875244140624,-2.0106236369661987,0.44284722763001916,2.8200691114127636
1789701082455896000,10.95389599609375,-2.567767836514115,0.2981511719256639,2.7730875800073145
1789701082465918000,10.96391796875,-3.081566084679961,0.27523148410916326,2.7192192116975784
1789701082475939000,10.97393896484375,-3.616611703535914,0.28285189598500726,2.565209384202957
1789701082485960000,10.9839599609375,-3.9200387700378894,0.33110826963186263,2.337397238394618
1789701082495981300,10.993981201171875,-3.6056790983721614,0.3796738553583622,2.223770274692774
1789701082506002200,11.004002197265624,-2.8824615624397993,0.35165129144489765,2.7071733845949173
1789701082516023000,11.01402294921875,-2.217416960143298,0.10186638328135013,4.077589631140232
1789701082526045200,11.024045166015625,-1.5235754485599695,-0.1350549516558647,5.5327206351578235
1789701082536066000,11.034066162109376,-1.0321879157751799,-0.23719138405025003,6.118343764084577
1789701082546087000,11.0440869140625,-0.91914262441881,-0.28501111984550953,6.074046941718459
1789701082556108000,11.05410791015625,-1.3402829740881919,-0.4199982669621706,5.716305516704916
1789701082566129200,11.064129150390626,-2.0386972004145383,-0.6074696345537901,5.309649546396732
1789701082576150300,11.074150390625,-2.73648540379703,-0.896376008272171,4.958093532019853
1789701082586172200,11.084172119140625,-3.3244080418378115,-1.579824136134982,4.540131154799461
1789701082596193000,11.094193115234376,-3.14661927934885,-2.9409529143750666,3.2157156119287014
1789701082606214100,11.104214111328124,-1.650358977085352,-4.379197080999613,1.468362241512537
1789701082616235000,11.114235107421875,0.7811246582388878,-5.418720746490359,0.28713527239263054
1789701082626256100,11.124256103515625,2.982295270849764,-6.2869017568916075,-0.5679565393328666
1789701082636278300,11.1342783203125,4.454592221462726,-6.9399319501370185,-1.305291740205884
1789701082646299100,11.144299072265625,5.103266557586193,-7.518124636802077,-2.056580647629499
1789701082656320000,11.154320068359375,4.415188431835174,-8.002655873951316,-2.9636177506476638
1789701082666341000,11.164341064453126,2.5361235749721525,-8.25319189274311,-3.90123762345612
1789701082676362000,11.174362060546875,0.5883623446322978,-7.712160185214877,-4.120449114179611
1789701082686383000,11.184383056640625,-0.8880345886453985,-6.4878276493400335,-3.655982175415754
1789701082696405200,11.1944052734375,-1.2774781428679822,-4.999777541539073,-3.094693861800432
1789701082706426000,11.204426025390624,-0.6142272921204567,-3.576324701333046,-2.713096344903111
1789701082716447200,11.214447265625,0.661170537342131,-2.2549293830662966,-2.3831039275586603
1789701082726468000,11.224468017578126,2.0177365377113223,-0.9031097004413604,-1.8625959526211022
1789701082736489000,11.234489013671874,3.157479403798282,0.35184067653715606,-1.197925005942583
1789701082746510000,11.244510009765625,3.9470194236829874,1.4195552482455969,-0.5481763185858726
1789701082756532200,11.2545322265625,4.481380275145173,2.270139227157831,-0.02546995682120323
1789701082766553000,11.264552978515624,4.591685400947928,2.8893565826505423,0.24178864871263503
1789701082776574500,11.274574462890625,4.352890381093323,3.34983065238595,0.20236440081894397
1789701082786595300,11.28459521484375,3.826977624502778,3.8706285501807924,0.30672493900358677
1789701082796616200,11.2946162109375,3.2276065407305956,4.358377580332756,0.32548049287796016
1789701082806638300,11.304638427734375,3.0160183844923973,4.645489471849799,0.0894412014722824
1789701082816659200,11.3146591796875,3.179357765868306,4.7245326134264465,-0.43466859734952445
1789701082826680000,11.32468017578125,3.461704634940624,4.612777288815379,-1.2927671896755695
1789701082836701400,11.334701416015625,3.9358956798613067,4.405552003961802,-2.131512846755981
1789701082846722300,11.344722412109375,4.388145526608825,4.187127864223719,-2.7910218806266784
1789701082856743400,11.354743408203126,4.634582877910137,3.9983711329966782,-3.2209780625015494
1789701082866765300,11.364765380859374,4.695166233688592,3.809495159304142,-3.4982407601773735
1789701082876786200,11.3747861328125,4.624447268342972,3.6029935125499963,-3.760348558819294
1789701082886807300,11.384807373046876,4.338504712866246,3.3015257634222506,-3.9629946991890668
1789701082896828200,11.394828125,3.8605800343751904,2.995788666412234,-4.204706191012263
1789701082906849300,11.404849365234375,3.307314283695817,2.8420839593440292,-4.4509079799920315
1789701082916870400,11.414870361328125,2.5093834520846605,2.8692005143284796,-4.587266999983787
1789701082926892300,11.424892333984374,1.4567638659164308,3.062407210701704,-4.549702700743079
1789701082936913200,11.4349130859375,0.3476403022378683,3.2409225338995453,-4.295342155227065
1789701082946934300,11.444934326171875,-0.5467670363098383,3.2429367963314055,-3.764428521609306
1789701082956955100,11.454955078125,-1.2770809602439404,2.8759745385080575,-2.8891847332149743
1789701082966976300,11.464976318359374,-2.2922914377331733,2.068921658286452,-1.14908586397171
1789701082976997400,11.474997314453125,-5.43755404177606,0.16178279958367348,1.641688179373741
1789701082987019300,11.485019287109376,-9.536773320922254,-3.275187791594863,4.4635465122908355
1789701082997040400,11.495040283203124,-9.27296047192812,-6.7234776491671795,5.788659974297881
1789701083007061200,11.505061279296875,-6.3762985347002745,-9.098978700506686,5.563973267033695
1789701083017082000,11.51508203125,-6.1417158718436955,-9.477716151797772,5.233551810622215
1789701083027103200,11.525103271484374,-5.237844539380073,-6.447141418686509,4.781115501391888
1789701083037124400,11.535124267578125,-3.064433748093247,-2.5802146456331014,2.7270816156357527
1789701083047146200,11.545146240234375,-1.502390767842531,-0.45611938165724275,0.15245090761482716
1789701083057167400,11.55516748046875,-0.8210328902572392,0.7402975578099489,-1.9312135617733
1789701083067188200,11.565188232421875,-1.1312906795620918,1.5420441483169793,-3.4386376476079223
1789701083077209300,11.575209228515625,-2.3328461509615184,1.7123264806985854,-4.387274004471302
1789701083087230200,11.585230224609376,-3.2983819124385714,0.0685235011279583,-4.038687361294031
1789701083097252400,11.59525244140625,-1.919094961695373,-3.09969561561048,-1.354277597171068
1789701083107273200,11.605273193359375,1.5021686495244502,-6.364882822194695,2.0460984165817497
1789701083117294300,11.61529443359375,5.524413410061597,-8.092853446748853,3.31139307744205
1789701083127315200,11.625315185546874,6.950733330136537,-8.951164220520853,3.1427684491395946
1789701083137336300,11.63533642578125,5.946170503389835,-9.576643559017777,3.597419511809945
1789701083147357200,11.645357177734375,3.5242785800144074,-8.613964648276568,4.240582975557446
1789701083157379300,11.65537939453125,0.5844917868092656,-5.416730449455976,4.166259848240018
1789701083167400400,11.665400390625,-1.315148240570724,-1.852874184551835,2.7907822266519067
1789701083177421300,11.67542138671875,0.8045946734145283,0.5636860224068164,-0.44309681847691534
1789701083187442200,11.685442138671876,4.3853933052912355,1.5421394253849983,-3.704634854903817
1789701083197463300,11.69546337890625,6.1717076900035135,1.9627368272840975,-5.7175622387677425
1789701083207484200,11.705484130859375,6.782627172750234,2.209796694397926,-6.61086833807528
1789701083217506000,11.715506103515626,7.2133297890782355,1.8944389516055582,-6.288894976535439
1789701083227527400,11.72552734375,6.676812344104051,1.2562749035805463,-4.699219892993569
1789701083237548300,11.73554833984375,5.820872975638508,0.6416700103193521,-2.7199031023085114
1789701083247569400,11.7455693359375,4.814272213323414,0.35994624158143995,-1.0711620818138121
1789701083257590300,11.75559033203125,3.7734205140993,0.5434685792863369,0.8054056975364685
1789701083267611400,11.765611328125,3.164819829688966,0.5950894609302282,3.0440561459749937
1789701083277633300,11.77563330078125,2.458060676604509,0.4502718246728182,4.9079783787637945
1789701083287654100,11.785654052734374,1.7512405871130525,0.5327852727085352,6.158078393101692
1789701083297675300,11.79567529296875,0.6838508634448051,1.049931077736616,6.384955888408422
1789701083307696400,11.8056962890625,-0.9695454355098306,1.9831459935843943,5.678759922164678
1789701083317717200,11.81571728515625,-2.0631775616765022,2.7263433644890784,4.2517900137484075
1789701083327739100,11.8257392578125,-1.7063047361910342,3.0816385653942824,2.31434194149971
1789701083337760300,11.83576025390625,-1.0923682437106967,3.0959535064727066,0.5813444286942482
1789701083347781000,11.845781005859376,-0.9453764782845974,2.8050141656219956,-0.7453115865796804
1789701083357802500,11.855802490234375,-1.2431705073356627,2.3770775068759917,-1.5979402230620383
1789701083367823400,11.8658232421875,-1.530671982692182,1.804796090081334,-2.014085321727395
1789701083377844200,11.87584423828125,-1.5851473769843578,1.1492828478485344,-2.0802531996399165
1789701083387866400,11.885866455078125,-1.1725474035799504,0.362969388794899,-1.957663177281618
1789701083397887200,11.89588720703125,-0.3487912258386612,-0.37996144012808797,-2.101677095940709
1789701083407908000,11.905908203125,0.8966554828006774,-0.9259113148361444,-2.548489720070362
1789701083417929200,11.91592919921875,2.3853870700597763,-1.27064712780416,-2.984608516228199
1789701083427950300,11.925950439453125,3.442034304308891,-1.3631716822445392,-3.3183705152392386
1789701083437971500,11.935971435546875,3.67027607370615,-1.1875550030976534,-3.3769898774683473
1789701083447993300,11.945993408203124,2.97205532412529,-0.7620534625440836,-3.27239553052783
1789701083458014200,11.95601416015625,1.3871499392032622,-0.02533843939602375,-2.9117303270220756
1789701083468035300,11.966035400390625,-0.5280541525334119,0.8281523668736219,-2.0832593957185743
1789701083478056200,11.97605615234375,-2.541786423039436,1.3102765428811312,-0.676049834305048
1789701083488077000,11.9860771484375,-4.8121951147884126,1.5536135900795458,0.6749953568160534
1789701083498098400,11.996098388671875,-6.474582383319735,1.7454653647124767,1.5008061289995909
1789701083508120300,12.006120361328126,-6.393593952894211,1.830104134339094,1.7216332382261752
1789701083518141200,12.01614111328125,-4.804090718787908,1.8507132071256636,1.8319471318572758
1789701083528162300,12.026162353515625,-2.533347680518031,1.8072329618394374,2.184009342190623
1789701083538183200,12.03618310546875,-0.3757862733352929,1.7101158189117907,2.6705156788051125
1789701083548204300,12.046204345703124,0.8969337152201682,1.4741571915268896,3.1705309008121487
1789701083558226400,12.056226318359375,0.7463543736308813,1.0878887602090834,3.4632612167328594
1789701083568247300,12.066247314453125,-0.9196528389632701,0.8019950123101472,3.3541116907060142
1789701083578268400,12.076268310546874,-2.8214807317763566,0.8239321188300848,2.8484073171466586
1789701083588289300,12.086289306640625,-3.611169804742932,1.150505083119869,2.4219337166905404
1789701083598310100,12.09631005859375,-3.1871973734527823,1.7390122430503367,2.450012979227304
1789701083608331300,12.106331298828126,-2.424423049288243,2.329004673102498,2.8684675238788127
1789701083618353400,12.116353515625,-1.8767185859978197,2.72663854804337,3.342302594968676
1789701083628374300,12.126374267578125,-1.6454368643827735,2.794066655150056,3.7006834869295355
1789701083638395400,12.1363955078125,-1.5187906985014676,2.418207389643788,3.9188223799854516
1789701083648416300,12.146416259765624,-1.2715795863486825,1.631779364299774,4.087395570361614
1789701083658437400,12.156437255859375,-1.5309994610808788,0.34000410827100275,4.60915676023066
1789701083668458200,12.166458251953125,-2.107926803985238,-1.085517354902625,5.42809881568849
1789701083678480400,12.17648046875,-2.443021512904763,-1.9802450114458798,5.947533608436584
1789701083688501200,12.186501220703125,-3.003770897337794,-2.317469133609533,5.925718666991591
1789701083698522400,12.1965224609375,-3.572667347869277,-2.2307927206754683,5.719218189281225
1789701083708543200,12.206543212890624,-3.6401124061107635,-2.0258038165718317,5.383160188287496
1789701083718564400,12.216564453125,-3.2079321184456346,-2.167364496859908,4.832842766019701
1789701083728585200,12.226585205078125,-2.5476211205422876,-2.843231375813484,4.095736697727442
1789701083738607000,12.236607177734374,-1.4385679917514322,-3.8316537996202706,2.8788819503873584
1789701083748628500,12.24662841796875,0.6136357559680938,-4.688983745661377,1.413062963616848
1789701083758649300,12.2566494140625,2.6036720935881137,-5.355349805819988,0.3255453748077154
1789701083768671000,12.2666708984375,4.048354184305667,-5.866124322250485,-0.3617909926652908
1789701083778692000,12.276692138671875,4.789774608665704,-6.277023921477794,-0.9460627069830894
1789701083788714000,12.2867138671875,4.721276826500892,-6.745065211597084,-1.6981237678229808
1789701083798734800,12.29673486328125,3.555506661970913,-7.213773441192507,-2.6580817291676997
1789701083808756000,12.306755859375,1.960917795163393,-7.15953448600471,-3.3027479986935853
1789701083818777000,12.316777099609375,0.5951341768547892,-6.406247682762146,-3.300397051653266
1789701083828798000,12.3267978515625,-0.2481491236552596,-5.321994064185023,-3.132528794676065
1789701083838819000,12.336819091796874,-0.2683195127636194,-4.081307190358639,-2.9803467671304937
1789701083848841000,12.346841064453125,0.282731192214787,-2.87813376236856,-2.8570868826866147
1789701083858861800,12.35686181640625,1.204058978652954,-1.797136515238881,-2.810679936298728
1789701083868883000,12.366883056640624,2.2639120232060552,-0.5738812532067299,-2.5421996800154445
1789701083878904000,12.376904052734375,3.1032389873057604,0.6421604241847991,-1.9021844511657953
1789701083888925200,12.38692529296875,3.693535661001503,1.5398901851534843,-1.3709130901515483
1789701083898946000,12.396946044921876,4.3098786301016805,2.3357979865044354,-0.9631956280916929
1789701083908968000,12.406968017578125,4.352054807052016,3.05396613009274,-0.5929699845582247
1789701083918989000,12.416989013671875,3.682487612764537,3.7916923761099577,-0.12842062820792197
1789701083929010000,12.427010009765626,2.904416789138317,4.40089161093533,0.1856143415480852
1789701083939030800,12.43703076171875,2.52743757969141,4.882312022587657,0.44738487105965613
1789701083949052200,12.44705224609375,2.520455465719104,5.184776381537318,0.430810752877593
1789701083959073000,12.457072998046876,2.8273610219866034,5.179462493038177,-0.0994318496108055
1789701083969095000,12.467094970703124,3.4238761318057773,4.978954533740878,-0.87250588786304
1789701083979116000,12.477115966796875,3.9940310579657554,4.6735675653427835,-1.6589683999985456
1789701083989137000,12.487136962890625,4.506518223533034,4.432226660397649,-2.320152089083195
1789701083999158000,12.497157958984374,4.962175832897424,4.143361203211546,-2.804740024855733
1789701084009179000,12.507178955078125,5.310714545279741,3.6862072178095575,-3.075384181174636
1789701084019200000,12.517199951171875,5.536917502325773,3.1363053906053304,-3.1840584909051657
1789701084029222000,12.527221923828124,5.484022947484254,2.701613996902108,-3.2939106122434136
1789701084039243000,12.537242919921875,5.01791116412282,2.481062782007456,-3.4132436786323783
1789701084049263900,12.547263916015625,4.1389913175642485,2.4611317546129223,-3.464074871203303
1789701084059285000,12.557284912109376,2.8332378050655125,2.4818407806426284,-3.5272125876396894
1789701084069305900,12.567305908203124,1.435027250404656,2.523642279061675,-3.538841066113114
1789701084079327000,12.577326904296875,0.13758943856954572,2.4402397732317445,-3.459992570325732
1789701084089349000,12.58734912109375,-1.350364807641506,2.0528876383304593,-3.3224504780292508
1789701084099370000,12.597369873046874,-2.57797884940505,1.1661480579316614,-2.5860645407050846
1789701084109390800,12.607390869140625,-3.1097330255001783,-0.24156243874132632,-0.44057811365425587
1789701084119412000,12.617411865234375,-3.8485526197120543,-2.3698282664000985,2.103320186972618
1789701084129432800,12.627432861328124,-5.758549498194456,-5.006709971150755,4.062080511841177
1789701084139455000,12.637455078125,-7.456864404675364,-7.391572140553593,5.162462842920422
1789701084149476000,12.64747607421875,-7.331826989164948,-8.749254577732085,4.966507140100002
1789701084159497000,12.6574970703125,-5.994478314962983,-8.3711180149436,3.89935429392755
1789701084169518000,12.66751806640625,-4.600677685698867,-5.933624325549602,2.8210680593222377
1789701084179539000,12.6775390625,-3.243426333414018,-3.1910113787829872,1.5137497817248105
1789701084189560000,12.68756005859375,-2.245549268041551,-1.115512095671892,-0.06845102041363715
1789701084199582200,12.697582275390625,-1.8048852296695113,0.5336433508425951,-1.7604823165804147
1789701084209603000,12.70760302734375,-2.3343834435313937,2.0636954480707645,-3.165105953153968
1789701084219624000,12.7176240234375,-3.4647692832082506,3.256532190963626,-4.059099450203776
1789701084229645000,12.72764501953125,-4.211440467703342,2.925321045479178,-3.789464763188362
1789701084239666000,12.737666015625,-1.7321388501495123,0.11001754103302955,-1.755261367061734
1789701084249687000,12.74768701171875,3.8253146597266197,-3.636950142687559,0.7197247253805399
1789701084259709000,12.757708984375,7.95956667380929,-6.165646198007464,2.604531340765953
1789701084269730000,12.76772998046875,8.225268697550892,-6.9781754638135425,3.5216561225563288
1789701084279751200,12.777751220703125,5.503733025604486,-6.960811072036623,4.013451213228702
1789701084289772000,12.78777197265625,1.0887354401662945,-6.122467566016316,4.649297047439218
1789701084299793000,12.79779296875,-3.1651676202133294,-4.352751557144522,4.788019289430975
1789701084309814000,12.80781396484375,-3.4709389117538927,-2.7876275620132684,1.8305635685443877
1789701084319836000,12.8178359375,0.4087289771899581,-1.4446592943638563,-2.5026269635617733
1789701084329856800,12.827856689453125,5.12826422072053,-0.009958499434590339,-4.681391390836239
1789701084339878100,12.837878173828125,6.834150439238548,0.45083355020880694,-6.188936472702026
1789701084349899000,12.84789892578125,6.709959411424398,-0.07410100899934768,-6.8393287186592815
1789701084359920000,12.857920166015624,6.492856875678896,-0.5787146647125482,-5.812426634332537
1789701084369942000,12.86794189453125,6.048038640236854,-0.8692851722508669,-3.4375223798424
1789701084379963000,12.877962890625,5.5456993591964245,-0.9730950908154249,-0.8823311163067817
1789701084389984000,12.88798388671875,5.172769717401266,-0.7949597068458795,1.3449088803231715
1789701084400005000,12.898005126953125,4.738321484804153,-0.4107201510071754,3.5463071642100807
1789701084410026000,12.90802587890625,4.409124309490621,0.2061842513680458,5.707618352380394
1789701084420047000,12.918047119140626,3.8218703644916414,0.999430724555254,7.74611506178677
1789701084430069000,12.928069091796875,2.579618433305621,1.8201988263964652,9.233185510900617
1789701084440089900,12.93808984375,0.5939690785981714,2.5612024866491554,8.594823309955
1789701084450111000,12.948111083984376,-1.6307469525121152,2.8857611885070797,5.670745542535186
1789701084460131800,12.9581318359375,-2.6195792722940445,2.591509946629405,2.6130285354763267
1789701084470153200,12.9681533203125,-2.27100870346874,2.2066835308134554,0.028169863429665563
1789701084480174000,12.978174072265626,-1.081230909755081,1.9774720396012067,-1.933846832886338
1789701084490196000,12.988196044921875,-0.0564273320775479,1.7657155410587786,-3.1818408148556947
1789701084500217000,12.998217041015625,0.6475730968832969,1.408120246517658,-3.825591723102331
1789701084510238000,13.008238037109376,0.8661175020001828,0.9942354939997196,-3.6277678883224724
1789701084520258800,13.0182587890625,1.1091395649652926,0.3655126435369253,-3.422183356413245
1789701084530280000,13.028280029296875,1.2874001096844672,-0.3667056527137756,-3.2279192599415776
1789701084540301000,13.038301025390625,1.4240461299240588,-1.1795078902423382,-2.938811226171255
1789701084550323000,13.048322998046874,1.6048083552658556,-1.9116484450817106,-3.040218175247311
1789701084560344000,13.058343994140625,1.8400398374199867,-2.334267123675346,-3.3778590615183113
1789701084570365000,13.068364990234375,2.0198212350308893,-2.330886249065399,-3.7337861305862665
1789701084580386000,13.078385986328126,1.758624121493101,-2.1572645431280133,-4.0876404850333925
1789701084590407000,13.088406982421875,0.7705027264595031,-1.8535428775936365,-4.471277983325719
1789701084600428000,13.098427978515625,-0.9508815054416656,-1.413528827562928,-4.682551666787266
1789701084610450000,13.108449951171876,-2.7567899406790732,-0.9534066400051117,-4.53940517861247
1789701084620471000,13.118470947265624,-4.109845887100696,-0.44676936950981616,-3.838937526887655
1789701084630492000,13.128491943359375,-4.726026651376485,0.12191139244437217,-2.7097178083807227
1789701084640513000,13.138512939453125,-4.588790264028311,0.7890028442680835,-1.3135206393688916
1789701084650534000,13.148533935546874,-3.8676667777657507,1.4215928915530442,0.20336510229408739
1789701084660555000,13.158554931640625,-2.545940620109439,1.8939280794739721,1.65288001999557
1789701084670577200,13.1685771484375,-0.7958089440863579,2.254053769275546,3.0733459533452985
1789701084680598000,13.178597900390624,0.7723403902154415,2.580234519377351,4.5304690079629415
1789701084690619000,13.188618896484375,1.725471793475747,2.886885808622837,5.960824467164278
1789701084700640000,13.198639892578125,1.7069108853906392,3.2173020043373106,7.2139078812271356
1789701084710660900,13.208660888671876,0.6940051777124404,3.5489597245454787,8.000527629750966
1789701084720683000,13.21868310546875,-1.1358639788269995,3.6639433635532854,7.961651663389802
1789701084730704100,13.2287041015625,-3.0338001248985527,3.2968840750962496,6.789784058767557
1789701084740725000,13.23872509765625,-4.286709351438284,2.632709387502074,5.102480960166454
1789701084750746000,13.24874609375,-4.795612813299894,1.8896178150594234,3.6206922508478163
1789701084760767000,13.25876708984375,-4.6871308112710715,1.1039917537480592,2.556284903991222
1789701084770787800,13.268787841796875,-4.233854544085264,0.26651450916826724,1.7616460996627807
1789701084780809700,13.278809814453124,-3.684856972244382,-0.5706511852443218,1.1473007341206074
1789701084790830800,13.288830810546875,-3.169031017643213,-1.186024140268564,0.7277730072796345
1789701084800851700,13.298851806640625,-2.642260475179553,-1.394666306182742,0.5640811592042446
1789701084810872800,13.308872802734374,-1.9525614702284335,-1.4062807561308144,0.9206815974891185
1789701084820893700,13.318893798828125,-1.6003455306380987,-1.6170038199722765,1.9615636918514965
1789701084830914800,13.328914794921875,-1.3417974703043698,-1.8395570223391056,3.520225212970376
1789701084840936700,13.338936767578126,-0.9844915871638804,-1.5760715056031942,4.7308588938385245
1789701084850957600,13.34895751953125,-1.0147125379044561,-0.9808131178468465,5.098499197053909
1789701084860979000,13.35897900390625,-1.741163868126273,-0.4553296925842762,5.185223540782928
1789701084870999800,13.368999755859376,-2.7472575577020644,-0.11110708983540535,5.281164625668525
1789701084881020700,13.379020751953124,-3.274834740373492,-0.12092998019158839,5.449740154132247
1789701084891041800,13.389041748046875,-2.6903426613032817,-0.5691062938898801,5.417977819168567
1789701084901063700,13.399063720703126,-1.2760931182503699,-1.422035374623537,4.956417123240232
1789701084911084500,13.40908447265625,0.35498251822683957,-2.5602193208307025,3.8847973607867954
1789701084921105700,13.419105712890625,2.0937106471061706,-3.5102643754482266,2.7394617892593143
1789701084931126800,13.429126708984375,3.572776653462648,-4.291213677120209,1.7999165013462304
1789701084941148000,13.43914794921875,4.423509685456753,-5.010875274136662,0.9659130703568458
1789701084951169800,13.449169677734375,4.435956494575739,-5.711532310953736,0.09367840065062046
1789701084961190700,13.459190673828125,3.599953414201736,-6.3685091959983104,-0.8648363761484622
1789701084971211800,13.469211669921876,2.1763304781258106,-6.5179188362210985,-1.6400193693786858
1789701084981232600,13.479232666015625,0.7779121259331703,-5.980684767410159,-2.1928671869069336
1789701084991253800,13.489253662109375,-0.4084092437162995,-5.019562438461184,-2.675608618029952
1789701085001275000,13.49927490234375,-0.942628056359291,-3.9611335814923048,-3.1426608971118926
1789701085011296800,13.509296875,-0.605653232781589,-2.8854584061682225,-3.545311138910055
1789701085021317600,13.519317626953125,0.35954409052133557,-1.6905027714252472,-3.8927959583252667
1789701085031338800,13.5293388671875,1.449980489386618,-0.2322130111157894,-3.7655174858897924
1789701085041359600,13.539359619140624,2.3696976257577536,1.0517226373285053,-3.228545282885432
1789701085051380700,13.549380615234375,3.2342052083432673,1.8870786519706249,-2.6964883244514466
1789701085061401900,13.55940185546875,3.8139749350666996,2.439810734164715,-2.119532486104965
1789701085071423700,13.569423828125,4.035551401355862,2.873572738063335,-1.5444313357144592
1789701085081444900,13.57944482421875,3.8051480700105427,3.251746125730872,-0.8291969074904918
1789701085091465700,13.5894658203125,3.2951100511610507,3.7246290106624365,-0.08357903144061565
1789701085101486600,13.599486572265626,2.893646388798952,4.044802629303932,0.52414136300385
1789701085111507700,13.6095078125,2.9055402402102946,4.157815260499715,0.879199248021841
1789701085121528600,13.619528564453125,3.1756577423065897,4.209063217177987,0.8574638015538454
1789701085131550700,13.62955078125,3.697843587328493,4.151685963964462,0.4481692994356155
1789701085141571800,13.63957177734375,4.369215785211324,4.009350792172551,-0.30565292585790155
1789701085151592700,13.6495927734375,4.8627463213741775,3.8282781857073305,-1.2061468908429145
1789701085161613800,13.65961376953125,5.23393525698185,3.6102591196388003,-1.9786942748725413
1789701085171634700,13.669634765625,5.445069239711761,3.3845950917750596,-2.6597400177687405
1789701085181655600,13.679655517578125,5.490063981214165,3.217509509608149,-3.186842568665743
1789701085191677700,13.689677734375,5.187081151348353,3.1282009946048257,-3.6306373062789437
1789701085201698800,13.69969873046875,4.686420032653213,3.096238168632984,-3.96144045548439
1789701085211719700,13.7097197265625,3.9322529394447803,3.068119158607721,-4.179259030544758
1789701085221740800,13.71974072265625,2.9158798479169605,3.014496289491653,-4.27034215400517
1789701085231761700,13.72976171875,1.7209768201440572,2.7988620727330447,-4.302626467016339
1789701085241782800,13.73978271484375,0.39422114388793705,2.3513877698242664,-4.2502848698824645
1789701085251805000,13.749804931640625,-1.104865029451251,1.632325892266631,-4.0122231327384705
1789701085261825800,13.75982568359375,-3.002106178995967,0.5562596717983483,-3.314384075951576
1789701085271846700,13.7698466796875,-4.877178751352429,-0.7682067244768143,-1.4065402838498353
1789701085281867800,13.77986767578125,-5.623063169384002,-2.443236032438278,1.5077327133923768
1789701085291888600,13.789888671875,-4.618180609163642,-4.387582047507166,4.0653777998209
1789701085301909800,13.79990966796875,-5.079247384095192,-6.083464758405089,5.363038606756925
1789701085311932000,13.809931884765625,-6.953850585374235,-7.089165064749121,5.781019688677787
1789701085321952800,13.819952880859375,-6.502173570078611,-6.830100871586799,4.737167054072022
1789701085331974000,13.829973876953124,-5.204332145878673,-4.688375258374214,2.46911924623549
1789701085341994800,13.839994873046875,-4.190816781869531,-2.046765940579772,0.7057073059439659
1789701085352015600,13.850015625,-2.821578931453824,-0.2323433594971895,-0.4281891722023487
1789701085362037800,13.860037841796874,-1.6832810034781693,0.9808242237627506,-1.1848743857115507
1789701085372058600,13.87005859375,-1.3699611962541938,1.845263125026226,-1.7343682166367769
1789701085382079700,13.880079833984375,-2.379247544391453,2.314226206165552,-2.150965150722861
1789701085392100900,13.890100830078126,-4.0203807202309365,1.3617927951067685,-1.5242203223347663
1789701085402121700,13.900121826171874,-3.2520620598122476,-1.5085487059503793,1.177329961681366
1789701085412142800,13.910142822265625,0.9242208775311708,-5.317222027477622,3.566771275568008
1789701085422164700,13.920164794921876,5.365171527132391,-7.065729244104027,3.4983015504539012
1789701085432185600,13.930185546875,7.522641237443685,-7.991675045731664,2.3621143310219046
1789701085442206700,13.940206787109375,7.233364861369132,-8.775890655723213,1.7981658582866191
1789701085452227800,13.950227783203125,5.503028092205524,-8.496247784912585,1.5943313849151133
1789701085462248700,13.960248779296874,1.466442963887751,-6.1121443249225615,1.6048001719594
1789701085472269800,13.970269775390625,-2.3658286753699183,-3.182716428646445,-0.08431903615295887
1789701085482291700,13.980291748046875,-1.2102876439094543,-1.4467758481264112,-3.912350553622842
1789701085492312600,13.9903125,3.6391622657790776,-0.5786451066076755,-6.647009911036491
1789701085502333700,14.000333740234375,6.434947707545757,0.14899112254977226,-7.631719451799988
1789701085512354800,14.010354736328125,7.0749442316949365,0.6695493663698434,-7.842473495301604
1789701085522376000,14.0203759765625,6.798052705419063,0.6711223147749901,-6.82465312757492
1789701085532396800,14.030396728515624,5.999178455477953,0.31087738250792024,-4.632205627384781
1789701085542418700,14.040418701171875,5.358560000038147,-0.3081365593671799,-2.3718244086533784
1789701085552439800,14.050439697265626,4.89811135700494,-0.856172008177638,-0.1478822845250368
1789701085562460700,14.060460693359374,4.610410851944983,-1.270540744820237,2.0290157643556594
1789701085572481500,14.0704814453125,4.263707246035337,-1.4079776231765746,3.9473026245385405
1789701085582503000,14.0805029296875,3.5935116907164453,-0.9438526297181844,5.631227186617255
1789701085592523800,14.090523681640626,2.551509067891538,-0.018096213182806967,6.977617829930782
1789701085602545700,14.100545654296875,1.1403472617208956,1.4068401435792446,7.606658660301566
1789701085612566800,14.11056689453125,-0.5881392034009099,2.9700749639630315,6.938516822642088
1789701085622587600,14.120587646484376,-1.584799878720939,3.892590206620097,5.453190002325177
1789701085632608800,14.13060888671875,-1.2315595645189286,4.172760900697112,3.679510935041308
1789701085642629600,14.140629638671875,-0.47048400709629057,4.046846702352166,2.0917086596339938
1789701085652650800,14.150650634765626,0.026829408606141802,3.6777930252075195,0.6685217768877745
1789701085662672600,14.160672607421875,0.0768878632389009,3.2693472488731143,-0.5147971960753203
1789701085672693800,14.17069384765625,-0.1824245325308293,2.828527143156528,-1.2360358331501484
1789701085682714600,14.180714599609376,-0.4401099116206169,2.254163659390807,-1.8066361649900673
1789701085692735700,14.19073583984375,-0.31414069515280424,1.4470570031553507,-2.0978245121657846
1789701085702756600,14.200756591796875,0.1766577856976539,0.6634276686191558,-2.3684704220503567
1789701085712778800,14.21077880859375,0.7140449261784553,-0.0218722245901823,-2.671225872901082
1789701085722799900,14.2207998046875,1.4238134902119635,-0.6949988649249076,-2.8537486781746146
1789701085732820700,14.23082080078125,2.0880629966080186,-1.2026146250635386,-3.061642656069994
1789701085742841600,14.240841552734375,2.3101497505068775,-1.3702484887629747,-3.07556304487288
1789701085752862700,14.25086279296875,1.910524994009733,-1.2446218751877545,-3.061153411248326
1789701085762883000,14.260883056640624,0.49151276659965515,-0.7946803053826094,-3.0861960825681685
1789701085772905200,14.2709052734375,-1.4755056835263967,-0.30150515852868554,-2.9394688132971525
1789701085782926000,14.280926025390626,-3.41034971075654,0.012591186025738716,-2.3628642726063727
1789701085792947000,14.290947021484374,-4.728505024188757,0.2316507010579109,-1.2247761879891157
1789701085802968000,14.300968017578125,-5.081037190121412,0.6724404116362332,0.05318623126447201
1789701085812989000,14.310989013671875,-4.437506062105298,1.3458300868213176,1.2264420753747225
1789701085823010000,14.321010009765626,-2.9908231529593468,1.8846581468254326,2.258144837981462
1789701085833032200,14.3310322265625,-1.066535591056943,2.2400310891419646,3.177201464617252
1789701085843053000,14.341052978515625,0.6512725359231233,2.632401344466209,4.12268783301711
1789701085853074200,14.35107421875,1.5092624071776866,3.0692806036025284,5.003350723850727
1789701085863095000,14.361094970703125,1.142096151214838,3.4699674363732336,5.633462398323417
1789701085873116000,14.371115966796875,-0.3179338038254529,3.7409026845932005,5.8512616841614244
1789701085883137000,14.381136962890626,-2.1899913392096755,3.516110763388872,5.530100808048248
1789701085893159000,14.391158935546875,-3.4872879890084265,2.7383348310559987,4.894232762005925
1789701085903180000,14.401179931640625,-3.7511931924611326,1.9253578214824199,4.32647671368122
1789701085913201200,14.411201171875,-3.273841053161025,1.375266609185934,4.0629970421642065
1789701085923222000,14.421221923828124,-2.5087282030463216,0.950520855435729,3.9277164650589227
1789701085933243100,14.4312431640625,-1.860373600396514,0.5996008008748293,3.640271396064758
1789701085943264000,14.441263916015625,-1.4269704929381608,0.38994799661338325,3.1170635145187378
1789701085953286000,14.451285888671874,-1.3915671711236237,0.20835048949122428,2.278806517738104
1789701085963307300,14.461307373046875,-1.685836533179879,0.1939747581362724,1.5620014791965484
1789701085973328100,14.471328125,-2.018100402587652,0.39955578291416166,1.4565578219503164
1789701085983349000,14.481348876953126,-2.1920019483797253,0.4606792369186878,2.175434406068921
1789701085993370000,14.4913701171875,-1.9660586651831864,0.3451215974152088,3.713410282033682
1789701086003392000,14.50139208984375,-1.479876738217473,0.3043441813468933,5.2744128133207555
1789701086013412900,14.511412841796876,-1.0681599043231458,0.26156010163128374,5.843293481761217
1789701086023434000,14.52143408203125,-0.9339777169138193,0.05145896908044815,5.624915519252419
1789701086033455000,14.531455078125,-0.9569623597253113,-0.3332715851455927,5.2388943406939505
1789701086043476200,14.541476318359376,-1.0484703575342893,-0.9267290609598159,4.767566283988953
1789701086053497000,14.5514970703125,-1.1482575964540243,-1.7729414006590842,4.254566492724418
1789701086063519000,14.56151904296875,-0.9635644614040851,-2.90347863150537,3.4008407086551187
1789701086073540000,14.5715400390625,-0.2718319047987461,-4.133676260021328,2.015066733980179
1789701086083561000,14.58156103515625,0.8470996439278126,-5.200315895974636,0.52652855040133
1789701086093581800,14.591581787109375,1.985494602537155,-6.094762397488951,-0.5127005160570144
1789701086103603200,14.601603271484375,2.7661200790822504,-6.859347424337267,-1.3201865269988775
1789701086113624000,14.6116240234375,3.0080092655599118,-7.385868960475921,-2.089839943152666
1789701086123646000,14.62164599609375,2.3466145640730858,-7.7579036992579695,-3.0464117691904304
1789701086133667000,14.6316669921875,1.0362100108981132,-7.931260032257438,-4.22824839464128
1789701086143688000,14.64168798828125,-0.12380495110601186,-7.430055892726778,-4.926676649492979
1789701086153709000,14.651708984375,-0.7800735417507588,-6.260800516429543,-4.6268595901817084
1789701086163730200,14.661730224609375,-0.8840285678744315,-4.980346864882112,-4.040228160995245
1789701086173751000,14.6717509765625,-0.3008259440928697,-3.7320290577858684,-3.6060949856966733
1789701086183773000,14.68177294921875,0.682360917147994,-2.530883920753002,-3.339175402858853
1789701086193794000,14.6917939453125,1.693891537080705,-1.384399763712287,-3.070139266258478
1789701086203815000,14.70181494140625,2.7557649815455076,-0.24301497563719748,-2.5585534334450957
1789701086213836000,14.7118359375,3.6980931781753896,0.7952075441271066,-1.8117565767437218
1789701086223857000,14.72185693359375,4.20339715424031,1.4982073446780442,-1.1988824527978896
1789701086233878000,14.7318779296875,4.65591266618669,2.028389741411805,-0.8751952730774879
1789701086243900200,14.741900146484374,4.659254962351918,2.661813316911459,-0.5728647696405649
1789701086253921000,14.751921142578125,4.185597001394629,3.311708134740591,-0.11952595861256123
1789701086263942000,14.76194189453125,3.5669168215185403,3.9185131679058074,0.24241116452515124
1789701086273963000,14.771962890625,2.9218405098870397,4.367594906011224,0.4755442130953073
1789701086283984000,14.78198388671875,2.591948045785725,4.6024441108495,0.5929039335846901
1789701086294005000,14.7920048828125,2.592224232378602,4.592027930775284,0.37808746294975276
1789701086304027100,14.802027099609376,2.9039819048523903,4.281794691389799,-0.2474842300057411
1789701086314048000,14.812048095703124,3.391014895689487,3.6898534653574226,-1.247090311127901
1789701086324069000,14.822069091796875,3.7278754452377556,3.0867279974877833,-2.278959077951312
1789701086334090000,14.832090087890625,3.841938462269306,2.6516198396772146,-2.9511317785620688
1789701086344110800,14.84211083984375,3.9527977148234843,2.411842530786991,-3.330734322249889
1789701086354133200,14.85213330078125,3.9750788124755023,2.4317040000766514,-3.4367484728604554
1789701086364154000,14.862154052734375,3.765273448000848,2.672189749497175,-3.5012919644415375
1789701086374175000,14.872175048828124,3.3678122992783783,3.0256127267897126,-3.612096856459975
1789701086384196000,14.882196044921875,2.779959511603415,3.3138270265907046,-3.797461607161164
1789701086394217000,14.892217041015625,1.751697537100315,3.4378222395718097,-4.023244292968512
1789701086404238000,14.902238037109376,0.4517237770467996,3.334121042078733,-4.190609276598692
1789701086414260000,14.912260009765625,-0.7663210568606853,2.885318705436587,-4.192771423068643
1789701086424281000,14.922281005859375,-2.1673539754658937,2.029514946049452,-3.883675078758597
1789701086434302200,14.93230224609375,-3.5973341716140506,0.7866711864501238,-2.5623160008490085
1789701086444323000,14.942322998046874,-4.693889053359627,-0.8002747643887996,0.5505202513635158
1789701086454344000,14.952343994140625,-4.983517311611771,-3.13492533442378,3.9689235047161575
1789701086464365000,14.962364990234375,-5.814550786879658,-5.840238770365715,5.450287266620993
1789701086474387000,14.972386962890624,-7.3717796448469155,-7.4931129451423875,5.812835799655318
1789701086484408000,14.982407958984375,-6.693349052885174,-7.420010299530625,5.974062134400009
1789701086494429200,14.99242919921875,-4.6140948011547325,-5.252651647889614,5.161135393708944
1789701086504450000,15.002449951171876,-3.0310049412220716,-2.029724789407849,3.3785809460520744
1789701086514471200,15.01247119140625,-1.6382891845852137,0.130162503439188,1.4020260212957858
1789701086524492000,15.022491943359375,-0.5866881278097629,1.4789286437124014,-0.3366910382002592
1789701086534514000,15.032513916015626,0.08769991076290606,2.3442834907770154,-1.80674313249588
1789701086544535000,15.04253515625,0.013121347379684447,2.9203771593362093,-3.036207770562172
1789701086554556200,15.05255615234375,-1.0953472595214844,3.247061182785034,-4.110795735171437
1789701086564577000,15.062576904296876,-1.9897613200709223,2.7960084368675946,-4.739359011158347
1789701086574598100,15.07259814453125,-3.014560002377629,0.7911936323106289,-3.9327375080913303
1789701086584619000,15.082618896484375,-1.1948349309727548,-2.2714169920086857,-0.6926198608338833
1789701086594641000,15.092640869140626,5.165655501481891,-5.657130858680605,1.9939432819306848
1789701086604662000,15.102662109375,9.133775288599729,-8.02810537250638,1.4885907905489206
1789701086614683000,15.112682861328125,7.024688208663463,-9.87106665033102,0.6211193897217512
1789701086624704000,15.1227041015625,1.511402634076774,-11.354466301977634,1.1706050373405217
1789701086634725000,15.13272509765625,-1.1446928897097706,-10.829382105165719,2.1165379804641007
1789701086644747000,15.1427470703125,-1.0500500279411673,-7.976302120032906,2.1304864263176917
1789701086654767900,15.152767822265625,0.9803001998886466,-4.698694407814741,0.6999801604688167
1789701086664789000,15.1627890625,3.9507422435984014,-2.0655080504506826,-1.4912106176584958
1789701086674809900,15.172809814453124,5.644520967954397,-0.47015375222861766,-3.2358944766044613
1789701086684831200,15.182831298828125,6.113999597400427,0.4618810139238834,-4.261562635222077
1789701086694852000,15.19285205078125,6.158281806719303,0.7713426844149828,-4.214471213701367
1789701086704874000,15.2028740234375,5.976144785892963,0.3664315119475126,-3.3004835608929395
1789701086714895000,15.21289501953125,5.367222029921412,-0.13606792809069157,-2.1253245135098693
1789701086724916000,15.222916015625,4.9899780320584775,-0.3492874849230051,-1.1001163736194373
1789701086734936800,15.232936767578124,4.6305645821794865,-0.12292612244486809,-0.22141046207249163
1789701086744958000,15.2429580078125,4.346592449992895,0.6192886671632528,0.9153753077745437
1789701086754979000,15.25297900390625,4.011568760482967,1.5007652124673128,2.3664017990827557
1789701086765002000,15.263001953125,3.410502855491638,2.2548452119141817,3.8868841039329767
1789701086775023000,15.273023193359375,2.3010183495461938,2.9292221445709465,5.420914457142353
1789701086785044000,15.2830439453125,0.39698023333773014,3.4212668260902164,6.114899176588654
1789701086795064800,15.29306494140625,-2.137985988292843,3.601236439749598,5.079610372188687
1789701086805086000,15.3030859375,-3.764001820629835,3.3796173033624886,3.222596603614092
1789701086815106800,15.31310693359375,-3.7859482795000075,2.866805143624544,1.3619652290642261
1789701086825128700,15.323128662109376,-2.8060815025925634,2.4367601144224404,-0.02607084532380104
1789701086835150000,15.333150146484375,-1.634535969531536,2.037205500552058,-0.9989356345146894
1789701086845171000,15.3431708984375,-0.8130290320217609,1.6254565910190344,-1.5586819793850182
1789701086855192000,15.353192138671876,-0.3778196788590401,1.1140998907864093,-1.8100445121288298
1789701086865213000,15.363212890625,-0.21616660660225898,0.5403279431730509,-1.9684014289170502
1789701086875233800,15.37323388671875,0.07094466386027634,-0.09629764323830604,-2.1148539728999136
1789701086885256000,15.383255859375,0.5522948963532224,-0.6376321331053972,-2.2975281693428755
1789701086895276800,15.39327685546875,1.2491431520044802,-1.0115554621130227,-2.5140070202320812
1789701086905298000,15.4032978515625,1.9324772980988025,-1.1273562627226115,-2.689390475144982
1789701086915319000,15.413319091796875,2.277354565364122,-0.947840822571516,-2.8018460569798944
1789701086925340000,15.42333984375,2.222003849542141,-0.5907762739062309,-2.831384870675206
1789701086935361000,15.433361083984375,1.5875316417723893,-0.08919102610349655,-2.7196552650272845
1789701086945383000,15.4433828125,0.3900122940212488,0.5369838934421539,-2.2388591227531434
1789701086955403800,15.45340380859375,-1.05143446803689,1.0054349334061146,-1.1065607274532316
1789701086965425000,15.4634248046875,-2.8822990653544664,1.3215484630018473,0.19456278715729713
1789701086975446000,15.473446044921875,-4.945328158470988,1.6718524314910173,1.4026725025057791
1789701086985467000,15.483466796875,-6.166150640398263,2.0441274087697265,2.2057570636183024
1789701086995488000,15.493488037109374,-5.681328895869851,2.2217782240927217,2.6437854927897453
1789701087005510000,15.503510009765625,-3.9389585745632645,2.1903572499126196,2.9320296032071114
1789701087015530800,15.51353076171875,-1.78303901630342,2.1460089896202086,3.2025556861042976
1789701087025552000,15.5235517578125,0.10162263765335082,2.1020055972427127,3.4371319192200898
1789701087035573000,15.533572998046875,1.1378584405798464,1.9707886163145303,3.5632682358831165
1789701087045593900,15.54359375,1.0600853920042514,1.7574796276330946,3.5329654520779847
1789701087055615000,15.553614990234376,-0.06629413464069366,1.4630892695456743,3.4305285754323003
1789701087065636900,15.563636962890625,-1.7848315988086163,1.1117986281067131,3.4593367367655037
1789701087075657700,15.57365771484375,-3.182142428150773,0.7553361369878053,3.4509348191231486
1789701087085678800,15.583678955078126,-3.6962504729181527,0.5606827489376067,3.217031955224275
1789701087095699700,15.59369970703125,-3.527950838786363,0.6563134526997805,3.0575176850944756
1789701087105721000,15.60372119140625,-3.08072846481204,0.8867477637052535,3.01291749586761
1789701087115743000,15.613742919921876,-2.6861510548323393,1.140971531099081,2.9989029990404843
1789701087125763800,15.623763916015625,-2.2960545896589757,1.3974690886437893,2.9611709420174357
1789701087135785000,15.633784912109375,-1.732612897402048,1.5956401294261215,2.960411648082733
1789701087145805800,15.643805908203126,-1.3423334768772124,1.630766972386837,3.281690597617626
1789701087155826700,15.65382666015625,-1.3831442106932401,1.3364450033605098,4.303474023756385
1789701087165848000,15.66384814453125,-1.7080321445055304,0.8449877663403749,5.540327603030205
1789701087175870000,15.673869873046876,-1.9292244337826967,0.4694529104828834,6.0892801666855805
1789701087185890800,15.683890869140624,-2.266193119880557,0.201347917252779,5.937809502279758
1789701087195912000,15.693911865234375,-2.682739785084128,-0.06632102264761924,5.408807839763164
1789701087205932800,15.703932861328125,-2.803486225402355,-0.5445394233882427,4.888470545217395
1789701087215954000,15.713953857421876,-2.433133156096935,-1.316803898823261,4.473341345596313
1789701087225974800,15.723974853515625,-1.5519956334888934,-2.338952651143074,3.7834541245967146
1789701087235997000,15.733996826171875,-0.28242106681969015,-3.5445863317668436,2.730809111726284
1789701087246018000,15.74401806640625,1.3112602932214736,-4.686557395297289,1.6438006414830684
1789701087256039000,15.754038818359374,3.0471593726873394,-5.724236309704184,0.9300853856503963
1789701087266059800,15.764059814453125,4.131009378899634,-6.6097519012659784,0.49527241139411926
1789701087276081000,15.774080810546875,4.317786042225361,-7.350192082417011,-0.07673135750293732
1789701087286101800,15.784101806640624,3.802172269070148,-8.048515123328565,-1.0347738406151532
1789701087296124000,15.7941240234375,2.4590052639782427,-8.661737622320652,-2.2609563882708548
1789701087306145000,15.80414501953125,0.8394748481377958,-8.600464530712365,-3.147287387868762
1789701087316166000,15.814165771484374,-0.5785783249817789,-7.173305821725726,-2.96489317741096
1789701087326187000,15.82418701171875,-1.2706300305388867,-5.191591322249174,-2.4630039782255886
1789701087336208000,15.834207763671875,-1.0882526250854134,-3.475612164261937,-2.238430668208003
1789701087346228700,15.844228759765626,-0.2706561390176415,-1.9926585028171537,-2.3150094654977322
1789701087356251000,15.8542509765625,0.9540107433781028,-0.7463467748463153,-2.436447395211458
1789701087366272000,15.86427197265625,2.014982562828064,0.4450625655919313,-2.354788518178463
1789701087376292900,15.87429296875,3.0126416015356776,1.4474737672626972,-2.078178146931529
1789701087386314000,15.88431396484375,4.013030649729073,2.1322996132194993,-1.9635206711381672
1789701087396334800,15.8943349609375,4.768286414957046,2.7064509155392646,-1.8183891466259956
1789701087406356000,15.90435595703125,5.1023196321249005,3.2978269089043137,-1.6537123791664838
1789701087416378000,15.914378173828124,4.745744620542228,3.8344086512863633,-1.2513362781345843
1789701087426399000,15.92439892578125,4.022815838423371,4.361953100731968,-0.7555459803462028
1789701087436419800,15.934419921875,3.2509564366579053,4.672345330071449,-0.46578035944998264
1789701087446441000,15.94444091796875,2.8943799637705085,4.741447507870197,-0.42547114541530606
1789701087456461800,15.9544619140625,2.9140988097190856,4.540560193866491,-0.7299088502645492
1789701087466483700,15.964483642578125,3.1364053438484665,4.031270363035798,-1.4813789594739675
1789701087476504800,15.9745048828125,3.579932662697136,3.378203344911337,-2.2051918309509753
1789701087486526000,15.98452587890625,4.085995055913925,2.798447062191367,-2.6444921797543763
1789701087496547000,15.994547119140625,4.49147438365817,2.3563573749303814,-2.8347692524164914
1789701087506568000,16.00456787109375,4.750443884274363,2.095604498028755,-2.8440409386307
1789701087516588800,16.0145888671875,4.851239423453808,2.0478104811966418,-2.783456413808465
1789701087526611000,16.02461083984375,4.807797172090411,2.098571531140804,-2.8367648101478813
1789701087536631800,16.0346318359375,4.487771437487006,2.260801489970088,-3.0444606351226566
1789701087546652700,16.044652587890624,3.9334585158422586,2.5169740533441303,-3.3622283616662023
1789701087556674000,16.054674072265627,3.1269629772424694,2.764422042992711,-3.7564123884141445
1789701087566695000,16.06469482421875,1.8711223734259603,2.9291180996745823,-4.243333735570311
1789701087576716000,16.074716064453124,0.11481295861601828,2.9395675974965094,-4.639961648339033
1789701087586738000,16.084738037109375,-1.7656299086019396,2.6104887878656386,-4.813361235958338
1789701087596758800,16.0947587890625,-3.7105025778934357,1.7447651074886321,-4.542673240497708
1789701087606780000,16.10477978515625,-5.856856143167614,0.1923369278013706,-3.3665006321579214
1789701087616800800,16.11480078125,-7.897771019631624,-2.1041233200490472,-0.43519232896268367
1789701087626822000,16.12482177734375,-8.330221356409787,-4.63392412174046,3.8600574718058107
1789701087636843000,16.134843017578124,-5.240252769565582,-6.789357357788085,6.399294794884324
1789701087646865000,16.144864990234375,-3.85586235820353,-8.07271316051781,6.957267700341344
1789701087656885800,16.1548857421875,-5.194612715896964,-8.111233153048158,7.14280605404377
1789701087666907000,16.164906982421876,-4.972615393847227,-5.860272673612832,6.554551992091536
1789701087676927700,16.174927734375,-3.4190789606571195,-2.5658985355108976,4.367984782111645
1789701087686949000,16.18494921875,-2.083553410229087,-0.5601835672438145,1.795383534091711
1789701087696970000,16.194969970703124,-1.044153078857064,0.3976899890422821,-0.31634967643916606
1789701087706991900,16.204991943359374,-0.6542609040841459,0.9769558578968047,-1.8073837684869765
1789701087717013000,16.215012939453125,-1.3468012699410319,1.3633973076939583,-2.7859412163615227
1789701087727033900,16.225033935546875,-2.736948345133662,1.0015735818028448,-3.2999516459733247
1789701087737054700,16.2350546875,-3.728103993296623,-0.6288847630262374,-2.582302557823062
1789701087747075800,16.245075927734376,-2.641684136596322,-3.1280414201289415,-0.38300387656390666
1789701087757097000,16.255096923828123,1.0296773942589759,-5.9243982320427895,2.1097312230587004
1789701087767118600,16.26511865234375,6.228413912087679,-7.11660076868534,2.8263988989561795
1789701087777139700,16.2751396484375,8.36606365416348,-7.396897719490528,2.1114783589869734
1789701087787160800,16.285160888671875,7.416119137310981,-7.306687871733307,1.2813596604764461
1789701087797182000,16.295181884765626,4.541257236219942,-6.447790822505951,0.8414788814365863
1789701087807202800,16.305202880859376,0.7193135142311453,-4.4889095016062255,0.08810030825734139
1789701087817223700,16.3152236328125,-1.2961331589773297,-2.462878890541196,-1.7235440402835607
1789701087827245800,16.325245849609374,0.6108011170640587,-1.3083470361232756,-3.8934640668451785
1789701087837266700,16.3352666015625,3.8409506202757355,-0.6230559107422828,-5.235740260577201
1789701087847287800,16.345287841796875,5.4510407153367995,-0.006178980895876884,-5.820990464538335
1789701087857309000,16.355308837890625,5.995391922676563,0.5097065949380397,-5.458739453145862
1789701087867329800,16.365329833984376,6.0241749495685095,0.5698416224271059,-3.9561557930797338
1789701087877351000,16.375350830078126,5.584428610563278,0.28369302298426624,-2.322376779395342
1789701087887372800,16.385372802734373,5.188630134356021,0.12101941204071044,-0.8308201247781515
1789701087897393700,16.3953935546875,4.732544070446491,-0.024221418064832686,0.5515729752868413
1789701087907414800,16.405414794921874,4.104770775793493,0.04085106582641601,1.8076368664652107
1789701087917436000,16.415435791015625,3.7279055481150745,0.49841889272630213,3.2477795601874586
1789701087927456800,16.425456787109376,3.512153550195694,0.9853642052799463,4.674122276616096
1789701087937478700,16.435478759765626,3.006353899568319,1.4715508084207771,5.7785898311823605
1789701087947499800,16.445499755859377,1.888625443021208,2.187774832203984,6.364433324861526
1789701087957520600,16.455520751953124,-0.051745384806394575,2.9384318714648483,5.737679728645086
1789701087967541800,16.465541748046874,-1.9980336199842392,3.394938206613064,3.9992023231238125
1789701087977562600,16.475562744140625,-3.0142519593417645,3.3483804535776374,1.917438718920946
1789701087987584000,16.485583984375,-2.9620857187747953,2.9755583638101815,0.10294482616782188
1789701087997606000,16.49560595703125,-2.31329681636095,2.712366277062893,-1.0574375078439713
1789701088007626800,16.505626708984376,-2.0173148051679135,2.392472644406557,-1.7815794651448726
1789701088017647600,16.515647705078123,-1.7745944285631179,1.8054606914699076,-2.2996833015501497
1789701088027668700,16.525668701171874,-1.3713432982623577,1.1657394771307705,-2.5024171202033756
1789701088037689600,16.535689697265624,-0.6266624108016491,0.44778936020731924,-2.704242007318139
1789701088047711000,16.5457109375,0.5566448717236518,-0.2958247748047113,-2.7213182298034426
1789701088057732900,16.55573291015625,1.7149556601583957,-0.893981222090125,-2.930034045475721
1789701088067753700,16.565753662109376,2.6769793218612667,-1.3042431079357861,-3.061246350228786
1789701088077774800,16.57577490234375,3.27810163321495,-1.4716402402698994,-3.161336371487379
1789701088087795700,16.585795654296874,3.0756033768832682,-1.3260650636434554,-3.090142774367332
1789701088097816800,16.59581689453125,1.9851076490461825,-0.8932698589503765,-2.8457985959529877
1789701088107837700,16.605837646484375,0.42215223012566566,-0.3367126655101776,-2.15781165561676
1789701088117859800,16.61585986328125,-1.4856155741304158,0.26492811675965783,-1.1689712986588476
1789701088127880700,16.625880615234376,-3.974031056988239,0.8267541905134915,-0.056446109843254086
1789701088137901800,16.63590185546875,-6.180721602064371,1.3709779720813036,0.960957493776083
1789701088147922700,16.645922607421873,-6.571513063764572,1.8915157576352357,1.6431196734815836
1789701088157943800,16.65594384765625,-5.293995465669036,2.3136539592355487,2.162948433983326
1789701088167964700,16.665964599609374,-3.1634850739538667,2.7250819662511345,2.794461207425594
1789701088177986800,16.67598681640625,-0.8595160579085349,3.0840041254818438,3.4780659871548414
1789701088188008000,16.686008056640624,0.8581119632642715,3.247543997865915,4.055428652736544
1789701088198028800,16.69602880859375,1.4465496381551026,3.1815964847058056,4.492653948831558
1789701088208049700,16.706049560546877,0.8870698352664709,2.8670670094311235,4.730540913930535
1789701088218070800,16.71607080078125,-0.37693427432663734,2.2568460303425786,4.508306860515475
1789701088228091600,16.726091552734374,-1.5874509777516126,1.5418851583629847,3.491877070364356
1789701088238113800,16.73611376953125,-2.238821274960786,0.9842664731711148,2.1875930458962918
1789701088248135000,16.746135009765624,-2.343424243599176,0.6511246518850327,1.1471826606988906
1789701088258155800,16.75615576171875,-2.0265812306851148,0.5257113887995482,0.4986147075593471
1789701088268177000,16.766177001953125,-1.6569155591219662,0.4977992995232343,0.34504970122277734
1789701088278197800,16.77619775390625,-1.4973521891534327,0.4897919341564178,0.5289817887723446
1789701088288218600,16.786218505859374,-1.4985539661586285,0.4668523725956678,0.8571750477403401
1789701088298240800,16.79624072265625,-1.426726162788272,0.4729845917403698,1.3854291067600248
1789701088308262000,16.806261962890623,-1.3152021627150474,0.37506899191141124,2.295752976363897
1789701088318282800,16.81628271484375,-1.5040128160864115,0.07293839496076107,3.813410871443152
1789701088328303900,16.826303955078124,-1.6122352903962134,-0.23450316787958145,5.652352392232418
1789701088338324700,16.83632470703125,-1.3688123184800147,-0.2828261770218611,6.800120159342884
1789701088348345900,16.846345947265625,-1.202483107638359,-0.2556552615016699,7.228551908129453
1789701088358367700,16.85636767578125,-1.5393471643179655,-0.37995676395297046,7.166873742851615
1789701088368388900,16.866388916015627,-2.13373461445868,-0.5694137524038553,6.642216831541061
1789701088378410000,16.876409912109374,-2.748457581141591,-0.8507751175701618,5.562390381756424
1789701088388430800,16.886430908203124,-3.280885126453638,-1.4178192182332277,3.876718683749437
1789701088398451700,16.89645166015625,-3.436181486627459,-2.501054599678516,1.8841589651316404
1789701088408473900,16.906473876953125,-2.6029694982767104,-3.6919793714702127,0.022008418190479277
1789701088418494700,16.91649462890625,-0.8486836982488631,-4.598048506239056,-1.4345833060294388
1789701088428515600,16.926515625,1.030827733337879,-5.268987865662575,-2.28170399274528
1789701088438537000,16.936536865234373,2.6972949646592137,-5.753372387817501,-2.616312379452586
1789701088448557800,16.946557861328124,3.66499784104228,-6.230759013909101,-2.8281968882888555
1789701088458579000,16.956578857421874,3.7602246401786803,-6.547209228113293,-3.002327712792158
1789701088468600800,16.966600830078125,2.992074029803276,-6.837897809073328,-3.4057781650573014
1789701088478621700,16.97662158203125,1.5272944690831005,-7.036764430904388,-3.675374858149886
1789701088488642800,16.986642822265626,0.03273527164906263,-6.658042761704325,-3.1348481775343418
1789701088498663700,16.99666357421875,-0.890111394919455,-5.766848539984226,-2.1660487380862237
1789701088508684800,17.006684814453124,-0.8716296895503998,-4.813092355889082,-1.4850924270391463
1789701088518706000,17.016705810546874,-0.15546265665143727,-3.683297467842698,-1.1172463721185921
1789701088528727800,17.026727783203125,0.7512260713204741,-2.5743115590691565,-0.850371797466278
1789701088538748700,17.036748779296875,1.7653323869600892,-1.4555746561318634,-0.5973468844681978
1789701088548769800,17.046769775390626,2.661695535750687,-0.3212672590970993,-0.25522622243463994
1789701088558790700,17.056790771484376,3.253540900193155,0.6556219633042812,0.03563946865797043
1789701088568811800,17.066811767578123,3.723668933458626,1.4654723652899264,0.08350947333574295
1789701088578833000,17.0768330078125,4.079922165741026,2.211796343782544,0.07390987034142017
1789701088588854800,17.086854736328124,4.1457799547910685,2.917130140239,-0.0005839373677968978
1789701088598875600,17.096875732421875,3.9197459245711563,3.4973937879592176,0.02578676768541336
1789701088608896800,17.106896728515625,3.2500758544310924,4.194237988489866,0.15583061318099498
1789701088618917600,17.116917724609376,2.764194663977623,4.598732396849989,0.07859832041859627
1789701088628938800,17.126938720703127,2.700460735213756,4.666181546744704,-0.07373159116506577
1789701088638959900,17.1369599609375,2.953815026296675,4.453137346479297,-0.4583230291813612
1789701088648981800,17.146981689453124,3.1279455585390328,4.004924792423844,-1.0898615215867757
1789701088659003000,17.1570029296875,3.311116598588228,3.4223803402900694,-1.9262772744148968
1789701088669023700,17.167023681640625,3.575951776367426,2.789237919819355,-2.7789327989041803
1789701088679044600,17.177044677734376,3.766743228292465,2.3256226294487714,-3.4236814860165117
1789701088689065700,17.187065673828126,3.775661571024358,2.140986193022132,-3.840769418489933
1789701088699086600,17.197086669921877,3.7532106697633862,2.182713457161188,-4.1229105358570814
1789701088709108700,17.207108642578124,3.783715405881405,2.378788402447104,-4.402056563061476
1789701088719129900,17.2171298828125,3.678132924686372,2.687130713519454,-4.626353394225239
1789701088729150700,17.227150634765625,3.3411665766760703,3.121197253322601,-4.78810346058309
1789701088739171800,17.237171875,2.690716755312681,3.5250749910891055,-4.8473710575878615
1789701088749192700,17.247192626953126,1.654530709812045,3.7733290364235637,-4.784608019682765
1789701088759213600,17.257213623046876,0.31384441561996934,3.9216906288981437,-4.562659212949872
1789701088769236000,17.267236083984375,-1.3943816440224646,3.842272224268317,-4.169638384762406
1789701088779257000,17.277257080078126,-3.4889258193433283,3.3975118564933537,-3.4363241099685427
1789701088789278000,17.28727783203125,-5.6562429699301715,2.3830361230194566,-1.8585469694912433
1789701088799299000,17.297299072265623,-7.353762926641106,0.8973001373797654,1.1240905389249325
1789701088809320000,17.30731982421875,-8.228466032287479,-1.3946955322772263,5.125942499774694
1789701088819341000,17.317341064453124,-8.439156362903118,-4.350789317160845,8.071230228483676
1789701088829363200,17.32736328125,-6.852896056240796,-6.645769555586576,9.061426091703773
1789701088839384000,17.337384033203126,-4.9179415543735026,-8.013086082550883,8.267164303994178
1789701088849405000,17.347405029296876,-4.2777971461862325,-8.04190710336566,5.789817327639461
1789701088859426000,17.357426025390627,-3.6157667771443722,-5.249880429610609,3.2064258055359125
1789701088869447000,17.367447021484374,-1.9347917125210166,-2.036137579059601,0.9115893594950437
1789701088879468000,17.377468017578124,-0.3585983341038227,0.007073299387097358,-1.4430623805612324
1789701088889490200,17.387490234375,0.1690928303360939,1.507299582672119,-3.4772020638018843
1789701088899511000,17.397510986328125,0.02305003619790077,2.4397166261404752,-5.233121017989516
1789701088909532200,17.4075322265625,-0.9746236155569553,1.8953940603733062,-6.297195771890879
1789701088919553000,17.417552978515626,-1.5860288359940051,-0.5712170024335385,-5.052997675073146
1789701088929574000,17.427573974609373,1.396041101667285,-4.064723135304451,-2.047691238731146
1789701088939595000,17.437594970703124,5.948353108125925,-6.690956604790687,0.4755623332738876
1789701088949617000,17.447616943359375,7.5895760080754755,-8.014943693116306,1.3317203129261732
1789701088959638000,17.457637939453125,4.8702942525357,-9.319963046121597,1.8719582397282122
1789701088969659100,17.4676591796875,0.6063125734731555,-9.554622281345724,3.341491863107681
1789701088979680000,17.477679931640626,-0.7617498034223914,-7.498598098555207,4.247598407277464
1789701088989701000,17.487701171875,0.5416381489887834,-4.431313052684068,3.6967438093930483
1789701088999722000,17.497721923828124,2.989701747713983,-1.8902303939998149,1.4015905524879693
1789701089009744000,17.507743896484374,5.446315440380573,-0.10362228703796864,-1.5382541083842516
1789701089019765200,17.51776513671875,6.3865165618538855,0.9636568158626556,-3.681094404840469
1789701089029786000,17.5277861328125,6.480028373765945,1.5018600219666958,-4.8038007959306235
1789701089039807000,17.537806884765626,6.126300276046991,1.6210189008325337,-4.708416175884008
1789701089049828000,17.547828125,5.623092395478487,1.2945166636914014,-3.694791506281495
1789701089059849000,17.557848876953123,5.1654877436995505,0.8177771033316851,-2.543440619987249
1789701089069870800,17.567870849609374,4.759994095169008,0.6621516573339701,-1.3814759852200746
1789701089079892000,17.57789208984375,4.4783241024449465,0.9668325232893228,-0.13990999047160146
1789701089089913000,17.5879130859375,4.323425509417056,1.5263772081077098,1.3236574179798364
1789701089099934200,17.597934326171874,4.067986228753626,2.021252144616842,2.975310526528954
1789701089109955000,17.607955078125,3.304184753498435,2.320539042574167,4.842799511888623
1789701089119976000,17.617975830078127,1.6355556679680943,2.277192068278789,6.339874053144454
1789701089129998000,17.627998046875,-1.015358799918741,2.142043008598685,6.0633238876521585
1789701089140019000,17.63801904296875,-3.5826959899306297,1.9771242490768433,4.1427275814831255
1789701089150039800,17.648039794921875,-4.081991080969572,1.7453724257320165,1.8999305347591637
1789701089160061200,17.658061279296874,-2.8658535419881344,1.7486141841322183,0.199831667470932
1789701089170082000,17.66808203125,-1.4019032716989517,1.8620599460482596,-0.9973258612304925
1789701089180103200,17.678103271484375,-0.3880465469062328,1.852573740300536,-1.6867419575870035
1789701089190125000,17.688125,0.025320173086971043,1.7497545863389967,-1.9128595744371413
1789701089200146000,17.69814599609375,-0.004560366718098521,1.4859329695165155,-1.741589400061965
1789701089210167000,17.7081669921875,0.1888285543542355,0.9695090490221977,-1.5891098508745432
1789701089220188200,17.718188232421873,0.7646925788760185,0.3885825534790754,-1.4404828854620455
1789701089230209000,17.728208984375,1.349514912813902,-0.022929624688625333,-1.3724012828826904
1789701089240231000,17.73823095703125,1.9953800367355345,-0.33979017325937744,-1.5402894136041403
1789701089250252000,17.748251953125,2.4372353307187558,-0.506522704204917,-1.8286989437162875
1789701089260273000,17.75827294921875,2.48064426433444,-0.4466314223438501,-2.047483733460307
1789701089270294000,17.7682939453125,2.034276461362839,-0.1981014826774597,-2.1624545129865407
1789701089280315000,17.77831494140625,0.9441454751849174,0.2133113267689943,-2.0048434461295606
1789701089290336300,17.788336181640624,-0.4767518353193998,0.6753495770812035,-1.5246020151287316
1789701089300358100,17.798358154296874,-1.8787205734699963,0.9412661203563213,-0.5514508102118969
1789701089310379000,17.80837890625,-3.4526246719062326,1.1438801120221613,0.5314794508069753
1789701089320400000,17.81839990234375,-5.00569348758459,1.4453361707121133,1.3290735978096724
1789701089330421000,17.8284208984375,-5.738934697142243,1.7448650607317686,1.8334896851241587
1789701089340441900,17.83844189453125,-5.103885566267371,1.7922540038943289,2.1549498364448545
1789701089350463000,17.848462890625,-3.7320974468469617,1.790855243012309,2.490889179494977
1789701089360485000,17.858485107421874,-2.1726783853590486,1.8668927730321883,2.9612200418561696
1789701089370506000,17.868506103515625,-0.8908400745201855,2.0389871232718226,3.462161731058359
1789701089380527000,17.878527099609375,-0.39969957529902456,2.197308968746662,3.8076644367456436
1789701089390548000,17.8885478515625,-0.8567973735343665,2.166749579831958,3.8433214410603043
1789701089400569000,17.898569091796876,-1.779319265127927,1.8541975421100854,3.4379677855223414
1789701089410590000,17.90858984375,-2.3330431348383427,1.3598855001807213,2.8410522782087324
1789701089420612000,17.918612060546874,-2.0809698234766723,1.0710346560418604,2.480814360204339
1789701089430633000,17.928633056640624,-1.3606621836416422,1.2060159579396248,2.6245196513056754
1789701089440654000,17.938654052734375,-0.8012468973565846,1.5644412735641002,2.987545738723874
1789701089450675000,17.948675048828125,-0.6968810984749346,1.8949796343535183,3.244225082576275
1789701089460696000,17.958696044921876,-1.082045367943123,1.9766069472044705,3.2832939411610362
1789701089470717000,17.968717041015626,-1.6902392981834709,1.744782058623433,3.1812352501779793
1789701089480739000,17.978739013671873,-2.0848352667331693,1.2300269481241701,3.234863964512944
1789701089490760200,17.98876025390625,-2.439094840980321,0.3970850088864565,3.845543208763003
1789701089500781000,17.998781005859374,-2.488707159280777,-0.5425345133066177,4.882331896331906
1789701089510802000,18.008802001953125,-1.917230044606328,-1.0547942998588085,5.506376818111539
1789701089520823000,18.018822998046875,-1.1281319232702254,-1.181509293192625,5.405317659559846
1789701089530844000,18.028843994140626,-0.7728500933032483,-1.161372514092922,4.929406366717815
1789701089540866000,18.038865966796877,-0.8705255277007817,-1.2033382631629705,4.423310363492369
1789701089550887200,18.04888720703125,-1.0041945779561996,-1.3614274689257144,4.018531292971969
1789701089560908000,18.058907958984374,-1.0736825402021408,-1.7853315111547707,3.5991941202670334
1789701089570929200,18.06892919921875,-0.9345254139244555,-2.622075180763006,2.8455940132915973
1789701089580950000,18.078949951171875,-0.24142149590067563,-3.683175887289643,1.5421259813815353
1789701089590971000,18.088970947265626,0.9910545258760451,-4.640610467636585,0.24900690952837465
1789701089600993000,18.098992919921876,2.110185981088877,-5.386068184688687,-0.5080646729499101
1789701089611014100,18.10901416015625,2.8902082310438155,-5.958067277410626,-0.9155693690419197
1789701089621035000,18.119034912109374,3.066276745611429,-6.417031527104974,-1.331284259596467
1789701089631056100,18.12905615234375,2.63523510658741,-6.862044408336281,-2.1023972269088027
1789701089641077000,18.139076904296875,1.8064473644196986,-7.120811079856753,-2.971101968923211
1789701089651098000,18.14909814453125,0.8720192733898758,-6.7981117421299215,-3.371882325196266
1789701089661120000,18.1591201171875,0.06560819820314645,-5.819762384048104,-3.162890030670166
1789701089671140900,18.169140869140627,-0.4463688258849084,-4.544014718234539,-2.8399896174132824
1789701089681162200,18.179162353515625,-0.39734950504153965,-3.275922535610199,-2.5956086141198873
1789701089691183000,18.18918310546875,0.19991116244792936,-2.119304522567987,-2.486972298312187
1789701089701204000,18.199203857421875,1.110224802918732,-1.0505646994650364,-2.4077929631352424
1789701089711225000,18.20922509765625,2.1131661659434435,0.009929857861995696,-2.155564168950915
1789701089721247000,18.2192470703125,3.1241435359075664,1.0195160657286644,-1.6602011566638946
1789701089731267800,18.229267822265626,3.9769679872229693,1.7697516647070646,-1.1996727263927458
1789701089741289200,18.239289306640625,4.603931134536862,2.44095698159039,-0.8522872756987809
1789701089751310000,18.24931005859375,4.669388818353414,3.1004315286695956,-0.4807721768766641
1789701089761331200,18.259331298828126,4.042402582424879,3.7352579567044972,0.10681436107754706
1789701089771351300,18.269351318359377,3.138994775819778,4.3014509934961795,0.6350690046191215
1789701089781373400,18.27937353515625,2.360073765105009,4.642999993121624,0.9223533300936222
1789701089791394600,18.28939453125,2.175706793269515,4.787454056763648,0.969370517334342
1789701089801415400,18.29941552734375,2.3424784871816633,4.742016832190751,0.7548416314691305
1789701089811436300,18.309436279296875,2.7218559899419543,4.481581350675225,0.19311960261166095
1789701089821457400,18.31945751953125,3.2894501257032154,4.004851727187633,-0.677422291702032
1789701089831478300,18.329478271484376,3.7862019620001313,3.3938772993832824,-1.7526877171814441
1789701089841500400,18.33950048828125,4.133754293693602,2.7924674032598733,-2.624640062814951
1789701089851521500,18.349521484375,4.351428784108162,2.324808390456438,-3.1496359968215226
1789701089861542400,18.35954248046875,4.44822502451837,2.03287536239326,-3.4428555575639006
1789701089871563500,18.3695634765625,4.378946613369882,1.9811264704555271,-3.601958908805251
1789701089881584400,18.37958447265625,4.058651706436276,2.025003021582961,-3.7842847302019593
1789701089891605500,18.38960546875,3.578893675038218,2.152214274001121,-4.036243475273252
1789701089901627400,18.39962744140625,2.8435069778844713,2.3389964902848006,-4.246322395992279
1789701089911648500,18.4096484375,1.794038549223542,2.4431565374612805,-4.462935102394223
1789701089921669400,18.41966943359375,0.6996481520354747,2.3675082990199328,-4.5319525245189665
1789701089931690500,18.4296904296875,-0.5190165673360229,2.0352128654301165,-4.367515995556116
1789701089941711400,18.43971142578125,-1.8975830948501824,1.3410405144572257,-3.9239024597287178
1789701089951732500,18.449732421875,-3.082184508839249,0.19571546432375908,-2.5748914047837257
1789701089961754400,18.45975439453125,-3.732874860960245,-1.5688322019994259,0.021676994279026984
1789701089971775200,18.469775146484373,-4.943995448562503,-3.6564813571095462,2.955672344601154
1789701089981796600,18.479796630859376,-7.006309671407938,-5.803970356154442,5.030725052988529
1789701089991817500,18.4898173828125,-8.135407224839925,-7.0192077314257615,6.168866329097748
1789701090001838300,18.49983837890625,-6.624474254101514,-6.764508747735619,6.293271876445412
1789701090011859500,18.509859375,-5.0142240000426765,-4.876247023460269,5.233180054700374
1789701090021881300,18.51988134765625,-3.729895845149457,-2.352379118949175,3.6104461666435
1789701090031902200,18.529902099609377,-2.3634482099741696,-0.8075544000029563,1.8042092301040886
1789701090041923300,18.53992333984375,-1.2801163824170827,0.07853285396695137,0.11517653123140334
1789701090051944400,18.5499443359375,-0.9446358890503644,0.7419774737209082,-1.3745330342143773
1789701090061965600,18.559965576171876,-1.8418354886651038,1.1503156980276108,-2.481961192151904
1789701090071986400,18.569986328125,-3.131348644980788,0.45196752267479895,-2.5905612676024434
1789701090082008300,18.58000830078125,-2.5029586797341703,-1.801547317418456,-1.0684025539726019
1789701090092029400,18.590029541015625,0.5721911081627011,-4.749592820402979,1.042526938959956
1789701090102050300,18.60005029296875,5.097902400204539,-6.667211572065949,1.977462102729082
1789701090112071400,18.610071533203126,7.97204270902276,-7.692429648828506,1.8762404470920562
1789701090122092500,18.620092529296876,7.597227399611473,-7.731207415512204,1.690051520526409
1789701090132113400,18.630113525390627,5.390472557127476,-6.380720442795753,1.6391583686351776
1789701090142135300,18.64013525390625,1.333742174142599,-4.058093488031625,1.7904788109153509
1789701090152156400,18.650156494140624,-3.203428669546544,-1.5382143608957528,1.0213333442837
1789701090162177300,18.66017724609375,-3.4321789729878303,-0.43081776714026926,-2.426544425356388
1789701090172198400,18.670198486328125,1.2877099062860011,-0.18856909970045088,-5.582614254617691
1789701090182219500,18.680219482421876,5.053602070707083,0.052530982226133345,-6.785215435677767
1789701090192240400,18.690240478515626,6.12551818575859,0.11004501356184482,-6.920370340576768
1789701090202262500,18.700262451171874,6.169089616459607,-0.1796364361822605,-6.029182548597455
1789701090212283400,18.710283447265624,5.703427914953232,-0.625750556653738,-4.210401772305369
1789701090222304300,18.72030419921875,4.943390468406677,-0.9258096080273389,-2.006427500450611
1789701090232325400,18.730325439453125,4.267501085360348,-0.9068874654144048,0.18859248057603836
1789701090242346200,18.74034619140625,3.9514740650042888,-0.532229976913333,2.2447534414887427
1789701090252367600,18.75036767578125,3.9372938562214372,0.034279286220669745,4.167913460665941
1789701090262389500,18.760389404296873,3.9010467770591375,0.7256389178603887,5.8470618943840265
1789701090272410400,18.770410400390624,3.588179974299669,1.5806348679959774,7.182490998700261
1789701090282431500,18.780431396484374,2.8604572359025475,2.5651883414149284,7.6489201774477955
1789701090292452400,18.790452392578125,1.3765914280489087,3.6548195613771677,6.86400606379807
1789701090302473200,18.80047314453125,-0.7202887890040874,4.370954737833142,5.0884647097736595
1789701090312494600,18.81049462890625,-2.206685722770542,4.501441066399217,2.7906021939098835
1789701090322516500,18.8205166015625,-2.5702923865556717,4.020435665288567,0.6349181979715823
1789701090332537300,18.830537353515624,-2.6033167042791843,3.221113671579957,-0.941277810794115
1789701090342558500,18.840558349609374,-2.4372633877694607,2.4422844308018683,-1.717549183782935
1789701090352579300,18.850579345703125,-2.093521262013912,1.6718518469691275,-2.089151376366615
1789701090362600400,18.860600341796875,-1.5906405675731599,0.7680418893039226,-2.339391042560339
1789701090372621300,18.870621337890626,-0.7396410666625947,-0.2758177595645189,-2.5074451774984596
1789701090382642400,18.880642333984376,0.43877493668980894,-1.1590046159178018,-2.555762925943732
1789701090392664300,18.890664306640623,1.7323194674134252,-1.8705974727690218,-2.7429940550386904
1789701090402685400,18.900685546875,2.812244701397419,-2.26460263581872,-3.1269425189763305
1789701090412706300,18.910706298828124,3.3947803857028482,-2.262013788369298,-3.3325872566401955
1789701090422727400,18.9207275390625,3.4035119736909865,-1.9060551551192997,-3.445626775842905
1789701090432748300,18.930748291015625,2.6464929981827736,-1.2160054370343685,-3.5230285799533125
1789701090442769400,18.940769287109376,1.1736229238569735,-0.20310908170640468,-3.325554289263487
1789701090452791600,18.95079150390625,-0.4487631736755371,0.944798970657587,-2.575634916627407
1789701090462812400,18.9608125,-1.8523159661471842,1.6522084043443201,-1.2106284201711415
1789701090472833300,18.970833251953124,-3.1162171268224714,2.031838420560956,0.2115858181506395
1789701090482854400,18.9808544921875,-4.083772703689337,2.4274364057600497,1.3898901778221129
1789701090492875300,18.990875244140625,-4.229685149446129,2.6873873186290265,2.184897815462947
1789701090502897400,19.0008974609375,-3.434451886355877,2.790859968063235,2.6551053437054155
1789701090512918500,19.01091845703125,-2.0954899317383764,2.7918121542215344,2.984667552939057
1789701090522939400,19.020939453125,-0.7854911098200827,2.659485166224837,3.283998874559998
1789701090532960500,19.03096044921875,0.05096439049653709,2.4872873556107282,3.6918396707385774
1789701090542981400,19.0409814453125,0.11604637286849319,2.2291507986873387,4.037853833079338
1789701090553002200,19.051002197265625,-0.7849738810129463,1.787099105349183,4.036192037346959
1789701090563024600,19.061024658203124,-2.2297749219350513,1.2985937038719653,3.6699002261310816
1789701090573045500,19.07104541015625,-3.66980904071629,0.7752677489042281,3.030383009931445
1789701090583066400,19.08106640625,-4.557874901282787,0.175131525978446,2.4535914222359656
1789701090593087500,19.09108740234375,-4.56363185737431,-0.38687107338607307,2.306934295591712
1789701090603108400,19.1011083984375,-3.7920039262771605,-0.611056260868907,2.655553671994805
1789701090613129500,19.11112939453125,-2.5977006179630755,-0.34896658240556716,3.20870544090569
1789701090623150300,19.121150390625,-1.6546639808028936,0.1605745928376913,3.6566859397709366
1789701090633172500,19.13117236328125,-1.2015361821770667,0.7645897030234337,3.7717555034965273
1789701090643193600,19.141193603515624,-1.0430461405284701,1.2513321864813565,3.4925469324499367
1789701090653214500,19.15121435546875,-0.8798024746119976,1.4310370117247104,3.136161013698578
1789701090663235300,19.1612353515625,-0.7996323748320341,1.127711067509651,3.2803134640455243
1789701090673256400,19.17125634765625,-0.867352742883563,0.379150123745203,4.070969336217642
1789701090683277300,19.18127734375,-0.7778944441460073,-0.30784722103178497,4.850826750999689
1789701090693299200,19.19129931640625,-0.7668944728344679,-0.6874006648808717,4.9816485951304434
1789701090703320600,19.201320556640624,-1.0478560980934648,-0.9085334790557622,4.531136531960964
1789701090713341400,19.211341552734375,-1.6490948023684322,-1.135395192271471,3.925215295892954
1789701090723362600,19.221362548828125,-2.2276234429895876,-1.2765262489706277,3.4044653288930653
1789701090733383400,19.231383544921876,-2.5369723007559775,-1.5080442635595797,2.950780480906367
1789701090743404300,19.241404296875,-2.5878239515930415,-2.1073113024353978,2.2938024268180133
1789701090753426400,19.251426513671873,-1.8158523216247557,-2.9232021536290644,1.200586334106326
1789701090763447300,19.261447265625,-0.29366259180214255,-3.7084570435404776,0.01658113244473934
1789701090773468700,19.27146875,1.4523767368733882,-4.265078534388542,-0.8037123376220464
1789701090783489800,19.28148974609375,2.8728689737081528,-4.692296231210231,-1.1931260812282563
1789701090793510700,19.2915107421875,3.6362978162586685,-5.20349803314209,-1.3553133699595927
1789701090803531500,19.301531494140626,3.4842484751820564,-5.692803645086288,-1.6953846982479095
1789701090813554000,19.311553955078125,2.5843185738205907,-6.198875682914257,-2.2256465899586675
1789701090823574800,19.32157470703125,1.329263421293348,-6.497982548129558,-2.610861712831259
1789701090833595600,19.331595703125,0.3485068559393287,-6.115874159100652,-2.519842886778712
1789701090843616800,19.34161669921875,-0.184723237927258,-5.201684261718392,-2.1688445062845942
1789701090853637600,19.3516376953125,-0.173663791513443,-4.021910414016246,-1.9432418532192706
1789701090863658800,19.36165869140625,0.2413780220851302,-2.7737159410387275,-1.8589695788174867
1789701090873681000,19.371680908203125,0.9286156053587794,-1.5662947924762964,-1.814081804820895
1789701090883701800,19.38170166015625,1.8141969556331634,-0.43300621709525583,-1.7491718180149793
1789701090893723000,19.391722900390626,2.824068410181999,0.5811708256930113,-1.5229863966256378
1789701090903743700,19.40174365234375,3.768121823169291,1.4579577518761158,-1.1743149977743625
1789701090913764600,19.4117646484375,4.5526966218620535,2.386967032727599,-0.8460662092268466
1789701090923785700,19.42178564453125,4.967296829172969,3.172781894609332,-0.5684101283192634
1789701090933807900,19.431807861328124,4.528460883010924,3.8067952526956796,-0.15556640928685664
1789701090943828700,19.441828857421875,3.4650904779866334,4.28218339844644,0.33749943197369575
1789701090953849900,19.451849853515625,2.4029057756155727,4.496716960486769,0.7131044304579496
1789701090963870700,19.46187060546875,1.876786975058913,4.421911018088459,0.8288900334984064
1789701090973891800,19.471891845703126,1.9901018040716647,4.035764167323708,0.6859867064297199
1789701090983912700,19.48191259765625,2.3226678712964057,3.396514077627659,0.185775085067749
1789701090993934600,19.4919345703125,2.8503572821706533,2.710043971595168,-0.5509288321644067
1789701091003956000,19.5019560546875,3.3805987156152724,2.0811609621345997,-1.318309627211094
1789701091013976800,19.511976806640625,3.8522231249183414,1.6251801121652125,-1.9808336249887941
1789701091023997700,19.521997802734376,4.147943562565744,1.3153677285403012,-2.44662742844224
1789701091034018800,19.532018798828126,4.255072104158997,1.2274620660722255,-2.757967167764902
1789701091044039700,19.542039794921877,4.245800417944789,1.3424334301203489,-3.0318945835381745
1789701091054061600,19.5520615234375,4.081592437040806,1.5403572181433438,-3.4092490560382602
1789701091064082700,19.562082763671874,3.764318631494045,1.8467285214036702,-3.860006618401408
1789701091074103800,19.572103759765625,3.2628397666752336,2.2492460767328737,-4.297647509559988
1789701091084125000,19.582125,2.4060084178060293,2.663931624239683,-4.750287232407927
1789701091094145800,19.592145751953126,1.1176453083083033,2.971097877269983,-5.187387440818548
1789701091104166700,19.602166748046876,-0.3247486714720726,3.0679186675995584,-5.420181466692686
1789701091114188500,19.6121884765625,-1.738895923194289,2.9157249496161937,-5.413643589356541
1789701091124209700,19.622209716796874,-3.1384681215971706,2.316035301414132,-5.118569925180077
1789701091134230800,19.632230712890625,-4.064157318115234,0.9621575172156095,-3.976379665941
1789701091144252000,19.642251953125,-4.586147932825982,-1.0033569580882786,-1.05615272873044
1789701091154272800,19.652272705078126,-4.3685465076476335,-3.1595524106800554,2.4986855324596164
1789701091164294000,19.6622939453125,-4.764515079724789,-5.100924962896109,4.924264912176132
1789701091174315800,19.672315673828123,-6.095825058284402,-6.3292404309272765,6.174674138593673
1789701091184336600,19.682336669921874,-6.038081309846043,-6.274403509846329,6.692175917452573
1789701091194357800,19.692357666015624,-5.035559633538127,-4.605758349964022,6.448361315870285
1789701091204379000,19.70237890625,-4.079757915090024,-1.729213318091631,5.193791462641954
1789701091214399700,19.712399658203125,-3.0224013635277744,0.3788654615849256,3.325335678076744
1789701091224420900,19.7224208984375,-2.011153652189672,1.6121236467152833,1.671058066242933
1789701091234442800,19.73244287109375,-1.2962901031047105,2.52797884696126,0.19752046791911124
1789701091244463600,19.742463623046874,-1.6762366379246114,3.115802700802684,-1.1606418617308139
1789701091254484700,19.752484619140624,-2.927171641781926,2.995729629701376,-2.0653572438031436
1789701091264505600,19.762505615234375,-2.9851293252319095,1.2198954302102327,-1.510584011170268
1789701091274526700,19.772526611328125,-0.14690964010059832,-2.079405058377981,0.22452362565696238
1789701091284547800,19.7825478515625,4.132933332699537,-5.481040716803074,1.6595669504135846
1789701091294569700,19.79256982421875,8.187385249358416,-7.517658772855997,1.1137468395650387
1789701091304590600,19.802590576171873,8.702040406614541,-9.030151832517982,-0.2811386623263359
1789701091314611700,19.81261181640625,5.367445901805162,-10.477048676675558,-0.30876433587670327
1789701091324632600,19.822632568359374,-0.1815557138070464,-10.48094042341709,0.49053135434687134
1789701091334654000,19.832654052734377,-4.398085029082,-8.352301670792698,0.38098143082559105
1789701091344674800,19.8426748046875,-2.6973557549357414,-5.545011376932263,-1.9989707547038793
1789701091354695700,19.85269580078125,2.016047269450128,-2.925364300099015,-4.803321487981081
1789701091364717800,19.8627177734375,5.611666746100783,-1.1508686557352543,-6.19375877829194
1789701091374738700,19.87273876953125,7.0473325866699215,0.19272271224856374,-6.3527008014917365
1789701091384759600,19.882759521484374,6.851999399662017,1.0712059209555387,-5.524549603661894
1789701091394780700,19.89278076171875,6.055398355349898,1.1312035858005285,-3.7987539850592613
1789701091404801800,19.9028017578125,5.31793455966115,0.5716799437701702,-2.0982032823503016
1789701091414823000,19.912822998046874,4.901896720762551,0.1728220799922943,-0.6448398725271225
1789701091424844800,19.9228447265625,4.893620475326478,-0.03103577425479889,0.8036369342982769
1789701091434865700,19.93286572265625,5.203984355354309,0.06377659886181354,2.4287217693954704
1789701091444886800,19.94288671875,5.279630840229988,0.341585239982605,4.028911817210912
1789701091454907600,19.95290771484375,4.9812791772961615,0.9926333195000886,5.773911902499199
1789701091464928500,19.962928466796875,4.119610909789801,2.0435329500079153,7.596359969127178
1789701091474950000,19.972949951171874,1.9363269592642782,3.32198578312695,8.031923469489813
1789701091484971800,19.9829716796875,-1.488878959840536,4.352192169696092,6.651855597501993
1789701091494992600,19.99299267578125,-4.68019545904994,4.608962698963285,4.306355716672539
1789701091505013800,20.003013671875,-5.844578260874748,3.933619551622867,1.6545207729399203
1789701091515034600,20.01303466796875,-5.096956059265136,3.1508851200997827,-0.31227146721482274
1789701091525055700,20.0230556640625,-3.880444426274299,2.4342098454177377,-1.6812398530393837
1789701091535076600,20.03307666015625,-2.786632121235132,1.6969307586461304,-2.572331783428788
1789701091545098800,20.0430986328125,-1.7873393438458443,0.9992822559952735,-2.8261820413351058
1789701091555119900,20.053119873046874,-0.85788407279253,0.1883066493719816,-2.807209045317769
1789701091565140700,20.063140625,0.13642514403052627,-0.7412474058806896,-2.8130320523828267
1789701091575161600,20.07316162109375,1.2854548208355903,-1.4952701221823692,-2.794554730927944
1789701091585182700,20.0831826171875,2.388431260061264,-1.9827876816660164,-2.959107579746842
1789701091595203600,20.09320361328125,3.380168507504463,-2.114004662594199,-3.0836580885231495
1789701091605225700,20.103225830078124,3.774121063584089,-1.8515718697816133,-3.0566660367012024
1789701091615246800,20.113246826171874,3.3203719181895255,-1.2987661378294229,-2.937151184004545
1789701091625267700,20.123267822265625,2.0673709217131138,-0.49388592547178267,-2.6576684721916912
1789701091635288800,20.133288818359375,0.22906594526171684,0.4961106157839298,-2.175042776402831
1789701091645309700,20.143309814453126,-1.7535130620896815,1.4120330360472202,-1.2963187446773052
1789701091655330600,20.15333056640625,-3.7145389938026665,2.026653711399436,-0.01574292805492878
1789701091665352700,20.163352783203123,-5.294757682213187,2.438459904077649,1.239693771135807
1789701091675373800,20.173373779296874,-5.776094507235288,2.7942653925925494,2.084235547274351
1789701091685394700,20.183394775390624,-4.836082770854234,2.9466093327015637,2.537842069327831
1789701091695415800,20.193415771484375,-3.0552567544251676,2.85963189099431,2.914144986948371
1789701091705436700,20.203436767578125,-1.168655656838417,2.5194483345031737,3.199270673084259
1789701091715457800,20.213457763671876,0.12496142766475676,1.8920792367368935,3.3684085116058586
1789701091725480000,20.22347998046875,0.44815475945360955,1.1414549307018518,3.277714095202088
1789701091735500800,20.233500732421874,-0.10534143898077308,0.5614408738285303,2.9227205075919627
1789701091745521700,20.243521728515624,-1.2888245895296335,0.3794166657269001,2.4949480994969604
1789701091755542800,20.253542724609375,-2.560329795467853,0.4888023385971784,2.2405910611122843
1789701091765563600,20.263563720703125,-3.08404854914546,0.6396054790049791,2.2769027299433944
1789701091775584300,20.273584228515624,-2.8358260679930445,0.7813660657793283,2.6215543717592955
1789701091785606400,20.2836064453125,-2.3123393695056436,0.9082949941247701,2.899965070426464
1789701091795627300,20.293627197265625,-1.7505162183612584,1.0148568417459727,2.9522441237181423
1789701091805648400,20.3036484375,-1.2014666971374302,1.2174977214187384,2.8025363773316143
1789701091815669200,20.313669189453126,-0.9240104496508836,1.537274449697137,2.518258247935772
1789701091825690400,20.3236904296875,-0.9933306541144847,1.8579139322847127,2.287247013825178
1789701091835711200,20.333711181640624,-1.2390515277095138,2.1317659447342154,2.3921844751149415
1789701091845732000,20.343732177734374,-1.8275433439403772,2.0549393101632596,3.258397984835505
1789701091855754500,20.35375439453125,-2.6480244455337525,1.553592547291517,5.025393044310808
1789701091865775400,20.363775390625,-3.1902655288517474,1.023153545448184,6.5028083608508105
1789701091875796200,20.373796142578126,-3.2237042725950475,0.579293341383338,6.84914108762145
1789701091885817300,20.3838173828125,-3.0439801581293344,0.15992635806202887,6.2891504126012325
1789701091895838200,20.393838134765623,-2.801449751138687,-0.2887456301987171,5.583368287855387
1789701091905859300,20.403859375,-2.2246043874293564,-0.7611369322210549,4.900795773783326
1789701091915881500,20.413881591796876,-1.608470969426632,-1.3372469673931597,4.307800070261955
1789701091925902300,20.42390234375,-1.2907844914257525,-2.1861703196167945,3.6567689418792724
1789701091935923500,20.43392333984375,-0.7117769812464714,-3.2892022884219885,2.5261177292644974
1789701091945944300,20.4439443359375,0.6196013863742351,-4.365912652012706,1.2271692206054925
1789701091955965200,20.453965087890627,2.6758278137385845,-5.313623126202821,0.12747311822474003
1789701091965986300,20.463986328125,4.317061235082149,-6.1410243824481965,-0.713985889467597
1789701091976008200,20.47400830078125,5.001686005508899,-6.775197315010428,-1.4138345325112343
1789701091986029300,20.484029296875,4.735108075715601,-7.354391287672519,-2.261882855466008
1789701091996050400,20.494050537109374,2.8665350945115087,-8.138970470279455,-3.6246336819499727
1789701092006071300,20.5040712890625,0.0025334640003740784,-8.714175081044434,-5.078759308317303
1789701092016092400,20.514092529296875,-2.1764836228609084,-8.3570737075001,-5.405652590602636
1789701092026113300,20.52411328125,-2.985285392576456,-6.983699195671081,-4.394170778247714
1789701092036135200,20.53413525390625,-2.170776058869064,-5.2699201780766245,-3.3523025954574344
1789701092046156300,20.54415625,-0.5213189990594983,-3.5809850943595167,-2.77930630839169
1789701092056177400,20.554177490234373,1.0989745101079345,-2.026159205880761,-2.427769583237171
1789701092066198300,20.5641982421875,2.452905778059363,-0.6845283243149518,-2.040077841117978
1789701092076219400,20.574219482421874,3.5696129287347196,0.5185515801727771,-1.640360730162263
1789701092086240300,20.584240234375,4.498167159295082,1.5088701929897068,-1.2773416570067404
1789701092096262100,20.59426220703125,5.186076358219981,2.2160101620852948,-1.1532739633113145
1789701092106283300,20.604283203125,5.687442994835973,2.8594582879930734,-1.1529331870496273
1789701092116304100,20.61430419921875,6.916929260212183,2.605665313231945,-1.3111585864126682
1789701092126325200,20.6243251953125,6.5039072620034215,2.1929677246719597,-1.2721008337438107
1789701092136346400,20.634346435546874,3.320341523051262,4.424647165054083,-0.844765648022294
1789701092146367200,20.6443671875,2.5019623621731997,6.46386809708178,-0.6755734489649534
1789701092156389000,20.65438916015625,2.5152257483720777,6.327155441346764,-0.8973656038314104
1789701092166410200,20.66441015625,2.327943473611772,5.925506485545635,-0.9756740013927221
1789701092176431000,20.67443115234375,2.5054390983730555,5.311769022768735,-1.0363549723267556
1789701092186452500,20.684452392578127,2.7868416723325846,4.47890424042046,-1.3932038324147462
1789701092196473300,20.694473388671874,3.0872119816124437,3.7325451906144615,-2.0505232472866775
1789701092206494200,20.704494140625,3.182229521912336,3.2130724039435385,-2.616428114786744
1789701092216516400,20.714516357421875,3.073210636527836,2.97326703800261,-2.8958775088518856
1789701092226537200,20.724537109375,2.807325949695706,2.962686607277393,-2.9946710605591536
1789701092236558000,20.73455810546875,2.3201342611655593,3.1038714399904013,-3.022590748620033
1789701092246579200,20.7445791015625,1.5822563317179679,3.2566572786480186,-3.1780379154413936
1789701092256600300,20.754600341796873,0.698484076692164,3.3394939672887323,-3.4027526797562837
1789701092266621400,20.764621337890624,-0.030179449686408042,3.1710967180013654,-3.645780514875054
1789701092276642300,20.774642333984374,-0.6996171723753214,2.7776830911040307,-3.795363758099079
1789701092286664200,20.784664306640625,-1.5074442518398166,2.055470056039095,-3.574652384206652
1789701092296685300,20.794685302734376,-1.9374848971277474,0.9260176978200674,-2.6427093879908323
1789701092306706200,20.8047060546875,-2.3715277637943624,-0.5306505987673997,-0.6171177528649568
1789701092316727000,20.81472705078125,-4.699250288131833,-2.3519547560572622,2.4100533092826604
1789701092326748400,20.82474853515625,-7.769058715000748,-4.631146473720669,5.135036491334438
1789701092336769300,20.834769287109374,-9.318516938966512,-7.012773898985982,6.355143518468737
1789701092346791200,20.844791259765625,-8.011659264618158,-8.462527886140347,6.366394395801424
1789701092356812300,20.854812255859375,-5.915321776139736,-7.831168257433176,5.606894124871492
1789701092366833200,20.864833251953126,-3.9349773959726093,-4.854769351145625,4.293716599851846
1789701092376854300,20.874854248046876,-2.273653372758627,-1.9672914218485353,2.2214093907803294
1789701092386875400,20.88487548828125,-1.1542992147058249,-0.08916296905279159,0.020303952360153196
1789701092396896300,20.894896240234374,-0.916299729143083,1.3769979630231857,-1.9087007011920212
1789701092406918400,20.90491845703125,-1.7345330518096684,2.3851906707048416,-3.4479999347150323
1789701092416939300,20.914939208984375,-2.5426886325761675,2.1713117731809617,-3.996545086613297
1789701092426960100,20.924960205078126,-1.8302736456871032,0.14673486805558203,-2.5744214491844177
1789701092436981200,20.934981201171876,1.1729057154983282,-2.6278181083291767,0.11684475670456886
1789701092447002000,20.945002197265627,5.511631669899821,-4.714702708807588,1.6785235798180103
1789701092457023500,20.9550234375,8.024882318806648,-6.08023644400835,2.0089029506534337
1789701092467045400,20.96504541015625,7.960878340929746,-7.37261083497405,1.7354390607386827
1789701092477066200,20.975066162109375,4.987014506077766,-7.733745994079112,1.8708207601308822
1789701092487087400,20.98508740234375,0.16045944202542303,-6.604501725652813,2.11114927316308
1789701092497108200,20.995108154296876,-1.5329071943983434,-4.647939203089475,0.5731324806660414
1789701092507129000,21.005129150390626,1.205563830257952,-3.0086528241604564,-1.8918541958093642
1789701092517150200,21.015150146484373,4.185801291795075,-1.871604019463062,-3.533648758167028
1789701092527172400,21.02517236328125,5.58095655053854,-1.1213830335319042,-4.572427158248424
1789701092537193200,21.035193115234375,6.667665745574236,-0.44123570078015323,-4.8168800577342505
1789701092547214300,21.04521435546875,6.720517045795917,0.015723054310679434,-3.8660447295218705
1789701092557235200,21.055235107421876,5.917628884038328,0.03264554753899574,-2.504412093412876
1789701092567256300,21.06525634765625,5.421144758766889,-0.0052425768285989756,-1.2718880677759647
1789701092577277200,21.075277099609377,4.9184319682389495,0.08773089042305945,-0.03304652955532074
1789701092587299300,21.08529931640625,4.280755411469936,0.48722354497313497,1.296678810161352
1789701092597320200,21.0953203125,3.6657378457546232,1.0545476316213607,2.7017478524148464
1789701092607341300,21.10534130859375,2.672370951282978,1.6030355003744363,4.095182570976019
1789701092617362200,21.115362060546875,1.2182852185346185,2.307506542521715,5.305539772990346
1789701092627383300,21.12538330078125,-0.9239875071667134,3.2134640336096285,5.5291755098968745
1789701092637404200,21.135404052734376,-3.0296470968723295,3.784516200870275,4.2399522764384745
1789701092647426300,21.14542626953125,-3.673797233569622,3.7173078739941117,2.3025223243683577
1789701092657447400,21.155447509765626,-2.7253707200646398,3.2562679870694873,0.6628022301971912
1789701092667468300,21.16546826171875,-1.3185492811858652,2.8891274500697848,-0.46695057227313513
1789701092677489400,21.175489501953123,-0.22905659291148184,2.566774149301648,-1.3533254110127686
1789701092687510300,21.18551025390625,0.44467049753442406,2.2073849570810795,-1.9465894100815058
1789701092697531100,21.19553125,0.7862135788757354,1.743154165160656,-2.256505838602781
1789701092707552300,21.20555224609375,0.721822574442625,1.083915180402994,-2.3062293621927497
1789701092717574400,21.215574462890626,0.7253051558613777,0.20313012449443338,-2.5814094083756207
1789701092727595300,21.22559521484375,1.017791726154089,-0.5884130519062281,-2.6070459539353847
1789701092737616400,21.235616455078127,1.473427708208561,-1.170574642202258,-2.623619487595558
1789701092747637200,21.24563720703125,1.7425953622341155,-1.5651146427810192,-2.7162702987641096
1789701092757658400,21.255658447265624,1.499526610583067,-1.703207354697585,-2.8430484204620123
1789701092767679200,21.26567919921875,0.639152474540472,-1.349775609576702,-2.8608044419050214
1789701092777702400,21.275702392578125,-0.591669423353672,-0.5956137770652771,-2.558175832304358
1789701092787723300,21.28572314453125,-1.7720920903533697,0.15538637654483317,-1.839845191630721
1789701092797744400,21.295744384765626,-2.7908406788408753,0.6551479160517454,-0.8637497499555349
1789701092807765200,21.30576513671875,-3.4499165819913147,1.0695558156609535,0.21015081691145895
1789701092817786000,21.3157861328125,-3.6499598463863134,1.5161410607755184,1.1681453692287207
1789701092827807200,21.32580712890625,-3.3659657946288584,1.9007856902837752,1.953162943252921
1789701092837829400,21.335829345703125,-2.5649609623998404,2.1862059754520655,2.718999431467056
1789701092847850200,21.345850341796876,-1.5358008700132368,2.4144588507652283,3.33886443721354
1789701092857871400,21.355871337890626,-0.6609984687108547,2.655285376447439,3.781687114924192
1789701092867892200,21.365892333984377,-0.1348152976810932,2.90174435505867,3.977639310613274
1789701092877913300,21.375913330078124,-0.21897475935816763,3.0143004746586084,3.892543444868922
1789701092887934200,21.385934326171874,-0.963595587194711,2.7401380810856817,3.5477643772810694
1789701092897956000,21.3959560546875,-2.1047803226530553,1.9801707771658896,3.2121096963912246
1789701092907977200,21.405977294921875,-3.1563784568190574,0.975916577976942,2.9314450813174244
1789701092917998300,21.415998291015626,-3.5819554006963967,0.24371347929537296,2.629399240040779
1789701092928019200,21.426019287109376,-3.2609120134830474,0.03672375676333904,2.5729168898403643
1789701092938040300,21.436040283203123,-2.667320097634196,0.3011234657347202,2.889008207604289
1789701092948061200,21.446061279296874,-2.2143565496593713,0.8193506362587213,3.433537109598517
1789701092958083000,21.4560830078125,-2.0879589517116544,1.3980536105334758,3.912767317730188
1789701092968104200,21.466104248046875,-2.073762084054947,1.7636077551245688,4.018127388346195
1789701092978125300,21.476125244140626,-1.9091537056565284,1.7026830385625362,4.023335478383302
1789701092988146400,21.486146484375,-1.8552385755956171,1.1183242304831742,4.661131862139702
1789701092998167300,21.496167236328127,-1.7007915257275104,0.3419645946890116,5.773727193582058
1789701093008188200,21.506188232421874,-1.2101188632138073,-0.16281097358763216,6.436811163330078
1789701093018210000,21.5162099609375,-0.7587106549222021,-0.4502513664066791,6.464468985584378
1789701093028231200,21.526231201171875,-0.7986001822400838,-0.7467319747716188,6.0552095547795295
1789701093038252300,21.536252197265625,-1.179420869546011,-1.0917810914725063,5.603345492479205
1789701093048273400,21.5462734375,-1.486469560611248,-1.470422681173682,5.041454536795616
1789701093058294300,21.556294189453126,-1.671315840396285,-2.0886562863260507,4.429322755649686
1789701093068315400,21.5663154296875,-1.585560633960366,-3.0705770731538533,3.3376194055885073
1789701093078337300,21.576337158203124,-0.7087503269016743,-4.149758795294165,1.6088889025777577
1789701093088358100,21.586358154296875,0.6406944432854652,-5.047944483336806,0.21207623201608655
1789701093098379000,21.59637890625,2.1318740812838075,-5.802062476706505,-0.6734265000641345
1789701093108400400,21.606400390625,3.19889541003108,-6.392839919656515,-1.2333037778377531
1789701093118421200,21.616421142578126,3.5053041226923463,-6.891004545360803,-1.8773358411133287
1789701093128442400,21.6264423828125,2.869919476252794,-7.422787363028526,-2.9439596949756144
1789701093138464300,21.63646435546875,1.4747254929341376,-7.836013359376787,-4.221118981152773
1789701093148485000,21.646485107421874,0.24622020141929388,-7.687388147529959,-4.977894795554876
1789701093158506200,21.65650634765625,-0.5190136447265744,-6.674765932968258,-4.773250174844264
1789701093168527000,21.666527099609375,-0.7779787614285946,-5.080048179084062,-4.046268025681377
1789701093178548200,21.67654833984375,-0.33286300434470173,-3.3392584049671887,-3.3708447988420724
1789701093188569300,21.6865693359375,0.6906941534683108,-1.7436609456390142,-2.750195949241519
1789701093198591200,21.69659130859375,1.8841127879023551,-0.4784592237591743,-2.2023399486511943
1789701093208612000,21.706612060546874,2.9727780854418873,0.5744394716113805,-1.7476918085902928
1789701093218633200,21.71663330078125,4.1551109699770805,1.6465058087885378,-1.2822510563582181
1789701093228654000,21.726654052734375,5.1346670735001565,2.6050451355069875,-0.8616133224487305
1789701093238675200,21.73667529296875,5.382143120199442,3.478679735139012,-0.46524318383336066
1789701093248696300,21.7466962890625,4.745701658183336,4.429723737666011,0.14409692076742647
1789701093258717200,21.75671728515625,3.51449163775444,5.301221909791231,0.6993611517876386
1789701093268739300,21.7667392578125,2.44919990927875,5.82131779679656,1.0019903459101915
1789701093278760200,21.77676025390625,1.9951029733598231,6.10097528065443,1.0671154367715119
1789701093288781000,21.786781005859375,2.043127291816473,6.0801329836338756,0.683815792131424
1789701093298802200,21.79680224609375,2.430281566058099,5.645283769020438,-0.16247721158862113
1789701093308823300,21.8068232421875,3.0097476336598397,5.035072142282128,-1.1537322284728289
1789701093318844400,21.816844482421875,3.630603404009342,4.43095649433136,-1.9461907661527393
1789701093328866300,21.8268662109375,4.048728278315067,3.8103251803874967,-2.4023247608572245
1789701093338887200,21.83688720703125,4.329465374103188,3.111433984199166,-2.631514624759555
1789701093348908300,21.846908203125,4.491864259758591,2.2627818501323462,-2.692702376171946
1789701093358929200,21.85692919921875,4.516344621020555,1.4518296243846416,-2.7444723108977076
1789701093368950000,21.866949951171875,4.373393363156914,0.7523188349932431,-2.975813215354085
1789701093378971400,21.876971435546874,3.910546719071269,0.2878828758895397,-3.2973002546817063
1789701093388993300,21.8869931640625,2.987288549092412,0.17470131786763668,-3.614873919957876
1789701093399014100,21.89701416015625,1.682584253385663,0.32510347625911235,-3.904164909079671
1789701093409035300,21.90703515625,0.1472375568807125,0.5771627590954304,-4.1853924187332385
1789701093419056000,21.91705615234375,-1.3688205017864703,0.8380471534222363,-4.381678376421332
1789701093429077200,21.9270771484375,-2.687037190017104,0.9481868595302104,-4.314624947845935
1789701093439098000,21.93709814453125,-3.182813459280133,0.9265689019620418,-3.571854277920723
1789701093449120300,21.947120361328125,-2.6575258488506077,0.9733096103489398,-1.6575351523250341
1789701093459141400,21.957141357421875,-2.5023411323577163,0.5595861858725547,0.7687783868849277
1789701093469162200,21.967162353515626,-4.260656918554008,-0.9495172313511371,3.1249884622991084
1789701093479183000,21.97718310546875,-6.2538651642084115,-2.8784505732327696,5.336781883472204
1789701093489204200,21.987204345703127,-6.989719771134853,-4.552780208492279,6.851627643740176
1789701093499225000,21.99722509765625,-5.881189789435267,-5.687387465256452,7.041120288026333
1789701093509247200,22.007247314453124,-4.6483372624963515,-5.916367485800385,5.9449997060447926
1789701093519268400,22.017268310546875,-3.215409906980395,-4.8305426723837845,4.2851486779928205
1789701093529289200,22.027289306640625,-2.0896488044947383,-2.881669535279274,2.4590356591165063
1789701093539310300,22.037310302734376,-1.6040817945569752,-1.1407371378213167,0.44345103874206543
1789701093549331200,22.047331298828126,-2.0119301895201205,0.23835458261072634,-1.3775783932596444
1789701093559352000,22.05735205078125,-2.7728438343793154,0.671892714625597,-2.5529145507752893
1789701093569374200,22.067374267578124,-2.2364938549265263,-0.6850462107092141,-2.4631682288765906
1789701093579395300,22.077395263671875,0.30146716460585593,-3.5654900035858152,-1.5246937850654125
1789701093589416200,22.087416259765625,4.485485956898331,-5.925151096236705,-0.9778606977820395
1789701093599437300,22.097437255859376,7.662262474101781,-7.0598056992739435,-1.0671604449570178
1789701093609458200,22.107458251953126,8.000664407873153,-7.654901589944958,-1.2737310652941465
1789701093619479300,22.117479248046877,6.007486849617957,-7.309315882149338,-1.4490771108061073
1789701093629501400,22.12750146484375,2.0047946385517714,-6.064562489536404,-1.2215046189725398
1789701093639522300,22.137522216796874,-1.4930778728350995,-4.376909262323379,-1.8339450276762246
1789701093649543200,22.147543212890625,-0.46485272321105,-2.9265906270235775,-3.2919384353876113
1789701093659564300,22.157564208984375,3.262462165534496,-1.9120576104044913,-4.362205614188313
1789701093669585200,22.167585205078126,5.191363358712196,-1.163239477008581,-4.636168685796856
1789701093679606300,22.177606201171876,5.983582242417335,-0.7655225999593734,-4.116374412086606
1789701093689628200,22.187628173828124,6.627889030981064,-0.8602046246945857,-2.5156121173411607
1789701093699649300,22.197649169921874,6.778456024545431,-1.0875099900245666,-0.832497702601552
1789701093709670400,22.20767041015625,6.5570987539649,-0.885036868134141,0.684679130962491
1789701093719691300,22.217691162109375,5.821822823709249,-0.4919534961044788,1.9592472316026686
1789701093729712000,22.227712158203126,5.077655146467685,-0.060253685432672496,2.90206116592288
1789701093739733200,22.237733154296876,4.611875371539592,0.6173492235332727,3.792584941035509
1789701093749755100,22.247755126953123,4.189153232571482,1.5929524977773426,4.883199326816201
1789701093759776300,22.2577763671875,3.4995483356446027,2.801065135735273,5.972077682584524
1789701093769797400,22.26779736328125,2.038082575647533,4.13393461869657,6.588960457649827
1789701093779817700,22.277817626953127,-0.22687764143720268,5.317293339148163,5.9518088015377515
1789701093789838800,22.2878388671875,-2.8819664723992346,5.558810185182094,4.012148898458481
1789701093799859700,22.297859619140624,-4.381842627072334,4.768061958551407,1.8318804963618516
1789701093809881600,22.307881591796875,-4.238087651610374,3.5227959402412172,0.1914841103643179
1789701093819902700,22.31790283203125,-3.3994740964770314,2.429830607420206,-0.9940911170929669
1789701093829923800,22.327923828125,-2.4159774386346338,1.6208856298416852,-1.7926333586007355
1789701093839945000,22.337945068359375,-1.5603519584238528,0.8899725709706544,-2.3301766394913197
1789701093849965800,22.3479658203125,-0.7957341252844781,0.20179975267350672,-2.5593162345111367
1789701093859986700,22.357986572265624,-0.06810732154250144,-0.4317535866856575,-2.363408462485671
1789701093870008800,22.3680087890625,0.5705517434578389,-0.9747183081030845,-2.1266174759298564
1789701093880029700,22.37802978515625,1.2743091574430465,-1.3705150307446718,-2.2561247303307055
1789701093890050800,22.38805078125,2.038817027401924,-1.4271101936697959,-2.3612083220928906
1789701093900072000,22.398072021484374,2.6086744319200514,-1.1524117935240268,-2.4342063382864
1789701093910092800,22.4080927734375,2.7290345032691956,-0.671698653358221,-2.4554659839361905
1789701093920114000,22.418114013671875,2.1993641477108,-0.034491467666625975,-2.4411200631976127
1789701093930134800,22.428134765625,0.9430407288134097,0.7437392226964235,-2.2370143716692925
1789701093940156700,22.43815673828125,-0.5997925240546464,1.576765333086252,-1.4663766206532716
1789701093950177800,22.448177734375,-2.2072236290395257,2.1739391990751025,-0.2044154881298542
1789701093960199000,22.458198974609374,-3.8853561637133356,2.525453712397814,1.1896382391124962
1789701093970219800,22.4682197265625,-5.161562094688415,2.717546310049295,2.470370123079419
1789701093980241000,22.478240966796875,-5.294219922074675,2.7779262522101402,3.4099832155317067
1789701093990261800,22.48826171875,-4.269484660392999,2.7848183498114345,4.079361316987872
1789701094000283600,22.49828369140625,-2.7245652489006518,2.8337621212005613,4.598440135905146
1789701094010304800,22.5083046875,-1.2602227644234896,2.9076778367608784,4.933361241823435
1789701094020325600,22.51832568359375,-0.3737994834322482,2.8548604388087986,4.9202019005209205
1789701094030346800,22.5283466796875,-0.45652796245813365,2.6274732404142616,4.180127630072832
1789701094040367900,22.538367919921875,-1.2968997594356537,2.0251573353618384,2.8886715229958293
1789701094050388700,22.548388671875,-2.2260966718137265,1.2276485285550356,1.897615828076005
1789701094060410600,22.55841064453125,-2.6915590513557195,0.5855132388114929,1.4995605128526688
1789701094070431700,22.568431640625,-2.3487463154047727,0.4621837962627411,1.792992839562893
1789701094080452600,22.57845263671875,-1.663814670985937,0.6412637676060199,2.472546298074722
1789701094090474000,22.588473876953124,-1.1861253356207162,0.8390975392580032,3.0139176128208636
1789701094100494800,22.598494873046874,-1.030228160009533,1.0132505755931138,3.165750680798292
1789701094110515700,22.608515625,-1.0995166541606187,1.1169470969110726,3.0930706445127725
1789701094120537900,22.618537841796876,-1.2982839072704315,1.0587579427927731,3.228538268622756
1789701094130558700,22.628558837890626,-1.8785643599949775,0.4660597609132528,4.0425487128973
1789701094140579600,22.63857958984375,-2.438317865258455,-0.4040642002493143,5.5217883222550155
1789701094150600700,22.6486005859375,-2.462123103737831,-0.9815437702089548,6.490197885602712
1789701094160621800,22.658621826171874,-2.1261732392936943,-1.2295289354741572,6.5601505427509545
1789701094170643000,22.668642822265625,-1.8388205247581004,-1.3749766863286494,6.093617903628945
1789701094180664800,22.678664794921875,-1.754297490465641,-1.5392004493236542,5.536725194624066
1789701094190685700,22.688685791015626,-1.8001982408970594,-1.7924147474139929,4.9548874294549226
1789701094200706800,22.698706787109376,-1.9516022698074578,-2.3125223248571154,4.326155226641893
1789701094210727700,22.708727783203123,-1.9780559769690036,-3.1306612472385167,3.388136125382781
1789701094220748500,22.71874853515625,-1.5000585255026817,-4.009108800110221,1.8587287557989358
1789701094230770000,22.72877001953125,-0.34583471412062644,-4.759055060753226,0.2811170350164175
1789701094240791800,22.738791748046875,1.4770271940052508,-5.281733365467191,-0.8420797699391841
1789701094250812700,22.748812744140626,3.1210674894630905,-5.723844680038094,-1.6327824038624763
1789701094260833800,22.758833740234376,4.075201274698973,-6.113335580533742,-2.2572142791330814
1789701094270854700,22.768854736328127,4.1575031258106225,-6.38691695934832,-2.969330867597461
1789701094280875800,22.778875732421874,3.111844903087616,-6.635478463196754,-3.9992257039993997
1789701094290897000,22.78889697265625,1.3017840243458747,-6.674975191804767,-4.936255209699273
1789701094300918800,22.798918701171875,-0.17810250461325047,-6.231286837175488,-5.003124513879418
1789701094310940000,22.80893994140625,-0.866765298384428,-5.313954550114274,-4.311172761565446
1789701094320960800,22.818960693359376,-0.7288780459120869,-4.150031182494759,-3.605707447683811
1789701094330981600,22.828981689453126,0.2617132463663816,-3.01250657697916,-3.0233360140293835
1789701094341002800,22.839002685546873,1.491298003681004,-1.9275959557980298,-2.591943077349663
1789701094351023600,22.849023681640624,2.637588099454343,-0.8897580514371395,-2.180208780863881
1789701094361045800,22.859045654296875,3.671755206348002,0.13324059571027755,-1.6280787562161683
1789701094371067000,22.86906689453125,4.6292052765250205,1.0672779338568448,-1.1785972051382063
1789701094381087700,22.879087646484376,5.2880409411787985,1.8475410068303346,-1.0511521439641713
1789701094391108900,22.88910888671875,5.449554276171327,2.6050790377765893,-0.921546105363965
1789701094401129700,22.899129638671877,4.7384880735427135,3.4720296296000477,-0.38584640651345253
1789701094411150600,22.909150634765624,3.4829908763363955,4.305572457340359,0.13455109378695487
1789701094421172700,22.9191728515625,2.419598844002187,4.897753337347507,0.5821370403766631
1789701094431193900,22.92919384765625,1.8562538901180028,5.343271830013394,0.9306301600515842
1789701094441214700,22.939214599609375,1.8248750015139579,5.558834150579571,0.7815794162690639
1789701094451235800,22.94923583984375,2.1957558940857647,5.5190708799898625,0.2775777549743652
1789701094461256700,22.959256591796876,2.7456179738014934,5.240262706437707,-0.4837871407836675
1789701094471277800,22.96927783203125,3.2452941731125113,4.689022324106097,-1.4284721296727656
1789701094481300000,22.979300048828126,3.6081446117028593,4.084644810348749,-2.237218369808793
1789701094491320800,22.98932080078125,3.877919876232743,3.5857571310669183,-2.806707525536418
1789701094501341700,22.999341796875,3.968497388258576,3.187790078648925,-3.1801153062373397
1789701094511362800,23.00936279296875,3.852761177317798,2.9515988115519285,-3.4901918937563896
1789701094521383700,23.0193837890625,3.5322435675442216,2.8432997648745775,-3.805546713939309
1789701094531404800,23.02940478515625,2.8992835179030894,2.8107296206593513,-4.111409483155608
1789701094541425700,23.03942578125,1.9713591096788643,2.75591900306344,-4.346892894244194
1789701094551447800,23.04944775390625,0.7908546096146106,2.64579098739326,-4.383209823772311
1789701094561469000,23.059468994140627,-0.4749444936364889,2.2877456109970806,-4.172441167223453
1789701094571489800,23.06948974609375,-1.6043623650640249,1.7659271379828452,-3.4861072547912597
1789701094581510700,23.0795107421875,-2.3405746993869543,1.0933920338004828,-2.3038421747952698
1789701094591531800,23.08953173828125,-2.6763790178805587,0.2096609875679016,-0.11924421906173228
1789701094601552600,23.099552734375,-3.03268602617681,-1.319251291975379,2.702527604615688
1789701094611574800,23.10957470703125,-4.043101670604944,-3.784493989038467,4.703243157160282
1789701094621596000,23.119595947265626,-5.8294122559249395,-6.154054544413089,5.574677616399526
1789701094631616800,23.12961669921875,-7.629270889604091,-7.760520019236207,5.665495366922021
1789701094641638000,23.139637939453124,-7.391728207898139,-7.825131899878382,4.88290238969624
1789701094651658800,23.14965869140625,-5.440888739156723,-5.40454492162168,3.3589848497003314
1789701094661679900,23.159679931640625,-2.9985818042621015,-2.1954227166086433,1.749028610152006
1789701094671701800,23.16970166015625,-1.2895464740633964,0.25892683051824567,0.30860476140081883
1789701094681723000,23.179722900390626,-0.9629331777632236,2.1702409290790556,-0.9358487714827061
1789701094691743700,23.18974365234375,-2.318541731277108,3.4499744496583937,-2.1918559640377757
1789701094701764900,23.199764892578123,-3.9570235158249734,3.5846488775640726,-2.9659646060347553
1789701094711785700,23.20978564453125,-3.1115789456278082,1.3696072682499885,-1.8258020532310009
1789701094721806800,23.219806884765624,1.1795990756571293,-2.358717674320936,0.6720248165726661
1789701094731828700,23.229828857421875,6.862312703883648,-5.088801394382119,1.888678488382697
1789701094741849600,23.239849609375,10.631141506278514,-7.102915942203998,1.5058347708165645
1789701094751871000,23.24987109375,10.533207201749086,-8.930210864341259,0.9117015876978636
1789701094761891800,23.259891845703127,7.477865691649914,-10.160804798698425,1.795383534091711
1789701094771912700,23.26991259765625,1.2610060237556695,-9.030945028722286,3.175510442790389
1789701094781934000,23.27993408203125,-2.9107337172001597,-6.180248139333725,2.3156501014888287
1789701094791956000,23.2899560546875,-0.21676029817909,-3.42655674919188,-1.4334686227858067
1789701094801976800,23.299976806640625,2.7372107954621314,-1.4107044177919625,-3.9154339065909385
1789701094811998000,23.309998046875,4.249222501347959,-0.21264847894608974,-5.2326738587439054
1789701094822019000,23.32001904296875,5.26306548987627,0.604974310606718,-5.631760270580649
1789701094832040200,23.330040283203125,5.957683246529102,0.9423153371483087,-5.048239666891098
1789701094842061000,23.34006103515625,5.778302830934524,0.6660445731192827,-3.587594283366203
1789701094852083000,23.3500830078125,5.231615874123573,0.15314473509788512,-1.906985713967681
1789701094862104000,23.36010400390625,4.518924992902576,-0.30498131020665165,-0.08961655803918837
1789701094872125000,23.370125,3.709709673950076,-0.3043412587374449,1.8651637572824953
1789701094882145800,23.380145751953126,2.566420221297443,0.026588147196173667,3.9264281788140534
1789701094892167200,23.390167236328125,1.1001533446289598,0.6444663630396127,5.8067859980970615
1789701094902188000,23.40018798828125,-0.18423750023692845,1.6140139905065296,6.811045457983017
1789701094912210000,23.4102099609375,-1.2825425866506992,2.7995407026469707,6.151111476698517
1789701094922231000,23.42023095703125,-1.8327507033251225,3.759599786278605,4.480474850738048
1789701094932252000,23.430251953125,-1.42251468257308,4.260761840233206,2.9540491273134943
1789701094942273000,23.44027294921875,-0.48762905703410503,4.20318117340207,1.5175082574754952
1789701094952294000,23.4502939453125,0.44330403148680925,3.7543975414603947,0.3197673759281635
1789701094962315000,23.46031494140625,0.9668964553710072,3.201046450585127,-0.429978978228569
1789701094972337000,23.4703369140625,1.1877053713537753,2.673454070344567,-0.8628408184170723
1789701094982358000,23.48035791015625,1.0657833844501525,2.281280798897147,-1.1568003838717937
1789701094992379000,23.49037890625,0.6301520795483142,1.8387854534447192,-1.6562947968751192
1789701095002400000,23.50039990234375,0.11705759573765098,1.1567220579385757,-2.261905651819706
1789701095012420900,23.5104208984375,-0.17306286647822708,0.2159562883198261,-2.846567826759815
1789701095022442000,23.52044189453125,-0.18315993413329124,-0.8845943850636482,-3.3194846139609813
1789701095032464100,23.530464111328126,-0.02693948138449341,-1.6853297527015207,-3.6860768694281574
1789701095042485000,23.540485107421876,0.17453239104151724,-2.0192899046331645,-3.9539182432860134
1789701095052505900,23.550505859375,0.1684615466952324,-1.7908406299650668,-3.8663112715035677
1789701095062527000,23.56052685546875,-0.131346744787693,-1.1661439662784336,-3.5826200020849703
1789701095072547800,23.5705478515625,-0.6393582262456416,-0.18123861068189143,-2.6616829685300587
1789701095082569000,23.58056884765625,-1.2166238611936568,0.6485667840957641,-1.3058838608801364
1789701095092591000,23.590591064453125,-1.9264011930555105,1.136480649420619,-0.09979133057296276
1789701095102612000,23.600612060546876,-2.8089906680375334,1.537544498810172,0.8775842140406369
1789701095112633000,23.610633056640626,-3.702387368237972,1.9036866724222898,1.5079770435422657
1789701095122654000,23.620654052734373,-3.820367850974202,2.1184651491343973,1.7811194464176892
1789701095132674800,23.6306748046875,-3.0405332325458523,2.1401281148880718,1.9959674812346695
1789701095142696000,23.640696044921874,-1.855125178349018,2.148753319892287,2.3902298339158294
1789701095152718000,23.650718017578125,-0.664481634651497,2.184856898930669,3.0505098521590233
1789701095162739000,23.660739013671876,0.009763853645324706,2.1690829912155865,3.9607618255704637
1789701095172760000,23.670760009765626,-0.034900121532753105,2.08886262255311,4.738530159118771
1789701095182781000,23.680781005859377,-0.9869260477691888,1.9995576146811245,5.173171283939481
1789701095192802000,23.690802001953124,-2.5713012713372705,1.9316227270960806,5.207714774054288
1789701095202823000,23.700822998046874,-3.7634856878012415,1.9343956989407538,4.970691732308269
1789701095212845000,23.710844970703125,-3.8792408957034348,2.008646930065751,4.7298237055718895
1789701095222866200,23.7208662109375,-3.3134733908474443,2.0983827305704352,4.588502094736695
1789701095232887000,23.730886962890626,-2.627956055495143,2.1024352208316324,4.360604024210572
1789701095242908000,23.740907958984376,-1.923127724342793,1.9665642766177653,3.8552497792631386
1789701095252929000,23.750928955078123,-1.1602006207693367,1.6979659469127655,3.31409707570374
1789701095262950000,23.760949951171874,-0.6098492231667041,1.20250005877316,3.2247160799860954
1789701095272971800,23.7709716796875,-0.47339675273783505,0.47272389497756956,3.789819567975402
1789701095282993200,23.7809931640625,-0.31836671535000205,-0.09486556460857391,4.725124734100699
1789701095293014000,23.791013916015626,-0.20998072104156015,-0.3409726610422134,5.345556141558289
1789701095303035100,23.80103515625,-0.29112646092064676,-0.6328717868357896,5.498285866114497
1789701095313056000,23.811055908203127,-0.6005331863541156,-1.113525890290737,5.399798603877425
1789701095323076900,23.821076904296874,-0.9344131857216358,-1.8000854281723497,5.11711037402153
1789701095333099000,23.83109912109375,-1.1305921759039164,-2.7143331932216883,4.558485726657509
1789701095343120100,23.8411201171875,-1.3910714965611695,-4.066892296037078,3.552737489518523
1789701095353141000,23.85114111328125,-1.2323095061033964,-5.60551816034317,1.9034534481883048
1789701095363162000,23.861162109375,-0.28760111807240174,-6.818811415809392,0.16452362272441387
1789701095373183000,23.871182861328126,0.9613947161495685,-7.716888967302441,-1.187856031870842
1789701095383204900,23.881204833984373,1.8658195908427238,-8.320250582015515,-2.1507915477216244
1789701095393226000,23.89122607421875,2.0099917688034474,-8.78483091802597,-2.830971029177308
1789701095403246800,23.901246826171874,1.680165940197557,-9.042045683929324,-3.5900574586093423
1789701095413268000,23.91126806640625,1.0316190298460424,-8.832494586476683,-4.44740377126336
1789701095423289000,23.9212890625,0.458770042296499,-7.6950500604599705,-4.637330130791664
1789701095433310000,23.93131005859375,0.19128961070552467,-5.849465448394417,-3.9092198543816803
1789701095443331800,23.941331787109377,0.10837123513072729,-3.9824376508057115,-3.0547932285666466
1789701095453353000,23.95135302734375,0.35079613592028613,-2.6322353402495384,-2.5575807890206574
1789701095463373800,23.961373779296874,0.9021741731569171,-1.6299223382562398,-2.2488977016866207
1789701095473395000,23.97139501953125,1.7240753706812857,-0.7922890263319015,-1.9642238509714602
1789701095483416000,23.981416015625,2.6709470559597013,-0.010216273587942123,-1.666560170301795
1789701095493437000,23.99143701171875,3.5324344139412043,0.7773585837036371,-1.3051485323429106
1789701095503459000,24.001458984375,4.340184628777206,1.518821678161621,-0.9355816449791192
1789701095513480000,24.01147998046875,5.051676071080565,2.2794781333893535,-0.6488607986062764
1789701095523500800,24.021500732421874,5.354584666666388,3.0304706882148977,-0.57164311889112
1789701095533522000,24.03152197265625,5.035020704355835,3.6810172479510306,-0.47636546635031696
1789701095543543000,24.04154296875,4.132970157578587,4.37659128241539,-0.07993921363353729
1789701095553564200,24.051564208984374,3.164571992407739,4.895483054327965,0.11226444317698478
1789701095563586000,24.0615859375,2.6102859587699174,5.153197586447,0.17860066339373587
1789701095573607000,24.07160693359375,2.4461966358095406,5.277096937838197,0.06121990011632442
1789701095583628000,24.0816279296875,2.503171445702016,5.100117153644561,-0.44983518682122225
1789701095593649000,24.09164892578125,2.733830505374074,4.783017535620927,-1.1953835047662258
1789701095603669800,24.101669677734375,3.0016677875787017,4.324079589411616,-2.2250912941634655
1789701095613691100,24.111691162109373,3.345717956370115,3.7893174636721607,-3.120969874307513
1789701095623713000,24.121713134765624,3.734797937977314,3.2280420095384117,-3.645357905548811
1789701095633734000,24.13173388671875,4.079469453537464,2.6543647544711826,-3.8481905084013937
1789701095643755000,24.141755126953125,4.380435682883858,2.2494927449703215,-3.8423090491473673
1789701095653776000,24.15177587890625,4.455083804371953,2.1124673700243233,-3.8304754034906625
1789701095663797000,24.161796875,4.203302169433236,2.2467624432235955,-3.8535540812611577
1789701095673817900,24.17181787109375,3.7371781111121174,2.4941367831140755,-3.926827991786599
1789701095683840000,24.181840087890624,3.0342478686660526,2.6873697829723358,-3.9915392411500212
1789701095693861000,24.191861083984374,1.7919395311176776,2.798061277744174,-3.9219840588867663
1789701095703882000,24.201882080078125,0.32625381533801556,2.652303145766258,-3.656577218699455
1789701095713902800,24.21190283203125,-1.255447512845695,2.0824241139382123,-3.126488345468044
1789701095723924000,24.221924072265626,-2.7669273038119075,1.2312252179980276,-1.917612321922183
1789701095733944800,24.23194482421875,-4.268941639557481,0.2532645669728517,0.298719911724329
1789701095743967000,24.241967041015624,-6.323276554086804,-1.0752893908768892,3.235572405043244
1789701095753988000,24.251988037109374,-7.95624542043209,-2.9910382570147513,6.342862129044533
1789701095764009000,24.262009033203125,-6.81514178738594,-5.174225761428475,8.377302256536483
1789701095774030300,24.2720302734375,-4.626764605374634,-7.010537518236041,8.222541318413615
1789701095784051200,24.28205126953125,-4.319942635737359,-8.357052664712072,6.569658375808596
1789701095794073300,24.2920732421875,-4.046339337351918,-8.115000981149077,4.750146947154403
1789701095804094200,24.30209423828125,-3.5177418717220426,-5.605317084813118,2.9548417389959094
1789701095814115300,24.312115234375,-3.0381647498488427,-2.875324550166726,0.4294850572317838
1789701095824136200,24.32213623046875,-2.7713240774661303,-0.8962725478976964,-2.0431915892243384
1789701095834157300,24.3321572265625,-3.117085141828656,0.5821767878651619,-3.890801569637656
1789701095844178200,24.34217822265625,-3.502770220300555,0.7311012749195098,-4.449612679484487
1789701095854200000,24.352199951171876,-2.0061931071728467,-0.8774661406189203,-3.078985420536995
1789701095864221400,24.362221435546875,1.6148168313220141,-3.6011376555502412,-0.9007710283607244
1789701095874242300,24.3722421875,5.473614950716495,-5.844293014192581,0.663434682881832
1789701095884263200,24.38226318359375,7.066783137071132,-6.6576885414391755,0.9837462486892938
1789701095894284300,24.3922841796875,5.755265654218197,-6.5300991033583875,1.2906038741618393
1789701095904305200,24.40230517578125,3.330628816048801,-5.2194911365658045,2.2394033126324415
1789701095914327000,24.4123271484375,1.2930690952315926,-2.8920559047371146,2.730442031979561
1789701095924348400,24.422348388671875,-0.8435168170049786,-0.49821197197735306,1.8175965349435805
1789701095934369300,24.432369384765625,-1.2171800337716936,1.16685942107141,-1.6031728630185127
1789701095944390400,24.442390380859376,1.2366048652097583,1.7128227397829294,-5.359160304018855
1789701095954411300,24.452411376953126,4.398195503719151,1.8408575835436582,-7.16643418239057
1789701095964432100,24.46243212890625,5.999540859049558,1.5981231784135101,-7.636464600500464
1789701095974454300,24.472454345703124,5.946150629645586,0.8251368184447287,-7.165224806600809
1789701095984475100,24.48247509765625,5.2266123667478555,0.042488896161317825,-5.13031413898766
1789701095994496300,24.492496337890625,4.911273328655958,-0.8576631235182285,-2.368476851791143
1789701096004517400,24.502517333984375,4.823544776320457,-1.785581102001667,0.12382336354553698
1789701096014538200,24.512538330078126,4.857798343577981,-2.2758196108818054,2.7331781789451837
1789701096024559400,24.522559326171876,5.176516502714157,-2.231763027012348,5.230039418587088
1789701096034581200,24.532581298828124,5.077429521018266,-1.5316127706736324,7.199107786980271
1789701096044602000,24.54260205078125,3.9223841641202566,-0.07006196274161339,8.760373353117703
1789701096054623200,24.552623291015625,1.364695092419535,1.820010610347986,8.690223127570748
1789701096064644400,24.562644287109375,-1.8602116878330706,3.349623731637001,6.7752791480749845
1789701096074665200,24.572665283203126,-3.913856866532564,4.004817240396142,3.9539983227849005
1789701096084687400,24.582687255859376,-3.6974610177516936,3.907661519023776,1.2681225777626037
1789701096094708200,24.592708251953123,-2.406225275427103,3.5215012242555614,-0.6830892314225435
1789701096104729000,24.60272900390625,-0.9678642774898558,3.108782008385658,-2.04926886331141
1789701096114750200,24.612750244140624,0.08537183314152061,2.6474843473076817,-2.7905665380746125
1789701096124771000,24.62277099609375,0.4963199476856738,2.113642259022593,-2.9629402897775172
1789701096134792400,24.63279248046875,0.5941746111076325,1.4751988095343112,-3.1398592836946246
1789701096144814300,24.642814453125,0.653707069593668,0.6623468876451254,-3.333504956007004
1789701096154835200,24.652835205078127,0.9685843353927135,-0.31801088764965535,-3.524213990345597
1789701096164856300,24.662856201171873,1.4273217905938624,-1.3482529300540684,-3.6520968584150073
1789701096174877200,24.672877197265624,1.8789865309298037,-2.0971727702587843,-3.753745799553394
1789701096184898000,24.68289794921875,2.1136580411136148,-2.292514140573144,-3.8139234971404075
1789701096194919400,24.69291943359375,1.7172142527401446,-1.9227403324604033,-3.708480424416065
1789701096204941300,24.70294140625,0.6589724427759647,-1.1879589077234267,-3.408797805139422
1789701096214962200,24.712962158203126,-0.5231856697142124,-0.3289104673266411,-2.5261048697829245
1789701096224983300,24.7229833984375,-1.481404093915224,0.18131869018077848,-1.378923962649703
1789701096235004200,24.733004150390624,-2.219869760122895,0.5476321287065744,-0.16963585117161273
1789701096245025300,24.743025390625,-2.802509489324689,0.9851046775609255,0.8807610905110835
1789701096255046100,24.753046142578125,-3.1971073575705287,1.466116508412361,1.677100853538513
1789701096265068300,24.763068359375,-3.021220044788718,1.821307079899311,2.241415821498632
1789701096275089200,24.773089111328126,-2.1995085246175528,1.9572376453459261,2.696054024687409
1789701096285110300,24.7831103515625,-1.0996159498166291,1.994098180231452,3.099505645996332
1789701096295131100,24.793131103515623,-0.30667233203351496,1.9914502960711717,3.29783392316699
1789701096305152300,24.80315234375,-0.17774667691290377,1.9534154567092656,3.2331548225075006
1789701096315174400,24.81317431640625,-0.8628390648514032,1.9574018959969282,2.9617028569370505
1789701096325195300,24.8231953125,-2.259415004047751,1.955419782269001,2.6731454427868124
1789701096335216400,24.83321630859375,-3.713217389810085,1.766296555817127,2.6025211699873205
1789701096345237200,24.8432373046875,-4.192872545355558,1.4126315864622592,2.846832615175843
1789701096355258000,24.853258056640627,-3.6720594499915835,1.2466478280574083,3.296395999318361
1789701096365279200,24.863279296875,-2.7196161020606753,1.393733993768692,3.783568690887093
1789701096375301000,24.873301025390624,-1.7159037546634672,1.7484791595757005,4.267068831422924
1789701096385322200,24.883322265625,-0.9106832044355571,2.1376187624156473,4.552737538394331
1789701096395343400,24.89334326171875,-0.4495330620694905,2.4208798237234355,4.42832614582777
1789701096405364200,24.9033642578125,-0.3448224683381617,2.50324831033051,4.05386973285675
1789701096415385300,24.91338525390625,-0.5693022548533976,2.2989526491880414,3.9073675045132634
1789701096425406200,24.92340625,-1.0772972235679625,1.7057476868301629,4.341157565462589
1789701096435428000,24.933427978515624,-1.419312087139487,1.0346019911795854,5.085932560947537
1789701096445449500,24.943449462890626,-1.6060639082849024,0.5345177955895662,5.4488189476341
1789701096455470300,24.95347021484375,-1.7415017217785118,0.027120646637678145,5.2428474622339
1789701096465491200,24.9634912109375,-1.9183605099409817,-0.5898258413136005,4.7165112195342775
1789701096475512300,24.97351220703125,-2.1546458850622177,-1.274198098284006,4.212502543976902
1789701096485534200,24.9835341796875,-2.3828853163719175,-2.1357447852373124,3.6133810510516167
1789701096495555000,24.99355517578125,-2.3918822772979733,-3.207930949401855,2.623350607526302
1789701096505576200,25.003576171875,-1.9636732313513754,-4.395665985241532,1.3874743488520382
1789701096515597300,25.013597412109377,-0.9699053548634051,-5.504985656014084,0.04036591265797615
1789701096525618400,25.023618408203124,0.18269231662154198,-6.503366579255461,-1.1046183612138032
1789701096535639300,25.033639404296874,1.2011153264164924,-7.353583478420973,-1.9223890348047017
1789701096545661200,25.0436611328125,1.9152910393677651,-8.052782133123278,-2.474626026958227
1789701096555682300,25.053682373046875,1.9937422064006327,-8.569930860760808,-2.9049031113505364
1789701096565703200,25.063703125,1.4783702791772781,-8.916310349282622,-3.4899767897009846
1789701096575724000,25.07372412109375,0.609555647047609,-8.985870792242885,-4.158464079797268
1789701096585745400,25.083745361328123,-0.3478431313335895,-8.238443236422539,-4.161728634551167
1789701096595766300,25.093766357421874,-0.86947967190966,-6.457485702568293,-3.140207074218988
1789701096605788200,25.1037880859375,-0.8603549929507076,-4.607833987194299,-2.2173592386066914
1789701096615809300,25.113809326171875,-0.21589169865101573,-3.1926801887780427,-1.691819699242711
1789701096625830100,25.123830078125,0.8254147586032747,-2.171267349517345,-1.3755384118646383
1789701096635851300,25.133851318359376,1.9605422398492693,-1.223624679866433,-1.051768230035901
1789701096645872400,25.143872314453127,2.953889845098555,-0.2523345926463604,-0.6872755771964788
1789701096655894300,25.153894287109374,3.845645792354643,0.5916980649262666,-0.3785135794073343
1789701096665915100,25.1639150390625,4.475852743895351,1.3166209434717893,-0.2754413274675607
1789701096675936300,25.173936279296875,4.6924759716913105,1.9469290172994136,-0.45827977456152436
1789701096685957000,25.18395703125,4.555008990457654,2.521789929193258,-0.6875339358717203
1789701096695978200,25.193978271484376,4.0226378515079615,3.082681352445483,-0.7267325583159923
1789701096705999000,25.2039990234375,3.3772786312818526,3.4621289978325365,-0.6243973884791135
1789701096716021200,25.214021240234374,2.9562293939620257,3.6273370956897732,-0.49751872901618477
1789701096726042400,25.22404248046875,2.8908740014761682,3.5981811438322064,-0.6400660822540521
1789701096736063200,25.234063232421875,2.9860400103360414,3.3956267733991146,-1.091899749416113
1789701096746084000,25.244083984375,3.1377702024608847,3.102937958532572,-1.675176022955775
1789701096756105200,25.254105224609376,3.290954100525379,2.8767969608068467,-2.339923542001843
1789701096766126000,25.2641259765625,3.4435590296581386,2.7187638691455125,-2.962447537824511
1789701096776147700,25.274147705078125,3.6173926247805355,2.6094980232626197,-3.429201126220822
1789701096786168600,25.28416845703125,3.7523037840515374,2.5472096171319483,-3.761606449925899
1789701096796189400,25.294189453125,3.82887615160048,2.512674310323596,-4.064882709780335
1789701096806210600,25.30421044921875,3.842197405466437,2.4935686278373,-4.290907387650012
1789701096816231400,25.3142314453125,3.728253046378493,2.605622058612108,-4.409332107022404
1789701096826253300,25.32425341796875,3.3690871415197847,2.8579788630902767,-4.457222569966316
1789701096836274400,25.3342744140625,2.6487188575386997,3.1243747143149374,-4.491175692972541
1789701096846295600,25.344295654296875,1.473553964936733,3.379053239738941,-4.545439782601595
1789701096856316700,25.354316650390626,-0.39353520745038983,3.5297125877618787,-4.511421777665615
1789701096866337500,25.364337646484376,-2.6522078686982393,3.59000543616116,-4.319646575400233
1789701096876358400,25.3743583984375,-4.8061909059375525,3.3639760821163653,-3.9857781934052703
1789701096886380500,25.384380615234374,-6.245609377038479,2.705651874116063,-3.0096845052957533
1789701096896401400,25.3944013671875,-6.457105178818106,1.7813830657899379,0.02166238123178482
1789701096906422300,25.40442236328125,-6.353014105224609,0.19864742612242697,4.712499645805359
1789701096916443600,25.414443603515625,-6.106307289332151,-3.437189786887169,7.6232631736218925
1789701096926464500,25.424464599609376,-6.381880718746781,-6.559508153194189,8.42583569355905
1789701096936485600,25.434485595703126,-5.574153300264477,-8.036115660482645,8.036912363818287
1789701096946507500,25.444507568359374,-4.197573270392418,-7.701098108452558,6.07751432556808
1789701096956528400,25.4545283203125,-3.363155997905135,-4.969232181149721,3.253718887108564
1789701096966549500,25.464549560546875,-2.05937700034976,-2.1438433360189197,0.35371582275927066
1789701096976570400,25.4745703125,-0.5522545278102159,-0.17512801884710788,-1.8523598052889108
1789701096986591500,25.484591552734376,0.13050444874465464,1.321522744038701,-3.350343278083205
1789701096996613400,25.49461328125,-0.468853191024065,1.7952520166665316,-4.249582859092951
1789701097006634500,25.504634521484373,-2.4100977329462765,0.2615501647591591,-3.3562732526540753
1789701097016655400,25.5146552734375,-1.646263232204318,-3.215454330644011,-1.0552671780675649
1789701097026676500,25.524676513671874,2.1237281842291353,-7.068460714894533,0.651918432611227
1789701097036697300,25.534697265625,5.48570870861411,-8.845121428337693,1.367017836278677
1789701097046718700,25.54471875,4.998690330824256,-8.672495747700333,1.6953367674529551
1789701097056740600,25.55474072265625,3.2928575960591435,-7.336006320676207,2.039844032362103
1789701097066761500,25.564761474609377,2.307849656870961,-5.3065299530714745,1.8712059600561857
1789701097076782600,25.574782470703123,1.4122723977610467,-2.713003405922651,1.43586808514297
1789701097086803500,25.584803466796874,0.03933393926173449,-0.4318097007870674,0.12858487885892392
1789701097096824300,25.59482421875,0.6800505943790077,0.822178553161025,-2.8056033636868
1789701097106846500,25.604846435546875,3.668910922832787,1.340637194353342,-5.048026900923252
1789701097116867600,25.61486767578125,5.725112508016824,1.7319482960134744,-6.297557006418705
1789701097126888400,25.624888427734376,6.247173557615279,1.6462883666455745,-6.9772484120965
1789701097136909600,25.63490966796875,5.759319898045063,1.0564163481026887,-6.3141860696583985
1789701097146930400,25.644930419921874,5.040244576483965,0.2786293098539114,-4.285812694859504
1789701097156951600,25.65495166015625,4.628229124969244,-0.4924900871992111,-2.0216431897610425
1789701097166973700,25.6649736328125,4.563655530510842,-1.069717143702507,0.09841945769786835
1789701097176994600,25.67499462890625,4.377443515330553,-1.3312474347174166,2.185344974708557
1789701097187015400,25.685015380859376,4.3246120888531205,-1.3144348316043615,4.293779728215933
1789701097197036500,25.69503662109375,4.4511771523222325,-1.0794143618524075,6.222278770333528
1789701097207057400,25.705057373046873,4.287612730018794,-0.5396715250909329,8.002503898259997
1789701097217079300,25.715079345703124,3.12112477260828,0.3770540282487869,9.398765364679694
1789701097227100400,25.725100341796875,0.20427052670121193,1.7028028655499219,9.339698258683084
1789701097237121500,25.73512158203125,-2.7763901286840436,2.8041216006964444,7.009167398926615
1789701097247142700,25.745142578125,-3.518341298919916,2.8939556008785963,3.6330718399494883
1789701097257163500,25.75516357421875,-2.8329543119490146,2.6185546054214237,0.8570067054361105
1789701097267184400,25.765184326171877,-1.7737259751655161,2.3554811766177415,-1.0400924052894114
1789701097277206500,25.77520654296875,-0.7944694391109048,2.153735199958086,-2.2276906630069018
1789701097287227400,25.785227294921874,-0.24904373440742492,1.910536099925637,-2.9231548073559996
1789701097297248500,25.79524853515625,0.18174656020402907,1.3609393931478262,-3.2962510378897187
1789701097307269600,25.80526953125,0.5693828458089382,0.5713526115119457,-3.319609701645374
1789701097317290500,25.81529052734375,0.9022820905108004,-0.28988544788360593,-3.2430753280192612
1789701097327311600,25.8253115234375,1.293392628097534,-1.0183329934239387,-3.0930911027789114
1789701097337333500,25.83533349609375,1.6146318301439284,-1.4428659812062978,-3.1259932554274794
1789701097347354400,25.845354248046874,1.8654244540452956,-1.5462719951450823,-3.2058810311347243
1789701097357375500,25.85537548828125,1.914337245774269,-1.4760884518504143,-3.3486469955593345
1789701097367396600,25.865396728515623,1.6113585075616836,-1.2993880691200494,-3.585401157236099
1789701097377417500,25.87541748046875,0.805498051995039,-1.0256851097524164,-3.707344113862514
1789701097387439600,25.885439697265625,-0.4265057491600513,-0.6468149719923735,-3.508759231582284
1789701097397460500,25.89546044921875,-1.531460794982314,-0.20092355436086654,-2.612341722255945
1789701097407481300,25.9054814453125,-2.1922598686635495,0.17947160100936888,-1.3076765895158051
1789701097417502500,25.91550244140625,-2.796102544891834,0.6356266385018825,-0.11802665996551513
1789701097427523300,25.9255234375,-3.458683825814724,1.3372206639081239,0.8140314870625733
1789701097437544700,25.935544677734374,-3.8744770423024892,1.9438655380755663,1.41147364859879
1789701097447566600,25.945566650390624,-3.573049625185132,2.227829779216647,1.7559411660194395
1789701097457587500,25.95558740234375,-2.6672224824786186,2.378490880805254,2.082079246023297
1789701097467608600,25.965608642578125,-1.5835399417877196,2.6378245385587213,2.415783377367258
1789701097477629400,25.97562939453125,-0.6226274561971425,3.0827193463683127,2.8411925634622572
1789701097487650300,25.985650390625,-0.03406177101247013,3.5619068844020365,3.2528298293143507
1789701097497672400,25.99567236328125,-0.09249766643345356,3.936152284970879,3.591748480436206
1789701097507693600,26.005693603515624,-0.8982278466839343,4.051424677792191,3.7687989917784925
1789701097517714400,26.01571435546875,-2.146620399516821,3.631962417402863,3.8804672226279973
1789701097527735600,26.025735595703125,-2.9739304703474043,2.6282968317568303,4.173569294470548
1789701097537756400,26.03575634765625,-2.821666025215387,1.8229899184197187,4.563059025922417
1789701097547778300,26.0457783203125,-2.0569670165985823,1.555808469775319,4.797637597125768
1789701097557799700,26.055799560546873,-1.416081288524717,1.458121418005228,4.878288173899055
1789701097567820500,26.065820556640624,-1.244687487769872,1.2467495348662136,4.72652232593894
1789701097577841400,26.07584130859375,-1.259731181514263,0.8246902437210083,4.283540073752403
1789701097587862500,26.085862548828125,-1.264196344229579,0.14704232656955718,3.945207113564014
1789701097597883400,26.09588330078125,-1.4301076219201088,-0.8368377776324748,4.122881894284487
1789701097607905300,26.1059052734375,-1.4571972888976334,-1.8369670058459042,4.512925167965888
1789701097617926700,26.1159267578125,-1.2421353190690279,-2.5192969433337447,4.690498241877555
1789701097627947500,26.125947509765624,-1.117190842539072,-2.9680881740599867,4.628016359001398
1789701097637968600,26.13596875,-1.253809974771738,-3.2333915538728237,4.425326379489898
1789701097647989500,26.145989501953125,-1.5976666668176651,-3.1395325359582897,4.0689579963952305
1789701097658011400,26.156011474609375,-2.1208973447173833,-2.570054486146569,3.4532337437152862
1789701097668032500,26.166032470703126,-2.8612913486391305,-1.941355601081252,2.509613169187307
1789701097678053400,26.176053466796876,-3.422705334460735,-1.8556418956995009,1.4098966085404157
1789701097688074500,26.186074462890623,-3.186916218423843,-2.394792611786723,0.45048283707499504
1789701097698095600,26.196095703125,-1.948772599339485,-3.215482387694716,-0.2240747128456831
1789701097708116500,26.206116455078124,-0.214645863308385,-3.9474318038761615,-0.5838064348936081
1789701097718138400,26.216138427734375,1.6765198387801645,-4.472320185855031,-0.6245978794872761
1789701097728159500,26.226159423828125,3.1493560108363625,-4.753679797455669,-0.602165682926774
1789701097738180400,26.236180419921876,3.89429993314743,-4.914453127735853,-0.6990741515398025
1789701097748201500,26.246201416015627,3.8128129055500026,-5.0728041993051765,-0.9911246685028076
1789701097758222600,26.25622265625,3.0010441027224064,-5.000806300064921,-1.3512345762133597
1789701097768244500,26.266244384765624,1.8176551332630215,-4.389546041056514,-1.3777186785131692
1789701097778265600,26.276265625,0.7705015574157238,-3.4913059924781322,-1.2419155388385057
1789701097788286700,26.28628662109375,0.15989844714179635,-2.5559540646016594,-1.1608990513622761
1789701097798307600,26.2963076171875,0.24493337647914884,-1.8307003466665743,-1.1409960810184478
1789701097808328700,26.30632861328125,0.9308908568143844,-1.2182055774271487,-1.069877302700281
1789701097818349600,26.316349609375,1.9607941687837243,-0.5344996754109859,-0.9167658853501081
1789701097828371700,26.326371826171876,2.8609762913405894,0.36611119395196434,-0.5249982720941305
1789701097838392800,26.336392822265626,3.4393200769141314,1.3008961355954407,-0.0969528922766447
1789701097848413700,26.34641357421875,3.735445880492031,2.1302081938982007,0.010827098962664603
1789701097858434600,26.3564345703125,3.591872399076819,2.8059657672584057,-0.15895196007192133
1789701097868455700,26.36645556640625,3.1268478264302013,3.3374288514524695,-0.35716333286464214
1789701097878477600,26.3764775390625,2.7241604674920437,3.8845594603776927,-0.2868319055318832
1789701097888498400,26.38649853515625,2.574989604461193,4.373073045161366,-0.2254629523336887
1789701097898519800,26.396519775390626,2.459536302115023,4.691688912966847,-0.23095862714052198
1789701097908540700,26.406540771484377,2.616246913000941,4.797866729706525,-0.4014735992342233
1789701097918561800,26.416561767578123,2.9037247152209282,4.717429503422975,-0.7120353399217129
1789701097928582700,26.426582763671874,3.3303979299023747,4.535760684630275,-1.21189917075932
1789701097938604500,26.4366044921875,3.7746141077980395,4.226964200049639,-1.796608691972494
1789701097948625700,26.446625732421875,4.003760424819588,3.7266894503235815,-2.449225043720007
1789701097958646500,26.456646484375,4.133210980597138,2.974981440705061,-3.0804689370930194
1789701097968667600,26.466667724609376,4.228228520897031,2.1359809320807455,-3.589217500653863
1789701097978688800,26.476688720703127,4.247256461971998,1.4228420148313046,-3.9315877535343167
1789701097988710700,26.486710693359374,4.110922868682444,0.96047818582654,-4.202485007831454
1789701097998731500,26.4967314453125,3.6504774405196305,0.8689291984200477,-4.415346837267279
1789701098008752600,26.506752685546875,2.9771809965759513,1.0644196218162774,-4.57456124766767
1789701098018773500,26.5167734375,2.212581941202283,1.4876748447477817,-4.631745024135708
1789701098028795000,26.526794921875,1.2598977702528238,1.9428338569402694,-4.616983508333564
1789701098038815700,26.536815673828126,0.319434490711987,2.1981167779982087,-4.507213220059872
1789701098048837600,26.546837646484374,-0.7205640988141297,2.1061650550097224,-4.240392421421409
1789701098058858800,26.556858642578124,-1.8402251308590172,1.4735264924079179,-3.595736673289537
1789701098068879600,26.566879638671875,-2.631794026222825,-0.050606736165285104,-2.049549433818459
1789701098078900500,26.576900390625,-2.8928426712006328,-2.0486896021187304,0.40758477559089656
1789701098088921600,26.586921630859376,-3.011158084979653,-3.820720317673683,2.5766116527050733
1789701098098943700,26.59694384765625,-5.107033216643333,-5.197049003133177,4.014595707088708
1789701098108964600,26.606964599609373,-7.3288359906554215,-6.185182088604569,5.1832811745435
1789701098118985700,26.61698583984375,-7.242158408677578,-6.266977159237861,5.513027508172392
1789701098129006600,26.627006591796874,-6.137080028736591,-4.7612721522808075,4.504634894004464
1789701098139027700,26.63702783203125,-4.901014092709124,-2.364740003350377,2.7419571132063862
1789701098149048600,26.647048583984375,-3.3687516259551047,-0.6741448774665594,1.2629162412911652
1789701098159070700,26.65707080078125,-2.240713226187229,0.4104197067558765,0.3401899862319231
1789701098169091600,26.667091552734377,-2.303222581592202,1.016044005703926,-0.22529168742001054
1789701098179112700,26.67711279296875,-2.7965120024755596,0.39675884567201136,0.005220949518680572
1789701098189133600,26.687133544921874,-1.2901912017077206,-2.0235189205050466,1.4793419006884097
1789701098199154700,26.69715478515625,1.448480898478627,-4.749052722176909,2.7203251271128654
1789701098209176600,26.707176513671875,3.8387259299635885,-6.0425809593528506,2.658473943355679
1789701098219197700,26.71719775390625,5.928987897920608,-7.318851187735795,1.8315286141842602
1789701098229218800,26.72721875,6.603539018100499,-8.220017352893947,1.160820725429058
1789701098239239700,26.73723974609375,5.375891074067354,-8.321960893064738,1.3431179052531719
1789701098249260500,26.747260498046874,3.0024367261245843,-6.5589154479980465,1.5865724413514137
1789701098259282700,26.75728271484375,-1.1861986200526355,-3.402771968978643,1.220500994887948
1789701098269303600,26.767303466796875,-3.38656113115102,-0.6634025341778993,-1.1128431687235831
1789701098279324700,26.77732470703125,-0.7511810631349682,0.845478180205822,-5.0414142047852275
1789701098289345800,26.787345703125,2.9340017800629137,1.6094500435918568,-7.481510185632109
1789701098299366700,26.79736669921875,5.70904517031312,2.0571943956136702,-8.080238879847526
1789701098309387800,26.8073876953125,6.405557946932316,2.149402139189839,-7.809538024905324
1789701098319409700,26.81740966796875,5.7368087910294525,1.8441835130959747,-6.755438721573352
1789701098329430500,26.827430419921875,4.867746321618557,1.0968313605993985,-5.022207984533906
1789701098339451600,26.83745166015625,3.903917656320333,0.19987258400321006,-3.2160183942675586
1789701098349472800,26.84747265625,3.042052404937148,-0.4757844515919685,-1.1452940704733132
1789701098359493600,26.85749365234375,3.7011020046025513,-1.255471770504117,1.286352646458149
1789701098369515800,26.867515869140625,4.449202637378871,-1.9375866039365528,3.422487307795882
1789701098379536600,26.87753662109375,4.842228434002399,-2.03874980738461,5.229451389566064
1789701098389557500,26.8875576171875,5.022726455450058,-1.4228718254476784,6.869273190546036
1789701098399578600,26.89757861328125,4.318410311603546,0.13099252452254295,7.57889854671657
1789701098409599500,26.907599609375,2.050764654827118,2.1253560776919125,7.071596674832701
1789701098419620900,26.917620849609374,-1.1282977813564241,3.749716105645895,5.907833466210961
1789701098429642800,26.927642822265625,-3.702477384608984,4.613195221966505,3.995708051267266
1789701098439663600,26.93766357421875,-4.730281970733404,4.6734465693116185,1.857118982514739
1789701098449684700,26.947684814453126,-4.890672439175844,4.229419191986322,-0.06212240191400051
1789701098459705600,26.95770556640625,-4.491537512022257,3.5873347556471824,-1.5384318030387163
1789701098469726500,26.9677265625,-3.593665127712488,2.8476000924170015,-2.3546061473488806
1789701098479748600,26.97774853515625,-2.341356205153465,1.8545336421966552,-2.709695012027025
1789701098489769700,26.987769775390625,-0.863322464454174,0.7088485265791415,-2.6016847191631793
1789701098499790600,26.99779052734375,0.6799754833161831,-0.4545405880331993,-2.329033899196982
1789701098509811700,27.007811767578126,1.897317137390375,-1.4698007498830556,-2.253615377858281
1789701098519832600,27.01783251953125,2.8197183982789515,-2.0944465601652857,-2.3134499610960484
1789701098529853700,27.027853759765627,3.402698319220543,-2.1768711608737705,-2.4225381123244762
1789701098539875800,27.037875732421874,3.3584055885076523,-1.7217139022469519,-2.4381343253850933
1789701098549896700,27.047896728515624,2.402068155747652,-0.784359986898303,-2.2236124537825583
1789701098559917600,27.05791748046875,0.9058160367906093,0.2997837415635586,-1.810210516345501
1789701098569938700,27.067938720703125,-0.8612801449716091,1.1375438947379588,-1.0828969432711602
1789701098579959600,27.07795947265625,-3.0945103219270704,1.6604133381098507,-0.10569850879013538
1789701098589981400,27.0879814453125,-5.237188121297955,1.930223381692171,0.8360147708117961
1789701098600002800,27.0980029296875,-6.108655898284912,2.1256682123810053,1.4710107101947067
1789701098610023700,27.108023681640624,-5.465405340775847,2.2967969324588773,1.8252911810994148
1789701098620044800,27.118044921875,-3.8758594365715977,2.4144547591120005,1.9562375283926725
1789701098630065700,27.128065673828125,-2.0082149683892725,2.5010972697764635,2.123974852466583
1789701098640087600,27.138087646484376,-0.3608727818418294,2.5496581793278454,2.3891747719049454
1789701098650108700,27.148108642578126,0.6041542263954878,2.6415619715213774,2.790748908904195
1789701098660129500,27.158129638671873,0.8013578834503888,2.752168126097321,3.1769413523763417
1789701098670150700,27.168150634765624,0.2452267334025353,2.7979356055378912,3.468888408964872
1789701098680171800,27.178171875,-0.8771703725427389,2.5906150436162947,3.845672388100624
1789701098690192600,27.188192626953125,-1.931272452353686,2.03350956864357,4.1443537213802335
1789701098700214500,27.198214599609376,-2.456127078193426,1.5064152010530232,4.214025223499537
1789701098710235600,27.208235595703126,-2.4245352774910627,1.2504057192862033,4.163206890410184
1789701098720256500,27.218256591796877,-2.277820575440675,1.2208540461093187,3.9972330688774584
1789701098730277600,27.228277587890624,-2.198022669973969,1.2560837649226189,3.596934358641505
1789701098740298800,27.238298828125,-2.1761644739091395,1.213292670944333,2.9363673401504755
1789701098750320600,27.248320556640625,-2.109271204331517,1.050612045738101,2.2586516184598207
1789701098760341800,27.258341796875,-1.7161415089420973,0.7633142762601375,1.9325316586345433
1789701098770362600,27.268362548828126,-1.3974362092874943,0.16442659209072588,2.278336562138796
1789701098780383700,27.2783837890625,-1.2890303412348032,-0.800734783115983,3.3947926606625316
1789701098790404900,27.28840478515625,-0.8313900336205959,-1.511290698134899,4.764144492846727
1789701098800427000,27.298427001953126,-0.3004465893864631,-1.7353461217582224,5.42697945626974
1789701098810448000,27.30844775390625,-0.24504428950771687,-1.9011194522827863,5.51644520766139
1789701098820469000,27.318468994140623,-0.5250431341491639,-2.0532161396324633,5.4055386088341475
1789701098830489900,27.32848974609375,-0.717713312492892,-2.0846207471996543,5.1180415173918
1789701098840510700,27.3385107421875,-0.9618728550553322,-2.083985371905565,4.497138985291123
1789701098850531800,27.34853173828125,-1.5421037695497273,-2.3861697448700667,3.4424177506685254
1789701098860553700,27.3585537109375,-2.1202479408979413,-3.143614836835861,1.627365054988861
1789701098870574800,27.368574951171876,-1.964052586057782,-4.021610554286838,-0.28749066170156
1789701098880596000,27.378595947265627,-0.5909048687219619,-4.704368946319819,-1.4972341157317162
1789701098890616800,27.388616943359374,1.301274321258068,-5.149692793196439,-2.128881329208612
1789701098900638000,27.398637939453124,2.71815304377079,-5.525501205298304,-2.5358248842865225
1789701098910659800,27.408659912109375,3.309709069877863,-5.800401265496015,-2.9273931755781173
1789701098920680700,27.4186806640625,3.0589573625087736,-6.039656596338749,-3.5245500904321667
1789701098930702000,27.4287021484375,2.126970234890282,-6.152735863029957,-4.074818997383117
1789701098940723000,27.438722900390626,0.9299778336226939,-5.821553359118104,-3.8233687863558528
1789701098950743800,27.448743896484373,-0.034629414832592006,-5.026425309967994,-3.092157621321082
1789701098960765000,27.458764892578124,-0.4382140148714185,-4.157052459433674,-2.490756493026018
1789701098970786800,27.468786865234375,-0.16717589079886674,-3.27513693819046,-2.113404358613491
1789701098980807700,27.4788076171875,0.49284547650814053,-2.328041965550184,-1.8504016569584607
1789701098990828800,27.488828857421876,1.440856979471445,-1.533033158865571,-1.6600702237606049
1789701099000850000,27.498849853515626,2.5149916473552585,-0.6509498798400163,-1.3942927966952323
1789701099010871000,27.50887109375,3.5759117366179822,0.37382454480826854,-0.8139099065095186
1789701099020893000,27.518892822265624,4.0934631998375055,1.2201134568750858,-0.32484277949631213
1789701099030913800,27.528913818359374,4.522523017394542,1.8759604611068963,-0.1724298658043146
1789701099040935000,27.538934814453125,4.448055220909416,2.553885441634059,0.09960136095881461
1789701099050955800,27.548955810546875,3.720190735954046,3.2224744385391473,0.3895154504150152
1789701099060976600,27.5589765625,2.9781098018586634,3.8456682964473963,0.6892150208264589
1789701099070998800,27.568998779296876,2.446912675124407,4.287277506715059,0.8356190494924783
1789701099081020000,27.57902001953125,2.3657740225732327,4.546876537406444,0.7232517304629087
1789701099091040800,27.589040771484374,2.615376559907198,4.557147756052017,0.46318683582544323
1789701099101062000,27.599061767578124,2.8705589432001113,4.291604137742519,-0.08513795132040977
1789701099111082800,27.609082763671875,3.2125650389432905,3.804919521951675,-0.9329378524720668
1789701099121104000,27.619103759765625,3.5646342635393142,3.2510417768538,-1.7968857553482054
1789701099131126000,27.6291259765625,3.8138703056484458,2.770907897880673,-2.416439795449376
1789701099141147000,27.63914697265625,3.9456168634086843,2.43605225841403,-2.7881682447612284
1789701099151167700,27.649167724609374,4.00914679403305,2.223290382221341,-3.01597571439445
1789701099161188900,27.65918896484375,4.041647964665294,2.221199547421932,-3.17146145966053
1789701099171209700,27.669209716796875,3.9306051722377537,2.407792378613353,-3.327690716770291
1789701099181231900,27.67923193359375,3.6301749494642017,2.7091350400567054,-3.5329508390307423
1789701099191253000,27.6892529296875,3.0719884012565015,3.0589784052968025,-3.824750596103072
1789701099201273900,27.69927392578125,2.1805478035598993,3.330952933436632,-4.143264172577858
1789701099211295000,27.709294921875,1.008600703960657,3.4485710126012563,-4.385291306221485
1789701099221315800,27.71931591796875,-0.26967121963351964,3.3586826518833637,-4.417824625557661
1789701099231337700,27.729337646484375,-1.6394859931543468,2.8678771567702293,-4.255940119165182
1789701099241358800,27.73935888671875,-2.751748731641471,1.7553239109039305,-3.542959022825956
1789701099251380000,27.7493798828125,-3.4623920326828954,0.03618833471238613,-1.501158011177182
1789701099261400800,27.75940087890625,-4.406386701220273,-1.8858558321774004,1.860397565793991
1789701099271422000,27.769421875,-5.965842003065347,-4.365110103458166,4.84054851809144
1789701099281442800,27.77944287109375,-7.571006916683912,-6.92583035954833,6.08137392360568
1789701099291464700,27.789464599609374,-7.335151165151595,-8.441606094142793,5.9622279042214155
1789701099301485800,27.79948583984375,-5.848749993601441,-8.423957624727487,4.9005911911219355
1789701099311506700,27.809506591796875,-4.281614074125886,-5.9093017851978535,3.6097657831639047
1789701099321528000,27.819528076171874,-2.922363364717364,-2.781476638168096,1.9476526553988456
1789701099331549000,27.829548828125,-1.7961501345500348,-0.8745762643963098,0.010868015494942665
1789701099341570800,27.83957080078125,-0.9388958840936422,0.48093292039632796,-1.6464321590304374
1789701099351592000,27.849592041015626,-0.8645897079110145,1.7710183236420154,-2.858244820550084
1789701099361612800,27.85961279296875,-1.9840806440860033,2.9451795921593904,-3.6738632845431565
1789701099371633700,27.869633544921875,-3.10990633624047,3.380806805408001,-3.749446641054749
1789701099381655000,27.879655029296874,-3.031869156835973,2.2500053706675764,-2.3057389483273028
1789701099391676000,27.889676025390624,0.33196927037537094,-0.36571897976398465,0.3765753048211336
1789701099401697800,27.89969775390625,5.931049506625532,-3.894775733965635,2.6542244692176578
1789701099411719000,27.909718994140626,9.238477187567948,-6.398996688720583,3.4430858591884372
1789701099421739800,27.91973974609375,8.53627935104966,-7.247702014279366,3.342623497486114
1789701099431761000,27.929760986328127,4.472557209481299,-7.183282441338896,3.04609612737
1789701099441781800,27.93978173828125,-3.444442242233455,-5.785059319457411,3.95953842125535
1789701099451804000,27.949803955078124,-5.570559075164795,-3.9979929473340508,3.5064661522090432
1789701099461824800,27.95982470703125,-1.5733406193345785,-3.071148735561967,0.5042442378789186
1789701099471846000,27.969845947265625,3.1193618545889854,-2.246000226679444,-2.888131424769759
1789701099481866800,27.97986669921875,6.001876608520746,-1.7273375873476267,-5.0709933504909275
1789701099491887900,27.989887939453126,6.861701293987036,-1.573992361241579,-6.114186644405126
1789701099501910000,27.999909912109374,6.134692841339111,-1.1153770711153745,-5.453569357031584
1789701099511931000,28.009930908203124,5.1255824342906475,-0.516237458011508,-3.9639012926399704
1789701099521952000,28.019951904296875,4.410881382291019,-0.024358780708909032,-2.222663774755597
1789701099531972900,28.029972900390625,3.8362104400113224,0.4894552495479583,-0.4779249707520008
1789701099541994000,28.039993896484376,3.5026027547791596,1.0410656342357396,1.1782499991357325
1789701099552014800,28.050014892578126,3.6386502246037122,1.666649602150917,2.6685674673467874
1789701099562036700,28.06003662109375,3.9479765782773493,2.085712634089589,4.147389143553376
1789701099572057900,28.070057861328124,4.096787375824153,2.2498282605350015,5.252089337831736
1789701099582079000,28.080078857421874,3.6192923209220167,2.5510598628193137,5.702208017769456
1789701099592099800,28.090099853515625,2.027845551532507,3.100450817891955,5.336978282827139
1789701099602121000,28.100120849609375,-0.41706323642358184,3.607626433047652,4.085867045620083
1789701099612142800,28.110142822265626,-2.468413728314638,3.657338266199827,2.22562379360497
1789701099622163700,28.120163818359377,-3.199283240304887,3.1916806563466786,0.3336836730778217
1789701099632184800,28.130184814453123,-3.1024902147650715,2.433372225549817,-1.070912490966916
1789701099642206000,28.1402060546875,-2.5602877098917958,1.7194260835707187,-1.9036907640755176
1789701099652226800,28.150226806640624,-2.057709943920374,0.9779740950286387,-2.34153389980793
1789701099662249000,28.1602490234375,-1.4609142635941506,0.02431611061096191,-2.441357963606715
1789701099672269800,28.170269775390626,-0.5794879871726035,-1.057297807112336,-2.6125030502974984
1789701099682290700,28.180290771484376,0.5028314484715461,-1.9879647920429706,-2.843915266424417
1789701099692311800,28.190311767578127,1.6785738487005233,-2.622773099899292,-2.9788831243187186
1789701099702333000,28.2003330078125,2.561810973936319,-2.846625694426894,-3.222344090157747
1789701099712354000,28.21035400390625,2.9536183346807956,-2.6311662497133015,-3.423594976776838
1789701099722376000,28.2203759765625,2.776745517992973,-2.0892945842295885,-3.505032320013642
1789701099732396800,28.230396728515625,1.7879437394797801,-1.2932581880629062,-3.3725299754500386
1789701099742418000,28.24041796875,0.3940554319322109,-0.281142169457674,-2.7054028677910567
1789701099752438800,28.250438720703126,-0.8395780162513256,0.5275345125734806,-1.5119775113552807
1789701099762459600,28.260459716796873,-1.8873808497875928,1.0433037685513495,-0.25216508129835125
1789701099772481800,28.270481689453124,-2.7193507291227577,1.5803806009739636,0.8279495377779007
1789701099782502400,28.28050244140625,-3.2552696236819028,2.119663419008255,1.657619323477149
1789701099792523300,28.290523193359373,-3.4155531246185302,2.493806528246403,2.2445196327328683
1789701099802544400,28.30054443359375,-3.100240390011668,2.712798238739371,2.5684645866066216
1789701099812565200,28.310565185546874,-2.475722590023279,2.8695699321627615,2.628000479158759
1789701099822586400,28.32058642578125,-1.7408663464844225,2.858611900296807,2.5078186869859693
1789701099832608500,28.3306083984375,-1.0524567237567155,2.686110138300061,2.2552198904454706
1789701099842629400,28.34062939453125,-0.5362999297659844,2.4740374134153127,1.9370885912865399
1789701099852650500,28.350650390625,-0.38861185263879594,2.3039321911662816,1.7029951732516289
1789701099862671400,28.36067138671875,-0.5565286249328404,2.119433117383718,1.616522173935175
1789701099872692200,28.370692138671874,-0.9418308415669947,1.8244781111508608,1.7096902869760988
1789701099882714600,28.380714599609377,-1.4371230536401272,1.4052005596786736,2.109327318432927
1789701099892735500,28.390735595703124,-1.706971091145277,1.0100918193012476,2.7165760037124156
1789701099902756400,28.40075634765625,-1.6760585048787295,0.9096955085724592,3.279290550738573
1789701099912777500,28.410777587890625,-1.6255565442621707,1.0690390983104705,3.7314959738224744
1789701099922798300,28.42079833984375,-1.7034920168578624,1.2116717917442321,4.074567652970552
1789701099932820200,28.4308203125,-1.8142729434788225,1.2258996390610932,4.1119793919980525
1789701099942841300,28.44084130859375,-1.98390002682209,1.1012567758262157,3.7083863163918256
1789701099952862500,28.450862548828123,-2.228969596901536,0.900788564017415,3.0560218935787677
1789701099962883600,28.460883544921874,-2.4253842955358325,0.5897042607605457,2.726487741395831
1789701099972904400,28.470904541015624,-2.7740058638960123,0.016788053193688392,3.185956433480978
1789701099982925300,28.48092529296875,-3.0211650997310877,-0.7711901242017746,4.195832564204931
1789701099992947500,28.490947509765626,-2.624327928125858,-1.391188400939107,5.016409527388214
1789701100002968300,28.50096826171875,-2.0891015458755193,-1.6949328628271818,5.186408366653323
1789701100012989400,28.510989501953127,-1.7958505670815705,-1.9018349070757625,4.957295659640431
1789701100023010600,28.521010498046873,-1.6726159632094204,-2.0303981586247684,4.641635719031095
1789701100033031400,28.531031494140624,-1.715259027019143,-1.9545120197743175,4.2848201766908165
1789701100043053300,28.54105322265625,-1.9045394898593424,-1.703190403562784,3.870659529840946
1789701100053074400,28.551074462890625,-2.012442230695486,-1.5644202307760715,3.316864202329516
1789701100063095300,28.56109521484375,-1.742534571957588,-1.9673142182022332,2.3436498690485954
1789701100073116400,28.571116455078126,-0.8594961841642856,-2.8284038090378045,0.8746791402488946
1789701100083137500,28.581137451171877,0.40663200491070745,-3.6416958759099245,-0.4573720120668411
1789701100093159400,28.591159423828124,1.8236545198082923,-4.200044628942012,-1.2050953359633683
1789701100103180300,28.60118017578125,3.022380320739746,-4.77587058647573,-1.6831705288410186
1789701100113201400,28.611201416015625,3.4585064234212037,-5.332770894265175,-2.1398411146402356
1789701100123222300,28.62122216796875,2.9297675034940243,-5.851987660348415,-2.755782809463143
1789701100133243400,28.631243408203126,1.839009909850359,-6.236721137183904,-3.421399512559175
1789701100143264300,28.64126416015625,0.5361700928412377,-6.273233297023177,-3.666131813508272
1789701100153286400,28.651286376953124,-0.40122196256071324,-5.841779570066929,-3.3801544789791107
1789701100163307500,28.6613076171875,-0.6991434173837304,-4.959324535119533,-2.8918033912807704
1789701100173328400,28.671328369140625,-0.3400631449818611,-3.8890889205008743,-2.468365212997794
1789701100183349200,28.681349365234375,0.5539072634533048,-2.6978461688011883,-2.0470015029013156
1789701100193370400,28.691370361328126,1.660118154555559,-1.5481494794547557,-1.672813385477662
1789701100203392500,28.701392578125,2.858637911520898,-0.4514642493277788,-1.3042249877572059
1789701100213413400,28.711413330078123,3.7872736828848717,0.5817722987174987,-0.8799187944680452
1789701100223434500,28.7214345703125,4.379055918963253,1.4260159686923026,-0.6724024177134037
1789701100233455400,28.731455322265624,4.6269741564720865,2.133706557407975,-0.6598480565667152
1789701100243476500,28.7414765625,4.31303212569654,2.725233941942453,-0.6429904452681541
1789701100253498400,28.751498291015626,3.625570086017251,3.153905929225683,-0.47355683867037296
1789701100263519200,28.761519287109376,2.8362217893123627,3.4739421852231023,-0.14050912540853022
1789701100273540600,28.77154052734375,2.26255037946403,3.6465181814998386,0.09257014714777469
1789701100283561500,28.7815615234375,2.0624071618258952,3.4967788709312675,0.02349193474650383
1789701100293582300,28.791582275390624,2.267735965408385,3.154829473811388,-0.36121816121339795
1789701100303603500,28.801603515625,2.6606071559920905,2.7118074741363523,-1.042336969345808
1789701100313625300,28.811625244140625,3.021824440422654,2.3458166916936634,-1.80351657166481
1789701100323646200,28.821646240234376,3.393367011773586,2.0973943040549754,-2.3788480236798524
1789701100333667600,28.83166748046875,3.6383781296640634,1.9838976887345312,-2.7030636111885307
1789701100343688400,28.8416884765625,3.7324656956374644,2.0452485217541456,-2.870198877716064
1789701100353709600,28.85170947265625,3.856556185686588,2.239609064337611,-3.02188756878674
1789701100363731500,28.8617314453125,3.842642811146378,2.534656425029039,-3.265964620697498
1789701100373752300,28.87175244140625,3.724502169412374,2.8007611843526363,-3.567577331253886
1789701100383773400,28.8817734375,3.3955779658213254,3.051085606220364,-3.8876743775278326
1789701100393794300,28.891794189453126,2.7486399519711733,3.253281080213189,-4.1946921619981525
1789701100403815400,28.9018154296875,1.7029677007228134,3.3561914195895195,-4.4306642333865165
1789701100413836500,28.91183642578125,0.2392588379740715,3.3726626619189974,-4.487337722244859
1789701100423858400,28.9218583984375,-1.1901011804491282,3.1157763973176476,-4.2945466209352015
1789701100433879300,28.93187939453125,-2.471602587483823,2.469821841546893,-3.7576317010760305
1789701100443900400,28.941900390625,-3.730921973326802,1.3505319809019565,-2.491558457058668
1789701100453921300,28.95192138671875,-4.938422032344341,-0.10574176340997218,0.17260113071799277
1789701100463942400,28.9619423828125,-6.214783446142077,-1.7496376819610595,3.7369694367974993
1789701100473964500,28.971964599609375,-6.169073834368586,-3.9331723923772572,6.1144035020261995
1789701100483985400,28.9819853515625,-5.426919835036992,-5.509530313706398,6.990865434038638
1789701100494006300,28.99200634765625,-4.586913364240527,-5.814254434281588,7.257351886156201
1789701100504027400,29.00202734375,-3.743143156996369,-4.686303128275275,6.457496223962306
1789701100514048300,29.01204833984375,-2.7413696687072515,-2.7334266007483006,4.366549196350574
1789701100524070400,29.0220703125,-1.7348440174549817,-1.4469038584202527,1.66923611151278
1789701100534091500,29.032091552734375,-1.184095802554488,-0.71782210662961,-0.5480658439487218
1789701100544112400,29.0421123046875,-1.1078946064054966,-0.09202420370280742,-2.310637826284766
1789701100554133500,29.052133544921876,-1.7152397377967834,0.4965548524200916,-3.6309739908874032
1789701100564154400,29.062154296875,-2.7701275611579415,1.093510691744089,-4.50523870511651
1789701100574175200,29.07217529296875,-3.6042294840857383,1.1335492721438407,-4.982734636801481
1789701100584197600,29.08219775390625,-3.805971369092166,-0.3230851221740246,-4.4324546239346265
1789701100594218500,29.092218505859375,-3.0381232487946748,-3.3340672660648822,-2.249853979498148
1789701100604239400,29.1022392578125,-0.5430713966622949,-6.937979062503576,-0.16630232283473015
1789701100614260500,29.112260498046876,3.1793568890854713,-9.36820188411176,0.14223054237365723
1789701100624281300,29.12228125,4.246662587732076,-10.632425116348266,0.017138181805610657
1789701100634303200,29.13230322265625,3.0956846264034508,-10.311887340569495,0.25410452492833135
1789701100644324400,29.142324462890624,2.6035350232049823,-8.50144184642434,0.59691375374794
1789701100654345500,29.152345458984374,2.6915979220613835,-5.5635366291821,0.4125421057373285
1789701100664366600,29.16236669921875,2.572419169451296,-2.6307243511646985,-0.5518529612720012
1789701100674387500,29.172387451171875,2.617278009614348,-0.29815351001322266,-2.122539266705513
1789701100684409300,29.182409423828126,4.1098821274578565,1.1447492960721253,-3.5786610353261232
1789701100694430500,29.192430419921877,5.881089251670241,2.010931241610646,-4.344911365038156
1789701100704451300,29.202451416015624,6.461698936349153,2.3147920233547685,-4.414530844709277
1789701100714472200,29.21247216796875,6.568178950905799,1.759631252709031,-3.5443197897851464
1789701100724493600,29.22249365234375,6.688550712692737,0.5963128652453422,-2.078236014598608
1789701100734514400,29.232514404296875,6.269994461232423,-0.2744429640799761,-0.47288405397534367
1789701100744536300,29.242536376953126,5.5850037801027295,-0.8795154743641614,1.194482172012329
1789701100754557400,29.252557373046876,4.999444948583841,-1.2747463798165322,2.870900888505578
1789701100764578300,29.262578369140623,4.650556399850547,-1.26173258446455,4.322347651052475
1789701100774599400,29.272599365234374,4.2250773633897305,-0.6337953314214945,5.549888627579808
1789701100784621300,29.282621337890625,3.704483463734388,0.37682489566802974,6.82467241679728
1789701100794643200,29.292643310546875,2.8140859453499316,1.5911743821889162,8.0474249900043
1789701100804664000,29.3026640625,1.271025605727732,2.806290761429071,8.611099906495213
1789701100814685200,29.312685302734376,-0.6108255208529532,3.6322488331288096,7.73309775930345
1789701100824706000,29.3227060546875,-1.7130666315414012,3.6817467312693593,5.299698061224818
1789701100834727200,29.33272705078125,-2.0038297390423714,3.022310762634873,2.2474913420200346
1789701100844748300,29.342748291015624,-2.0312030452668663,2.3591578193038703,-0.2885194202274084
1789701100854770200,29.352770263671875,-2.0012509745955467,1.8712696729421614,-2.1221242561638354
1789701100864791000,29.362791015625,-1.896511666226387,1.3489648777157068,-3.2049948959499597
1789701100874812200,29.372812255859376,-1.6858336105704306,0.7351181093454361,-3.661652037745714
1789701100884833000,29.3828330078125,-1.4379799627304077,0.08634206641316414,-3.576697041776776
1789701100894854100,29.392854248046874,-0.816528053118661,-0.4768003506362438,-3.414797922337055
1789701100904876300,29.402876220703124,0.2068985371172428,-0.9106728291720151,-3.256758985456824
1789701100914897200,29.412897216796875,1.1841594423752277,-1.0951251412034033,-2.9079496394395825
1789701100924918300,29.422918212890625,2.043082868152857,-1.2274918766885996,-2.987603606390953
1789701100934939100,29.432939208984376,2.5551602838754652,-1.2833324218541382,-3.2256536530971527
1789701100944960000,29.4429599609375,2.433148353666067,-1.1919786647588013,-3.431584806486964
1789701100954982100,29.452982177734373,1.6574387062132359,-1.002588311803341,-3.5734441774606704
1789701100965003300,29.463003173828124,0.3245253841102123,-0.7005839715808629,-3.62564548934102
1789701100975024000,29.473024169921874,-1.1629343565821646,-0.36180794380009174,-3.2560704186707734
1789701100985045200,29.483045166015625,-2.3874065931886435,0.03877309050858021,-1.872925038933754
1789701100995066000,29.493066162109375,-3.5815842292964457,0.5875725094288587,-0.3671726857036352
1789701101005087200,29.503087158203126,-4.6644969546586275,1.331196581313014,0.7721212675720452
1789701101015109000,29.513109130859377,-5.172517788466811,2.0543015967816114,1.5796920341879128
1789701101025130000,29.5231298828125,-4.690479537177086,2.416502923813462,2.14419697176218
1789701101035151400,29.5331513671875,-3.293610167992115,2.556563136410713,2.668083483222127
1789701101045172200,29.543172119140625,-1.4784189406245947,2.79157834546566,3.231325853514671
1789701101055193000,29.553193115234375,0.15784074742700904,3.128898329219222,3.8516450327694414
1789701101065215200,29.56321533203125,1.1873159336447716,3.5509833393275736,4.455180250483751
1789701101075236000,29.573236083984376,1.4355430909723044,3.973885511037707,5.06004174836576
1789701101085257000,29.583257080078123,0.9754156427174806,4.411880037939548,5.431339989566803
1789701101095278300,29.5932783203125,-0.14571546187996864,4.737231936001777,5.41898027420938
1789701101105299200,29.60329931640625,-1.603004520714283,4.512227833351493,4.849704468971491
1789701101115321000,29.613321044921875,-2.738566886246204,3.675490008962154,4.038549414128065
1789701101125342200,29.62334228515625,-3.2155864325910803,2.577956637573242,3.2831700225204226
1789701101135363000,29.633363037109376,-3.106266226172447,1.6106383765935897,2.6860516861110924
1789701101145384200,29.64338427734375,-2.560748313140869,0.8831845182657241,2.2233096714437006
1789701101155405000,29.653405029296874,-2.0191431896388528,0.3025134587883949,1.966920834970474
1789701101165426200,29.66342626953125,-1.816467238652706,-0.08611819452941417,1.8024714465260505
1789701101175448000,29.673447998046875,-1.9401937176950275,-0.1611807420372963,1.7959622107625006
1789701101185469200,29.68346923828125,-2.0970973669350146,-0.020651742884516714,2.2464006241738796
1789701101195490000,29.693489990234376,-2.1372125197023153,-0.1002858360916376,3.4203865361243486
1789701101205511200,29.70351123046875,-2.0081752209007737,-0.380627210560441,5.096311916142702
1789701101215532000,29.713531982421873,-1.6699118188172577,-0.6195581317543983,6.205958334651589
1789701101225554200,29.72355419921875,-1.3773930998206139,-0.8335106790363788,6.398875692689418
1789701101235575300,29.7335751953125,-1.4300497542530297,-1.0412819073349238,6.001594284448028
1789701101245596200,29.74359619140625,-1.979690884694457,-1.2607044104605913,5.357261192399263
1789701101255617000,29.753616943359376,-2.694879720211029,-1.6015777027815579,4.492247121596336
1789701101265638100,29.76363818359375,-3.0817110461086035,-2.2557909683316946,3.4024282701075075
1789701101275660000,29.773659912109373,-2.749255453521013,-3.2055858475804326,2.012917446991801
1789701101285681200,29.78368115234375,-1.5429893202126026,-4.08981023028791,0.7208592823684216
1789701101295702300,29.793702392578126,0.2760871510904282,-4.782149520614743,-0.27394612047374245
1789701101305723100,29.80372314453125,2.1157097129464146,-5.3445887578308575,-0.8403817338496447
1789701101315744300,29.813744140625,3.408050201642513,-5.728410965040326,-0.9715215578883886
1789701101325766100,29.82376611328125,4.079743009781837,-5.950744387176632,-1.0114975944459437
1789701101335787000,29.833787109375,4.01632822996974,-6.256117327049374,-1.2400561747074126
1789701101345808400,29.843808349609375,3.073134356421232,-6.694189010840654,-1.8168699742347
1789701101355829200,29.853829345703126,1.4891620145656168,-6.789514594176411,-2.162465618902445
1789701101365850000,29.86385009765625,-0.0487839046522975,-6.143342596262693,-1.8962755193829535
1789701101375871200,29.873871337890623,-0.7599740259215235,-5.1172874841541045,-1.5255384191960095
1789701101385893000,29.88389306640625,-0.6019774668782949,-4.035367276960611,-1.3403899415940046
1789701101395914000,29.8939140625,0.13228110302835702,-2.8861107325971127,-1.231608664357662
1789701101405935000,29.90393505859375,1.1161588691428304,-1.6847060678452253,-0.9866144976019858
1789701101415956200,29.913956298828126,2.0231796055480835,-0.4876011461138725,-0.7117565229803323
1789701101425977300,29.923977294921876,2.9418393418207764,0.6185393101006746,-0.547912699213624
1789701101435999200,29.933999267578123,3.753884038980305,1.5367279217302798,-0.539568649238348
1789701101446020000,29.94402001953125,4.368895759476721,2.267389051666856,-0.8390005086243152
1789701101456041200,29.954041259765624,4.67333258754313,2.8850930799871684,-1.2081313426584004
1789701101466062000,29.96406201171875,4.627024133093655,3.4617151563346384,-1.3884867407649755
1789701101476083000,29.9740830078125,4.297335082609951,4.038881422561407,-1.2606728462785481
1789701101486104300,29.984104248046876,4.0514726085871455,4.543533072197437,-1.0944552791178226
1789701101496126200,29.994126220703127,4.031505925357341,4.806028993374109,-1.1297194847226142
1789701101506147000,30.00414697265625,4.224605069702863,4.769954640430211,-1.4195616779863833
1789701101516168200,30.014168212890624,4.5651621356815095,4.517292715525627,-1.9370663794547318
1789701101526189000,30.02418896484375,4.91056196551621,4.251310705798864,-2.403597265011072
1789701101536210200,30.034210205078125,5.1851457993715995,3.896969444617629,-2.7171991040468213
1789701101546232300,30.044232421875,5.384167319503426,3.5220588581383225,-2.8738486323952674
1789701101556253200,30.054253173828126,5.397472206756472,3.0923534361541267,-2.9262592031121253
1789701101566274000,30.064274169921877,5.163413860034942,2.61800223223567,-2.9698119291126726
1789701101576295200,30.074295166015624,4.558283482083678,2.113663301810622,-3.0183190626502037
1789701101586316000,30.08431591796875,3.7069057224452493,1.79189803006351,-3.0660949593037365
1789701101596338000,30.094337890625,2.5763112084537743,1.72688341383934,-3.1460563847690817
1789701101606359300,30.104359375,0.9223808026224374,1.7726093922257422,-3.2986002313643694
1789701101616380200,30.114380126953126,-0.8809013757646084,1.9123276595175265,-3.489042139199376
1789701101626401300,30.1244013671875,-2.379932019524276,1.9570470912098883,-3.697835111761093
1789701101636422100,30.134422119140623,-3.540949144308269,1.7476479694485663,-3.935488268104195
1789701101646444000,30.144444091796874,-4.180641424813866,1.2030465867400169,-4.0263849290817975
1789701101656465200,30.154465087890625,-3.5320161885291337,0.2134171252310276,-3.143285166490078
1789701101666486300,30.164486328125,-2.8431352219626307,-1.2623580228865146,-0.7039964103728532
1789701101676507100,30.174507080078126,-2.8160464317679406,-3.464340244141221,1.9263883335739374
1789701101686528300,30.1845283203125,-2.999386398643255,-5.688480521190166,3.8045810837775464
1789701101696549000,30.194549072265627,-4.75866372334808,-7.190415946480631,4.790333996114135
1789701101706571000,30.204571044921874,-6.044025312942266,-7.522159006884694,5.267364648374915
1789701101716592000,30.214592041015624,-5.533319770094752,-5.784525650972127,4.946252287578583
1789701101726613000,30.224613037109375,-4.446219237653911,-2.541937814208865,3.386156934264302
1789701101736634400,30.23463427734375,-3.2628637320727107,-0.1804115122079849,1.5541741465717553
1789701101746655200,30.2446552734375,-2.393656593494117,1.1644207957476376,0.10120353545844554
1789701101756677000,30.254677001953127,-2.2779434711679816,2.108859700921178,-1.1123813964307308
1789701101766698200,30.2646982421875,-3.1398373641237614,2.7683839323610067,-2.175833634519577
1789701101776719000,30.274718994140624,-4.876166359439492,2.7024545393794774,-2.6782775449782608
1789701101786739200,30.2847392578125,-5.36247045148015,1.0069330630093811,-1.5807880127310752
1789701101796760000,30.294760009765625,-2.2245336602807044,-2.2327134596049785,0.9471025714248418
1789701101806782000,30.304781982421876,3.4427029973506924,-5.729388285639882,2.8856518829137086
1789701101816803000,30.314802978515626,8.971082388433814,-7.55827369183898,2.5162901627331973
1789701101826824000,30.324823974609377,10.394156458455324,-8.112792657449841,1.5775503459841012
1789701101836844800,30.3348447265625,8.203818497765063,-7.820411885619163,1.12513917119503
1789701101846866200,30.3448662109375,4.972062436139583,-6.251079332882165,1.1942594691723585
1789701101856888000,30.35488818359375,-0.5227247742041945,-3.2743881656497713,1.8570324732750654
1789701101866909000,30.364908935546875,-5.905810435950756,-0.6144347973912954,1.2551947071284055
1789701101876930000,30.374929931640626,-3.3338480703562494,0.11099953780770301,-3.1602146739810704
1789701101886951000,30.384950927734376,3.187227476330101,0.40526305464506146,-6.443696831190586
1789701101896972000,30.394971923828123,6.437378149563074,0.807113085976243,-7.474311798560619
1789701101906993000,30.404992919921874,7.089926696771383,0.7678466589927673,-7.381764447766542
1789701101917015000,30.41501513671875,6.478779835009575,0.4104857577294111,-5.994422200861573
1789701101927036200,30.4250361328125,5.532807144397497,-0.1812830343455076,-3.55664151121974
1789701101937057000,30.43505712890625,4.697595214401185,-0.9769920982539653,-1.0883569622427225
1789701101947078000,30.445077880859376,4.202900310634076,-1.5717629947543144,1.118100943121314
1789701101957099000,30.45509912109375,4.178564326278865,-1.8604431585013865,3.335398806929588
1789701101967121200,30.46512109375,4.314102677537501,-1.6267793640553951,5.376148263698816
1789701101977142000,30.47514208984375,4.682851526516676,-0.9105687842756509,7.067118652635813
1789701101987163100,30.4851630859375,4.9077626901865,0.36904140218496323,8.459005557233095
1789701101997184000,30.49518408203125,4.083853367710113,1.984377581205964,8.88270793941021
1789701102007205000,30.505205078125,2.000562407809496,3.45279710586369,8.02012138801515
1789701102017227000,30.51522705078125,-0.5960919159710407,4.45689757579565,6.256715292942523
1789701102027248000,30.525248046875,-2.5396599324047564,4.636484912139177,3.800932498142123
1789701102037269000,30.53526904296875,-3.489157582272589,4.050256218534708,1.326580611950159
1789701102047290000,30.5452900390625,-3.7237095577299595,3.2662638959050176,-0.5821101523697376
1789701102057311000,30.55531103515625,-3.392825744503736,2.5866128222376106,-1.7742478070825338
1789701102067332900,30.565332763671876,-2.7480104218959807,1.9166379239320754,-2.2886679865390063
1789701102077354000,30.57535400390625,-1.782225946354866,0.9927946475416422,-2.5626480092823503
1789701102087374800,30.585374755859377,-0.5049169495087117,-0.058476154366135596,-2.8644167871832846
1789701102097396200,30.595396240234376,0.87659476461187,-1.0211901364207268,-3.163730573147535
1789701102107417000,30.6054169921875,1.9892928257763385,-1.7599083160847424,-3.39250191937685
1789701102117438000,30.61543798828125,2.781682389873266,-2.1396885544270274,-3.5811727258861064
1789701102127460000,30.625460205078124,3.2568086698174477,-2.1293214741915465,-3.5807115381151435
1789701102137481000,30.63548095703125,3.117760264611244,-1.8621148911058902,-3.5225539481788872
1789701102147501800,30.645501708984376,2.4072131174206732,-1.356937171769142,-3.419706737166643
1789701102157523000,30.65552294921875,0.9476339018225669,-0.5937251868396997,-3.3316771560579537
1789701102167544000,30.6655439453125,-1.0160188712626694,0.3771703481048345,-2.971056960737705
1789701102177566000,30.67556591796875,-2.698419584774971,1.0914508366048334,-1.8141823425859211
1789701102187587000,30.685587158203123,-3.9448488016456364,1.4406307695001364,-0.35919220834374427
1789701102197608000,30.69560791015625,-4.6356449541836975,1.7556927442163228,0.8531587978363037
1789701102207629000,30.705629150390624,-4.55540763438642,2.1222353153228757,1.6186901656240225
1789701102217650000,30.71564990234375,-3.7246114750057457,2.407019056153297,2.080461873954534
1789701102227672000,30.725672119140626,-2.342878884676099,2.5413544613629577,2.5365941150933504
1789701102237693200,30.735693115234376,-0.8885270483374595,2.6065748292922972,3.036314153546095
1789701102247714000,30.745714111328127,0.12701945617310703,2.639018716779351,3.5361283000230785
1789701102257735000,30.75573486328125,0.4192513210523873,2.6663755102604627,3.9118794289797543
1789701102267756000,30.765756103515624,0.07906469582132995,2.687251709550619,4.023548244351148
1789701102277778000,30.77577783203125,-0.6243996535014361,2.6913649900883434,3.8606928470999002
1789701102287799000,30.785799072265625,-1.349786715492606,2.5839801356464625,3.573784369200468
1789701102297820200,30.795820068359376,-1.9731746346682308,2.3506471805900335,3.2213568326860664
1789701102307841000,30.805841064453126,-2.4401959340900183,1.9166233108848332,2.832311922392249
1789701102317862100,30.815862060546873,-2.7024726595580577,1.4237047691404818,2.420094810825586
1789701102327884000,30.825884033203124,-2.6005823108792305,0.9657751231908798,2.033611275452375
1789701102337905000,30.83590478515625,-2.155322615280002,0.7055477314680815,1.8524053979963062
1789701102347926000,30.845926025390625,-1.6669867251507937,0.6020248131513595,1.8847294584959744
1789701102357947100,30.855947021484376,-1.2922463806718587,0.6393342608481645,1.9962527279168367
1789701102367968000,30.865968017578126,-0.9983066889613866,0.8426239598184824,2.2011352490365503
1789701102377989000,30.875989013671877,-0.8197972109824418,1.1312936021715403,2.6737416551142927
1789701102388011000,30.886010986328124,-0.8373930734276771,1.2494687306970358,3.6880432010650632
1789701102398032000,30.896031982421874,-1.0900561673760414,1.0934861418247221,5.378673398262262
1789701102408053000,30.906052978515625,-1.1862234622329473,0.9433446801960468,6.7842772780448195
1789701102418074000,30.91607421875,-1.2909411432921887,0.76508128593266,7.363133981576562
1789701102428095000,30.926094970703126,-1.6591490172624588,0.3513824113756418,7.519882878646254
1789701102438117000,30.9361171875,-2.0408809741944074,-0.29694588778913017,7.350667298713326
1789701102448138000,30.946137939453124,-2.259595767442137,-0.9237105899214744,6.852340175923705
1789701102458158800,30.956158935546874,-2.4080986680835483,-1.4408797758251428,5.992654022145271
1789701102468180000,30.966179931640625,-2.5407559109479187,-2.0705062971293926,4.833299277615547
1789701102478200800,30.976200927734375,-2.437818099042773,-3.086639150160551,3.04786722869575
1789701102488223000,30.986222900390626,-1.674298071077466,-4.169423865228891,1.0592752446651459
1789701102498244000,30.996244140625,-0.3424789739519358,-5.079056245437264,-0.6373778660833835
1789701102508265000,31.006264892578123,1.2721090170502662,-5.833993153974413,-1.828296792656183
1789701102518286000,31.0162861328125,2.6221850708782672,-6.377562855547666,-2.47596282851994
1789701102528307000,31.026306884765624,3.3461259526491163,-6.7454340449094765,-2.8532103335142134
1789701102538329000,31.0363291015625,3.24765593380779,-6.983294706523418,-3.212157627186179
1789701102548350200,31.04635009765625,2.2527999698221683,-7.112865673810243,-3.7215982646644115
1789701102558371000,31.05637109375,0.7450878608264029,-6.9944421234816305,-4.025497040331364
1789701102568392000,31.066391845703127,-0.4261281480193138,-6.2263213237226,-3.4134020840644834
1789701102578413000,31.0764130859375,-0.938005511125177,-5.138198754757642,-2.64644331382215
1789701102588435000,31.08643505859375,-0.7369044082403182,-3.980092548984289,-2.1263515184700488
1789701102598456000,31.0964560546875,-0.03316489523798227,-2.9342554625630375,-1.772204903078079
1789701102608477200,31.106477294921874,0.7910626994073391,-2.0952789193361996,-1.4682079277336597
1789701102618498000,31.116498046875,1.7372656916439533,-1.4403940381348133,-1.2620388739347457
1789701102628519200,31.126519287109375,2.6316899813264607,-0.7636234883397817,-0.951481224900484
1789701102638541000,31.136541015625,3.422927160517871,-0.18355974710583686,-0.7319394793093205
1789701102648562000,31.14656201171875,4.28244467973113,0.3542512448102236,-0.7202846973508596
1789701102658583000,31.1565830078125,5.053637142020464,0.9316004663884639,-0.8471388068944216
1789701102668604200,31.166604248046873,5.43673454208672,1.5637795947849749,-0.9732359605908393
1789701102678625000,31.176625,5.32272763915658,2.4367542692035435,-0.5167541753619909
1789701102688646100,31.186646240234374,4.5966538370102645,3.483206857174635,0.06716916390955448
1789701102698668000,31.19666796875,3.565936870570481,4.451124253091216,0.6292459975540637
1789701102708689000,31.20668896484375,2.815509840673208,5.179074370503425,1.0853887600868939
1789701102718710000,31.2167099609375,2.362841476252675,5.546261669254303,1.0461819543361663
1789701102728731000,31.22673095703125,2.2270886054605246,5.690560250073671,0.6484218226671219
1789701102738752000,31.236751953125,2.5377850784435867,5.5148266665488475,-0.28896541042923923
1789701102748774100,31.246774169921874,2.958201570817828,4.952493812316656,-1.8549428075194359
1789701102758795000,31.256794921875,3.406031847557425,4.171884117862582,-3.543013383361697
1789701102768815900,31.26681591796875,3.845295371481776,3.4848932028263806,-4.749012390166521
1789701102778837000,31.2768369140625,4.187809709008038,3.0774808611929414,-5.375466126653552
1789701102788858600,31.286858642578125,4.379139797854423,2.9659774655163287,-5.6056268814146515
1789701102798880500,31.296880615234375,4.309919838894904,3.0439257975935936,-5.674778159052133
1789701102808901600,31.306901611328126,4.039580218480527,3.2380554540306328,-5.660467309626936
1789701102818922800,31.3169228515625,3.4376164878666398,3.367508932417631,-5.630140560424327
1789701102828943600,31.326943603515623,2.6325261398896576,3.3495839841485022,-5.573800833564996
1789701102838964700,31.33696484375,1.572155208942294,3.072213149923086,-5.447324325162172
1789701102848986600,31.346986572265624,0.037404140242934224,2.541861826363206,-4.856145900195837
1789701102859007500,31.357007568359375,-1.7869494677454232,1.5267729294270276,-3.6352217114597556
1789701102869028600,31.367028564453125,-3.8471705177038906,-0.1559124462455511,-1.3800257864117622
1789701102879049500,31.377049560546876,-4.761970071417093,-2.1346061365962026,2.3451415689110755
1789701102889070800,31.38707080078125,-4.929599258941412,-4.136569643375277,5.784677042141556
1789701102899092700,31.3970927734375,-6.812786164170503,-6.125950147435069,7.849002604809403
1789701102909113600,31.407113525390624,-8.543207689008117,-7.595713487917185,8.572454826280474
1789701102919134700,31.417134765625,-7.156462823474407,-7.454183202767371,7.540553910753131
1789701102929155600,31.427155517578125,-5.260643815687298,-5.409157968375086,4.644925992748141
1789701102939176400,31.437176513671876,-3.9964661761581897,-2.6738690808862446,2.382368014499545
1789701102949198800,31.44719873046875,-2.488319036746025,-0.9231132085502147,0.7652981435537338
1789701102959219700,31.4572197265625,-1.1292702796503902,0.21248305925130842,-0.5535685330182314
1789701102969240600,31.467240478515624,-0.43026071777939795,1.162331129992008,-1.7198785035133362
1789701102979261700,31.47726171875,-0.29843554182499643,2.048089882659912,-2.785886271303892
1789701102989282600,31.487282470703125,-0.934487420001626,2.9159429762810465,-3.652901160535216
1789701102999304400,31.497304443359376,-1.6070137563556433,3.432591937702894,-3.979564725717902
1789701103009325800,31.507325927734374,-1.7111977689296005,2.6489263628095387,-3.2694419414192435
1789701103019346700,31.5173466796875,-0.4811252280980348,0.5718137992829084,-0.6531722320646047
1789701103029367800,31.527367919921875,3.2696383407741783,-2.7421085043758153,2.7696044140666722
1789701103039388700,31.537388671875,7.177897241169214,-5.753992565542459,4.482266410329938
1789701103049410600,31.54741064453125,7.691067712825537,-7.498010654056071,4.163204552322626
1789701103059431700,31.557431640625,3.090609515096247,-9.235953806570171,3.5002100144237276
1789701103069452800,31.567452880859374,-4.224734541301429,-10.454417158150672,3.8453970782905813
1789701103079473700,31.5774736328125,-4.2104649006694554,-9.174225956931709,3.1545950805336234
1789701103089494800,31.587494873046875,-0.4210319939240813,-6.100625152042507,0.8683218801766633
1789701103099515600,31.597515625,2.8680294247224927,-3.3500901801049707,-2.312769577616453
1789701103109537500,31.60753759765625,4.929972183907032,-1.5532231294572352,-4.69836064581573
1789701103119558700,31.61755859375,5.969665945267677,-0.3847363994449377,-5.945633327773213
1789701103129579500,31.62757958984375,6.382886680918932,0.35898704116046426,-6.291499021553993
1789701103139600600,31.6376005859375,6.300539821621776,0.762681239053607,-5.836562712201475
1789701103149621800,31.647621826171875,5.752466963410377,0.9733750768005848,-4.726631047010422
1789701103159643600,31.6576435546875,4.881947865450382,0.9295885420441627,-3.1584850737094876
1789701103169664500,31.66766455078125,4.151946368466318,0.7862363021641969,-1.5584206981003283
1789701103179685600,31.677685546875,3.728488024178147,0.7300684247404337,-0.12627251026332378
1789701103189706500,31.68770654296875,3.786704358564317,0.7519453255057335,1.4194091177731751
1789701103199727600,31.6977275390625,4.575709540919959,0.6843290023505687,3.143609576138854
1789701103209749800,31.707749755859375,5.034073194372653,0.5124766441732644,4.987687290772795
1789701103219770600,31.7177705078125,4.675369938589633,0.4237894759386778,6.47460985584855
1789701103229791700,31.727791748046876,3.3101439541637894,0.8288935406297445,7.055397819703817
1789701103239812600,31.7378125,0.7854923519290983,1.7379478286892174,6.135472009018063
1789701103249833500,31.74783349609375,-1.8263408362828195,2.848315547209978,4.277996468150615
1789701103259856000,31.75785595703125,-3.0856209130287167,3.4210938076108692,2.125125776067376
1789701103269876700,31.767876708984375,-3.093287502133846,3.2903286621034145,0.1567752005547285
1789701103279897600,31.777897705078125,-2.667211961084604,2.8322043703645465,-1.2253992883235216
1789701103289918700,31.787918701171876,-2.172312474656105,2.156324047407508,-2.0877198822587726
1789701103299939600,31.797939697265626,-1.3961574215233326,1.3036381277799605,-2.549158997634053
1789701103309961500,31.80796142578125,-0.1898748485367745,0.1949164229005575,-2.8030057484090327
1789701103319982800,31.81798291015625,1.1883131279885768,-0.9954530530959367,-3.1610365117579695
1789701103330003700,31.828003662109374,2.344351295316219,-2.0091905354231594,-3.649095338511467
1789701103340024800,31.83802490234375,3.061161010032892,-2.6851450926601883,-4.080905623820424
1789701103350045700,31.848045654296875,3.1244378426790234,-2.9657576852858063,-4.366359226736426
1789701103360067600,31.858067626953126,2.2778724517583844,-2.7953970269709822,-4.491140621659159
1789701103370088700,31.868088623046877,0.8420902913331985,-2.277801140087843,-4.316512369027733
1789701103380109600,31.878109619140623,-0.69788523401618,-1.47253397423923,-3.6321675845861434
1789701103390130700,31.888130615234374,-1.8459686429470776,-0.519465772408247,-2.2793740884929896
1789701103400151800,31.89815185546875,-2.6785002478182314,0.26460019997954365,-0.843271610072255
1789701103410173700,31.908173583984375,-3.2430800041943786,0.9753425774812697,0.4531283831477165
1789701103420194600,31.918194580078126,-3.525127598059177,1.7146762586951254,1.605699166625738
1789701103430215700,31.928215576171876,-3.60910410438478,2.4187977567523715,2.5636077942252156
1789701103440236500,31.938236572265627,-3.2051924643486736,2.9821313124597073,3.285696326127648
1789701103450257700,31.948257568359374,-2.328482110533118,3.4144618222504852,3.8449569333076474
1789701103460279800,31.95827978515625,-1.3111539102375507,3.732351129347086,4.247044280526041
1789701103470300700,31.96830078125,-0.4203695114273578,3.969931804975867,4.440062176328897
1789701103480321500,31.978321533203125,0.1313432011237368,4.101435786151885,4.294347883492708
1789701103490342700,31.9883427734375,0.33062019385397434,4.059151472651958,3.6689509625822305
1789701103500363500,31.998363525390626,0.25955858908314255,3.8612493119388818,2.843266447126865
1789701103510385700,32.0083857421875,-0.08823116809539497,3.741688282012939,2.274749935823679
1789701103520406800,32.01840673828125,-0.46962592896223065,3.744598031979799,2.059785581150651
1789701103530427600,32.028427734375,-0.7873545656044035,3.7917280319452282,2.1177678145200014
1789701103540448800,32.03844873046875,-1.1096879926282912,3.779281807348132,2.3064222544163466
1789701103550469600,32.0484697265625,-1.4790923098415136,3.565898584386706,2.5341484755069015
1789701103560491500,32.058491455078126,-1.8039694299988447,3.0614006640076634,2.8040800996422766
1789701103570512600,32.0685126953125,-2.111139920812845,2.440017070391774,2.9389865827381607
1789701103580533800,32.07853369140625,-2.4181021757036447,1.9286556939840316,2.8603040911674498
1789701103590554600,32.0885546875,-2.7052000386953354,1.5283055458217858,2.6040608006447554
1789701103600575700,32.09857568359375,-2.8389743028908967,1.230336744725704,2.250368358761072
1789701103610597600,32.10859765625,-2.661029473057389,0.9513619824349879,1.9352689746439455
1789701103620618500,32.118618408203126,-2.025191676022857,0.5777689082950354,1.9628724363625047
1789701103630639600,32.1286396484375,-1.4623999721072614,0.0010404489636421203,2.263746311250329
1789701103640660700,32.13866064453125,-1.19168289668262,-0.9274117825269699,2.8412194514691826
1789701103650681900,32.14868188476562,-0.661045741918683,-1.9199971712321042,4.3038247368901965
1789701103660702700,32.15870263671875,0.13416355577409267,-2.797113767760992,5.244518610316515
1789701103670724600,32.168724609375,0.6570955429881811,-3.8050919559091327,5.267905331122875
1789701103680745700,32.17874584960938,0.8704805925805121,-4.771880640056729,4.819713235333562
1789701103690766600,32.1887666015625,0.9403712173432112,-5.929252101814747,4.171673689982295
1789701103700787500,32.19878735351563,0.7234691726058721,-7.122610238233208,3.2597382935285566
1789701103710808800,32.20880883789062,0.3459013496160507,-7.972213389414549,1.9945611215680836
1789701103720830700,32.218830810546876,0.5917150525936856,-8.401592648184298,0.7087164246320724
1789701103730851600,32.2288515625,1.7147054847896097,-8.439131812983751,-0.3351256885796785
1789701103740872700,32.23887280273438,2.8797382749557494,-8.322185349470377,-1.1548445736289024
1789701103750893600,32.2488935546875,3.4377497588574886,-8.267350766476989,-1.8886644598573445
1789701103760914700,32.25891479492188,3.5667794588744637,-8.083321063771843,-2.357270982643962
1789701103770936800,32.268936767578126,3.3607039285779,-7.615214891722798,-2.227633964383602
1789701103780958000,32.2789580078125,3.172686617541313,-7.010354562884569,-1.8191823428303002
1789701103790978800,32.28897875976563,2.945073793697357,-6.20196429657936,-1.7149229269325732
1789701103801000000,32.299,2.709575477300584,-5.245721556365489,-1.8777502671331165
1789701103811020800,32.30902075195313,2.3781439670637248,-4.222161183682084,-2.1453227609217165
1789701103821042700,32.319042724609375,2.171064228160679,-3.1940888865321875,-2.4185966812223194
1789701103831063800,32.329063720703125,2.1212790375113486,-2.1693612236350774,-2.6204022791147232
1789701103841085000,32.3390849609375,2.232230644524097,-1.3013742745012045,-2.8319249689012764
1789701103851106000,32.34910595703125,2.6863375173151494,-0.5323989037394523,-2.977659720003605
1789701103861127000,32.359126953125,3.2906194617435336,0.0740998399555683,-3.108849812924862
1789701103871148800,32.369148681640624,3.773838154989481,0.5927104568392038,-3.2011580942660567
1789701103881170000,32.379169921875,3.9909085420310495,1.0017331562787293,-3.3333769457131623
1789701103891190800,32.389190673828125,3.756841719742119,1.2394202148914337,-3.2147324461102484
1789701103901212000,32.3992119140625,3.3035096307158467,1.4260294126957653,-2.7525930735111235
1789701103911233000,32.40923291015625,2.897914859898388,1.5408721819281577,-2.2557290090113877
1789701103921255000,32.4192548828125,2.310997599507868,1.676220563572645,-1.802145867833495
1789701103931275800,32.42927587890625,2.208273138092458,1.996913822174072,-1.41524147669971
1789701103941297000,32.439296875,2.274916232301295,2.559319741642475,-1.4009388105809688
1789701103951317800,32.44931787109375,2.4649068892374633,3.198558140900731,-1.8522709579616783
1789701103961339000,32.4593388671875,2.8251681881174444,3.696314770326018,-2.348758590364456
1789701103971361000,32.469361083984374,3.234801128409803,3.989234471338987,-2.469849314075708
1789701103981382000,32.4793818359375,3.717038701663911,4.145211799514294,-2.2568466148644686
1789701103991402800,32.48940283203125,4.1923344929561015,4.000364352640509,-1.7989812663227318
1789701104001424000,32.499423828125,6.947331412738561,2.784421459448337,-1.2124170571535826
1789701104011444700,32.50944482421875,5.765177976423502,2.241231697103381,-0.2941051114052534
1789701104021467000,32.519466796875,3.954778074985742,1.7072908246189356,0.9381395127683877
1789701104031488000,32.529488037109374,2.888221148879826,0.269765619918704,2.0130325978040693
1789701104041508900,32.5395087890625,2.04522104922533,-1.382239955329895,2.466034139701724
1789701104051530000,32.549530029296875,-0.20287351938486098,-2.162033657225966,3.062082216531038
1789701104061550800,32.55955078125,-2.035919990786165,-3.526923833826184,2.4966321070611475
1789701104071572700,32.56957275390625,-2.67676889398098,-3.9228830535531043,0.8543155666559934
1789701104081593900,32.57959375,-1.9369819160416721,-3.55414151109755,-1.4553320795476437
1789701104091615000,32.589614990234374,-1.656651793619245,-3.2666081792980433,-3.4620611932933327
1789701104101635800,32.5996357421875,-1.7065505276456474,-3.2217367719143626,-4.85923568290472
1789701104111657000,32.609656982421875,-1.1407061581611633,-2.8536335273623465,-5.555232911217212
1789701104121678800,32.61967895507812,-0.2228663599692285,-2.581254510074854,-5.774057448449731
1789701104131699700,32.62969970703125,0.6940135071493685,-2.672155847227573,-5.675600581350922
1789701104141720800,32.63972094726562,1.499234495768696,-2.813493824675679,-5.230869439670443
1789701104151741700,32.64974169921875,2.137191330783814,-2.8004654162764546,-4.467800662603974
1789701104161763000,32.65976318359375,2.7245512203752993,-3.0898230408936738,-3.574080721798539
1789701104171785000,32.66978491210938,2.8791233579277993,-4.153870322266221,-2.382602407777309
1789701104181805800,32.67980590820312,2.726229967242479,-4.079192974683642,-0.9181225606560707
1789701104191827000,32.68982690429687,2.879483423411846,-2.326634436839819,1.023390276813507
1789701104201847800,32.69984790039062,2.2731049450956284,-1.136747191402316,2.2774363984286783
1789701104211868700,32.70986865234375,0.8653497324980794,-0.5717313816964626,2.5738077012002467
1789701104221890800,32.71989086914063,-0.08536240772604942,-0.07214753684401512,2.3228595944762227
1789701104231912000,32.72991186523438,-0.43899917389973997,0.2024327898800373,1.552011415579915
1789701104241932800,32.73993286132813,-0.4326537503957748,0.4994704476058483,0.7019581825435162
1789701104251954000,32.74995385742187,-0.46683184126429256,1.5893331382364033,0.24006080200672147
1789701104261974800,32.75997485351562,-0.2944656152807176,2.563444712617993,-0.05731295580565929
1789701104271997000,32.76999682617188,0.793110937174037,2.290490525791049,-0.28356033651530743
1789701104282018000,32.78001806640625,1.9704633298829197,1.4112673123717308,-0.4506143545001745
1789701104292039000,32.79003881835938,2.4620868633806703,1.3341776429504155,-0.548500143712759
1789701104302059800,32.80005981445313,2.5537632765591143,1.210256664249301,-0.47095980791449543
1789701104312081000,32.81008081054687,1.7736453111447392,1.299828798624873,-0.06500351030826568
1789701104322102800,32.820102783203126,1.3079998301208018,2.1168910316854714,0.9918541518211365
1789701104332123600,32.83012353515625,1.6091490148186682,2.6829332618296147,2.1999323029875755
1789701104342145000,32.84014501953125,2.014137344175577,2.23770819915235,2.8400913242220875
1789701104352166000,32.85016577148438,2.1934417719244954,0.9732634331196546,2.9203356582820414
1789701104362187000,32.86018701171875,2.1700059512794017,-0.2644780349045992,2.700553089672327
1789701104372209000,32.870208984375,1.476570097887516,-1.5319453636288642,1.9107669860720633
1789701104382229800,32.880229736328126,0.9471907611649483,-2.1574007367283103,0.7143687513053417
1789701104392251000,32.8902509765625,0.9423556691586971,-0.8170055344372987,-1.5132611214250324
1789701104402271700,32.90027172851563,-0.41095279071927066,0.5119394685566425,-3.217121971595287
1789701104412292900,32.91029296875,-2.33709504057765,-2.3228344600349664,-1.2088082190066576
1789701104422315000,32.92031494140625,-3.5795629526019095,-3.675836045920849,0.26263620643019675
1789701104432336000,32.9303359375,-3.3880303269207475,-2.8568524894088503,-0.032629180926084515
1789701104442356700,32.940356689453125,-2.6541268540620804,-1.5671294897347687,-0.9709580787867307
1789701104452377900,32.9503779296875,-2.3186101203382012,-0.11090952143669128,-1.9105431141883134
1789701104462398700,32.960398681640626,-2.147519394183159,-0.03423135542571545,-1.964714849358797
1789701104472420900,32.9704208984375,-1.5956407139480113,-1.076045177680254,-1.28737614428699
1789701104482442000,32.98044189453125,-1.0058452677726746,-1.9452111074656246,-0.3453308562517166
1789701104492462800,32.990462890625,0.1112310084760189,-1.111584693095088,-0.40493163073360916
1789701104502484000,33.00048388671875,1.5315303530871867,0.8591945708692074,-0.7678022353291512
1789701104512504800,33.0105048828125,2.224795526087284,2.128564518344402,-0.6912789676189423
1789701104522527000,33.02052685546875,2.2092355533838273,2.0281687921375036,-0.6397253059923649
1789701104532547800,33.0305478515625,1.5458897178292275,1.6593249583512544,-0.34331133312284945
1789701104542569000,33.04056884765625,1.078413660377264,1.8071376847714185,0.04427519505620003
1789701104552589800,33.05058984375,0.8439619304239749,1.4828098690599203,0.4634627301573753
1789701104562611000,33.06061083984375,0.26733868503272534,0.5308733016073703,1.17614747389853
1789701104572632800,33.0706328125,0.5575730924844742,-0.013357494223117827,1.8251994111627339
1789701104582653700,33.08065380859375,1.5762334181666373,-0.013793547552824019,2.3170716587245463
1789701104592675000,33.090675048828125,2.088660962501168,0.016314005941152572,2.504085930198431
1789701104602696000,33.100696044921875,1.6553706677675246,-0.10158756633996963,2.520814946681261
1789701104612716800,33.110716796875,0.6367424907892942,-0.48975510927736754,2.1539134791344403
1789701104622739000,33.12073901367187,-0.38720370287392286,-0.9193997409850359,1.5280173765301703
1789701104632759800,33.130759765625,-0.732277917483449,-1.0015700746715068,0.631923692330718
1789701104642780700,33.14078076171875,-0.040237975429371,-0.37807460346817967,-0.5961971299111842
1789701104652801800,33.1508017578125,0.43489539184272286,0.3977197996586561,-1.7979402328372
1789701104662823000,33.160822998046875,-0.2793763653615489,-0.30487784983217714,-2.2906074301689863
1789701104672844800,33.1708447265625,-1.0861820293564348,-1.5280764132410287,-2.6305185994595286
1789701104682866000,33.18086596679687,-1.727181081611663,-2.472104399526119,-2.8696318914830683
1789701104692886800,33.19088671875,-1.869692632883787,-2.7901433442264794,-2.636412333673239
1789701104702908000,33.200907958984374,-1.9435919818311929,-1.8383552453339098,-2.60567466558218
1789701104712928800,33.2109287109375,-1.2206179723311215,-0.10159925677776337,-2.523095751094818
1789701104722951000,33.22095092773438,-0.016024119616486133,0.23339491437673568,-1.37941437651515
1789701104732972000,33.23097192382812,0.9385417368937283,-0.825817201924324,-0.502561399358511
1789701104742993000,33.24099291992187,1.270186524555087,-1.810663520810008,-0.2273638175189495
1789701104753013800,33.251013671875,1.2614736412674188,-2.2720108662486074,0.10671323879063128
1789701104763035000,33.26103491210937,0.9953483506124466,-2.065342630755901,0.9883902751028537
1789701104773055700,33.2710556640625,0.7287076577812432,-0.8026952695339917,1.9307745858341454
1789701104783077400,33.281077392578126,-0.21900047832131384,0.4888075992941856,3.42743294750452
1789701104793098500,33.29109838867188,-0.22919454007744788,1.289454119604826,5.209783981543779
1789701104803119400,33.30111938476563,2.448001054883003,1.6215823799341915,6.292481602850556
1789701104813140500,33.31114038085938,2.8496389047682285,1.7221008557379245,5.390377864581346
1789701104823162600,33.32116259765625,0.727721569353342,1.0757067395061255,3.090076138871908
1789701104833183500,33.33118359375,-1.4931062221467495,0.39315935987532136,0.7879553810417652
1789701104843204600,33.34120458984375,-2.895548423027992,0.6660907503485679,-1.0115227288872004
1789701104853225500,33.3512255859375,-3.0496903524696823,1.2935714917957781,-2.650904969406128
1789701104863246300,33.36124633789063,-2.558299750944972,0.974448843511939,-3.6278473832994695
1789701104873267500,33.37126733398438,-1.8713789785355328,0.755325615593791,-3.7597505929261446
1789701104883289600,33.38128955078125,-0.5057756852298975,0.052912675020098686,-3.1861849815398453
1789701104893310500,33.391310546875,1.2664707189023494,-1.0319646284133195,-2.4367612834662196
1789701104903331600,33.40133154296875,2.4698189189374444,-1.3631722667664288,-1.7064724939733742
1789701104913352400,33.4113525390625,3.019633067858219,-1.1943845568567513,-1.212227672061324
1789701104923373600,33.42137353515625,2.935078469383716,-0.5795131216138601,-0.7919757225990295
1789701104933395500,33.4313955078125,2.568808869999647,0.2536994512587786,-0.6378881536930799
1789701104943416600,33.44141650390625,1.945385879510641,0.9124152889251709,-0.6538759964197873
1789701104953437400,33.4514375,1.0514905821382998,1.2027759531050919,-0.5087216755539179
1789701104963458600,33.46145849609375,0.08686696707010269,1.2805302239149807,-0.20740999377071856
1789701104973479400,33.4714794921875,-0.7675684265732765,1.2458709984660148,0.05832067154347896
1789701104983501300,33.48150122070312,-1.2615069590151309,1.0942080263584852,0.3031763066112995
1789701104993522400,33.4915224609375,-1.5075649556100368,0.8458382456898689,0.5646335323899984
1789701105003543300,33.501543212890624,-1.4311971707224844,0.6165589499384164,0.821316967895627
1789701105013564700,33.51156469726563,-1.1807435695171355,0.4817354689508676,1.1523603555977344
1789701105023585500,33.52158544921875,-0.8617220435202121,0.38912615883648394,1.4879460629045962
1789701105033607400,33.531607421875,-0.5138742360115051,0.25764380497038364,1.8640917441368101
1789701105043628500,33.541628662109375,0.05101180983483791,-0.13713234245181083,2.0118723218530414
1789701105053649400,33.5516494140625,0.550751137509942,-0.5530769501090049,1.6362784292846917
1789701105063670300,33.561670166015624,0.46799745097756384,-0.8373030570566654,0.8317524371922016
1789701105073691400,33.57169140625,1.0511644189238547,-0.918936799648404,-0.09569967734515666
1789701105083713500,33.58171362304687,1.4944564677119254,-1.2344389193475245,-1.6111825664728878
1789701105093734400,33.591734375,1.7827005781292915,-1.2608686611115931,-2.2526684523969887
1789701105103755500,33.601755615234374,1.466983938896656,-1.116938913604617,-1.7413421473026274
1789701105113776400,33.6117763671875,-0.6808627875447273,-1.012263318121433,-1.0238070409208535
1789701105123797500,33.621797607421875,-2.0025252323150635,-0.6518073734521865,-0.024150106394290924
1789701105133819600,33.63181958007812,-2.4231413389146326,-0.11694412542581557,0.13513152402341366
1789701105143840500,33.64184057617187,-2.12288062748909,0.15331307740211486,-0.17976444647610187
1789701105153861600,33.651861572265624,-1.4285492865622043,0.07302022802531719,-0.7900111445277929
1789701105163882500,33.661882568359374,-0.7249965283036232,-0.10770517243742943,-1.3200275370448826
1789701105173903400,33.6719033203125,-0.1773965483009815,-0.3150561294972896,-1.420526723626256
1789701105183925500,33.68192553710937,0.3553764494478702,-0.3570452594429254,-1.300787414523959
1789701105193946600,33.69194653320312,0.8124047626435756,-0.3659405135601759,-1.1079244170218705
1789701105203967500,33.70196752929687,1.1833248181819915,-0.4603863914519548,-0.9816489841490983
1789701105213988600,33.71198852539062,1.4888018029510974,-0.5363584550201893,-0.6790531077742576
1789701105224009500,33.722009521484374,1.4836463198840617,-0.45465515432357784,-0.22128069821298121
1789701105234031400,33.73203125,0.6249287188768387,0.19622925906479358,-0.27478023321032524
1789701105244052500,33.74205249023437,0.9019558542311191,0.2000146228224039,0.15088088181912898
1789701105254073300,33.7520732421875,0.9143208302855491,0.1671715068846941,0.45631227388083934
1789701105264094500,33.76209448242187,0.5099100085556507,0.4753250173866749,0.32102935868799687
1789701105274115600,33.77211547851562,0.4623614909172058,-0.044290392625331874,0.6620622254848479
1789701105284137500,33.78213745117188,0.11789220166457816,-0.33916999553442,0.6539876401007175
1789701105294158300,33.79215844726563,-0.4769359597146511,0.029369302347302437,0.13378420106768607
1789701105304179500,33.80217944335938,-0.2408791326522827,1.31160282304883,-0.9933277315050363
1789701105314200300,33.81220043945312,-0.18361761477291583,2.025972743397951,-0.99895317017138
1789701105324221400,33.82222143554687,-0.9280378054708242,1.2273065832495689,0.5652630624651909
1789701105334243600,33.83224365234375,-0.8969868336468935,0.5192173506051302,1.2102034727573394
1789701105344264400,33.84226440429688,-0.5125818581134081,-0.17658347835242746,1.3298065882593393
1789701105354285600,33.85228564453125,-0.19866671534478664,-0.7561690806806087,1.19427525126338
1789701105364306400,33.86230639648438,0.11530628595775924,-0.48812370868325233,0.5401853198319673
1789701105374327300,33.87232739257813,0.11585399210155009,-0.07476853299736977,-0.09809680161476135
1789701105384349700,33.882349609375,0.21633388946056364,0.11042203018069266,-0.3892021466821432
1789701105394370600,33.89237060546875,0.36449382188320156,-0.03191431065499782,-0.4442921657413244
1789701105404391400,33.90239135742188,0.4023357690215111,-0.49629123304784295,-0.038082770156860346
1789701105414412500,33.91241259765625,0.15225859991312027,-1.098565052524209,0.8716752822577953
1789701105424433400,33.92243334960938,-0.420978510171175,-1.8447890777736902,1.8933640158504246
1789701105434455300,33.932455322265625,-0.4603168333470821,-1.5871113705337048,2.1556641221940516
1789701105444476700,33.9424765625,-0.19468787484169006,-0.6618371845573187,1.1895131514281034
1789701105454497500,33.95249755859375,-0.10690671553611755,-0.023420623075962065,0.0025859248399734496
1789701105464518700,33.9625185546875,-0.263670810174942,0.4789607435405254,-1.0678805759251118
1789701105474539500,33.97253955078125,-0.4514063816606998,0.8751806600302457,-1.8457675674170255
1789701105484561400,33.9825615234375,-0.5007587338507176,1.154776184567809,-2.173331296309829
1789701105494582500,33.99258251953125,-0.2905670004069805,1.244222062215209,-2.048893600258231
1789701105504603400,34.002603271484375,-0.02081716257929802,1.249464639043808,-1.3608189816385508
1789701105514624500,34.01262451171875,0.2562263393878937,0.8692302271932363,-0.5369008913338184
1789701105524645600,34.02264575195313,0.6166226628243923,0.945188846758008,-0.2463555182367563
1789701105534667500,34.03266748046875,0.6939432183921337,1.7313082445442676,-0.7951596133321523
1789701105544688400,34.0426884765625,-0.2784486925899982,-0.41339784578382965,-0.08442775722444057
1789701105554709500,34.05270947265625,-0.6762240218281745,-2.710005393150449,0.5977209784775972
1789701105564730400,34.06273046875,-0.2726040582150221,-4.257712974056601,0.8503431558936834
1789701105574751500,34.07275146484375,0.28759646016359325,-5.300901591795682,0.7115981175482272
1789701105584773600,34.082773681640624,0.20994740329384803,-6.252087633141875,-0.1454506734639406
1789701105594794500,34.09279443359375,-0.14100188649469053,-5.968388180416822,-0.9744710553437471
1789701105604815400,34.1028154296875,-0.6742489223629236,-5.019940624123811,-1.2231705063581466
1789701105614836500,34.11283642578125,-1.3741244534134864,-4.492719999805092,-1.0993658475130796
1789701105624857300,34.122857421875,-1.6870055769592522,-3.891680106037855,-1.0165835194081068
1789701105634879500,34.13287939453125,-1.348406659311056,-3.259001211425662,-1.3593120842069386
1789701105644900600,34.142900634765624,-0.7628162636101246,-3.0771190421432255,-1.5398802482813596
1789701105654921500,34.15292138671875,-0.3184077780127525,-2.909015222844481,-1.3889198714852333
1789701105664942600,34.162942626953125,0.2509890049899928,-2.7670015380918977,-0.8656985459357499
1789701105674963500,34.17296337890625,0.6715045920908451,-2.460256140822172,-0.06973287691771984
1789701105684985300,34.1829853515625,0.7792296382725238,-1.8026853815376758,0.6782756936609745
1789701105695006500,34.19300634765625,0.6916004546582698,-1.4996914457559585,1.2031295888483524
1789701105705027600,34.203027587890624,0.21757194335553795,-1.3085183010369539,1.468285669144988
1789701105715048400,34.21304833984375,-0.10821250090505927,-1.2830799083977937,1.7339496989637613
1789701105725069600,34.223069580078125,0.12265720584299415,-1.0460030906379223,2.0476473995894193
1789701105735091500,34.23309155273437,0.2490612335314974,-0.09161386933624743,2.3469360511124133
1789701105745112300,34.2431123046875,0.14270287259314207,0.2201478947907686,2.780095412942767
1789701105755133400,34.25313354492187,-0.30374559439923615,0.2634685656011104,3.1512562914997337
1789701105765154600,34.26315454101562,-0.34060912495944645,0.6266016205251217,3.2148090184777973
1789701105775175700,34.27317578125,0.07700374470353126,1.0467051014274358,3.16653744726181
1789701105785197800,34.28319775390625,0.5404641367733478,1.4185229825884103,3.244459475854039
1789701105795218700,34.29321875,0.5918097086071967,2.0190975969314575,3.431394836872816
1789701105805239600,34.30323950195312,0.32213121898267416,3.0463515634357927,3.2395722883343696
1789701105815260700,34.3132607421875,-0.057494742113351816,3.6507448592841625,2.7598329616367816
1789701105825281500,34.32328149414062,-0.7478583484530449,3.8433646956801413,2.2007570633739233
1789701105835303400,34.33330346679688,-1.0641121633023023,3.7568794214040038,1.586736107480526
1789701105845324800,34.34332470703125,-0.3574830663383007,3.4486493385344743,0.6724784055590629
1789701105855345700,34.353345703125,0.5874976906269789,2.8700585924625397,-0.5639899737894535
1789701105865366800,34.36336669921875,0.9020032005041837,2.7586796999484298,-1.2776555452615022
1789701105875387600,34.3733876953125,0.605502133873105,3.2489772455394266,-1.811805092060566
1789701105885409500,34.38340942382813,-0.04267594316601753,3.7670577010691164,-2.0205910503596067
1789701105895430700,34.3934306640625,-0.3058610887158662,4.417796568506956,-2.0359867724120617
1789701105905451500,34.40345141601563,0.1429406999370083,4.911527595677971,-2.4075135616719723
1789701105915472600,34.41347265625,0.7649070984095334,4.911128367227316,-2.604006440109014
1789701105925493800,34.42349365234375,0.5797189098516479,4.586010277920961,-2.5062270338803527
1789701105935515600,34.433515625,-0.12563307984862476,4.4254584814369675,-2.0664836174845695
1789701105945536500,34.44353662109375,-0.6338888549238443,4.10016035938859,-1.2229530642151831
1789701105955557600,34.4535576171875,-0.48745033946633337,3.397458665001392,-0.860014070558548
1789701105965578500,34.46357861328125,-0.1118541088104248,2.532415368103981,-0.6948369523614645
1789701105975599900,34.47359985351562,-0.09123215827597304,2.178720003610849,-0.31288112354576586
1789701105985621800,34.48362182617188,-0.3552005083590746,2.1329846728742123,0.1506973419457674
1789701105995642600,34.493642578125,-0.6620470279157161,1.8384809175401926,0.44732817243635653
1789701106005663700,34.50366381835938,-0.7815420068681239,0.9935060106813907,0.3017699469447136
1789701106015684600,34.5136845703125,-0.43506198058128354,-0.07949322343170642,-0.2935106526434421
1789701106025705500,34.52370556640625,0.13547288480699063,-1.0309680185914039,-0.5690478417009115
1789701106035727600,34.5337275390625,0.4906342301994562,-1.765002424353361,-0.4845891048163175
1789701106045748700,34.54374877929688,0.34722236908674237,-2.300608015179634,-0.25156477731764315
1789701106055769600,34.55376953125,-0.08405600130259991,-2.6158079370617866,0.28070845421552654
1789701106065790700,34.56379077148438,-0.4067512473762035,-2.764171867623925,0.9116460581183433
1789701106075811600,34.5738115234375,-0.4011673097640276,-2.889432570496201,1.4275018233358858
1789701106085833500,34.58383349609375,-0.15667875444293022,-2.916006104645133,1.5929478216022253
1789701106095854800,34.593854736328126,-0.08402385259866714,-3.0148814894169567,1.2211042214781045
1789701106105875700,34.603875732421876,-0.08998714491724967,-3.0293653573215007,0.6881979527384042
1789701106115896600,34.613896484375,0.030144962894916534,-2.8421055866539477,0.2714420286983251
1789701106125917700,34.62391772460938,0.21099954269528387,-2.4902520506352186,0.025224457627534867
1789701106135939600,34.633939697265625,0.280271231842041,-1.9093541966646908,-0.06648994947373867
1789701106145960400,34.64396044921875,0.23041268369555473,-1.5575567747473715,-0.14240706798434258
1789701106155981600,34.653981689453126,0.14245558330118654,-1.648023812136054,-0.4547843336611986
1789701106166002700,34.664002685546876,-0.0006026420682668685,-1.8034499361693859,-0.796385355734825
1789701106176023800,34.67402392578125,-0.019337737676501272,-1.8028654142796992,-0.8884212498754263
1789701106186045700,34.684045654296874,0.19587445427775382,-1.5088789608180522,-0.9144932642430067
1789701106196066600,34.694066650390624,0.49116789868474003,-0.8256956213712692,-0.6315531054526567
1789701106206087700,34.704087646484375,0.4612549909800291,0.025366496446728705,-0.04590834921598434
1789701106216108500,34.714108642578125,0.15819737884495405,0.5510130033165216,0.3514168981671333
1789701106226129700,34.724129638671876,-0.21534020224809644,0.7488076120018958,0.5180383699536323
1789701106236151800,34.73415185546875,-0.4631733918219805,0.83015143173635,0.5038374106436968
1789701106246172700,34.74417260742187,-0.5539660079032183,0.6509288370519876,0.3619657647103071
1789701106256193500,34.754193603515624,-0.30245909825265405,0.5125099619209766,0.17697160088717936
1789701106266214700,34.764214599609375,-0.03947451677620411,0.5396709405690431,0.13302841426432133
1789701106276235500,34.774235595703125,0.09110884242355823,0.6363906086117029,0.25904665750563144
1789701106286257700,34.78425756835937,-0.032887576133944094,0.9915823491424322,0.48579672704041
1789701106296278800,34.79427880859375,-0.3113000283667818,1.229667467162013,0.588612666131556
1789701106306299600,34.80429956054687,-0.7235106005948037,1.3962006761431693,0.4692179326832294
1789701106316320800,34.81432080078125,-1.1284300294339655,1.4096861806601284,0.25638912873417136
1789701106326341600,34.824341552734374,-1.0418448019146918,1.145689791792631,-0.07142126839607954
1789701106336363500,34.83436352539063,-0.6243113906960934,0.7891887222290038,-0.3820686415404081
1789701106346384600,34.84438452148437,-0.08141447381787002,0.6182423729807138,-0.47759383910149333
1789701106356405800,34.85440576171875,0.6037251507958397,0.6373679292112588,-0.23476328012049197
1789701106366426600,34.86442651367187,0.45208026233427223,0.8666577463567257,-0.15247925692647696
1789701106376447700,34.87444775390625,0.1493418356835842,1.2921031728088854,-0.1833656858384609
1789701106386468600,34.884468505859374,0.1144073004245758,1.6016449227988718,-0.22816548929065464
1789701106396490500,34.89449047851563,0.11675174465887247,1.6319383542537689,-0.3552943241223693
1789701106406511600,34.90451171875,0.1718979508846998,1.6474340295493601,-0.3898997735574841
1789701106416532700,34.91453271484375,0.15353928737342357,1.5703806004852057,-0.33538580082058905
1789701106426553600,34.9245537109375,0.1646785210251808,1.4149486312329769,-0.2777335300579667
1789701106436575700,34.93457568359375,0.14129238474071026,1.2189233703076838,-0.23640900150090455
1789701106446596600,34.9445966796875,0.07151391511559486,1.0448276171177624,-0.22591800262480974
1789701106456617500,34.95461743164063,0.12232289585471152,0.919209186848998,-0.23660949250906704
1789701106466638600,34.964638671875,0.13772672814838588,0.8607622585773468,-0.22956629599928854
1789701106476659500,34.97465942382812,0.20369711072742938,0.6453542517900467,-0.17451602442860603
1789701106486680800,34.984680908203124,0.3229161222826689,0.27841537484228607,-0.13869330815821884
1789701106496702700,34.99470263671875,0.41692711588852105,-0.14722177478969095,-0.12948621161282062
1789701106506723600,35.0047236328125,0.49363290055878456,-0.48089025029838084,-0.17472674456983803
1789701106516744700,35.01474462890625,0.45677762637026603,-0.7175485503852367,-0.17382745764255522
1789701106526765600,35.024765625,0.2684159588754177,-0.8569242878496647,0.0018988193586468695
1789701106536786400,35.03478637695312,0.06372282284796238,-0.8085866656601428,0.24749708948731422
1789701106546808800,35.04480883789063,-0.1766390809971839,-0.6883721402615308,0.46728988723009823
1789701106556829700,35.05482958984375,-0.3728344377923757,-0.5261930348366498,0.6545639786839484
1789701106566850600,35.0648505859375,-0.4810889877408743,-0.3756640351951122,0.6977960944280028
1789701106576871700,35.07487158203125,-0.4861468556523323,-0.25697452740669247,0.5592223209962248
1789701106586892500,35.084892578125,-0.3922947789352387,-0.17641396700441836,0.34010318473130463
1789701106596914700,35.09491479492188,-0.22699140400998294,-0.07239303603768349,0.09800707750469445
1789701106606935800,35.10493579101563,-0.07165894960947335,-0.04973170689642429,-0.1171454932168126
1789701106616956700,35.11495678710938,0.05049158535301685,-0.020365911680459974,-0.2895484710142016
1789701106626977800,35.12497778320313,0.15644268066473305,-0.04476911605298519,-0.39865386563837524
1789701106636999700,35.134999755859376,0.19021737836413086,-0.09936053794026374,-0.44041415526419875
1789701106647020500,35.1450205078125,0.21514380289316176,-0.045075405523180956,-0.38475510414540764
1789701106657041700,35.15504174804688,0.2625320884685963,0.12585457711219786,-0.19351561619192362
1789701106667062800,35.16506274414063,0.25072540388405323,0.29039047479629515,-0.053425885239243506
1789701106677083600,35.17508374023438,0.15467143320851026,0.32616964418590066,0.01428980663716793
1789701106687104800,35.18510473632813,0.05016951379179954,0.30914369058310986,0.07668108862042426
1789701106697126700,35.195126708984375,0.013461466054245828,0.28913141464591025,0.12812339882701634
1789701106707147500,35.2051474609375,0.0067038084875792265,0.1859369976311922,0.13619944551587104
1789701106717168600,35.215168701171876,0.03453063063323498,0.057087914878129954,0.0687935502409935
1789701106727189500,35.225189453125,-0.005700330533459782,-0.028562077617645263,0.028836510644853115
1789701106737210600,35.23521069335938,-0.04008658425994217,-0.15603578036427496,-0.036278351083397865
1789701106747232800,35.245232666015625,-0.04045008381009101,-0.19653028783798215,-0.07395020235180855
1789701106757253600,35.255253662109375,-0.053793549507856364,-0.12215572259426116,0.00990443115979433
1789701106767274500,35.2652744140625,-0.11561134245209395,-0.049066520985960954,0.06908551892489194
1789701106777295600,35.275295654296876,-0.2093424231380224,-0.024948563295602796,0.10935673903673887
1789701106787317500,35.2853173828125,-0.3281565071541816,-0.03759001820385456,0.171698044398427
1789701106797338400,35.29533837890625,-0.3740233553159982,0.02045242092013359,0.19796616585999727
1789701106807359500,35.305359375,-0.2984955283839255,0.12583002719283104,0.19645780712366104
1789701106817380400,35.31538037109375,-0.18702077427990735,0.21568097850978374,0.2259083580136299
1789701106827401500,35.3254013671875,-0.07539755161590873,0.30647827076613904,0.2686395384982228
1789701106837422300,35.33542236328125,0.04185929302088916,0.34019583145081994,0.22450345965176818
1789701106847444500,35.34544458007812,0.20244046172983943,0.3086486005425453,0.15499123974740503
1789701106857465600,35.35546557617187,0.3096476215172559,0.2442348728209734,0.04986234753876924
1789701106867486500,35.365486572265624,0.30246377442777156,0.17080138781964777,-0.03844926538169384
1789701106877507300,35.37550732421875,0.23962350656799972,0.1735802048832178,-0.0827267985254526
1789701106887528400,35.385528564453125,0.14856858628876507,0.2076484787017107,-0.08954524636864662
1789701106897550600,35.39555053710937,0.040100466654822225,0.20851707822978496,-0.11571107649952173
1789701106907571500,35.40557153320312,-0.12013495735637843,0.12223229496181011,-0.09312719650864601
1789701106917592600,35.41559252929687,-0.26929800240695473,0.03527414247691631,-0.0741194214388728
1789701106927613400,35.425613525390624,-0.3665221859056502,-0.02253331884741783,-0.05905424651503562
1789701106937634600,35.435634521484374,-0.27599143563099204,-0.04454699773490429,-0.0745662884235382
1789701106947656400,35.44565649414063,-0.08412446342892944,-0.05259118798077106,-0.10131547140032053
1789701106957677600,35.45567749023437,0.06163257257044315,-0.06107727677524089,-0.10817951195091008
1789701106967698700,35.46569873046875,0.1423912128280848,-0.03958265332579612,-0.08947130434960127
1789701106977719600,35.47571948242187,0.20143259986154735,-0.008734510597586632,-0.054115913330018514
1789701106987740400,35.48574047851562,0.2530880413621664,-0.06054419281184673,-0.013952245245873927
1789701106997762600,35.49576245117188,0.26045067908465863,-0.055659343379735944,0.010783844342827796
1789701107007783400,35.50578344726563,0.20115034885406494,-0.004855623337626457,-0.010047054500877856
1789701107017804300,35.51580419921875,0.09274659969322382,0.0656610974341631,-0.012477788779139519
1789701107027825700,35.52582568359375,-0.03180668556205928,0.14305354919433594,-0.0826139858007431
1789701107037846500,35.53584643554687,-0.16401801128983495,0.13328560389578342,-0.13000292896330357
1789701107047868400,35.54586840820313,-0.27432664422392844,0.06574877571761607,-0.1608411348193884
1789701107057889500,35.5558896484375,-0.36441608047187324,0.06573942336738109,-0.13562106110602618
1789701107067910400,35.56591040039063,-0.3982155107537284,0.08432078971862793,-0.0848228940218687
1789701107077931500,35.575931640625,-0.40059455137737093,0.11964169394671917,-0.021066461165249347
1789701107087952400,35.58595239257812,-0.21487141569256782,0.08589841429889201,0.009145137225091457
1789701107097974500,35.595974609375,0.07676474831588566,-0.0597784691363573,-0.08847878618091344
1789701107107995400,35.60599536132813,0.21220884541980922,-0.11932371403872966,-0.10570143139958381
1789701107118016500,35.6160166015625,0.05335808070003986,-0.08227087145149707,-0.015897241833806038
1789701107128037400,35.62603735351563,-0.12905191184878348,-0.009707739543914795,0.05483078360110521
1789701107138058500,35.63605859375,-0.21200725843310356,-0.011940613162517547,0.04388327312916517
1789701107148080600,35.64608056640625,-0.2398380991667509,-0.052852469265460965,0.03814502173811197
1789701107158101500,35.6561015625,-0.2360603341937065,-0.07866554043591022,0.04363952750116586
1789701107168122600,35.66612255859375,-0.14257661586496978,-0.0995762265175581,0.03063654580414295
1789701107178143500,35.6761435546875,-0.07004091995358466,-0.11917583000063896,0.020981997752189636
1789701107188164400,35.68616430664063,-0.0003226560831069946,-0.1307242289751768,0.010834990008175373
1789701107198186500,35.6961865234375,0.09424768843855709,-0.14257190315723417,0.031335049462318416
1789701107208207400,35.706207275390625,0.19611286614350973,-0.13147884673476218,0.0379433616861701
1789701107218228500,35.716228515625,0.2606301273047924,-0.06585048252642155,0.10042173743098974
1789701107228249600,35.72624951171875,0.2318073163917288,0.013676643174886703,0.0802241680547595
1789701107238270500,35.7362705078125,0.1341664783835411,0.05691314283311367,0.016637831068038938
1789701107248292400,35.746292236328124,0.04092767472658306,0.07406827577352523,0.0013566753059625625
1789701107258313500,35.7563134765625,-0.032258557515405115,0.0759825849622488,-0.029163550642132757
1789701107268334300,35.766334228515625,-0.057111332286335525,0.05815875898003578,-0.043567339047789574
1789701107278355700,35.77635571289063,-0.03136431208942085,0.06267769770920276,-0.06031652153581381
1789701107288376600,35.78637646484375,0.02095448869075626,0.09940086995065212,-0.05918488715738058
1789701107298398500,35.7963984375,-0.012044110069610177,0.11690320889353752,-0.01341799223870039
1789701107308419600,35.806419677734375,-0.08078501680791378,0.1422714589059353,0.030760172183811663
1789701107318440400,35.8164404296875,-0.09529047548975796,0.1489630654990673,0.004324877461791038
1789701107328461300,35.82646142578125,-0.10010463430583476,0.10745967324376106,-0.01685001251399517
1789701107338482400,35.836482421875,-0.051021162185072896,0.062248074120283124,-0.007674187889695167
1789701107348504600,35.846504638671874,0.016568272963166236,0.02941314148902893,-0.005740881739556789
1789701107358525400,35.856525390625,0.03433540032207966,0.04581891736686229,-0.016995266203582285
1789701107368546600,35.866546630859375,0.02628302676975727,0.030491584375500678,-0.02081803936213255
1789701107378567400,35.8765673828125,-0.03173073424901813,0.023133038306236267,-0.007688216415047645
1789701107388588500,35.886588623046876,-0.0933054391523823,0.0559486817151308,0.010591828902065753
1789701107398610700,35.89661059570312,-0.15253913388755172,0.03914601547420025,0.02681201907992363
1789701107408631600,35.906631591796874,-0.19375906955897806,0.023281506866216658,0.008255787169933318
1789701107418652400,35.91665234375,-0.20146310459766537,0.001025251394510269,0.005208674558997154
1789701107428673500,35.926673583984375,-0.2025853500932455,0.024372224712371826,0.03338672129511833
1789701107438694400,35.9366943359375,-0.1546346996610053,0.08482114045619964,0.043651802460849286
1789701107448716300,35.94671630859375,-0.08907645981311797,0.1755406913012266,0.01742693561911583
1789701107458737400,35.9567373046875,-0.06374037677096203,0.23224048364460467,0.018242635916173457
1789701107468758500,35.96675854492187,-0.06711301327552646,0.250690332570672,0.04255786974430084
1789701107478779600,35.976779541015624,-0.08307926522493361,0.23979133741557596,0.07100947272479534
1789701107488800500,35.986800537109374,-0.09686813660264014,0.23153145859241483,0.0877682998239994
1789701107498822400,35.99682250976562,-0.07522681642519309,0.21960195134580135,0.10489128406047821
1789701107508843500,36.00684350585937,-0.04679742527650669,0.21998305961787698,0.12591390608400105
1789701107518864400,36.01686450195312,-0.03704758189022541,0.21241642375588415,0.11373656155616044
1789701107528885500,36.02688549804687,-0.01627133584320545,0.14980653058588503,0.15298486836105585
1789701107538907600,36.03690771484375,-0.0028080066254362462,0.10110767386853695,0.1761287203222513
1789701107548928500,36.04692846679688,0.014499065473675727,0.031032267123460768,0.16543547687232493
1789701107558949400,36.05694946289063,0.02913253444936126,-0.047155134406685825,0.15958791988790033
1789701107568970500,36.06697045898437,-0.006104198626615107,-0.09734452194273471,0.09841215117424726
1789701107578991400,36.07699145507812,-0.03866086230576038,-0.1258452247619629,0.06193389360457659
1789701107589012500,36.08701245117187,-0.1223281930843368,-0.12987491866946219,0.08683014219105244
1789701107599034600,36.09703466796875,-0.20344521832559256,-0.15065993254482746,0.12488105590492486
1789701107609055500,36.10705541992188,-0.26073828212069344,-0.15245499926805495,0.14102555049806834
1789701107619076600,36.11707666015625,-0.2819400601034053,-0.13664894284904003,0.11694120281636715
1789701107629097500,36.12709741210937,-0.20785130779743194,-0.17631109115183352,0.06290624576807022
1789701107639118300,36.13711840820312,-0.0923369411800988,-0.18868425051271914,-0.03148381028324365
1789701107649140500,36.147140380859376,0.05980007817996665,-0.19645313094854353,-0.07942541889250278
1789701107659161600,36.15716162109375,0.18233225113749504,-0.16648995436131953,-0.1514136735215783
1789701107669182500,36.16718237304688,0.2119505415434949,-0.13582593602836132,-0.16381021375805138
1789701107679203600,36.17720361328125,0.20917408083379269,-0.08752747680544852,-0.16539835973232983
1789701107689224400,36.18722436523438,0.16586159332990646,-0.004690203642845153,-0.1514379311800003
1789701107699246300,36.197246337890626,0.1191629522527568,0.004129062628746033,-0.14843582675457
1789701107709267500,36.207267333984376,0.06736556326448917,-0.011716156756877899,-0.16963205177932977
1789701107719288600,36.21728857421875,0.03380642627822235,-0.005490414109826087,-0.14533669169545171
1789701107729309400,36.22730932617188,-0.016972177588939666,-0.009971358916163443,-0.1286822017535567
1789701107739330600,36.23733056640625,-0.0680506411855109,-0.025125088906288146,-0.11375205138623713
1789701107749352400,36.2473525390625,-0.10971649399353191,-0.026436171504855156,-0.1203589023053646
1789701107759373300,36.257373291015625,-0.12305880891382694,-0.01636719743311405,-0.0979182301774621
1789701107769394400,36.26739453125,-0.1330015445237048,-0.028353987824916837,-0.05418927082717418
1789701107779415300,36.277415283203126,-0.1228115561544895,-0.05399871669113636,-0.04165507568567991
1789701107789437200,36.28743725585937,-0.09500877247154713,-0.07374561969041823,0.003629588674008846
1789701107799459300,36.29745922851563,-0.07375027759922669,-0.10199205548763275,0.049118835695087903
1789701107809480200,36.30748022460938,-0.038218963757157325,-0.07308452543318271,0.07993599876314401
1789701107819501000,36.3175009765625,-0.03132511259019374,-0.07475684255957603,0.08356909456849097
1789701107829522200,36.32752221679687,-0.06873334448635578,-0.07531038478910923,0.10992109492123127
1789701107839544300,36.33754443359375,-0.027452655071020123,-0.008232990816235542,0.10436141496747732
1789701107849565200,36.34756518554688,0.03177696627723053,0.03184650611579418,0.08013122907429933
1789701107859586300,36.35758642578125,0.02983226195024326,0.0545329696983099,0.056899991090595715
1789701107869607200,36.36760717773438,0.049759197691548615,0.10063830279111861,-0.0014884849920868872
1789701107879628300,36.37762817382813,0.0697609339684248,0.10836042147576808,-0.038764030419290066
1789701107889649200,36.38764916992187,0.07046117292596027,0.09519757304191588,-0.1009109822526574
1789701107899671300,36.39767138671875,0.09912614466249942,0.05690788213610649,-0.1020113447099924
1789701107909692200,36.40769213867188,0.10972469556629658,0.059435939309000964,-0.07910656220167875
1789701107919713300,36.41771337890625,0.08346039176331832,0.056612698581814766,-0.01559036784172058
1789701107929734100,36.42773413085938,0.02738017435669899,0.060498600104451176,0.03784136261641979
1789701107939755300,36.43775537109375,-0.045005281162727624,0.08615852653980255,0.06509294215738773
1789701107949777200,36.447777099609375,-0.12539748099446296,0.11543021373152733,0.028180969345569608
1789701107959798300,36.45779833984375,-0.137618646397721,0.04816460371017456,-0.02316343344449997
1789701107969819400,36.4678193359375,-0.1086363340740092,0.062031801021099085,-0.0011447861209511756
1789701107979840300,36.47784033203125,-0.08190145361721515,0.08702303441464901,0.06257073020339012
1789701107989862100,36.487862060546874,-0.1126098773474805,0.06964636767804622,0.0797118346184492
1789701107999883300,36.49788330078125,-0.1099240175306797,-0.022242226946353912,0.03356967664659023
1789701108009904000,36.507904052734375,-0.07172785012722015,-0.06042611939013004,-0.040137364599108695
1789701108019925000,36.517925048828126,-0.054627059456240384,-0.07769698766469955,0.005799626189470291
1789701108029946400,36.5279462890625,-0.06880814502192661,-0.019429507613182066,0.06321633463054895
1789701108039967200,36.53796728515625,-0.10282735553430393,0.051312838608026504,0.06315262174457312
1789701108049989000,36.547989013671874,-0.1268973824297078,0.07007832935452461,0.0460801986515522
1789701108060010200,36.55801025390625,-0.11447101331055164,0.0701613314628601,0.00014729951620101928
1789701108070031000,36.568031005859375,-0.06361992872906848,0.06794891611039638,-0.009264671951532364
1789701108080052200,36.57805224609375,-0.043210177906882016,0.010498013138771056,-0.0021489947274327278
1789701108090073300,36.5880732421875,0.011717910322546958,0.004281038320064544,0.0071603931486606594
1789701108100095200,36.59809521484375,0.062006666579842565,0.030479893937706944,-0.01130173073709011
1789701108110116400,36.608116455078125,0.05566809294177219,0.030360651472210884,-0.03194295222759247
1789701108120137200,36.61813720703125,0.02695581146478653,0.04637596672773361,-0.01566840151399374
1789701108130158000,36.628157958984374,0.009552274987567215,0.07820318362116813,-0.010279401952028274
1789701108140179200,36.63817919921875,0.02445873395204544,0.05978256078958511,-0.023402795158326623
1789701108150201300,36.648201416015624,0.03909808467924595,0.020687983241677282,-0.02162789444029331
1789701108160222200,36.65822216796875,0.015931746891606598,-0.005875614035129547,-0.03399725440889597
1789701108170243300,36.668243408203125,-0.000139682465326041,-0.02366144609451294,-0.043776305623352524
1789701108180264200,36.67826416015625,-0.026160258906614033,-0.017321137157082556,-0.07952654117941856
1789701108190285300,36.688285400390626,-0.023203765454888343,-0.005813070192933082,-0.12020283496081828
1789701108200307200,36.69830712890625,-0.005674556771386415,0.03453706037402153,-0.09376520215123892
1789701108210328300,36.708328369140624,-0.003132452806830406,0.04176584258377552,-0.0455704955637455
1789701108220349200,36.71834912109375,-0.00023147980147041378,0.04097498446702957,-0.024038754974305628
1789701108230370300,36.728370361328125,-0.0007949497699737549,0.029892449438571927,0.0188180977165699
1789701108240391200,36.73839111328125,-0.00502279659807682,0.02751636795699596,0.05575871210098266
1789701108250413000,36.7484130859375,0.00004327288614585995,0.046943537482619285,0.04802724106609821
1789701108260434200,36.75843408203125,0.008407781127560883,0.07544131769239902,0.07057254261225461
1789701108270455000,36.768455078125,0.027081501937378197,0.09734802907407283,0.05434153877943754
1789701108280476400,36.778476318359374,0.05754501099586486,0.09406476961970328,0.042188744170963764
1789701108290497300,36.788497314453124,0.07191139000058173,0.05776654479205608,0.06589081453680992
1789701108300519200,36.79851928710937,0.11364333031475543,0.011819032609462737,0.03617693653553724
1789701108310540300,36.80854028320312,0.10912731419503688,-0.021994974187016486,0.011008008487522602
1789701108320561200,36.81856103515625,0.0947223567456007,-0.006145078626275062,0.009510463406145572
1789701108330582000,36.82858203125,0.02869067243337631,0.046667058628797525,-0.01693272236138582
1789701108340603400,36.838603271484374,-0.06301438231766224,0.06520341679453849,-0.048158173969388006
1789701108350625300,36.84862524414063,-0.12789338946342468,0.08108604558110237,-0.02887684265524149
1789701108360646100,36.85864624023438,-0.1566314081698656,0.060897244033217425,-0.03626344577521085
1789701108370667300,36.86866723632812,-0.15134908385276793,0.04076280302107334,-0.020660802973806857
1789701108380688100,36.87868823242187,-0.11032090789377688,-0.006133972710371017,-0.0009635843351483344
1789701108390709200,36.88870922851562,-0.04844752143793739,0.0005693243205547332,0.003835632640123367
1789701108400731400,36.8987314453125,-0.01984628085368313,-0.00910451295375824,0.017778817796707154
1789701108410752300,36.90875219726563,-0.040317406474286686,-0.000817161601781845,0.028009119910001753
1789701108420773400,36.9187734375,-0.05052783484333195,0.02752864291667938,0.08988485358655453
1789701108430794200,36.92879418945312,-0.04721710286014713,0.07056465156674385,0.11528232969343662
1789701108440815000,36.93881518554687,-0.04456688061230816,0.059929275783896445,0.06594371376782655
1789701108450837200,36.948837158203126,-0.04242986858361401,0.056060909917950624,0.04225333383977413
1789701108460858400,36.9588583984375,-0.04555588251650333,0.06807166570723057,0.02682750891000032
1789701108470879200,36.96887915039063,-0.0534913516908884,0.08661153100430966,0.025054069496691225
1789701108480900400,36.978900390625,-0.0443026675850153,0.09457681079506873,0.050307460957765573
1789701108490921200,36.98892114257813,-0.06473345206207595,0.04814239187836647,0.0477139373332262
1789701108500943000,36.998943115234376,-0.08465278901881537,0.01121288340985775,0.05858984387367963
1789701108510964200,37.008964111328126,-0.12147474545962177,-0.02361176173388958,0.035067513988912107
1789701108520985000,37.01898510742188,-0.12904196584350427,-0.03420505194067955,-0.016898527830839154
1789701108531006500,37.02900634765625,-0.13582593602836132,-0.05141512993872165,-0.06172931094318628
1789701108541027300,37.03902734375,-0.17357377514243125,-0.10458616363406181,-0.04225128801316023
1789701108551049200,37.04904931640625,-0.23474106828868388,-0.16611352226436138,-0.017734101872146128
1789701108561070000,37.059070068359375,-0.28382863206267356,-0.25636720916330813,-0.03806494223922491
1789701108571091200,37.06909130859375,-0.30783962224721906,-0.38984453623890875,-0.04828267713189125
1789701108581112000,37.079112060546876,-0.2540571786552667,-0.5155407079190015,-0.07698065608888864
1789701108591133200,37.08913330078125,-0.15713935769200324,-0.6564245118588209,-0.14880553684979678
1789701108601155300,37.0991552734375,-0.01868777673463337,-0.8048585850477218,-0.2112663769379258
1789701108611176200,37.10917626953125,0.10419161135852337,-0.998541082239151,-0.2595727272063494
1789701108621197300,37.119197265625,0.22431962751746176,-1.2356015333861112,-0.34754210256040097
1789701108631218200,37.12921826171875,0.33542847091853617,-1.4581711023658512,-0.39544717855155465
1789701108641239000,37.139239013671876,0.39333413192033767,-1.5175550192266702,-0.38043548738062377
1789701108651261400,37.149261474609375,0.28195114775300023,-1.4984066666424274,-0.2641813900455832
1789701108661282300,37.1592822265625,0.10618600004613399,-1.3922089761584997,-0.13477379662692546
1789701108671303200,37.16930322265625,-0.11505845780968665,-1.3333791860491035,0.043375323607027526
1789701108681324300,37.17932421875,-0.23712946126256138,-1.3510019365012644,0.3318231399029493
1789701108691345200,37.18934521484375,-0.3157429427176714,-1.2693272773772477,0.5911524137422443
1789701108701367000,37.19936694335937,-0.32836803101301193,-1.2061352004051207,0.7084945985749364
1789701108711388400,37.209388427734375,-0.17022504923641682,-1.2308698286890982,0.6724421652019024
1789701108721409300,37.2194091796875,0.13990991740636527,-1.2695341981261967,0.6106085171014071
1789701108731430400,37.229430419921876,0.3554483456403017,-1.2785557089716195,0.5345318241149187
1789701108741452300,37.23945239257812,0.16976663794443012,-1.1519336546182632,0.5754562474384903
1789701108751473200,37.24947314453125,-0.08538286599218844,-1.0132318708926438,0.6865028392583131
1789701108761494300,37.259494384765624,-0.21269187969639897,-0.8581804253906011,0.8644345173493028
1789701108771515100,37.26951513671875,-0.4106213668078184,-0.6391694256752729,1.066919621938467
1789701108781536300,37.279536376953125,-0.6157869426526129,-0.4775181435167789,1.2691992670834065
1789701108791556900,37.289556884765624,-0.8217731872305274,-0.3375695746004581,1.6331667270049453
1789701108801578800,37.29957885742188,-1.0391489869594572,-0.1657762531340122,2.1376687390372155
1789701108811599600,37.309599609375,-1.1672102803356945,0.03043254766464233,2.4320360085099932
1789701108821620700,37.31962084960937,-1.4041764773279428,0.09644377371072768,2.6710917251273987
1789701108831641600,37.3296416015625,-1.4493351772204042,0.19723639028072357,2.9751871924102304
1789701108841662700,37.33966284179687,-1.2215572259426115,0.37124388066530223,3.378278748235106
1789701108851684900,37.34968481445313,-1.0495064225837587,0.36889819432199,3.7974864493414757
1789701108861705700,37.35970581054688,-0.8671851312316954,0.3323451179504394,4.1973868079096075
1789701108871726800,37.36972680664063,-0.5535840228483081,0.34471535470187664,4.196650018067658
1789701108881747700,37.37974780273437,-0.3532423600286245,0.16977321381568908,4.143911530570685
1789701108891768600,37.3897685546875,-0.12816080822795628,0.17425883479714394,4.110010430012643
1789701108901790700,37.399790771484376,0.06642389850020408,0.3574257831931114,4.02988621520102
1789701108911811800,37.40981176757813,0.35024054786413905,0.5262649310290813,3.980533863011002
1789701108921832700,37.41983276367188,0.7144970538601279,0.5536147102475166,3.689699736100435
1789701108931853800,37.42985375976563,1.1623340526014565,0.3340501683026552,3.2143335099205372
1789701108941874700,37.43987475585938,1.4469710784375667,0.030847558206319806,2.593283386042714
1789701108951896600,37.449896484375,1.5670950029432773,-0.11036591607928276,2.130143019707501
1789701108961917700,37.459917724609376,1.624164505381882,0.0333750308573246,1.8409060988605022
1789701108971938800,37.46993872070313,1.6162337123826145,0.10945990715026854,1.6947329563409088
1789701108981960000,37.4799599609375,1.4955229278996587,0.0620662878125906,1.3895029320701955
1789701108991980800,37.48998071289063,1.583580566059053,0.030389293044805525,1.039530095231533
1789701109002002700,37.500002685546875,1.6912188107401132,0.017812720066308973,0.7220335868448019
1789701109012023800,37.51002392578125,1.7190993358343838,0.11703764892816543,0.45711774504482744
1789701109022044700,37.520044677734376,1.7456781306803226,0.2339040329426527,0.49065585750937457
1789701109032065500,37.5300654296875,1.872439885765314,0.30906010395288463,0.5716863735109567
1789701109042087700,37.54008764648437,1.8832605549871921,0.2751613414824009,0.625545389470458
1789701109052108800,37.55010888671875,1.5463047283709048,0.11035481016337871,0.5025321732640267
1789701109062129700,37.560129638671874,1.3930425043731927,-0.21760464004874228,0.14526596454679966
1789701109072150800,37.57015087890625,1.5273714798420668,-0.6172206287175417,-0.023653262788057326
1789701109082171600,37.580171630859375,1.2656179014652966,-0.9357651848524808,-0.10967676477134228
1789701109092192800,37.59019287109375,0.6647112786889076,-1.0255845719873904,-0.29488720169365407
1789701109102215000,37.60021484375,-0.061143912270665166,-0.9949503642708063,-0.4350988054603338
1789701109112235800,37.61023583984375,-0.5858247889786958,-0.9487111756652593,-0.9137854082345962
1789701109122256600,37.620256591796874,-0.5459200640916824,-1.2169719439789652,-1.6160171470224856
1789701109132277800,37.63027783203125,-0.5729711526244878,-1.484477510011196,-1.8748562992572784
1789701109142299600,37.64029956054687,-0.9502104743123054,-1.8098638948649166,-1.7259148610681294
1789701109152320500,37.65032055664062,-5.075253930544853,-2.828586179867387,0.4121861319065094
1789701109162342000,37.660341796875,-7.8582216840535395,-2.227828025650978,3.0648101801902055
1789701109172362800,37.67036279296875,-6.17042875610888,-0.25999182940125465,4.889499888265132
1789701109182383900,37.6803837890625,-1.354904204636812,0.4982353528529405,2.7191969998657703
1789701109192405800,37.69040576171875,3.192755592101812,-0.42683848824575543,-1.6905767134442924
1789701109202426600,37.70042651367187,0.4616548039525747,-1.6878209849953651,-1.9685843842685222
1789701109212447700,37.71044775390625,-1.6439362505614756,-1.020983654063195,-1.9726482727065682
1789701109222468900,37.72046875,-1.8461814089149235,-0.5990558803431689,-2.1932520945712923
1789701109232489700,37.73048974609375,-1.9991122090011835,-0.7949376411445438,-2.1866478740006685
1789701109242512000,37.74051196289062,-2.0735259372115133,-0.690981884368509,-2.4248913974523543
1789701109252532700,37.75053271484375,-2.083058320188522,-0.3938771527558565,-2.683181975893676
1789701109262553600,37.7605537109375,-2.3145570455551145,-0.2042920078806579,-2.9498379393592473
1789701109272574700,37.77057470703125,-2.637750304278731,0.04275784929580986,-3.016441870601475
1789701109282595600,37.780595703125,-2.0779630428761244,0.06225947229713201,-2.5653987692952156
1789701109292617700,37.79061767578125,7.699187890917062,-1.08900972706303,0.5512102794542908
1789701109302638800,37.80063891601562,1.72093415004611,-0.9656775080353021,3.155977767063677
1789701109312659700,37.81065966796875,3.6578140670180317,-0.3039950025830418,3.8144922369390724
1789701109322680800,37.82068090820312,0.6343278308629989,-0.3984623616542667,1.3984437788948416
1789701109332701700,37.83070166015625,-0.13192951311171053,-0.8167568934384732,0.12313391997665166
1789701109342722600,37.84072265625,-1.3748176963746548,-0.9516897530846297,-0.40590719776749606
1789701109352744700,37.85074462890625,-2.408065934857726,-0.9477624235730617,-0.7364303609877825
1789701109362765800,37.86076586914062,-1.691923744139075,-0.8335574407875538,-0.7953694566905498
1789701109372786700,37.87078662109375,-0.8032178321033716,-0.7846339084688574,-0.6834919670045375
1789701109382807800,37.88080786132812,-0.7596072384357452,-1.242226504483819,-0.7309649351887404
1789701109392829700,37.89082958984375,-0.6064338617652655,-1.9724194323867559,-0.6503958992190658
1789701109402850600,37.9008505859375,0.11704524771273135,-2.2211489862784743,-0.34393516410961744
1789701109412872000,37.91087182617188,0.29079145681262014,-2.1308616893708705,0.10717822595387697
1789701109422892800,37.92089282226563,0.3631108430922031,-2.169688263632357,0.6340023983009159
1789701109432913700,37.93091357421875,0.13784604367911815,-2.081423412463069,0.8237557393498718
1789701109442935800,37.940935791015626,-0.35419045453369613,-1.5204482564501463,0.5361585485339164
1789701109452956700,37.95095678710938,-0.3167325382769108,-0.9327554816424846,0.3527906707383692
1789701109462977500,37.9609775390625,-0.4006786494642496,-0.7493706527121364,0.36747546804249287
1789701109472998700,37.97099853515625,-0.7003922484010457,-0.9894804084271192,0.5978866904333233
1789701109483019800,37.98101977539063,-0.6232821207135916,-1.3280487848065792,1.1634827842451632
1789701109493041700,37.991041748046875,-0.8121306218773127,-1.63608100701645,1.1162591146469116
1789701109503062800,38.001062744140626,-1.6924918994158504,-1.4790966937556862,0.722644266089052
1789701109513083600,38.011083740234376,-2.117954861524701,-0.8174274131111801,0.3408355906590819
1789701109523104800,38.02110473632813,-2.373869066223502,-0.1415222479738295,-0.31842823627889155
1789701109533125600,38.03112573242188,-2.289512620669603,0.27225246829837557,-0.6788559777669608
1789701109543147800,38.041147705078124,-1.6626193237215279,0.5192611897468566,-1.0279271895907818
1789701109553169000,38.0511689453125,-1.1348761368334292,0.6021903789766132,-1.2013225394263862
1789701109563189800,38.061189697265625,-1.1833411847949027,0.4451360692195594,-1.0608755194686352
1789701109573210600,38.071210693359376,-1.418398479425907,0.08201601990759372,-0.8808360554434359
1789701109583231700,38.081231689453126,-1.6246598876833915,-0.23706585797443985,-0.6227119196102022
1789701109593254000,38.09125390625,-1.5330658920913933,-0.47832288402840495,-0.24730375887230038
1789701109603274800,38.101274658203124,-1.0367617995619773,-0.6099621820218861,-0.05057254163473844
1789701109613295900,38.1112958984375,-0.4785650222212076,-0.5675945741526782,0.10511384076997637
1789701109623316700,38.121316650390625,-0.02844634228348732,-0.523163019490987,0.27647425071187315
1789701109633337900,38.131337890625,0.11677052242457867,-0.47498336434215305,0.28582966968677936
1789701109643359700,38.14135986328125,0.13710954609811304,-0.4173633884139359,0.26608788125403227
1789701109653380600,38.15138061523437,0.15905074427127838,-0.328568375890702,0.18090455642193554
1789701109663401700,38.161401611328124,0.3227081055551767,-0.15199921832457183,0.07630947882905602
1789701109673422800,38.1714228515625,0.49515433797240255,-0.042292789067327974,-0.029870675998181103
1789701109683443700,38.181443603515625,0.5783674587100744,-0.06519611027091742,-0.12050992814861237
1789701109693465600,38.19146557617187,0.5191805257260799,-0.11824030271619558,-0.14753807419724763
1789701109703486700,38.20148681640625,0.476581739449501,0.02393573299124837,-0.09073957071974872
1789701109713507600,38.21150756835937,0.5366226589143276,0.2987327712059021,0.052517099831253286
1789701109723528700,38.22152880859375,0.5147831675499678,0.41995092068910594,0.2548406571831554
1789701109733549800,38.2315498046875,0.40098903058767316,0.32463863522633907,0.3048504503685981
1789701109743571700,38.24157177734375,0.17922434825003147,0.24391017091125247,0.24071612411029636
1789701109753592800,38.2515927734375,0.00651683454811573,0.21765373988747597,0.23726211119890211
1789701109763613700,38.26161376953125,-0.12703180419802665,0.19204817398786544,0.2544976524317637
1789701109773634600,38.27163452148437,-0.2050380039423704,0.13831614540889858,0.3051691243963316
1789701109783655700,38.28165576171875,-0.29293489858210087,0.09310761502534151,0.3446801007254049
1789701109793677600,38.29167749023438,-0.3576040623694658,0.024704233145713805,0.383574808319658
1789701109803698400,38.30169848632813,-0.39598143155872817,-0.020858809763938186,0.37279505563005805
1789701109813719600,38.31171948242188,-0.41184360207915305,-0.018217647605389357,0.3522393569985404
1789701109823740400,38.32174047851562,-0.4665688794791698,-0.011499299135804176,0.3269505288979038
1789701109833761500,38.33176147460937,-0.5849281323999166,0.03548983105421066,0.3018929522698745
1789701109843783400,38.34178344726563,-0.7607189990699291,0.04541267465353012,0.27283085270822044
1789701109853804500,38.35180444335938,-0.802752552679181,0.013409370540827512,0.2419282763790339
1789701109863825700,38.36182568359375,-0.814520731884241,0.023280630083382128,0.18171210994515566
1789701109873846500,38.37184643554688,-0.751442636680603,0.03465557218715548,0.13485066125541925
1789701109883867400,38.38186743164062,-0.7433686358183622,0.011330080048739909,0.1084388570068404
1789701109893889500,38.3918896484375,-0.7506751594394445,-0.050904842329025264,0.09558832592517137
1789701109903910400,38.401910400390626,-0.7165870118767023,-0.09036299249231815,0.0925954459858127
1789701109913931300,38.41193115234375,-0.6647609630495309,-0.0896795402728021,0.07239215925484896
1789701109923952600,38.42195263671875,-0.5773953988075256,-0.0577059006460011,0.07665951610943302
1789701109933973500,38.43197338867188,-0.5623229173600673,-0.040069706190377474,0.07648145612878725
1789701109943995400,38.441995361328125,-0.5166507149875164,-0.05596738641560077,0.08549849172849208
1789701109954016500,38.4520166015625,-0.4345364954024553,-0.06333396966084838,0.138266387983039
1789701109964037400,38.462037353515626,-0.31226620651781556,-0.06884922595098614,0.13883330115079878
1789701109974058500,38.47205859375,-0.19047464106082915,-0.07931830525621772,0.13324450470041482
1789701109984079600,38.48207958984375,-0.09595043723583221,-0.07766337765604257,0.10771257029259577
1789701109994101500,38.4921015625,0.02075520325899124,-0.05679711523801088,0.06682082539591938
1789701110004122400,38.502122314453125,0.06848726077079773,-0.0702801355369389,0.05454157312987372
1789701110014143500,38.5121435546875,0.11946984451115131,-0.041175913866609334,0.08075568111557513
1789701110024164400,38.522164306640626,0.1267600015193224,-0.012497954784333706,0.13743549011684952
1789701110034185500,38.532185546875,0.07811082916259765,0.04481704684793949,0.15637030954826622
1789701110044207600,38.54220751953125,0.014131985726952552,0.08215367481261492,0.14677276151371188
1789701110054228500,38.552228515625,-0.04108662814795971,0.10152838349863887,0.14662490487508476
1789701110064249600,38.56224951171875,-0.028279753544926643,0.12853124897554516,0.15607660556500777
1789701110074270500,38.5722705078125,0.03832242413163185,0.10132686957716941,0.1843767991097644
1789701110084291600,38.58229150390625,0.0819429546713829,0.06786664465442299,0.22010241168122738
1789701110094313500,38.5923134765625,0.0801350284665823,0.07845935033932327,0.2280943602832034
1789701110104334600,38.60233447265625,0.06636953796446322,0.11537439189106226,0.24078758191131053
1789701110114355500,38.61235546875,0.054795420026779174,0.14399199908822774,0.22727962810052557
1789701110124376600,38.62237646484375,0.07161971357762813,0.1445554781898856,0.21226804652744902
1789701110134397400,38.6323974609375,0.11342764173746109,0.11474515407681464,0.18999549750806763
1789701110144419300,38.64241943359375,0.1272346332937479,0.07816285161077975,0.13225653484268113
1789701110154440400,38.6524404296875,0.147281396022439,0.08739215998798608,0.1024668059930671
1789701110164461300,38.66246142578125,0.1974918263465166,0.12792846077680586,0.09512253504432737
1789701110174482700,38.672482666015625,0.18846680836975574,0.13686200107783078,0.11306930241961963
1789701110184503600,38.682503662109376,0.1445277134001255,0.14282894665822385,0.1558415364338085
1789701110194525400,38.692525390625,0.05875555582940578,0.18250629253014922,0.1711997394874692
1789701110204546600,38.70254663085937,-0.01685994938611984,0.14817103833854198,0.1358306122034788
1789701110214567400,38.7125673828125,-0.08161562241315841,0.15167773128524423,0.08569640718707815
1789701110224588300,38.72258837890625,-0.09036649962365627,0.18186799462661146,0.05589466823926195
1789701110234609700,38.732609619140625,-0.015728315007686615,0.16490677682310342,0.04455412159543484
1789701110244631600,38.74263159179687,0.017725041782855985,0.1431802443139255,0.07032065477699506
1789701110254652400,38.75265234375,0.005700841990113258,0.1265016428440809,0.045251524708489886
1789701110264673500,38.76267358398437,-0.03660626786351204,0.14899857520386575,0.022919171793269924
1789701110274694400,38.7726943359375,-0.08318564820885657,0.1425505681082606,0.01403696895383764
1789701110284715500,38.782715576171874,-0.1022854854762554,0.14474837041348218,0.0010868134225951508
1789701110294737700,38.79273754882813,-0.11624562176764011,0.12885258988440035,-0.031440190337225796
1789701110304758500,38.80275854492187,-0.01490939984023571,0.0957687970586121,-0.009798482000711373
1789701110314779600,38.81277954101562,-0.024466332736611366,0.08543751878887415,-0.030192067139386197
1789701110324800500,38.82280053710937,-0.11903846735656261,0.0061911097250878806,-0.13960549109969286
1789701110334821400,38.8328212890625,-0.06435235292315483,-0.05616378577053546,-0.11593559683724305
1789701110344843300,38.84284326171875,-0.10210895986557006,-0.04383431942090392,-0.07758954523485154
1789701110354864600,38.85286474609375,-0.1388023214906454,-0.11391469460204243,-0.018655938557954502
1789701110364885500,38.86288549804687,-0.16092939762473105,-0.1777988454915583,0.013721203835820778
1789701110374906600,38.87290673828125,-0.14199439553022383,-0.12116904964447021,0.057390377556579185
1789701110384927500,38.88292749023437,-0.041155017209053034,0.08624094412624836,0.08536227072873152
