time,seconds_elapsed,z,y,x
1789690643811629000,0.057629150390625,-0.839237824511528,0.23356822511702774,-0.040483036231622097
1789690643821616000,0.0676162109375,-0.9716694419264793,0.4491732157811522,0.19939955966398118
1789690643831604200,0.077604248046875,-0.5851601875901222,1.1080372297465801,-0.2686841813575476
1789690643841592000,0.087592041015625,-0.4967255328118801,1.1692679435178637,-0.5269131292721256
1789690643851579100,0.0975791015625,-0.7334417005658149,1.3634265337884426,0.2664688799282536
1789690643861567200,0.107567138671875,-0.897940773370862,1.3365204066842793,0.758991298494488
1789690643871555000,0.11755517578125,-0.44951720691323277,0.7932400434464216,0.6642533788535744
1789690643881543200,0.127543212890625,0.13525719622969626,0.92089348667413,0.31056937600467355
1789690643891530200,0.1375302734375,0.5125795200258493,0.9144172763973474,0.5694393252365291
1789690643901518000,0.14751806640625,0.8891595010221004,0.4563844623342156,0.5318580017957836
1789690643911506200,0.157506103515625,1.2855331467688083,0.14051000219136475,0.39825887497141954
1789690643921493200,0.1674931640625,1.781438595369458,0.09469634552150964,0.32290684299767014
1789690643931481000,0.177481201171875,2.5757249329984186,-0.09589695348292589,-0.24947606141008435
1789690643941469200,0.18746923828125,2.813378673863411,0.07212181788086891,-1.2325751713022588
1789690643951457300,0.197457275390625,2.1370529452264306,0.638788901925087,-1.264037646536529
1789690643961444000,0.207444091796875,2.186110113862157,1.1210685607552529,-0.7318146838858723
1789690643971432200,0.21743212890625,1.7615420547664165,0.8341019229277968,-0.277510790685378
1789690643981420300,0.227420166015625,1.9554992772459983,0.3815367266207933,0.027689532566815615
1789690643991407000,0.237406982421875,2.652401929965615,0.21065993547737596,0.1430992149669677
1789690644001395200,0.247395263671875,2.912465655559301,0.3353612509012222,0.31725824265144764
1789690644011383000,0.257383056640625,3.3840018020570275,0.07893237467855214,-0.0044729441629722715
1789690644021370000,0.2673701171875,3.4981215177118776,-0.17012860312461853,-0.48769923619348554
1789690644031358200,0.277358154296875,2.7504204056471586,-0.04759790973812342,-0.2587289150596596
1789690644041346000,0.287345947265625,2.3106296429783106,-0.15636837331950665,0.13320336897242813
1789690644051334100,0.297334228515625,1.7939701601624487,-0.6909037045657634,0.4878488372646272
1789690644061321200,0.3073212890625,1.2851169671833513,-1.7477572750419377,1.1159646617449819
1789690644071309000,0.31730908203125,1.3328162914693356,-0.8960515986233949,0.18189513836186377
1789690644081297200,0.327297119140625,1.4416823243796824,-0.19648323382586239,0.3078620532747358
1789690644091284200,0.3372841796875,1.3747878857582807,-0.8294500054687262,0.8585089266926049
1789690644101272000,0.34727197265625,1.398148303079605,-0.7338172558799385,-0.008576100598904304
1789690644111260200,0.35726025390625,1.9793571226954458,-0.14851941338479518,-0.2734325814610347
1789690644121248300,0.367248291015625,1.7219062099486588,-0.4019882707580924,0.2351904377576895
1789690644131235000,0.377235107421875,0.6664993311494588,-1.014259168113768,-0.04707480831262655
1789690644141223200,0.38722314453125,0.00005903671085834503,-1.2989683824032545,-0.19771149697918444
1789690644151211300,0.397211181640625,-0.2655529706597328,-1.1758783015683292,-0.04075643721236847
1789690644161198000,0.407197998046875,-0.5927922899037599,-1.0420251269176601,-0.22216440397864207
1789690644171186200,0.417186279296875,-1.2856073810487985,-1.0997022398605942,-0.3100291681807488
1789690644181174300,0.42717431640625,-1.7447113314747809,-1.0761188274383544,-0.2506317890501581
1789690644191162000,0.437162109375,-1.8933061481833457,-0.6521566252812743,-0.43339580093473196
1789690644201149200,0.447149169921875,-2.082075738891959,-0.20392536652535198,-0.6084150987103581
1789690644211137000,0.457136962890625,-2.2994114988714456,-0.006875438727438449,-0.5213460331968963
1789690644221125000,0.467125,-2.286263848006725,-0.12327157488167285,-0.30156390297859903
1789690644231112200,0.4771123046875,-2.1093705730527637,-0.4248401540353894,-0.06500040503572672
1789690644241100000,0.48710009765625,-1.94665604557693,-0.7117886716842651,0.12877517726663498
1789690644251088100,0.497088134765625,-1.9432061973839998,-0.8950240091413258,0.25363007581699637
1789690644261075200,0.5070751953125,-2.1489286764591933,-0.9564835632324218,0.5137065878270194
1789690644271063000,0.51706298828125,-2.268328378343582,-0.8349424654051661,0.779981041161716
1789690644281051100,0.527051025390625,-2.46477274146378,-0.5756026701718568,0.8536850867327302
1789690644291039200,0.537039306640625,-2.726678295531869,-0.29336422991007566,1.0523533364474773
1789690644301026000,0.547026123046875,-2.7759990835398436,-0.07930033120810985,1.2142553784966468
1789690644311014100,0.55701416015625,-2.6209523142129183,-0.030154899767041204,0.8369971329126507
1789690644321002200,0.567002197265625,-3.2174761918604373,-0.5923357783079147,-0.12803641466330737
1789690644330989000,0.576989013671875,-6.369656027945876,-1.9359908591777084,-1.282836016639322
1789690644340977200,0.58697705078125,-4.3409693494141095,-1.2336886855021119,-0.28652252905545755
1789690644350965200,0.59696533203125,-1.1181693321824073,0.028389059138298034,1.2459189292609691
1789690644360953000,0.606953125,-0.9369032489717006,0.7357426709845661,1.4675905264876783
1789690644370940200,0.616940185546875,-1.9886679718762634,0.25465076063424347,0.5509373077318072
1789690644380928300,0.62692822265625,-1.9958967540860175,-0.08142097662389278,-0.0049801447664387525
1789690644390916000,0.636916015625,-2.0867320402652023,-0.06557809532582759,0.1475825709261
1789690644400903200,0.646903076171875,-2.2457822000145913,-0.10918693542778492,0.5356196193516254
1789690644410891000,0.65689111328125,-2.428198037782311,-0.2545411627799272,0.2765711717477068
1789690644420879000,0.666879150390625,-2.7326936102986332,-0.6187000536203384,-0.16217433791821823
1789690644430866200,0.6768662109375,-2.939163692870736,-1.1909960834622382,-0.29632786548864093
1789690644440854000,0.68685400390625,-3.0825632790237663,-1.6098013412475585,-0.09838928175531327
1789690644450842000,0.696842041015625,-3.6801685221672056,-1.8368617919057606,0.27419439614638685
1789690644460830200,0.706830322265625,-4.591064054179191,-2.284150801375508,0.5526858318995684
1789690644470817000,0.716817138671875,-5.341977698549628,-3.0522900135740634,0.1741688184261322
1789690644480805000,0.72680517578125,-6.1559770369082685,-4.4661514340922235,-0.4308320879265666
1789690644490793200,0.736793212890625,-7.1189704204261295,-6.4140849522590635,0.19978285989314318
1789690644500780000,0.746780029296875,-7.8957748773783445,-8.001500274175404,1.8001728141948579
1789690644510768000,0.75676806640625,-8.55275000885725,-8.905877218073606,3.2417411568060515
1789690644520756200,0.766756103515625,-9.242457781636714,-9.477758237373829,5.080367912557721
1789690644530744000,0.776744140625,-10.491842925703525,-9.836607915890216,6.446063560321926
1789690644540731100,0.786731201171875,-12.236966929632425,-10.2914781742692,7.083302310195565
1789690644550719200,0.79671923828125,-13.580073144447804,-10.932849493902921,6.703865186202526
1789690644560707000,0.80670703125,-13.722904575324058,-12.450247276741266,5.674637289276719
1789690644570694100,0.816694091796875,-13.040491635727882,-13.645078992843628,4.682320780640841
1789690644580682200,0.82668212890625,-11.46633443931341,-14.694087695038318,3.994290585684776
1789690644590670000,0.836670166015625,-9.13071297841966,-15.65019599521756,3.6521816140890118
1789690644600657200,0.8466572265625,-6.367061335277557,-16.102452271705864,1.7157283980965614
1789690644610645200,0.856645263671875,-3.737260528698563,-15.796659645116328,-3.4700837562292812
1789690644620633000,0.866633056640625,-1.722066368946433,-15.316833809179066,-8.494417646875977
1789690644630621200,0.87662109375,0.6110726274818181,-14.52498551235199,-12.446056254792213
1789690644640608000,0.88660791015625,3.7451790467381474,-13.218653907704352,-15.758285783058405
1789690644650596000,0.89659619140625,6.816925748193263,-11.276487574762106,-17.42918485934734
1789690644660584200,0.906584228515625,8.538485336661338,-9.59612976525426,-17.10268379124999
1789690644670571000,0.916571044921875,9.384165761440991,-8.333363746088743,-15.814758780908583
1789690644680559000,0.92655908203125,9.778830265182256,-7.826617170000076,-15.316460884213447
1789690644690547200,0.936547119140625,9.83676807488799,-7.294939566272497,-18.13268734872341
1789690644700535000,0.94653515625,9.431786759793757,-6.398651236283778,-22.603599421346185
1789690644710522000,0.956522216796875,9.047055621045827,-4.722964341196418,-26.23410462567806
1789690644720510200,0.96651025390625,9.145072927683591,-2.912245875328779,-27.505530921161174
1789690644730498000,0.976498046875,9.371381098669767,-0.9295926336973905,-26.389690324187278
1789690644740485000,0.986485107421875,9.147849406659603,1.7136615286946295,-25.25339146107435
1789690644750473200,0.99647314453125,7.037739413416385,2.5100246725976465,-23.000216228199005
1789690644760461000,1.0064609375,6.79498279645443,2.5256699854969975,-19.92695210791826
1789690644770448100,1.0164482421875,8.275260516688228,3.708248953747749,-17.869755374217032
1789690644780436500,1.0264365234375,5.549727884060144,4.778022211551666,-15.149752903187274
1789690644790424300,1.03642431640625,-0.18386077587902544,4.720216503793001,-13.030996662151813
1789690644800412400,1.046412353515625,-5.116493703427911,3.8695407549440857,-11.752170319545268
1789690644810399500,1.0563994140625,-7.81416919183731,3.556128301000595,-8.982078998744488
1789690644820387300,1.06638720703125,-7.152348373892903,4.0455893957674505,-5.705674232575297
1789690644830375400,1.07637548828125,-5.509725544017553,4.096849042883515,-2.8688106382280587
1789690644840362200,1.0863623046875,-4.767663314622641,3.494446628591418,-1.4671207170188425
1789690644850350300,1.096350341796875,-3.4427383609250186,3.7346623288989065,-1.5301631563872098
1789690644860338400,1.10633837890625,0.313869257800281,4.24997565780282,-3.9692385620146986
1789690644870326500,1.116326416015625,2.815676137150824,1.3823223729163407,-4.479796220824122
1789690644880313300,1.126313232421875,1.5635703359484672,1.6851333533465862,-2.8981349323898553
1789690644890301400,1.136301513671875,-1.640591616308689,2.8688486321508884,-0.18824527457356452
1789690644900289500,1.14628955078125,-8.209422893643378,2.2079186255663634,3.9481928513765334
1789690644910276400,1.1562763671875,-21.989337057912348,2.8616788866519927,11.357052226817608
1789690644920264400,1.166264404296875,-13.110497484368086,4.340740801355243,9.764822198095917
1789690644930252300,1.176252197265625,-0.6205398362681269,1.9254273795872925,5.8318087956726545
1789690644940240400,1.186240478515625,-2.1460534132838247,1.7154291228890417,8.504771867629886
1789690644950227500,1.1962275390625,-2.3790660503447056,2.005485251164436,9.127024645295739
1789690644960215300,1.20621533203125,-2.849283515459299,1.283096275010705,9.504621694380045
1789690644970203400,1.216203369140625,-2.6498352943480015,0.5638111100912094,8.735272814130782
1789690644980190500,1.2261904296875,-2.250389109288156,-0.47129883061051364,4.635054587075114
1789690644990178300,1.23617822265625,-2.7030361386597157,-0.8525503105491399,0.40936464474499223
1789690645000166400,1.24616650390625,-2.2491320949643847,-0.48927287871837616,-1.3105115206807851
1789690645010153500,1.256153564453125,-0.20985110331252216,-0.364584422776103,-2.000377114370465
1789690645020141300,1.266141357421875,2.46641407893002,-0.6239630887150764,-3.0553023471325633
1789690645030129400,1.27612939453125,3.997502533468604,-1.691868214559555,-4.539059726175665
1789690645040117500,1.286117431640625,2.173442355468869,-2.7953841674894093,-4.525277869060635
1789690645050104300,1.296104248046875,-1.118883179540187,-2.3427035281091926,-3.596723346239328
1789690645060092400,1.306092529296875,-1.8681075556494295,-1.3561585886120795,-3.721751409399509
1789690645070080500,1.31608056640625,-0.5664771144300699,-1.1400339579880236,-4.2100878840506075
1789690645080067300,1.3260673828125,-0.1702756103798747,-0.3715864104926586,-4.4380029057115316
1789690645090055400,1.336055419921875,-1.0426759920418263,0.7114478954225778,-4.824793315076827
1789690645100043500,1.34604345703125,-1.7397167380578815,1.0258803400635719,-4.517880744546652
1789690645110030300,1.3560302734375,-1.7031714066013692,0.8762848218798637,-3.9518724166721104
1789690645120018400,1.366018310546875,-2.1439763147488233,1.0749977144539355,-3.8822926844894883
1789690645130006300,1.37600634765625,-2.4870196445852515,1.0360440066814423,-3.434026354420185
1789690645139994400,1.385994384765625,-2.042851105223596,-0.17588672825992108,-2.0727327410072087
1789690645149981400,1.3959814453125,-2.168282926879078,-2.87762931997776,-0.3249129221230745
1789690645159969300,1.40596923828125,-2.5328899998784062,-5.25638791180849,-0.3643734103739261
1789690645169957400,1.415957275390625,-0.5929315522439778,-4.290712157338858,-0.46895898948609827
1789690645179944400,1.4259443359375,1.3818176382645964,-2.8832120885461565,-0.578209637799859
1789690645189932300,1.435932373046875,2.084644128075242,-2.386523380613327,-0.8606751648157834
1789690645199920400,1.44592041015625,2.3233270658575,-2.393998246538639,-0.019831658673286436
1789690645209907500,1.455907470703125,2.2862210317783056,-3.1825551006048918,1.5025620327562093
1789690645219895300,1.465895263671875,1.9669025686614214,-3.9557548110634086,1.1557920836120843
1789690645229883400,1.47588330078125,3.1489906846553084,-2.8580934293806552,-3.8863112724810835
1789690645239871500,1.48587158203125,5.107482713976502,-0.51504941727072,-4.2929713344424965
1789690645249858300,1.4958583984375,2.9775246954470873,-0.5098240838378667,3.2002930018693205
1789690645259846400,1.505846435546875,2.5420190627515313,-1.1754840415537358,4.604491106507182
1789690645269834500,1.51583447265625,3.7580420354425903,-0.9811904267266393,3.9255928970336913
1789690645279821300,1.5258212890625,3.6212566067323086,-0.18774580061882734,5.541407799482346
1789690645289809400,1.535809326171875,2.1792241537407038,1.0692132858335972,9.017460693249106
1789690645299797500,1.545797607421875,0.2251502331227064,1.2313503056824207,8.210217258891463
1789690645309785300,1.555785400390625,-1.0798170974344015,0.6502616053149104,8.461294544953107
1789690645319772400,1.5657724609375,-0.25182722764611243,0.7812798488005995,5.8691036303222175
1789690645329760300,1.57576025390625,0.4329904350042343,1.250857554706931,3.3178017754405733
1789690645339748400,1.585748291015625,-0.17576514770686624,1.4668594357341527,2.1248148104220625
1789690645349735400,1.5957353515625,-0.8975894757151603,1.2815765180975198,1.8645541009515523
1789690645359723300,1.60572314453125,-1.3336854755192995,0.929345673198998,1.5568296295166015
1789690645369711400,1.61571142578125,-1.5247259337693453,0.8332844690650701,1.9319716866642236
1789690645379698400,1.625698486328125,-1.977611448071897,1.028737190799415,2.464160747045278
1789690645389686300,1.635686279296875,-2.052697960977256,1.323479138803482,2.5482851374089717
1789690645399674400,1.64567431640625,-1.9421105111017822,1.988756819203496,2.045958715850115
1789690645409662500,1.655662353515625,-1.9824559654936194,2.574287885932624,1.9925041890382766
1789690645419649300,1.665649169921875,-1.6439432648241519,2.7687606567189094,2.2130881371587514
1789690645429637400,1.675637451171875,-1.313464233006537,3.196260969874263,1.961512838447094
1789690645439625500,1.68562548828125,-0.7281117377147078,3.360444108597934,1.4687942031890153
1789690645449612300,1.6956123046875,0.5114660058259963,2.2986539585024115,0.11838730997145175
1789690645459600400,1.705600341796875,2.5970827783256767,1.2614870852708815,-0.8088672361671924
1789690645469588500,1.71558837890625,4.116180058558285,1.4150734266564249,-0.9031845192432403
1789690645479575300,1.7255751953125,2.698390943202376,2.2112337414637206,-0.795326202070713
1789690645489563400,1.7355634765625,0.9962753292642533,2.511031219291687,-0.4493792597472667
1789690645499551500,1.745551513671875,0.15355185459405182,1.8310396616235374,1.3659031530350445
1789690645509539300,1.755539306640625,-1.0542927800774573,1.5066998632133006,1.5310510451376438
1789690645519526400,1.7655263671875,-1.982507111158967,2.0768656030282378,2.264801957783103
1789690645529514200,1.77551416015625,-1.4448299747556448,2.7031623953878876,2.8171541007488963
1789690645539502300,1.78550244140625,-1.1385044103331863,2.8628356554716823,1.943867876163125
1789690645549489400,1.795489501953125,-1.5907354062497614,3.7951927854463454,1.211159166046977
1789690645559477200,1.805477294921875,-2.0808577414043246,4.758621053250134,0.8675199161440134
1789690645569465300,1.81546533203125,-1.9840011491090057,5.647962048318981,1.0566109938919543
1789690645579452400,1.825452392578125,-2.177113152936101,5.8440527756959195,1.3961159204691647
1789690645589440300,1.835440185546875,-2.1526748772501945,4.327247698053718,2.2923697636663913
1789690645599428400,1.845428466796875,-3.4141087710291145,2.2029238860189913,2.6509336109787225
1789690645609416400,1.85541650390625,-5.87986000213623,0.37015842351615424,2.4692946028023957
1789690645619403300,1.8654033203125,-4.589175463953614,0.005353635987639427,2.8849843589156863
1789690645629391400,1.875391357421875,-0.8759984061539172,0.7315414199024438,3.7483477399021385
1789690645639379500,1.88537939453125,1.0017168627310544,0.9544406592279672,1.8465584255337715
1789690645649366300,1.8953662109375,1.216240926290676,-0.07123509817421436,-2.091367298850417
1789690645659354400,1.905354248046875,0.34263964440636335,-2.0834604712486264,-4.447431243792176
1789690645669342500,1.915342529296875,-1.5559376491129397,-3.270000744345784,-6.708563573151826
1789690645679330300,1.925330322265625,-3.742151223349571,-4.490162716537713,-7.653661819016933
1789690645689317400,1.9353173828125,-4.264095953091979,-4.996325355258584,-7.287445995646714
1789690645699305500,1.945305419921875,-3.099153179296851,-4.9456449693351985,-7.189922025483846
1789690645709293300,1.955293212890625,-1.859274699243903,-3.2735961384892462,-7.613996748104691
1789690645719280400,1.9652802734375,-0.632285511380434,-2.9954262628406285,-5.832798975753784
1789690645729268200,1.975268310546875,0.3118909434646368,-2.4090642982453105,-4.058087642812729
1789690645739256300,1.98525634765625,0.5160018956899642,-1.8997429032325743,-3.031841976568103
1789690645749243400,1.995243408203125,-0.22677931389557196,-1.5158599057465791,-1.8834221752896905
1789690645759231200,2.005231201171875,-0.9681856914639473,-0.9820943898290395,-0.6385223599433899
1789690645769219300,2.01521923828125,-1.074532435029745,-1.2141373050749302,-0.40338206320405007
1789690645779206700,2.02520654296875,-1.0216039048533887,-3.294613792076707,-1.6698042667895554
1789690645789194000,2.035194091796875,-1.2161387810904531,-4.052306136801839,-2.7792086932361126
1789690645799181800,2.045181884765625,-1.1210744059741495,-4.539363677558303,-3.4067458410456775
1789690645809169700,2.055169677734375,0.23837270278930664,-5.486364542174339,-3.231278214980662
1789690645819157000,2.065156982421875,1.3606896561704576,-6.429340973579883,-2.3015008723661303
1789690645829144800,2.075144775390625,2.043143512298912,-6.360003233459591,-1.0069941455468534
1789690645839132700,2.085132568359375,3.0023849959373474,-6.906133140909671,-0.5826791844293475
1789690645849120000,2.0951201171875,3.4634602464362976,-7.670743302199244,-1.0818509413495658
1789690645859107800,2.10510791015625,-1.6803832362100481,-7.282491588109731,-1.302962128214538
1789690645869095700,2.115095703125,-8.474204295408725,-6.17109920271635,-0.5174480028450489
1789690645879083800,2.125083740234375,-3.7722201983988284,-3.783386904579401,1.3653537024587392
1789690645889070800,2.13507080078125,-0.8957201747119427,-2.5652549769103525,1.917168377546966
1789690645899059000,2.145058837890625,1.1289245349526404,-1.8964029451549052,2.4888775474116205
1789690645909046800,2.155046875,2.5953426566600797,-1.8185995745062826,3.0260563789039847
1789690645919033900,2.165033935546875,3.207650378894806,-1.8891431832849979,2.912803216950595
1789690645929022000,2.17502197265625,3.6842522843495007,-0.5026169289380311,3.3351936397463082
1789690645939009800,2.185009765625,3.922423327086866,1.4368682020962238,3.861336405700445
1789690645948997600,2.19499755859375,3.964422686165571,3.1389538592875,3.91120693654567
1789690645958985000,2.20498486328125,3.9845346230849623,4.812015082046389,2.5691163285136223
1789690645968972800,2.214972900390625,3.596755202682316,5.28615410451889,0.11212269661873578
1789690645978960600,2.224960693359375,3.2930475656732914,5.0677814027071,-1.614136447842419
1789690645988948000,2.234947998046875,3.5884012158349154,5.649447318440675,-2.0032099997088313
1789690645998936000,2.24493603515625,4.4169118946269155,6.1346215296685696,-1.1597454974129795
1789690646008923600,2.254923583984375,5.156559756356478,5.585412360903621,0.7310548054292798
1789690646018911000,2.264910888671875,5.657250101146102,3.3544436991393565,3.450656878964603
1789690646028899000,2.274899169921875,6.781233672565222,2.4928701241791247,6.26837825820744
1789690646038887000,2.284886962890625,7.529637379941343,2.5896657800674436,7.764007861351966
1789690646048874000,2.2948740234375,6.955461527702212,2.3763147058099507,7.31280021713376
1789690646058861800,2.30486181640625,6.178924197253584,2.134707843405008,6.9673524565041065
1789690646068850000,2.314849853515625,5.341863716781139,1.834458822417259,6.560845539277792
1789690646078837800,2.324837646484375,4.5300098660185935,-0.49745560065209865,6.861009220069646
1789690646088824800,2.334824951171875,3.9554002985373136,0.5242705423414706,6.339997971785068
1789690646098813000,2.34481298828125,2.8286814569354055,2.406396540340781,6.357277023366093
1789690646108800800,2.35480078125,1.1443740330189467,2.0275345858871936,5.35665095154643
1789690646118787800,2.364787841796875,-0.7027823584079742,2.3975550622373816,4.233214200355112
1789690646128776000,2.37477587890625,-2.433001054149866,1.6412755069196223,2.773752181395888
1789690646138764000,2.384763916015625,-4.540267640660703,0.6594657792508601,1.5941529596082866
1789690646148750800,2.394750732421875,-7.195536942756176,-0.6663041008383035,0.7493173150897026
1789690646158739000,2.404739013671875,-9.504586623066663,-1.9247505032390355,-0.04296776571944356
1789690646168727000,2.41472705078125,-10.587815574771165,-2.9717689083993433,-1.2231273978687822
1789690646178715000,2.42471484375,-9.594798224389553,-3.6584541184872386,-2.6189500344797967
1789690646188702000,2.434701904296875,-7.02971042073965,-3.8977024350672957,-3.5099347051024434
1789690646198690000,2.44468994140625,-4.214269553649426,-4.380836080378294,-4.164530832490325
1789690646208678000,2.454677978515625,-2.027817494481802,-5.0923435970336195,-4.698559383258223
1789690646218665000,2.4646650390625,-1.3781822043716907,-5.362725887545943,-4.882618312057852
1789690646228653000,2.474653076171875,-2.5037547985479236,-4.41823671348989,-4.891591892108321
1789690646238641000,2.484640869140625,-4.10378760997504,-2.1575702480763197,-4.2844215327620505
1789690646248628700,2.494628662109375,-4.667614502157271,-0.9152811997503042,-3.2729505340620872
1789690646258615800,2.50461572265625,-3.358386591546237,-1.6254823099821805,-2.2989522107966245
1789690646268604000,2.51460400390625,-1.3682885868668555,-2.525819038578868,-1.3972908094674348
1789690646278591700,2.524591796875,0.3680247724883258,-2.7125825501620766,-0.3013590280562639
1789690646288578800,2.534578857421875,1.8077407652311026,-2.598984812554717,0.3286241977311671
1789690646298567000,2.54456689453125,2.733359965252876,-2.79558816562891,0.9634998717352747
1789690646308555000,2.554554931640625,3.589366553735733,-2.994875058698654,1.6422900907896458
1789690646318541800,2.564541748046875,3.511854274988174,-3.0686089879512783,2.3623550079099833
1789690646328530000,2.574530029296875,1.2516006281591951,-2.915430935105681,2.7844042160525917
1789690646338518000,2.58451806640625,-0.3189221572756767,-2.176053414750099,2.4164754512846467
1789690646348504800,2.5945048828125,0.9714484926521778,-1.759661063325405,2.7033140788182615
1789690646358493000,2.604492919921875,1.851056759866327,-1.5248276405781507,3.596625146561861
1789690646368481000,2.61448095703125,1.8682954794369637,-0.6286480316609144,4.430243962147832
1789690646378468900,2.62446875,2.1598492989242075,0.5626385591804981,5.185837288767099
1789690646388456000,2.6344560546875,2.5443641645729542,1.2016098319351673,6.215367383509874
1789690646398444000,2.644444091796875,2.715405790889263,2.0924434036493302,6.718206430765986
1789690646408431900,2.654431884765625,3.0978374205231667,3.0147780290424824,6.288794438770413
1789690646418419000,2.6644189453125,3.23912337552309,2.9816496664226055,5.0856338702619075
1789690646428407000,2.674406982421875,3.639831835603714,2.8522306748270987,3.7252743228286502
1789690646438395000,2.684394775390625,3.846356278711557,3.0180419992744922,2.543291566905379
1789690646448382000,2.6943818359375,3.8613831674516197,3.272870746824145,1.8463858454458415
1789690646458369800,2.704369873046875,3.4578047048926353,3.2553765911877153,1.3321027363725007
1789690646468358000,2.71435791015625,2.7219863383233545,2.8249948773771525,0.581008913129568
1789690646478345000,2.724344970703125,2.028929255115986,2.5951269680827855,-0.18976627359576523
1789690646488332800,2.734332763671875,2.053715321326256,2.4649831693440674,-0.405305870873481
1789690646498321000,2.74432080078125,2.5363269885897637,2.7402666759014127,0.015438392150402068
1789690646508309000,2.75430908203125,3.8434371763944624,3.195505183070898,0.8385965309333056
1789690646518295800,2.7642958984375,5.661359874552488,2.753112713471055,1.478923383015394
1789690646528284000,2.774283935546875,4.401979406172037,2.1627157942712305,1.3175494564935564
1789690646538272000,2.78427197265625,2.1696797880649563,1.7253507974445819,0.38284948971979316
1789690646548258800,2.7942587890625,2.346302429383993,0.7365805831134319,-0.24881569780521093
1789690646558247000,2.804246826171875,1.5228209769308567,-0.39043314978182314,-0.9715624013554304
1789690646568235000,2.814235107421875,0.3489975620657205,-2.335125201809406,-1.601930900133401
1789690646578221800,2.824221923828125,0.829552881321311,-3.5563171015709636,-2.0983865299627182
1789690646588210000,2.8342099609375,-0.2953500699650496,-3.8781864182144403,-2.999077186563611
1789690646598198000,2.844197998046875,-0.9509715218126773,-3.854965117102861,-3.571284953600168
1789690646608185900,2.854185791015625,-0.42745778918787836,-2.5772709933966396,-3.7333106220290064
1789690646618173000,2.8641728515625,-1.6060153929680585,-1.3879922352463006,-2.7866610550686715
1789690646628161000,2.8741611328125,-2.9287258854866027,0.11074234817624092,-1.3714236700221896
1789690646638148900,2.88414892578125,-3.025323388454318,1.6546739176750183,-0.39227965443134305
1789690646648136000,2.894135986328125,-3.157769034394622,1.4528057759404183,0.5699206059474498
1789690646658123800,2.904123779296875,-3.4463843162119385,0.2461597034037113,0.8856718781020492
1789690646668112000,2.91411181640625,-3.263808903968334,-0.5760626888990402,0.44994770728498695
1789690646678099000,2.924098876953125,-2.7648759242400525,-0.533779544442892,-0.4886542353633791
1789690646688086800,2.934086669921875,-2.33746796554327,-0.2827805843144655,-1.4507505969762802
1789690646698075000,2.944074951171875,-2.1185238935843107,-0.23631986191272733,-2.2569117890551684
1789690646708062000,2.95406201171875,-2.3291204084366557,-0.006316928061842918,-2.9204478864848613
1789690646718049800,2.9640498046875,-2.533077046883106,-0.22863632167279718,-3.1949200766593218
1789690646728038000,2.974037841796875,-2.9848966855198142,-1.2065233229398726,-3.0835809316337106
1789690646738026000,2.98402587890625,-3.4438945452228187,-2.4734236654311417,-2.8223241968631743
1789690646748012800,2.9940126953125,-3.838722715093195,-3.661232351028919,-2.5749767449796197
1789690646758001000,3.0040009765625,-4.071412988331914,-4.840366147261857,-2.3302852144323287
1789690646767989000,3.013989013671875,-4.19935898476541,-5.273505635347962,-2.1638538583904503
1789690646777976300,3.023976318359375,-3.4229876585334535,-5.723985549813508,-2.796971728941798
1789690646787964200,3.033964111328125,-3.6469814150974154,-6.184733760315179,-2.669028947378695
1789690646797952300,3.0439521484375,-2.9582515474393962,-6.070915657955408,-2.5082845509320495
1789690646807939300,3.053939208984375,-2.5635610324740408,-6.344159767639637,-2.5744755174592138
1789690646817927200,3.06392724609375,-2.4943928037017584,-5.718651203048229,-2.5240678109973667
1789690646827915300,3.073915283203125,-2.7131623958766458,-4.141120146286488,-2.534045015132427
1789690646837902000,3.083902099609375,-3.0375106698542833,-2.2108277910113334,-2.531519880568981
1789690646847890200,3.09389013671875,-3.264181828933954,-1.6123989565253256,-2.7421137650728222
1789690646857878300,3.103878173828125,-3.116287269449234,-1.1921253797531126,-2.9472806560918685
1789690646867866400,3.113866455078125,-3.13645502820909,-0.8734779477655887,-3.4550025069534778
1789690646877853200,3.123853271484375,-3.9457375671789046,-0.9126847535163164,-4.186228285035491
1789690646887841300,3.13384130859375,-7.757657031020521,-0.8931722437947988,-6.24995120563507
1789690646897829400,3.143829345703125,-9.934230085730553,-1.8537720101743935,-7.522524333065748
1789690646907816200,3.153816162109375,-5.9656789214581245,-4.248592094489932,-5.112002821749448
1789690646917804300,3.16380419921875,-1.3524492127001284,-5.490933749786019,-2.8015751310840247
1789690646927792000,3.173792236328125,1.663148900553584,-6.05308072605729,-0.9412458082206546
1789690646937779200,3.183779296875,4.262655106633901,-6.826880155974626,1.2403119030341505
1789690646947767300,3.193767333984375,5.086814604479074,-6.57584378644526,3.7524566365256904
1789690646957755100,3.203755126953125,5.07705075083375,-6.39460049958825,5.975436929884553
1789690646967742200,3.2137421875,5.716752675950527,-6.414639663532376,6.721542297190427
1789690646977730300,3.223730224609375,5.7661611422419545,-5.641884774231911,6.612251901388168
1789690646987718100,3.23371826171875,5.577899501055478,-4.373406222638487,6.134510470509529
1789690646997706200,3.243706298828125,5.173505045938492,-2.481041739219427,5.5930555691331625
1789690647007693300,3.253693359375,4.351697664177418,-0.3691413554280996,4.789344985076784
1789690647017681200,3.26368115234375,-0.1367852095145732,0.9939970090687275,2.9334444384410974
1789690647027669200,3.273669189453125,-2.3787328728675843,1.205274784183502,1.1130546195171773
1789690647037656000,3.283656005859375,-0.3188951231382787,0.7911088766366243,1.4103691944882273
1789690647047644200,3.29364404296875,2.0894494825303553,1.1428379094928502,1.3290715519830583
1789690647057632300,3.30363232421875,3.8245278932631015,1.596060985186696,0.5062165608651936
1789690647067619000,3.313619140625,4.978007023757696,1.3125403961598872,-0.2014407649016939
1789690647077607200,3.323607177734375,4.993720141196251,0.390575188601017,-0.287216520935297
1789690647087595300,3.33359521484375,3.9765573605954643,0.19920213739573955,-0.24418270424231886
1789690647097582000,3.34358203125,3.817434135609865,0.8413152153074741,0.2647979510413483
1789690647107570200,3.353570068359375,3.5032115343272685,2.0232897879242895,1.1423866585940121
1789690647117558300,3.363558349609375,3.262698020116985,3.0623604489505287,1.6556792953252792
1789690647127545000,3.373545166015625,3.0993314584732055,3.6141450211614368,1.8904925520673392
1789690647137533200,3.383533203125,3.4608380812391637,3.3291993677675724,2.94432268306911
1789690647147521300,3.393521240234375,4.522604850459099,3.232005067950487,4.257321928912401
1789690647157509000,3.403509033203125,5.183731840920448,3.4832430975317954,5.585014301496744
1789690647167496200,3.41349609375,5.528780957621335,4.037640482589603,5.84194440523982
1789690647177484300,3.423484375,5.4337318531394,4.591213691782951,5.775489527079463
1789690647187472100,3.43347216796875,5.1834851726830005,4.8212452672064305,5.794831940931082
1789690647197459200,3.443459228515625,4.9344133812248705,5.064437352976203,5.953870994764566
1789690647207447300,3.453447265625,4.397901489208638,5.66833088260889,6.1724856886386865
1789690647217435100,3.46343505859375,3.846683026447892,6.342620136982202,6.185751412925124
1789690647227422200,3.473422119140625,3.2545179285317656,6.8459607040196655,5.858813706976175
1789690647237410000,3.48341015625,2.5235575233876704,7.14108931325376,5.373941693565249
1789690647247398100,3.493398193359375,1.6452338891565799,7.148480008026957,4.898994861841201
1789690647257385200,3.50338525390625,0.6031573243126273,6.542224425438046,4.209075199876725
1789690647267373000,3.513373046875,-0.31779972911700605,5.391669657957554,3.051460577012598
1789690647277361200,3.523361083984375,-1.5429026648424564,3.8413206226319074,1.579322616353631
1789690647287348200,3.53334814453125,-3.3242765244126318,1.709621313393116,0.2656896757166832
1789690647297336000,3.543336181640625,-5.526022014302015,-0.9242290608376263,-1.344262691374123
1789690647307324200,3.55332421875,-7.544813321763277,-4.0162241850733755,-3.0958515074029562
1789690647317312300,3.563312255859375,-8.42906400795579,-6.849604613479971,-4.6504573233902455
1789690647327299000,3.573299072265625,-7.587268315654993,-8.807405153405666,-5.695442176896333
1789690647337287200,3.583287109375,-5.384958177620172,-9.846736511194706,-6.028292321759462
1789690647347275300,3.593275146484375,-2.8902830498456953,-9.95530911411643,-6.594553747612237
1789690647357262000,3.603261962890625,-1.2029939797699452,-8.283394723305106,-7.511710678106546
1789690647367250200,3.613250244140625,1.3292132985413074,-1.056721468529105,-8.508217039647699
1789690647377238300,3.62323828125,-1.523029066723585,-1.5123784933716058,-10.527504606193304
1789690647387225000,3.63322509765625,-1.0105880783855914,0.3468646416902542,-6.033493397533893
1789690647397213200,3.643213134765625,-1.4160720823049544,0.6997901908546685,-3.7061245089396833
1789690647407201300,3.653201171875,-1.2170423788666724,-0.17569675864577292,-2.0094088543489574
1789690647417188000,3.66318798828125,-0.46831426184177394,-1.9496534738272426,-0.6684040687922388
1789690647427176200,3.67317626953125,-0.06767945151925087,-2.555993812090158,0.20282792667746544
1789690647437164000,3.6831640625,0.011453121906518935,-2.5122248129904268,0.661985287791118
1789690647447151000,3.693151123046875,-0.0610685089468956,-2.9464982735425234,1.4778956474028526
1789690647457139200,3.70313916015625,-0.5817150155723094,-3.298986600333452,2.867809936752915
1789690647467127000,3.713126953125,-1.5322972458064554,-3.272744490095973,4.444571762707829
1789690647477115100,3.723115234375,-1.1143594185054302,-3.094091219732165,5.003441909265518
1789690647487102200,3.733102294921875,0.5332498945455998,-3.134518507188558,4.87050117328465
1789690647497090000,3.743090087890625,1.4812649777054785,-4.092522411856055,4.467896231932938
1789690647507078100,3.753078125,1.6391373258471489,-4.7194566253364085,4.179583440193533
1789690647517065200,3.763065185546875,0.5496598351418972,-2.490810853561759,4.418379921352863
1789690647527053000,3.773052978515625,-0.5186650139519945,0.5493962157696485,5.322057777070999
1789690647537041200,3.783041259765625,0.4545440951645374,2.429286417540908,6.678762309128046
1789690647547028000,3.793028076171875,2.2384277455985546,3.905423384708166,7.624791698363423
1789690647557016000,3.80301611328125,3.904223945790529,3.8269565817147493,7.539339858788251
1789690647567004200,3.813004150390625,4.709160856771469,2.699697934147715,6.64682403307557
1789690647576991000,3.822990966796875,4.665654892522096,1.9132383446216583,5.902239007204771
1789690647586979000,3.83297900390625,4.455575387281179,1.6948948689043521,4.8020364166066045
1789690647596967200,3.84296728515625,3.9705560743540524,1.604289299827814,3.7599896623790263
1789690647606954000,3.8529541015625,3.3364252273678776,1.341265555384755,2.9824907934218645
1789690647616942000,3.862942138671875,2.6679402753591535,0.951990343466401,2.194445688270032
1789690647626930200,3.87293017578125,2.266716851493716,0.7222650575131178,1.6566446332260965
1789690647636917000,3.8829169921875,2.1626053196340798,0.8786667485803366,1.2323638666391372
1789690647646905000,3.892905029296875,2.0146207437783477,1.095726614227891,0.7426139449935406
1789690647656893200,3.90289306640625,1.87324944858253,1.0106816018879412,0.015028934566676616
1789690647666881000,3.912881103515625,1.3724443913720548,0.9347130454510449,-0.6077048315491527
1789690647676868000,3.9228681640625,1.193514203763008,1.169631223872304,-0.9692172264687716
1789690647686856200,3.932856201171875,1.3184512276388705,1.382002639442682,-1.1079974822580814
1789690647696844000,3.942843994140625,1.2152484811872244,1.250130409476161,-1.3565059407450257
1789690647706831000,3.9528310546875,1.202361527085304,0.9511638295143842,-1.6249577015861867
1789690647716819200,3.962819091796875,0.5949624735496938,0.39551147595942016,-2.08359403450042
1789690647726807000,3.97280712890625,-2.1213247763492165,-0.2279296347081661,-2.958779662966728
1789690647736794000,3.982794189453125,-4.905850719085335,-0.7367097624510526,-3.7045761104539037
1789690647746782000,3.992781982421875,-5.323033928626775,-0.7769219458520412,-4.048268844109773
1789690647756769300,4.002769287109375,-4.262939768794179,-0.6701759738355875,-3.721268594318628
1789690647766756000,4.012756103515625,-2.7611130645751953,-0.25004326683878897,-3.417798273196816
1789690647776744000,4.022743896484375,-1.9072680380403995,0.24133564424812792,-3.1949051713511345
1789690647786732000,4.03273193359375,-1.224741701197624,0.6517746402263641,-3.0373624935552477
1789690647796720000,4.04272021484375,-0.32465982414484024,0.78320906329751,-2.8815304190695286
1789690647806707000,4.05270703125,0.3201137051478028,0.776202399405837,-2.6921225304573775
1789690647816695000,4.062695068359375,0.3886893748544156,0.7385854931950568,-2.515423609031737
1789690647826683100,4.07268310546875,0.17124606284722685,0.7760948473781347,-2.047080705617368
1789690647836670000,4.082669921875,0.14091829073131085,0.5372159486323594,-1.654864764072001
1789690647846658000,4.092657958984375,0.12325696183443069,0.25634908898472786,-1.3719431638516484
1789690647856646100,4.102646240234375,-0.08095861980915069,0.06201777249574661,-1.249634150391817
1789690647866633000,4.112633056640625,-1.0831652388185262,-0.35227439177930353,-1.0822931321591138
1789690647876621000,4.12262109375,-2.8240076199054718,-1.0316109926700592,-1.1049637405853718
1789690647886609200,4.132609130859375,-4.138175325006246,-1.9110551553636788,-1.6831021397799253
1789690647896596000,4.142595947265625,-4.637091061338782,-2.5382126562058924,-2.2916379422605035
1789690647906584000,4.152583984375,-4.667337731042504,-2.981194908392429,-2.5264094056874513
1789690647916572000,4.162572021484375,-4.50081738154292,-3.1015076334685086,-2.6710195366740224
1789690647926559000,4.17255908203125,-3.895696940463781,-2.8657302078694102,-2.9976328329741952
1789690647936548900,4.182548828125,-2.9002792509421704,-2.6549370014011857,-3.399659974437952
1789690647946536200,4.1925361328125,-2.0866773874685167,-2.5602941396325827,-3.634154082228243
1789690647956523800,4.202523681640625,-2.0622697991818186,-2.39854699588418,-3.556637711827457
1789690647966511900,4.212511962890625,-2.479505031171441,-2.358867311924696,-3.408038803465664
1789690647976499200,4.222499267578125,-3.0633401076376434,-2.3944039047300816,-3.381082699739933
1789690647986486800,4.23248681640625,-3.6770132730066774,-2.429887890565395,-3.499174826157093
1789690647996475000,4.242474853515625,-4.403845200043916,-2.4780361276626586,-3.722294137974083
1789690648006462000,4.2524619140625,-5.009775788462162,-2.5516438001871107,-4.148535975500941
1789690648016450000,4.262449951171875,-5.987807751157879,-2.343593170425296,-4.3844414113938805
1789690648026438000,4.27243798828125,-7.5745713311672205,-1.7438544223845005,-4.339287972198426
1789690648036425000,4.282425048828125,-9.552306990140677,-0.8044155174553393,-4.2214208867087955
1789690648046413000,4.2924130859375,-10.261033936166763,-0.6723404583930969,-4.586692122705281
1789690648056401000,4.30240087890625,-8.226849829262495,-0.972757237163186,-4.577528573040664
1789690648066388000,4.312387939453125,-3.1625843257218595,-1.4719155500799417,-3.489388468419015
1789690648076376000,4.3223759765625,2.4920371804863213,-2.8837966104358435,-2.976876460671425
1789690648086364000,4.332364013671875,6.2977767866492265,-5.605799899893999,-3.7235172500282525
1789690648096351000,4.34235107421875,9.279307210606335,-7.033794475182891,-3.329626945529878
1789690648106339000,4.352339111328125,10.16935635394454,-6.700491325855254,-2.720603944054246
1789690648116327200,4.3623271484375,8.637189456519485,-6.251448750716447,-1.8908507178552447
1789690648126314800,4.372314697265625,8.059130040845275,-6.338412748420238,-0.537168967685476
1789690648136302000,4.382302001953125,7.680327707624435,-6.507318531751633,0.7482284238744527
1789690648146290200,4.392290283203125,6.916549320983886,-6.556953208014368,2.0125944986477493
1789690648156278000,4.402278076171875,2.606200735282898,-6.1969660499006505,3.0148183610528707
1789690648166265000,4.41226513671875,-4.517400267553329,-5.07451334131062,3.3263504080772397
1789690648176253200,4.422253173828125,-6.643897916495799,-4.527009807419777,3.810592891412973
1789690648186241000,4.432240966796875,-3.502542841285467,-3.2501433667093513,3.3741549463033675
1789690648196228000,4.44222802734375,0.5710159999687224,-1.6427730520009993,3.6695243785560128
1789690648206216000,4.4522158203125,3.5583237652182578,-0.9923837286531925,3.528224395030737
1789690648216204000,4.4622041015625,4.5538019527554505,-0.8043570652663707,2.5074954463809727
1789690648226191000,4.472191162109375,5.133812502497435,-0.32068975147008894,2.216397115576267
1789690648236179000,4.482178955078125,4.11196653251648,0.6316764395713805,2.1702624102585015
1789690648246167000,4.4921669921875,2.5415315714955327,1.7722259458661078,2.680323663853109
1789690648256154000,4.502154052734375,2.964276506817341,2.9922984862089157,3.8695387091174718
1789690648266142000,4.512141845703125,3.7300925367653366,3.960963485622406,4.813203415048122
1789690648276130000,4.522130126953125,3.6466356703996654,4.03738270843625,5.1397582591593265
1789690648286117000,4.5321171875,3.0155960674270985,3.9319782141566275,5.060504689702391
1789690648296105000,4.54210498046875,2.636254805023968,3.985557244130969,4.997691967436671
1789690648306093000,4.552093017578125,2.8689713817477225,4.181218347918987,5.141538712835311
1789690648316079900,4.562079833984375,3.270104496981203,4.3995214916259044,5.49822449131608
1789690648326068000,4.57206787109375,3.828057236433029,4.6868531633734705,6.407810109773278
1789690648336056000,4.58205615234375,4.202960516388714,5.131169294512271,7.167879705023765
1789690648346044200,4.592044189453125,4.450945097132027,5.597285754048824,7.707364767631888
1789690648356031000,4.602031005859375,4.361764007900655,5.831882445430756,7.995462747576832
1789690648366019000,4.61201904296875,3.942704190832376,5.988443710973859,7.895542237666249
1789690648376007200,4.622007080078125,3.3129481979295607,6.142037358883023,7.495549232378601
1789690648385994000,4.631993896484375,2.7040602210104465,6.332700800514221,6.977344273686408
1789690648395982000,4.641982177734375,2.088217310386896,6.27511136585474,6.2453855051547285
1789690648405970000,4.651969970703125,1.4135120225585995,5.6958554338723415,5.170105466628074
1789690648415957000,4.66195703125,0.6105006728127599,5.148402168864012,3.747661803464591
1789690648425945000,4.671945068359375,-0.2857400186419487,3.9339854623258113,2.2624000112079083
1789690648435933000,4.681932861328125,-1.685643056434393,2.326442129138112,0.9109387866318225
1789690648445920000,4.691919921875,-3.6513469168305397,0.2792354590535164,-0.5003406545691191
1789690648455908000,4.701908203125,-5.372668020367622,-2.2611638935416933,-2.180816683629155
1789690648465896000,4.71189599609375,-6.410211910218,-4.6781800275743,-4.2907606726557015
1789690648475883000,4.721883056640625,-6.22236878670454,-6.7084384854674335,-6.388202907505631
1789690648485871000,4.73187109375,-4.591025475734472,-8.371773848503828,-7.551349445533752
1789690648495859000,4.74185888671875,-2.8785201313376425,-9.528580662116408,-8.096945684498548
1789690648505846000,4.751845947265625,-1.9151218202807008,-9.499154661145806,-8.513644325393438
1789690648515833900,4.761833740234375,-1.8940484909832476,-7.220017304018139,-8.39648100425899
1789690648525822000,4.771822021484375,-2.8294588710486885,-3.719711428004503,-7.5254399282515045
1789690648535809000,4.78180908203125,-3.42539998037219,-1.112938445791602,-6.19433803948462
1789690648545796900,4.791796875,-2.7460230474710463,0.6091787765592336,-4.643031849564611
1789690648555785000,4.801784912109375,-1.2314227863967417,1.4770488213151693,-2.9345202509790655
1789690648565772000,4.81177197265625,0.4106102608919143,0.9313795171141623,-1.3546028836026787
1789690648575760000,4.821759765625,1.6777274610042572,0.4827133740723133,0.1535591611176729
1789690648585748000,4.831748046875,2.598887197399139,0.14342238250672817,1.0850171502955257
1789690648595736000,4.841736083984375,3.003593787205219,-0.4980488903701305,1.4425658292159438
1789690648605723000,4.851722900390625,2.3894576804995538,-1.912858405393362,1.7159648372009395
1789690648615711000,4.8617109375,0.8092741364676505,-3.963378145548701,2.66391876475811
1789690648625699000,4.871698974609375,-0.6505892298340797,-6.034923722597957,4.636562361289561
1789690648635686000,4.881685791015625,-0.7246247723817825,-7.8603546044290065,6.704746060690283
1789690648645674000,4.891674072265625,0.532808105594851,-8.889096763664483,7.71709588805139
1789690648655662000,4.901662109375,1.4824831213235854,-7.51974200887084,7.207179449754953
1789690648665649000,4.91164892578125,1.1542238113820553,-2.875449053329229,5.701002733632921
1789690648675637000,4.921636962890625,1.0629249993443488,0.8300988247662782,4.55487659624964
1789690648685625000,4.931625,1.4202479066848754,3.0465736817538738,4.062772585758567
1789690648695612000,4.94161181640625,2.0960288609206676,4.632978949844837,3.8528734055206177
1789690648705600000,4.95160009765625,2.8590707499802113,5.301151182642578,3.535118538458645
1789690648715587800,4.961587890625,3.5226351967215535,5.457012190961837,3.367637527233362
1789690648725575000,4.971574951171875,4.172851501590014,5.682196326354146,3.522284483587742
1789690648735563000,4.98156298828125,4.818540099900961,5.005562554681301,3.814798818670213
1789690648745550800,4.99155078125,4.783029226058721,3.3951042108297345,4.1980566699951885
1789690648755538000,5.001537841796875,4.340567198354005,1.8867846374601125,4.211610563573241
1789690648765526000,5.011526123046875,4.3076615385740995,0.5859376017034054,3.7268323659256097
1789690648775513900,5.021513916015625,4.129689820733666,-0.42979953000843524,2.953488570821285
1789690648785502000,5.031501953125,4.120494706887007,-1.2375929994642734,2.3478116649031637
1789690648795488800,5.04148876953125,3.8554993701100346,-1.845114071944356,1.7594892138898373
1789690648805476900,5.051476806640625,3.43506095816493,-1.787895224162936,1.017930403972417
1789690648815465000,5.06146484375,2.9240479568034408,-1.0711088903218506,0.0227923351097852
1789690648825451800,5.07145166015625,2.0826345418184995,-0.3302501914978027,-1.3100424418643115
1789690648835439900,5.08143994140625,1.1539596074879168,0.13573650417923927,-2.2500104852341116
1789690648845428000,5.091427978515625,0.6236176362782716,0.3554606205999851,-2.8561849654108284
1789690648855414800,5.101414794921875,0.4151052342236042,0.5039449626713991,-3.5887530980125066
1789690648865403000,5.11140283203125,-1.5998044094987212,0.6850929724603891,-4.556398106728494
1789690648875391000,5.121390869140625,-6.906531784838438,0.9450316103696823,-6.2619222139358515
1789690648885377800,5.131377685546875,-8.218384198734164,1.323525900554657,-5.492313805967569
1789690648895366000,5.141365966796875,-5.797461120390892,0.6043371817469596,-3.35865167222321
1789690648905354000,5.15135400390625,-3.883478094881773,0.184268187636137,-2.0794977050974963
1789690648915340800,5.1613408203125,-1.524648923010379,0.053909869363903996,-1.6212880731627344
1789690648925329000,5.171328857421875,-0.19349311209917067,0.36627369103729723,-1.6038606991522013
1789690648935317000,5.18131689453125,0.6958341467052698,0.49060558862686154,-1.6815568100340663
1789690648945303800,5.1913037109375,1.0382440009437501,0.479632943713665,-1.5184128050997852
1789690648955292000,5.2012919921875,0.9364759634703397,0.8123194224476814,-1.3371942142926156
1789690648965279700,5.21127978515625,0.49957376184985036,1.1957774725198744,-1.1923198794119059
1789690648975266800,5.221266845703125,0.17043430807292462,1.33970838907063,-1.2725395174220204
1789690648985255000,5.2312548828125,-0.0705244656868279,1.4055536109000444,-1.4214574286051094
1789690648995242800,5.24124267578125,-0.22621873913705348,1.2834329596191645,-1.463789234508574
1789690649005229800,5.251229736328125,-0.37883696614280343,0.8821370550394058,-1.2936618004277347
1789690649015218000,5.261218017578125,-0.9129099405743181,0.05607143131196499,-1.180535771985352
1789690649025205800,5.271205810546875,-2.4501374823898074,-1.0513508814066648,-1.7058508549436926
1789690649035193000,5.281193115234375,-3.8762133645758032,-2.13440564558804,-2.5907863085299727
1789690649045181000,5.291180908203125,-4.382727300952375,-2.742652109733224,-2.9648534299224614
1789690649055168800,5.301168701171875,-4.568472867664695,-2.659623697912693,-2.927542520920932
1789690649065156900,5.311156982421875,-4.670257710142433,-2.324583934050798,-3.0536575025349855
1789690649075144000,5.32114404296875,-4.130434209360182,-1.8817618408620356,-3.3901825365185734
1789690649085131800,5.3311318359375,-2.918745174220204,-1.9915905813246964,-3.8782533459708093
1789690649095120000,5.341119873046875,-1.5832815831124782,-2.373627074161172,-4.147162641321122
1789690649105107000,5.35110693359375,-0.9107640145868062,-2.4997242278575897,-4.111823616914451
1789690649115094800,5.3610947265625,-0.5604097772151232,-2.5982103210508822,-4.049240904012322
1789690649125083000,5.371082763671875,-0.578239448416233,-2.78643104570508,-4.06536873973161
1789690649135070000,5.381070068359375,-0.9843857156366109,-3.013661007711291,-4.263974957060814
1789690649145057800,5.391057861328125,-1.7184531468853352,-3.191426389324665,-4.5738080912128085
1789690649155046000,5.4010458984375,-2.989906914897263,-3.0137206289440392,-4.802319617462158
1789690649165033000,5.411032958984375,-4.342973090451956,-2.2211685677617785,-4.822061844286322
1789690649175021000,5.42102099609375,-5.575569012281298,-1.2879255948632955,-4.6921895559653635
1789690649185009000,5.4310087890625,-6.992948085531592,-0.7014584163278341,-4.868546532085538
1789690649194996000,5.440995849609375,-8.027798498514294,-1.0294354021966456,-5.411804098969697
1789690649204984000,5.450984130859375,-7.146605446326732,-2.145737771463394,-6.126359897279739
1789690649214972000,5.460971923828125,-5.440759559819102,-3.631399522823095,-6.582392185175419
1789690649224959700,5.470959716796875,-2.806612248468399,-4.340936616188287,-6.358368325734138
1789690649234947000,5.480947021484375,0.5563058490276336,-5.004843592756987,-5.650189661240577
1789690649244935000,5.490934814453125,3.002397270897031,-4.942252988809347,-3.8204561137795445
1789690649254922800,5.5009228515625,5.08382009883821,-3.6642701112896203,-1.1131140215542166
1789690649264910000,5.51091015625,6.814405289804935,-3.372762615162134,0.6869654152687639
1789690649274898000,5.52089794921875,7.579975236037373,-2.9161837992995974,1.9982225666850804
1789690649284885800,5.5308857421875,7.579786435467004,-3.1187720720022916,2.7383392149701713
1789690649294873000,5.540873046875,6.844322289162874,-3.684332656109333,3.244449538981914
1789690649304861000,5.55086083984375,4.322609516859054,-4.594261388915777,3.8202585453808307
1789690649314849000,5.56084912109375,0.8495686643898487,-5.462440645751356,4.028593837302923
1789690649324836000,5.570836181640625,-2.4981670615434646,-5.421794162586331,3.8207080427139997
1789690649334824000,5.580823974609375,-2.860671170914173,-4.822836920312047,3.498029163253307
1789690649344812000,5.59081201171875,-0.414835185110569,-3.936066944774985,3.5983605920523405
1789690649354799000,5.600799072265625,2.130160116972774,-3.17733590465188,3.7385599208593367
1789690649364787000,5.610786865234375,4.310485363823175,-2.430099487489462,3.6723330062359567
1789690649374775000,5.620775146484375,5.424822570496797,-1.5408312653958796,3.5923096214503047
1789690649384761900,5.630761962890625,5.190827936661243,-0.377624521613121,3.0999899223819374
1789690649394750000,5.64075,4.093046727991104,1.4122323580116032,3.15270853613466
1789690649404738000,5.650738037109375,3.93415497367382,3.3114474379777907,3.711820674754679
1789690649414726100,5.66072607421875,3.965090210163593,4.189492255267501,3.9314299326241016
1789690649424713000,5.670712890625,4.085471324300766,4.362057730150222,3.949152051797509
1789690649434701000,5.680701171875,4.355144882021844,4.3617707299023865,4.014890306121111
1789690649444689200,5.690689208984375,3.8610207638800143,4.215923750597239,3.9267771383821963
1789690649454676000,5.700676025390625,3.2872458936572073,4.016539242371916,3.7388586115449667
1789690649464664000,5.7106640625,3.3223578313097355,3.6876100703448054,4.026835303197801
1789690649474652000,5.72065185546875,3.7144285191655158,3.9535248600542543,4.774847380907834
1789690649484639000,5.730638916015625,4.231390199798345,4.233435441890359,5.738775122666358
1789690649494627000,5.740626953125,4.473595612618327,4.63882942943871,6.48473728210926
1789690649504615000,5.750614990234375,4.274581691271067,5.107384514299035,6.835654414060712
1789690649514602000,5.76060205078125,4.016683619278669,5.434436786538362,6.973809085297584
1789690649524590000,5.770590087890625,3.6384018028005953,5.7110664470076555,6.978436160576343
1789690649534578000,5.780577880859375,3.1456147784814235,5.838682188573479,6.852905408591032
1789690649544565000,5.79056494140625,2.5110250818118454,5.708272432374954,6.670591277632117
1789690649554553000,5.800552978515625,1.6704748595274983,5.168925316932797,6.281479147320986
1789690649564541000,5.810541015625,0.4949393800474703,4.270595251983404,5.325079755240679
1789690649574528000,5.820528076171875,-0.7918670015275477,3.1407237915694712,3.759559162007272
1789690649584515800,5.830515869140625,-2.2253411772713063,1.9861060124337673,2.186695804795623
1789690649594504000,5.84050390625,-3.9305587027475237,0.17581424754559993,0.3020658611513674
1789690649604492000,5.850491943359375,-5.703175401496887,-1.8814958834022282,-1.9731408785291016
1789690649614478800,5.860478759765625,-6.922841114604473,-4.002036085245013,-4.314609750276804
1789690649624467000,5.870467041015625,-6.561586713033914,-5.556605368614196,-5.71652237432599
1789690649634455000,5.880455078125,-5.150321738749742,-6.572451805919409,-6.207234345936775
1789690649644441900,5.89044189453125,-3.7469805432021617,-7.361593766397237,-6.058675185063481
1789690649654430000,5.900429931640625,-3.000971622008085,-7.358975108331442,-5.884179618901014
1789690649664418000,5.91041796875,-3.354856371593475,-6.014003684166074,-5.975581306791305
1789690649674404900,5.92040478515625,-3.8705695134699343,-3.70914268771708,-5.742549965029955
1789690649684393000,5.93039306640625,-3.8798330163776873,-1.5486422314077615,-5.212165908244252
1789690649694381000,5.940381103515625,-3.082959000343084,-0.09868424611389637,-4.188248977208137
1789690649704367900,5.950367919921875,-1.4863595243655143,0.5749772317498922,-2.9568630156904456
1789690649714356000,5.96035595703125,0.26152093866467474,0.7261731708675623,-1.7935821837581694
1789690649724344000,5.970343994140625,1.6738976735830307,0.4786322422385215,-0.8100986776582896
1789690649734331000,5.980330810546875,2.8466227718174455,0.026710896793007848,-0.10984130768328905
1789690649744319000,5.990319091796875,3.489151444792747,-0.9685936877429485,0.27671251644715666
1789690649754307000,6.00030712890625,3.392088077878952,-2.6499445999413727,0.9016083559677004
1789690649764294000,6.0102939453125,2.897616461473703,-5.366587239149212,2.263750256773084
1789690649774282000,6.020281982421875,0.2548912913918495,-8.749827409183979,4.930438047853112
1789690649784269800,6.030269775390625,-2.610950560158491,-11.319881310808658,8.390584347435832
1789690649794258000,6.0402578125,-1.304500882089138,-9.97067736364007,8.159111925554274
1789690649804244700,6.05024462890625,-0.27615619773864747,-3.4373727422386406,5.154004226654767
1789690649814232800,6.06023291015625,0.5768342577934265,1.9521113883733747,3.639962183985114
1789690649824221000,6.070220947265625,2.3564111509442327,3.888877323576808,3.4922903273403643
1789690649834207700,6.080207763671875,3.690541447621584,5.055488322845101,3.687584935903549
1789690649844195800,6.09019580078125,3.8157507125675676,6.19465426582694,3.9247289736807343
1789690649854184000,6.100183837890625,3.588321428596973,6.056926880091428,3.771157245342433
1789690649864170800,6.110170654296875,3.9915328114092348,4.918329092386364,3.8774177719295024
1789690649874158800,6.120158935546875,4.218690877223015,4.2074709795504805,4.350869104398787
1789690649884146700,6.130146728515625,4.756625203257799,3.2785224889755247,4.859978317965567
1789690649894133800,6.1401337890625,4.7495057266414165,2.139589185705781,4.608368240201473
1789690649904121900,6.150121826171875,4.279464202615618,0.675874477738142,3.803437466700375
1789690649914109700,6.160109619140625,3.970927830275893,-0.7333569448918104,2.983768850533664
1789690649924096800,6.1700966796875,3.8453298582732676,-1.5072820470154285,2.1042405166879297
1789690649934084900,6.1800849609375,3.6763439954429864,-1.8743594556510448,1.4636670694336293
1789690649944072700,6.19007275390625,3.3802404036968943,-1.5765946526944636,0.8166502912588417
1789690649954059800,6.200059814453125,3.0904391269654035,-0.8751981956869364,0.13536094886511563
1789690649964048000,6.2100478515625,2.4382500607192514,-0.23667992739677426,-1.054089512590319
1789690649974035700,6.22003564453125,1.3735627278774976,0.20898878739476204,-2.2138005232118068
1789690649984022800,6.230022705078125,0.7721200254630297,0.6254407600522041,-2.854971497967839
1789690649994010600,6.2400107421875,0.36127193722724915,0.9020224897265434,-3.440923420457542
1789690650003998700,6.249998779296875,-1.5538777939736843,0.904839300712943,-4.3023584637299175
1789690650013985800,6.25998583984375,-5.999446751025319,0.7882792061686515,-5.5836348298370835
1789690650023973600,6.2699736328125,-8.367817804354429,0.7884177378565073,-4.950038235858083
1789690650033961700,6.279961669921875,-6.282212722292542,0.17077333076894283,-3.2001334273934363
1789690650043949800,6.28994970703125,-4.033118036729097,-0.12231821967959404,-2.360040885748714
1789690650053936600,6.2999365234375,-1.671895686110854,0.2397673720180988,-2.346945987984538
1789690650063924700,6.3099248046875,-0.18985738594532012,0.5369155043810606,-2.6550048059403895
1789690650073912800,6.319912841796875,0.3523053714394569,0.3269879748314619,-2.2618597668513654
1789690650083899600,6.329899658203125,0.47323301354348657,0.2892518261551857,-1.8262572496525942
1789690650093887700,6.3398876953125,0.4319844728320837,0.6106295598894357,-1.6792347968272865
1789690650103875800,6.349875732421875,0.11785524892136454,1.0464560951024293,-1.6231443685539066
1789690650113862700,6.359862548828125,-0.17949673545062542,1.400692142343521,-1.5752730487018822
1789690650123850800,6.369850830078125,-0.23782149864733218,1.3707710513323546,-1.3549940748773515
1789690650133838800,6.3798388671875,-0.27426600007787344,1.0360580352067947,-1.0583819490872324
1789690650143825700,6.38982568359375,-0.24290420873910187,0.6317495048075914,-0.8712827758088707
1789690650153813800,6.399813720703125,-0.3878174143254757,0.1549889016598463,-0.6386669560458511
1789690650163801900,6.4098017578125,-1.2194587923586369,-0.5239303506016731,-0.8839950309310108
1789690650173788700,6.41978857421875,-2.621106627991795,-1.4154098190039395,-1.9954139390051364
1789690650183776800,6.42977685546875,-3.8418455232888458,-2.002947257119417,-3.166625710067153
1789690650193764600,6.4397646484375,-4.376095315591991,-1.8858201763421296,-3.9633497962370514
1789690650203751700,6.449751708984375,-4.583896062245965,-1.405544843071699,-4.2161558057874435
1789690650213739800,6.45973974609375,-4.311142366427183,-1.007670145112276,-4.220056612618268
1789690650223727600,6.4697275390625,-3.4216564099296924,-1.0384773713082074,-4.100658956560492
1789690650233715700,6.4797158203125,-2.133925168594718,-1.4481500590890646,-3.9420936577185985
1789690650243702800,6.489702880859375,-0.941104500053823,-1.9044383675724268,-3.7226854753792282
1789690650253690600,6.499690673828125,-0.19787673401087522,-2.3378210167646407,-3.5563171015709636
1789690650263678700,6.5096787109375,0.051830725002288816,-2.7866519949793815,-3.544124559473991
1789690650273665800,6.519665771484375,-0.21660539987832306,-3.357332990840077,-3.7433310807839035
1789690650283653600,6.529653564453125,-0.617993951177597,-3.904037483307719,-4.141373244264722
1789690650293641700,6.539641845703125,-1.2564344780564307,-4.101140602597594,-4.699226322734356
1789690650303628800,6.54962890625,-2.4790783301919697,-3.4569904659003017,-5.380362666523456
1789690650313616600,6.55961669921875,-3.9705423380896447,-2.4844535934895275,-6.000363865870237
1789690650323604700,6.569604736328125,-5.512013362693787,-1.4346096095144747,-6.3611372059255835
1789690650333591800,6.579591796875,-6.50916912805438,-0.654079994559288,-6.289295374029875
1789690650343579600,6.58957958984375,-7.2586179605692625,-0.675437839886546,-6.39482554051578
1789690650353567700,6.599567626953125,-6.945093862944841,-2.0446312666386364,-7.175168692988157
1789690650363554800,6.609554931640625,-5.337081158679723,-3.8703538248926397,-7.554980495512485
1789690650373543000,6.61954296875,-2.7702023799598217,-4.841106736496091,-6.652995415186882
1789690650383530800,6.62953076171875,-0.07826287791915237,-5.477999449411034,-5.351137741082907
1789690650393517800,6.639517822265625,2.0974422348499298,-5.199677598071098,-2.956234070137143
1789690650403506000,6.649505859375,4.944976276293397,-3.6569022128701207,-0.2822762880541384
1789690650413493800,6.65949365234375,7.425228326439857,-3.0142309165537355,1.3672636277332901
1789690650423480800,6.669480712890625,8.083497589382528,-2.9575018981158734,2.724944895868003
1789690650433469000,6.679468994140625,7.541351783132552,-3.432547514039278,3.8272599485754966
1789690650443456800,6.689456787109375,6.19491613163352,-4.045943031510711,4.7582057504475115
1789690650453443800,6.69944384765625,3.0177965000808236,-4.699847084981203,5.865922662198543
1789690650463432000,6.709431884765625,-0.694576840120554,-5.366933860629796,6.185203715914487
1789690650473420000,6.719419921875,-3.509071950793266,-5.407151304727792,5.1610588213413955
1789690650483407600,6.72940771484375,-3.3557460139095783,-4.909132809495926,3.7010505666762588
1789690650493395000,6.73939501953125,-0.9115573569215834,-4.133451803615689,3.107450467520952
1789690650503382800,6.7493828125,2.137065804708004,-3.647942661345005,2.7534675182580948
1789690650513371000,6.759370849609375,3.6784547039866444,-3.112389092966914,2.6825024691969155
1789690650523358000,6.76935791015625,3.95513697142601,-2.0742004754722116,2.919836476588249
1789690650533345800,6.779345703125,4.121324727970362,-0.8548597565352917,3.479959253555536
1789690650543334000,6.789333984375,4.69448117403388,0.706816728490591,4.0474887996479865
1789690650553321000,6.799321044921875,5.529843618416786,2.3507921420186757,4.400046976804733
1789690650563308800,6.809308837890625,5.5874003198504445,3.924783918738365,4.71172310847491
1789690650573297000,6.819296875,4.581776001352072,4.451125422134996,4.2859687622040505
1789690650583284000,6.829283935546875,2.9142390949726105,4.4413259126544,3.7182574298039075
1789690650593271800,6.839271728515625,3.0323344362601636,4.767151857969164,3.4608816281199455
1789690650603260000,6.849260009765625,3.1657009964376686,4.419454272586107,3.313669790202379
1789690650613247000,6.8592470703125,3.229156985042989,3.7365737154781815,3.5249013880878683
1789690650623234800,6.86923486328125,3.950263227909803,3.339095907881856,4.1363484018400305
1789690650633223000,6.879222900390625,4.629992919771373,3.2735786028325555,4.983114576029777
1789690650643209700,6.889209716796875,4.869004212725162,3.594952244913578,5.912668046760559
1789690650653197800,6.89919775390625,4.881200554214417,4.260479516160488,6.645280895286798
1789690650663186000,6.90918603515625,4.49029160361439,4.78754465765655,7.045636888667941
1789690650673172700,6.9191728515625,3.9932971907332537,5.461085724011063,7.149858895164728
1789690650683160800,6.929160888671875,3.485731407216191,6.181159993481636,6.99019031125605
1789690650693149000,6.93914892578125,3.0524551410079,6.810160491842031,6.653543112197518
1789690650703135700,6.9491357421875,2.533567753009498,7.063496370485424,6.1576236350715154
1789690650713123800,6.959123779296875,1.8799884014487265,6.4126511200636624,5.425448008918762
1789690650723112000,6.96911181640625,1.038513903926313,5.499557785746455,4.148859800627827
1789690650733098800,6.9790986328125,0.14894801406040786,4.331994015797973,2.4357941919997335
1789690650743086800,6.9890869140625,-0.9306440424464643,2.95554959500432,1.1859811779096723
1789690650753075000,6.999074951171875,-3.238722393506765,1.1303215422689914,0.15417305523231625
1789690650763061800,7.009061767578125,-5.259453144598007,-1.4331611642718314,-1.495985723105818
1789690650773049900,7.0190498046875,-6.707680945098399,-4.184013531595468,-3.7490748851329085
1789690650783038200,7.0290380859375,-7.2328972438573835,-6.6755357482969755,-5.796342930015921
1789690650793025000,7.03902490234375,-6.08111322684288,-8.456817107278107,-6.8034525186359875
1789690650803013000,7.04901318359375,-4.548299263685942,-9.646062547680735,-6.889254486823082
1789690650813001200,7.059001220703125,-3.795761232984066,-9.596572832846642,-6.944830828094482
1789690650822989000,7.068989013671875,-3.6875989644289016,-7.146790739765763,-6.914754254260659
1789690650832976100,7.07897607421875,-4.242354661405086,-3.191892837792635,-6.197804838812351
1789690650842964000,7.0889638671875,-4.337139561992884,-0.4719710307836532,-4.951586049821972
1789690650852951000,7.098950927734375,-3.3916707292497157,1.0101631309717893,-3.4632629702985285
1789690650862939100,7.108939208984375,-1.7180067182920873,1.79805246104002,-2.245582878050208
1789690650872927000,7.118927001953125,0.18132234344258905,1.9813474197298286,-1.202352759256959
1789690650882915000,7.1289150390625,1.9776736996531485,1.5329098247468471,-0.008729542161524296
1789690650892902100,7.138902099609375,3.3120427735224363,0.5631032540827989,1.1143211323216557
1789690650902890000,7.148889892578125,3.925485345005989,-0.6508154398053884,1.6376628693804145
1789690650912878000,7.158878173828125,3.806566704636812,-2.3905524899989365,1.7544897981673477
1789690650922865200,7.168865234375,3.5526340291440484,-4.696573762398958,2.357845713791996
1789690650932853000,7.17885302734375,2.6270786881387234,-7.282409755045175,3.8619332025498148
1789690650942841000,7.188841064453125,-1.2108803491055964,-9.918861836206913,7.066569202059507
1789690650952828200,7.198828125,-1.749554679852724,-10.306399849069118,8.922973314303158
1789690650962816000,7.20881591796875,-0.7016437097668647,-7.212554128530621,7.364997437360882
1789690650972804000,7.21880419921875,-1.3836767101347445,-2.1936399248450993,4.875185239447653
1789690650982791000,7.228791015625,-1.1686731924951075,1.6696423542261123,3.273721518434584
1789690650992779000,7.238779052734375,0.4723123915672302,3.567902325424552,2.447227440162003
1789690651002767000,7.24876708984375,2.0304384906351567,4.143396859046817,2.068892432191968
1789690651012754000,7.25875390625,2.7141853091835975,4.35422864395976,2.225093632251024
1789690651022742000,7.268741943359375,3.2158056282997127,4.689401678812503,2.373469107120484
1789690651032730000,7.278730224609375,3.5201872190475463,5.094100669834018,2.1989038367226716
1789690651042717000,7.288717041015625,4.043530709671974,4.859724343204498,1.9864199006885288
1789690651052705000,7.298705078125,4.433784411233663,4.0413095264911645,2.172120166954398
1789690651062693000,7.308693115234375,4.7393525814175606,2.4227426949858666,2.5031580016985533
1789690651072680000,7.318679931640625,4.740617486786842,0.5357967294842004,2.5526038773909208
1789690651082668000,7.32866796875,4.875480130741,-1.0027864647239446,2.4363851436302064
1789690651092656000,7.33865625,4.773507948997617,-1.5275029972672463,2.084318110991269
1789690651102643000,7.348642822265625,4.278965605443716,-1.41089555644989,1.5095223732881247
1789690651112631000,7.358631103515625,3.956600614237785,-0.8948726179718971,1.1190800903517752
1789690651122619100,7.368619140625,3.320073812025785,-0.31219314128160475,0.5837303374500945
1789690651132606000,7.37860595703125,2.3672207142502066,0.2387520574957132,-0.16274806441925466
1789690651142594000,7.388593994140625,1.5762497847795485,0.7201222002655268,-0.9887800050728023
1789690651152582100,7.39858203125,0.8964256926327944,0.987694109532237,-1.8496179592348634
1789690651162569000,7.40856884765625,0.5442237815678119,1.1069845058232546,-2.3840068677477535
1789690651172557000,7.41855712890625,0.32776670411899683,0.9691665191948413,-2.8172803574770686
1789690651182545000,7.428544921875,-0.09784618785455822,0.6276777253240347,-3.2464372056677937
1789690651192532000,7.438531982421875,-3.1119068624079227,0.13642624000906944,-3.8158892442554233
1789690651202520000,7.44852001953125,-8.486781452909112,-0.2444739422738552,-4.1283951047480105
1789690651212508000,7.4585078125,-7.451842777121066,-0.503363363391161,-2.719731252872944
1789690651222495000,7.468494873046875,-4.984485864382982,-0.5654512785136699,-1.6623650566995143
1789690651232483000,7.478483154296875,-3.026652591231465,-0.41198622542023655,-1.6783723347790538
1789690651242471000,7.488470947265625,-1.4255030507341027,0.0819692581564188,-1.8524363776564596
1789690651252458000,7.4984580078125,-0.39562136607468124,0.5934551377266645,-2.0427705873332918
1789690651262446000,7.508446044921875,0.16151318886205554,1.0651970359295606,-2.1073253309607503
1789690651272434000,7.518433837890625,0.3449807276397943,1.8303379430949687,-1.954263305710256
1789690651282421000,7.5284208984375,0.06143719612881541,1.9577181223392486,-1.940395231616497
1789690651292408800,7.538408935546875,-0.20416589728295803,1.349028006079793,-1.6656673131152986
1789690651302397000,7.54839697265625,-0.3620291853353381,0.5196890597701073,-1.3815747694194316
1789690651312384300,7.55838427734375,-0.8422934126898646,-0.16261574327647685,-1.1383692396461964
1789690651322371800,7.568371826171875,-1.5892469212576745,-0.8328490002572536,-1.0038105470746754
1789690651332360000,7.57835986328125,-2.3343802286610007,-1.4683125571519136,-1.4535295601703226
1789690651342348000,7.58834814453125,-3.3929888261109586,-1.8586814095258712,-2.436382221020758
1789690651352335000,7.598335205078125,-4.581276527397335,-1.973935682168603,-3.467247656020522
1789690651362323000,7.608322998046875,-5.083570507991314,-1.57326287792325,-4.3823301183283325
1789690651372311000,7.61831103515625,-5.062361715745926,-0.8977034574836492,-5.0286429860174655
1789690651382298000,7.628298095703125,-4.548598831154406,-0.8189151674509048,-5.575271490639448
1789690651392286000,7.638285888671875,-3.5730931720659136,-1.2567302461326122,-5.959284251984953
1789690651402274000,7.648274169921875,-2.194310079191625,-1.832847880089283,-6.067700787562131
1789690651412261000,7.65826123046875,-0.9459908107906579,-2.2591876250326632,-5.997845161047578
1789690651422249000,7.6682490234375,-0.5796364557325839,-2.3683353974938393,-5.768251392519474
1789690651432237000,7.678237060546875,-1.0593079778909682,-2.436333997964859,-5.462701927036047
1789690651442224000,7.68822412109375,-1.9407897838920354,-2.5932465611636637,-5.509243897980451
1789690651452212000,7.6982119140625,-2.9495269737139345,-2.863603132712841,-5.6586523691594595
1789690651462200000,7.708199951171875,-4.066843196198344,-2.972207884338498,-5.821545175811648
1789690651472187100,7.718187255859375,-5.0195940026432275,-2.5376380711883306,-6.119962889719009
1789690651482175200,7.72817529296875,-5.6407186530619855,-1.6695084987133741,-6.146297938936948
1789690651492162800,7.738162841796875,-6.44919016790986,-1.2372270887613295,-6.074311730134487
1789690651502150100,7.748150146484375,-6.677072456344962,-2.0502917766183613,-6.401922220778465
1789690651512138200,7.75813818359375,-5.073920636114478,-3.894053849431872,-6.835981746318936
1789690651522126000,7.7681259765625,-2.58723007735312,-6.388685138064623,-7.126925178822875
1789690651532113200,7.778113037109375,1.3964385765522718,-8.063378345939517,-6.0027609901398415
1789690651542101200,7.788101318359375,5.008543031796813,-8.236112747648358,-4.297251788240671
1789690651552089000,7.798089111328125,6.995322997969389,-6.467633002573251,-2.121468130342662
1789690651562076200,7.808076171875,8.319707561179994,-5.051635739070177,0.10105877495920285
1789690651572064300,7.818064208984375,8.39325385890603,-4.926480250138044,1.838079058741033
1789690651582052000,7.828052001953125,7.868746000677347,-4.734847086691856,3.6006744219526645
1789690651592039200,7.8380390625,6.972445980250835,-4.517636998918652,5.009078453847765
1789690651602027000,7.848027099609375,4.1577743439674375,-3.8755782815426585,6.9012617354810235
1789690651612015000,7.85801513671875,-1.5126608174443243,-3.541099658694863,8.030348182997107
1789690651622002200,7.868002197265625,-4.279952278393507,-3.6894407929033037,6.646287441980839
1789690651631990000,7.877989990234375,-3.700074999642372,-3.861694133096933,4.719228661799431
1789690651641978000,7.88797802734375,-1.4332406592488287,-3.4790129126161333,3.3539866030216214
1789690651651965200,7.897965087890625,1.5320667980514466,-3.2266777354478835,2.193906028435379
1789690651661953000,7.907953125,4.358952749872207,-2.742961321812868,1.9601094013899563
1789690651671941000,7.917941162109375,5.9335401543974875,-1.6927011582523583,2.062979993277788
1789690651681928200,7.92792822265625,5.749335095125437,-0.5369622661322355,2.1686074826583264
1789690651691916000,7.937916015625,5.347247163385153,0.8049965322136878,2.5071488249003884
1789690651701904100,7.947904052734375,4.928766899770498,2.165762322360277,3.1312820094853637
1789690651711891000,7.957890869140625,5.262988332986831,3.140472447156906,3.6725855196923014
1789690651721879000,7.967879150390625,5.648132144188881,3.683321433240175,3.6943431779921054
1789690651731867100,7.9778671875,5.143203431177139,4.05297482984364,3.044579293066263
1789690651741854000,7.98785400390625,3.5790614328205583,4.257354077616334,2.3095788187511266
1789690651751842000,7.997842041015625,2.748848918546736,4.542194517070055,1.7945586275748908
1789690651761827800,8.007827880859375,2.8596891741394996,4.440191940188408,2.02651035740599
1789690651771816000,8.01781591796875,3.2990529435679314,4.21222781868875,2.9076480261445043
1789690651781803500,8.027803466796875,4.198026859378815,4.221007921993732,4.266688015411794
1789690651791790600,8.03779052734375,4.883688279376924,4.590437446713447,5.31912873788178
1789690651801778400,8.0477783203125,5.019677589273453,5.140465530645847,5.951405481433868
1789690651811766500,8.0577666015625,4.736545122781395,5.4609886933773755,6.238412743532657
1789690651821753600,8.067753662109375,4.107789831353724,6.007980186092853,6.7297823022693395
1789690651831741700,8.07774169921875,3.6388501310899852,6.607535394260287,7.03474666134119
1789690651841729500,8.0877294921875,3.182714675080776,7.099469601142406,7.002558794441819
1789690651851716600,8.097716552734376,2.585215522660315,7.324236387905478,6.624567193081974
1789690651861704700,8.10770458984375,1.6267444388724863,7.011074109330773,5.907876136308908
1789690651871692500,8.117692626953126,0.21236001739352942,6.243338509497046,4.578749347007275
1789690651881679600,8.1276796875,-1.5508464634537695,5.301302573812007,2.975870790760219
1789690651891667700,8.137667724609376,-3.918495339988172,3.6332840213954447,1.831889264190197
1789690651901655600,8.147655517578125,-6.821134305799007,1.2431482955038546,0.7752863074742257
1789690651911642600,8.157642578125,-7.566475702995062,-1.8277052565038203,-1.4981252193525432
1789690651921630700,8.167630615234375,-7.431846283274888,-4.992091663211584,-4.186837941366434
1789690651931618600,8.17761865234375,-6.936337725037336,-7.6346502445548765,-5.730274420824647
1789690651941606400,8.1876064453125,-5.608529617118835,-9.84573814780712,-5.87396568340063
1789690651951594500,8.197594482421875,-4.068185842978954,-11.081544848376511,-5.44152703706026
1789690651961582600,8.20758251953125,-3.238771493345499,-10.393506470113993,-5.1586839089035985
1789690651971569700,8.217569580078125,-3.3005870212674138,-7.513426834374666,-5.141310164776444
1789690651981557500,8.2275576171875,-3.561373800438642,-4.133098752394318,-4.780538286025822
1789690651991545300,8.23754541015625,-3.5078479619562626,-2.0794863069206473,-3.6428970683932302
1789690652001532700,8.24753271484375,-2.458144847756624,-1.028963108509779,-2.565587862126529
1789690652011520500,8.2575205078125,-0.9308230522751808,-0.688162881425023,-1.6381480225488543
1789690652021508400,8.26750830078125,0.288304754563421,-0.46894262287318705,-0.5911264025181532
1789690652031495700,8.27749560546875,1.5971885279119014,-0.5689291837573051,0.2655442028313875
1789690652041483500,8.2874833984375,3.2426118021607397,-1.5077636930525302,1.0504933147292583
1789690652051471400,8.297471435546875,4.715568385726213,-3.1052403902560473,2.022516611594707
1789690652061458700,8.307458740234376,4.3965071122407915,-5.810856024014949,3.1413255568549037
1789690652071446800,8.31744677734375,0.6748969379428774,-10.009280358278751,5.058512639102339
1789690652081434400,8.327434326171876,-2.8841783032298087,-12.159329563200473,7.195852584576606
1789690652091421700,8.337421630859374,-1.1420366030473261,-7.639646153146028,5.848020510283112
1789690652101409500,8.347409423828125,0.8905787201702594,-0.8366893090724945,3.6143268074691295
1789690652111397600,8.357397705078125,3.244721926182508,2.7707728733241557,2.52454594990313
1789690652121384700,8.367384765625,5.084861132323741,5.019768774688243,2.3125530122563243
1789690652131372500,8.37737255859375,4.519703283798695,6.513385868966579,2.478246263282001
1789690652141360600,8.387360595703125,3.4677263794481754,7.096862633514404,2.633457283259928
1789690652151347700,8.39734765625,3.149288206297159,7.3806439193040125,2.8199919545233247
1789690652161335600,8.40733544921875,3.130846540677547,7.129120058518648,2.8251047674924132
1789690652171323600,8.41732373046875,3.6149008079648017,5.904432133334875,2.7463135548502207
1789690652181310700,8.427310791015625,3.946249900615215,4.4379175655156375,2.531821786125004
1789690652191298600,8.437298583984376,4.3966345380127425,2.396162146574259,2.6720933033853767
1789690652201286700,8.44728662109375,4.843880292862654,0.5243418540120125,3.1157743514910337
1789690652211273500,8.4572734375,5.184470676589012,-1.2089327221691608,3.4370667450293895
1789690652221261600,8.467261474609375,5.3079649543106555,-2.4055963298738003,3.2636151349619027
1789690652231249700,8.477249755859376,4.512365195995569,-2.510027595207095,2.513688455802202
1789690652241236500,8.487236572265624,3.6085622525930403,-1.6978431973159311,1.9547081268683075
1789690652251224600,8.497224609375,3.191998636254668,-0.5344441458314657,1.5975702207058666
1789690652261212700,8.507212646484374,2.593643451526761,0.40759938863813877,1.2338931220330298
1789690652271199500,8.517199462890625,1.7630524593293666,0.6813999631613492,0.6221345581136644
1789690652281187600,8.5271875,1.2076391752272844,0.7913385937392711,-0.20112821008749304
1789690652291175700,8.53717578125,0.7677671640157699,0.6614011312276125,-0.8582626968465745
1789690652301162500,8.54716259765625,0.32704993415176864,0.29195348632931706,-2.003174636134505
1789690652311150600,8.557150634765625,-3.991850791317224,-0.18752105195224283,-3.6037118899524208
1789690652321138700,8.567138671875,-13.299400930589437,-0.7434539760142564,-6.781867294293642
1789690652331125500,8.57712548828125,-10.418286691105365,-1.7615303643286226,-6.722047324103117
1789690652341113600,8.587113525390626,-6.68065732909441,-0.9157862266629934,-5.686610635665059
1789690652351101700,8.597101806640625,-3.16974530339241,-0.30665012020170684,-4.677515718446672
1789690652361088500,8.607088623046875,-0.4260802172243595,0.14243863216638564,-3.7985818433627485
1789690652371076600,8.61707666015625,1.3277595926016568,0.9113204794257879,-3.3591397480010983
1789690652381064700,8.627064697265626,2.3900772737026212,1.3491466640233993,-2.888526561567187
1789690652391051500,8.637051513671874,2.706577172267437,1.91888599511981,-2.437592181332409
1789690652401039600,8.64703955078125,2.064050106727332,2.0087673415750262,-2.3188177717395124
1789690652411027500,8.65702734375,1.6695751342087983,1.7710101403355598,-2.1762097743555904
1789690652421014500,8.6670146484375,1.2499649897813796,1.1811708550184965,-1.9305214878559112
1789690652431002600,8.677002685546874,1.0723227961562574,0.4705617485076189,-1.6197124944090842
1789690652440990500,8.686990478515625,1.0125981030337512,0.2413315525949001,-1.159888486080244
1789690652450977500,8.6969775390625,0.8123876653783023,-0.18422259492874143,-0.7615849682494997
1789690652460965600,8.706965576171875,-0.589712005675584,-0.8664578398704529,-0.5766627006188034
1789690652470953500,8.716953369140626,-6.453332090020179,-1.751952973166108,-0.9850462253719567
1789690652480940500,8.7269404296875,-9.371994846653937,-2.6339509119957683,-1.9926297151140868
1789690652490928600,8.7369287109375,-8.349888179910183,-2.6566905670702456,-2.707734817869961
1789690652500916500,8.74691650390625,-6.4998004112064836,-2.2258570178389547,-3.573586216279864
1789690652510903600,8.756903564453125,-4.661709954288602,-1.7098662280648946,-4.444118758243322
1789690652520891600,8.7668916015625,-2.9268323268249627,-1.7750427568525076,-5.385797551053762
1789690652530879500,8.77687939453125,-1.4797762004524468,-2.121681188571453,-6.232106921386718
1789690652540866600,8.786866455078124,-0.595479629291594,-2.3215619558811187,-6.808325093108415
1789690652550854400,8.7968544921875,-0.3129828303545713,-2.352188564813137,-7.0835232594698665
1789690652560842500,8.806842529296874,-0.7110048278301954,-2.3113106109797954,-6.893723741191625
1789690652570829600,8.81682958984375,-1.7901368656098842,-2.40927063447237,-6.64658262553513
1789690652580817400,8.8268173828125,-3.1641251254230736,-2.5915046859323976,-6.699616296586394
1789690652590805500,8.836805419921875,-4.359983846485615,-2.3189830453038214,-6.65516165331006
1789690652600792600,8.84679248046875,-5.674836611241102,-1.5290508112311363,-6.141655666089058
1789690652610780400,8.856780517578125,-8.0566744643867,-0.901963453015685,-5.666072874549031
1789690652620768500,8.8667685546875,-9.368211236461997,-1.077798158827424,-5.206788306859135
1789690652630755600,8.876755615234375,-7.832908963620662,-2.0100544587761164,-4.465427795992792
1789690652640743400,8.886743408203126,-4.226498336103559,-3.3938176781505343,-3.9007545161142945
1789690652650731500,8.8967314453125,0.8252296843599528,-5.136107335436344,-3.585369300793111
1789690652660718300,8.90671826171875,4.691529338490962,-7.030691248470545,-3.263136119273305
1789690652670706400,8.91670654296875,6.761725254496931,-7.641879026764631,-2.2893907478556037
1789690652680694500,8.926694580078125,8.617475871267914,-7.01501320234537,-0.9747428580224513
1789690652690681300,8.936681396484374,8.888434500363468,-6.760241153419018,0.8730756505750119
1789690652700669400,8.94666943359375,8.694365634202956,-7.373130474933982,2.9214707997918126
1789690652710657500,8.956657470703124,8.289445109385252,-8.30504015340209,4.717496138918399
1789690652720644400,8.966644287109375,5.461168141597509,-8.38648684898913,7.658134580516815
1789690652730632400,8.976632568359374,-1.8365175085127352,-6.857581583708524,10.46354154484868
1789690652740620500,8.98662060546875,-4.654628471595049,-5.484773473590612,8.573678230595588
1789690652750607600,8.996607666015626,-4.2951475094377995,-4.178984305256605,5.357399139565229
1789690652760595500,9.006595458984375,-1.982332485244423,-2.7942490259796378,2.5788170537948605
1789690652770582500,9.01658251953125,1.2951169676721095,-1.9511399129927158,0.2639862327996641
1789690652780571400,9.0265712890625,3.2713036436378955,-1.2233306653559206,-0.46228155754879113
1789690652790559200,9.036559326171876,4.472122032934427,-0.4072124351471662,-0.2858335421442985
1789690652800546300,9.04654638671875,4.832613048917055,0.000011690437793731688,0.7874415863007307
1789690652810534100,9.0565341796875,5.347766218823194,0.7517173619687557,2.242033515005559
1789690652820522200,9.066522216796875,5.483484018301963,1.8274486513942478,3.293625950083136
1789690652830509300,9.07650927734375,5.44630141185522,2.5070664073139426,3.60190454826951
1789690652840497200,9.0864970703125,5.032801274740696,3.340854149726033,3.8414725983232256
1789690652850485200,9.0964853515625,5.004173730671406,4.132377452382445,4.0675446224659675
1789690652860472300,9.106472412109374,3.888679170656204,4.384540195593238,4.293164518927037
1789690652870460200,9.116460205078125,3.415864967046678,4.582670904365182,4.374468883433938
1789690652880448300,9.1264482421875,3.533287523639202,4.839837154951692,4.565330477985739
1789690652890435600,9.136435546875,4.039488448543846,5.162321973145008,4.71227343583405
1789690652900423200,9.146423095703126,4.715333115665614,5.262090507364273,4.838948973940313
1789690652910411300,9.156411376953125,4.951931502258778,5.292559879907965,5.57327184125483
1789690652920398300,9.1663984375,4.949242701566219,5.399892711901664,6.349821446663141
1789690652930386400,9.176386474609375,4.84172223804593,5.367336596211791,6.856590234583616
1789690652940374300,9.186374267578126,4.485148980028927,5.452991264882684,7.118572945541143
1789690652950361300,9.196361328125,3.939222486196458,5.6687213432312005,7.103066748851537
1789690652960349400,9.206349365234376,3.3378862398311493,5.939152733582258,7.033718487337231
1789690652970337300,9.216337158203125,2.70808173161149,6.149214703166485,6.9657175487786525
1789690652980324400,9.226324462890625,2.068192467229068,5.946548104530573,6.76448770494759
1789690652990312400,9.2363125,1.3216766194261609,5.293402760472893,6.11156857086122
1789690653000300300,9.24630029296875,0.33983912696763874,4.368363552296161,4.7841351414740085
1789690653010287400,9.256287353515624,-0.7606570397496223,3.217515354827046,3.3089801710814237
1789690653020275500,9.266275390625,-2.9873616143286226,1.726135810342431,1.8816674405768512
1789690653030263300,9.27626318359375,-5.732945101338625,-0.3238590291559696,-0.3056211424801498
1789690653040250400,9.28625048828125,-7.407083597940206,-2.8669290622651573,-3.2741847520321605
1789690653050238500,9.296238525390624,-8.600279821795224,-5.338644754734635,-5.98881371333003
1789690653060226600,9.3062265625,-8.533046944999695,-7.483060922205448,-7.605727516931295
1789690653070213400,9.31621337890625,-6.9900985413193695,-9.18599179804921,-7.746016862109303
1789690653080201500,9.326201416015625,-5.257104535645246,-10.239137746179104,-7.308274848663807
1789690653090189600,9.336189453125,-4.6886990835011,-10.01814054108262,-7.011259402769803
1789690653100176400,9.34617626953125,-4.771465044993162,-7.500217808711528,-6.432993066346645
1789690653110164500,9.35616455078125,-4.4582899069368835,-3.993410295718908,-5.380314735728502
1789690653120152300,9.36615234375,-3.1151661564648148,-1.2693927438288926,-4.064391711392998
1789690653130139400,9.376139404296875,-1.4330300852380693,0.8277993156522512,-2.727097982248664
1789690653140127500,9.38612744140625,0.14162483156546948,2.2078327008485794,-1.3186667700856922
1789690653150115300,9.396115234375,1.5650538525044917,2.6062708779096604,-0.017024492298066615
1789690653160102400,9.406102294921874,3.0304782869994638,2.415716157349944,0.9894975056923925
1789690653170090500,9.416090576171875,4.410816208100319,1.402977038410306,1.826677959282696
1789690653180078300,9.426078369140624,4.537603682148457,-0.6402484530836343,2.025970989832282
1789690653190065400,9.4360654296875,4.052984766715765,-3.5742250987052917,2.2891686295375226
1789690653200053500,9.446053466796876,3.608514321798086,-6.653015288931131,3.6149218507528302
1789690653210041300,9.456041259765625,1.586273166143894,-9.755464587163925,6.211595463755726
1789690653220028400,9.4660283203125,-0.5646704303342849,-11.689841581404208,9.153199535515904
1789690653230016300,9.476016357421875,0.07658632300905883,-9.023771191570162,8.601610193616152
1789690653240004400,9.48600439453125,-0.13700959285497666,-2.467352236562967,5.677088189560175
1789690653249991400,9.495991455078125,-0.2864589440336451,1.8499615119755266,3.726768945300579
1789690653259979300,9.505979248046875,1.172195521402359,3.640890404745936,2.627535491995513
1789690653269967400,9.51596728515625,2.4154642284154892,4.47306778935194,2.619205178284645
1789690653279954400,9.525954345703125,3.2571874400019643,4.8270343720018865,3.1990304345875975
1789690653289942300,9.5359423828125,3.674384093546867,5.164011241406202,3.5044928063094614
1789690653299930400,9.545930419921875,3.7462323551833627,5.36711330884993,3.4882542036920783
1789690653309917400,9.55591748046875,3.7567385516285894,4.797793079948425,3.423910034075379
1789690653319905300,9.5659052734375,4.0362475669264795,3.646125967311859,3.6876051019087432
1789690653329892400,9.575892333984376,4.160243364429474,2.393912321820855,3.9294007648840545
1789690653339880200,9.585880126953125,4.179004179000854,0.6833019973903894,3.9385774662911888
1789690653349868300,9.595868408203126,4.329748282697796,-0.7761293341696262,3.757142163993418
1789690653359855400,9.60585546875,4.433083569487929,-1.4228928682357072,3.185754188907146
1789690653369843200,9.61584326171875,4.122250026121735,-1.2164847449839113,2.382339665187895
1789690653379831300,9.625831298828125,3.6267023049175737,-0.7894634475171566,1.6618971469268202
1789690653389818400,9.635818359375,3.2739614646703004,-0.07164192540943622,1.2266855287417768
1789690653399806200,9.64580615234375,3.078326079845428,0.5394856471300125,0.7027054937794804
1789690653409794300,9.655794189453125,2.359486905127764,0.6264303556114434,-0.2241315575994551
1789690653419781400,9.665781494140624,1.8459166204988955,0.26702771938741204,-1.188330152188614
1789690653429769200,9.675769287109375,1.4469710784375667,-0.11672843684852123,-2.210700511369854
1789690653439757300,9.68575732421875,1.1360545329630374,-0.2616489489585161,-2.9287685555845497
1789690653449744100,9.695744140625,0.9787678757548331,-0.42853520916104315,-3.5368609982118007
1789690653459732200,9.705732177734374,0.8212668451435864,-0.7192962708353996,-4.288751963181793
1789690653469720300,9.71572021484375,-2.285876309993863,-0.7240443421453238,-5.220537430748343
1789690653479707100,9.72570703125,-9.62119172579646,-0.3172919257253408,-6.490740321916341
1789690653489695200,9.7356953125,-10.336035108876228,0.20374504152238368,-4.94834662950933
1789690653499683300,9.745683349609376,-6.483671698704361,0.16729542552530766,-2.941791703286767
1789690653509670100,9.755670166015625,-3.939112596081197,0.2633867325365543,-2.396840776488185
1789690653519658200,9.765658203125,-1.322645610588789,0.12177812145352362,-2.3683310135796667
1789690653529646300,9.775646240234375,0.29044249724447724,0.02311024195253849,-2.482114629147947
1789690653539633200,9.785633056640625,0.7382792037248611,0.2563677936851978,-2.110400354491919
1789690653549621200,9.795621337890625,0.5011040401570499,0.7944897512465715,-1.6164209055177867
1789690653559609300,9.805609375,0.41412352970987554,1.0180588526576757,-1.4228658340983091
1789690653569596400,9.815596435546874,0.4365753077536821,1.0617799209624528,-1.3485697409182786
1789690653579584300,9.825584228515625,0.4454258459463715,1.2144278124541044,-1.3814948360510169
1789690653589572400,9.835572265625,0.2760527373641729,1.3990624953150748,-1.4838088169693946
1789690653599559400,9.845559326171875,-0.09673983404785394,1.1516776340305805,-1.5906446592263876
1789690653609547300,9.85554736328125,-0.792685332173109,0.29944004269242286,-1.8354948874667285
1789690653619535400,9.865535400390625,-2.1623108667321502,-0.7644178535878657,-2.431889293515682
1789690653629522400,9.8755224609375,-4.026841440677643,-1.550244990429282,-3.2318121757268905
1789690653639510300,9.88551025390625,-4.85251338891238,-1.881001962405443,-3.907738968174159
1789690653649498000,9.895498046875,-4.154924799755215,-1.728489679992199,-4.250538552382588
1789690653659485400,9.9054853515625,-2.793073844720423,-1.5491735618054865,-4.400992733222246
1789690653669473500,9.9154736328125,-1.6126716359868645,-1.7899194234669207,-4.468253082546592
1789690653679461000,9.925461181640625,-0.8163837492771446,-1.8832038563638924,-4.430374310529232
1789690653689448400,9.935448486328125,-0.3778960320308804,-1.798223725953698,-4.324216367533802
1789690653699436500,9.9454365234375,-0.4770424888290465,-1.909471685564518,-4.124395805978775
1789690653709424400,9.95542431640625,-1.0398448602691293,-2.043448194333911,-3.739751176470518
1789690653719411500,9.965411376953124,-1.6228791417464612,-2.2604536994457245,-3.372372739061713
1789690653729399600,9.975399658203125,-2.2651376194782555,-2.494616675585508,-3.2032179494053126
1789690653739386400,9.985386474609374,-3.188233146241307,-2.7738743464708326,-3.334940541768074
1789690653749374500,9.99537451171875,-4.320842507186532,-3.0224428645819423,-4.005581210505962
1789690653759362600,10.005362548828124,-5.748976198685169,-2.398072948631644,-4.393915342181921
1789690653769349400,10.015349365234375,-7.499759543550014,-1.3531471318364143,-4.598531029058993
1789690653779336400,10.02533642578125,-9.776072490906715,-0.5739969885408878,-5.2960915611654515
1789690653789324500,10.035324462890625,-9.29655119087398,-0.7836749272435903,-6.413026383116841
1789690653799311600,10.0453115234375,-5.652560482025146,-1.5275509280622004,-6.618621436420082
1789690653809299500,10.055299560546874,-1.7318676319926976,-1.9881454093068838,-5.308561751160025
1789690653819287600,10.06528759765625,1.776281943258643,-3.060955842849612,-4.24366136008948
1789690653829274600,10.075274658203124,4.282926325768232,-5.599416920858621,-5.04694962708056
1789690653839262500,10.085262451171875,6.237534207132458,-7.293203536260128,-4.589486429598927
1789690653849250600,10.09525048828125,7.643411643159389,-6.641431234121322,-2.593274033692479
1789690653859237400,10.1052373046875,7.613368387073278,-5.0452358088999985,-0.7832420887842774
1789690653869225500,10.1152255859375,7.484673033577203,-4.891390232056379,0.31282449798770245
1789690653879213600,10.125213623046875,7.439115397495031,-5.612834620836376,1.4518098967708646
1789690653889200400,10.135200439453126,7.06958533501029,-6.26496523489356,2.3961723757073283
1789690653899188500,10.1451884765625,5.539491736727952,-6.503125171715021,3.4255691994592548
1789690653909176600,10.155176513671876,-0.30959552600383755,-5.762058967620134,3.7584155449301004
1789690653919163400,10.165163330078125,-4.553496832329034,-4.721241170665621,3.12605784509629
1789690653929151500,10.1751513671875,-3.1315958977401253,-3.623286943516135,2.7202055923864243
1789690653939139600,10.1851396484375,-0.36368718167543407,-2.383449379995465,2.9160855996221304
1789690653949126400,10.19512646484375,2.521100485624373,-1.7439023531794546,2.9023265388607977
1789690653959114500,10.205114501953124,4.797418985939026,-1.2114099259376525,2.7889009429499505
1789690653969102600,10.2151025390625,6.002561668175459,-0.5202718280941248,2.72971605579257
1789690653979089400,10.22508935546875,5.404586422675847,0.02871346878707409,3.0387481026947496
1789690653989077500,10.235077392578125,4.374124600040912,0.8906868567198515,3.6414834022030234
1789690653999065600,10.245065673828124,3.9505367841541763,1.7697516647070646,4.274697426605225
1789690654009052400,10.255052490234375,3.5634944458544253,2.7667618841171264,5.064638428506255
1789690654019040500,10.26504052734375,3.3552433250844476,3.547041323703527,5.5591188127398485
1789690654029028600,10.275028564453125,3.250009511196613,4.064866343167424,5.442886634975672
1789690654039015400,10.285015380859376,2.9304665916740893,4.277772011744976,4.719799155163765
1789690654049003500,10.29500341796875,2.840786905270815,4.232270489764213,3.9527348787203427
1789690654058991400,10.304991455078126,3.2276901273608205,4.295619218602776,3.5292113602414723
1789690654068978400,10.314978515625,3.775764739137888,4.060685258090496,3.76021558008939
1789690654078966500,10.324966552734375,4.349022307488322,3.72042629827559,4.844460138577222
1789690654088953600,10.33495361328125,4.502563932949304,4.074910182797908,6.243116391178965
1789690654098941400,10.34494140625,4.3001369882881635,4.731999880567193,7.153764670431613
1789690654108929500,10.354929443359374,3.8919069005310534,5.305507039764523,7.697655274522304
1789690654118916600,10.36491650390625,3.38430546117872,5.834326331451535,7.905335317406058
1789690654128904700,10.37490478515625,2.7168036749884483,6.086938571995496,7.6178434866607185
1789690654138892500,10.384892578125,1.9190821022137998,5.9891965751677745,6.921341231435537
1789690654148879600,10.394879638671876,0.9220490864500402,5.624003080582618,5.997613690379262
1789690654158867700,10.40486767578125,-0.3469409217968583,5.089256736934185,4.593189960291982
1789690654168855600,10.41485546875,-1.7779216732896863,4.38300524111092,3.149068426066637
1789690654178842600,10.424842529296875,-3.752241240209341,3.1548768200844526,1.891047701732069
1789690654188830700,10.434830810546876,-5.277936895793676,1.0912830788224934,0.3238219120159745
1789690654198818600,10.444818603515625,-5.204207642716169,-1.6643483394712209,-1.9590614997722207
1789690654208805600,10.4548056640625,-5.068236160737276,-3.7613305555939673,-3.937141296008229
1789690654218793700,10.464793701171875,-5.00776620220542,-5.201143578970432,-5.287784920591116
1789690654228781600,10.474781494140625,-4.65146474686712,-6.049619771948456,-5.930955983123183
1789690654238768600,10.4847685546875,-3.761079211181402,-6.521061225900054,-6.184305890291929
1789690654248756700,10.4947568359375,-2.315636072963476,-6.38119215196073,-6.865290842911601
1789690654258744600,10.50474462890625,-1.2429646095000206,-5.494490565484762,-7.84719818573594
1789690654268731600,10.514731689453125,-1.2371920174479485,-4.127107403025031,-8.03556504086256
1789690654278719700,10.5247197265625,-2.022245977959782,-2.1116040311932562,-7.666848048326373
1789690654288707600,10.53470751953125,-2.361365412350744,-0.4420575385570526,-6.832784411582351
1789690654298694700,10.544694580078126,-1.716891450526565,0.8747872767984867,-5.510898094928264
1789690654308682500,10.5546826171875,-0.5114541692577302,1.482508255764842,-3.9398526007935404
1789690654318670600,10.564670654296876,0.4859761752605438,0.803923934546113,-2.4185703777372836
1789690654328657700,10.57465771484375,1.2526865236997604,-0.054038464179635044,-1.1121128086224197
1789690654338645500,10.5846455078125,1.9901392134726046,-0.8735235404729843,0.026412352237850427
1789690654348633600,10.594633544921875,2.3125240784227845,-1.749185262018442,0.8504033616483211
1789690654358620700,10.60462060546875,2.2654550148643553,-3.120338006144762,1.4928664220415055
1789690654368608500,10.6146083984375,2.0209096147894856,-4.634423887956142,2.7040876935392615
1789690654378596600,10.6245966796875,0.8960591974079608,-6.5406251735478635,4.814967502111196
1789690654388583700,10.634583740234374,-1.4573065944910049,-8.81131560484767,7.772997808015346
1789690654398571500,10.644571533203125,-1.5346213048398494,-10.06090416253209,9.345169383570552
1789690654408558600,10.65455859375,-0.5715115649333223,-7.935858465963602,7.6883046778529875
1789690654418546400,10.66454638671875,-1.4188554294131694,-2.595086051550507,5.277601964750886
1789690654428534500,10.674534423828124,-2.48545604853034,1.5994716704130172,3.8723336005330085
1789690654438521600,10.684521484375,-1.8014637307882309,3.642324821463227,4.1018627793923015
1789690654448509400,10.694509521484376,1.4815747743070125,4.482544642749429,5.711460414761304
1789690654458497500,10.70449755859375,3.4915772106349467,4.330362615203857,6.350488970661163
1789690654468484600,10.714484619140626,4.062708872872591,4.395723268386721,6.375209570419788
1789690654478472400,10.724472412109375,4.943201083314419,4.432769681233167,5.997883154970407
1789690654488460500,10.73446044921875,4.651318908655643,4.21998617773056,5.040273802578449
1789690654498447600,10.744447509765624,4.214350217670202,3.6904859180420635,4.033545029969513
1789690654508435500,10.754435546875,4.199178367501497,2.573635267242789,3.408555813077092
1789690654518423600,10.764423583984374,4.210387159258127,0.7021990055620669,2.951618685296178
1789690654528410400,10.774410400390625,4.430232856231927,-0.8956213905125856,2.601718036910891
1789690654538398500,10.7843984375,4.75061631823182,-1.6252829880177975,2.482805826282501
1789690654548386600,10.794386474609375,5.00384873650074,-1.7138164269953966,2.3027169701576233
1789690654558373400,10.804373291015626,5.044000129625201,-0.8750362831234931,1.7837329899169503
1789690654568361500,10.814361572265625,4.664657113656402,0.06755319479107856,0.8755725088920444
1789690654578349600,10.824349609375,4.054090097609162,0.777220636537671,0.13896766812019049
1789690654588336400,10.83433642578125,3.47088805834949,1.1652449716120958,-0.2850915646705776
1789690654598324500,10.844324462890626,2.751249842208624,1.267165130907297,-0.6884848799210042
1789690654608312600,10.8543125,2.501810386481881,1.3042553828954695,-1.0735631516061723
1789690654618299400,10.86429931640625,2.0523826114177703,1.0709662669807671,-1.5041300127252935
1789690654628287500,10.87428759765625,1.290435970249027,0.6503793864756823,-1.9383187176033854
1789690654638275600,10.884275634765626,1.1162480087310076,0.05172726462781429,-2.4928181017309425
1789690654648262400,10.894262451171874,0.7584210973910986,-0.2837666727423668,-3.0602275285750626
1789690654658250500,10.90425048828125,-1.181884994637221,-0.45834524101316926,-3.6721503431454297
1789690654668238600,10.914238525390624,-5.880306576859951,-0.8787509197324513,-4.753225916208327
1789690654678225400,10.924225341796875,-8.848418716317415,-0.902472571581602,-4.778200198467076
1789690654688213500,10.934213623046874,-7.868632018908857,-0.6870557969659566,-3.574625496199727
1789690654698200600,10.94420068359375,-5.971566810452938,-0.5711328312814236,-3.006145517514646
1789690654708188400,10.9541884765625,-3.9494361294358966,-0.44890988866984843,-3.1688270195037123
1789690654718176500,10.964176513671875,-1.874091306234151,-0.36778994081914423,-3.4550165354788303
1789690654728163600,10.97416357421875,-0.2768700450964272,-0.39151217719018455,-3.4927117676228283
1789690654738151400,10.9841513671875,0.3118463736705482,0.24555063159465787,-3.021018969258666
1789690654748139500,10.994139404296876,0.3331082112774253,0.8814771298259496,-2.627287946975231
1789690654758126600,11.004126708984375,0.11043021348714828,1.182501226839423,-2.6391891049101948
1789690654768114700,11.01411474609375,-0.23808190314918756,1.0756430266201495,-2.9231854947552085
1789690654778102500,11.0241025390625,-0.782368228559196,0.5664572406858206,-3.2792835364758965
1789690654788089300,11.03408935546875,-1.6468389862656592,-0.5157283394455909,-3.7772979400545355
1789690654798077400,11.044077392578124,-2.899360674792528,-1.4743348861813543,-4.219830110386014
1789690654808065500,11.0540654296875,-4.186610270090401,-2.0208838958263398,-4.5215065338283775
1789690654818052400,11.06405224609375,-4.68705716151297,-2.2278473148733378,-4.582392087423801
1789690654828040400,11.07404052734375,-4.204673165525496,-2.42730547285676,-4.45533281069696
1789690654838028500,11.084028564453124,-3.212924227644503,-2.5197137074410914,-4.227306729876995
1789690654848015400,11.094015380859375,-2.280316337779164,-2.407314239707589,-3.984590444925427
1789690654858003500,11.10400341796875,-1.7060681509561835,-2.3224925147294995,-3.8675814375698563
1789690654867991600,11.113991455078125,-1.5898516091525554,-2.3684774363130328,-3.8958290424108504
1789690654877978400,11.123978271484376,-1.788887450070679,-2.4408687187850475,-4.099177778092026
1789690654887966500,11.133966552734375,-2.238521853622794,-2.4387884053796527,-4.261357760299742
1789690654897954300,11.143954345703126,-3.0937305697262287,-2.5355314542979,-4.4665252358406775
1789690654907941400,11.15394140625,-4.085877274753153,-2.791850732666254,-5.176705887806415
1789690654917929500,11.163929443359375,-5.414252076643705,-2.7727672620117665,-5.79570989280939
1789690654927917300,11.173917236328125,-7.055159919294715,-2.2296435506403447,-6.0214218514680855
1789690654937904400,11.183904296875,-8.77030379550159,-1.6262854430586098,-6.076425945809484
1789690654947892500,11.193892578125,-7.71428024610877,-1.6760270868271587,-5.477471041622757
1789690654957880300,11.20388037109375,-4.679212877753376,-2.504154903781414,-4.721446630109846
1789690654967867400,11.213867431640624,-1.743364593040943,-3.7218233055919407,-4.0416596551030874
1789690654977855500,11.22385546875,2.192409506267309,-5.024994400382042,-3.0374893348053096
1789690654987842300,11.23384228515625,3.5603012027710674,-6.904356778886914,-2.945240090174973
1789690654997830400,11.243830322265625,4.016982894486189,-6.84768679715991,-1.3429915023945271
1789690655007818500,11.253818603515626,4.689251456686854,-4.953934074252843,0.7592351902529597
1789690655017805300,11.263805419921875,5.447652826464176,-4.338583915582299,1.644927891947329
1789690655027793400,11.27379345703125,6.076978318995237,-4.648296345964074,1.4076779095776377
1789690655037781200,11.28378125,6.476278081321716,-5.3957969670206305,2.429706104257703
1789690655047768300,11.293768310546875,6.17331921685338,-5.853183007612824,3.72590005351156
1789690655057756400,11.30375634765625,3.181021899688244,-5.601447549903392,5.17636043536961
1789690655067744300,11.313744140625,-3.0301871950984,-4.8113534032672645,6.1242164555102585
1789690655077731300,11.3237314453125,-4.173849864977598,-3.990587054991722,5.139995575046539
1789690655087719400,11.333719482421875,-1.6543967081688344,-3.1760791825890538,4.046457410773635
1789690655097707300,11.343707275390624,1.2591679946735501,-2.703581497582793,3.5401270142704244
1789690655107694300,11.3536943359375,3.68492565356642,-2.184592110514641,3.056082683855295
1789690655117682400,11.363682373046874,5.676591345953941,-1.4918278727740049,2.649571090453863
1789690655127670300,11.373670166015625,5.327458759331702,-0.5665203690499067,2.1605808280691505
1789690655137657300,11.3836572265625,3.9332852051019667,0.3931131826460361,2.008327342722565
1789690655147645200,11.393645263671875,3.4690780863180755,1.4058382730603218,2.4358975062437356
1789690655157633300,11.40363330078125,3.5304724662184714,2.827763173046708,3.274980870845914
1789690655167620400,11.413620361328125,3.47599853323102,3.6060792036056517,3.952936538772285
1789690655177608200,11.423608154296875,3.0448113482564687,4.058077121418714,4.2761780205518
1789690655187596300,11.43359619140625,2.755590501761436,4.542378641465306,4.406620217715203
1789690655197583400,11.443583251953125,2.867526443636417,4.869553663301468,4.481415930980444
1789690655207571200,11.4535712890625,3.131658733843267,4.966145321050286,4.359483495748043
1789690655217559300,11.463559326171875,3.736157535892725,4.928092361509799,4.480069777068495
1789690655227546400,11.47354638671875,4.172254120218754,4.9969601460307835,5.141347574177384
1789690655237534200,11.4835341796875,4.299447252458334,4.952485629010201,5.994455518609285
1789690655247522300,11.493522216796874,4.287470398938655,5.326987050166726,6.706974258133768
1789690655257509000,11.503509033203125,3.9409041556730866,5.7759372708469625,7.210630466991662
1789690655267497200,11.513497314453126,3.5385692634344097,6.253803204888105,7.603672337967157
1789690655277484500,11.523484619140625,2.9564360224500295,6.491643408235907,7.719496519452333
1789690655287472000,11.53347216796875,2.341339838540554,6.265951907843351,7.400494867199659
1789690655297460200,11.543460205078125,1.8791842454589902,5.7605544082760805,6.646264645627141
1789690655307447600,11.553447509765626,1.4618481834433972,5.244426255857944,5.757471639829873
1789690655317435400,11.563435302734375,0.5525299837507307,4.57004932320118,4.482427153849602
1789690655327423200,11.57342333984375,-0.8198037868537008,3.4779759707838296,2.8083552927434443
1789690655337410600,11.58341064453125,-3.1328000128328797,1.7756103276073931,1.3836428078651428
1789690655347398400,11.5933984375,-6.313135683822631,-0.7648246808230876,-0.17707973743677138
1789690655357386200,11.60338623046875,-7.639967640185356,-3.5970623689353465,-2.919344309157133
1789690655367373300,11.613373291015625,-8.643839562058448,-5.800688265743851,-6.519472495403885
1789690655377361400,11.623361328125,-8.470636373794079,-7.5840926082283255,-9.194510620069503
1789690655387349200,11.633349365234375,-6.162171215373277,-8.963000788787006,-10.194636925673484
1789690655397336300,11.64333642578125,-3.4249987060949203,-9.414127184462547,-9.570680266699194
1789690655407324400,11.653324462890625,-2.0449065764486787,-7.735849688360094,-8.022517343240976
1789690655417312300,11.663312255859376,-2.390893412391096,-4.535139337861538,-6.4028112785726785
1789690655427299300,11.67329931640625,-3.0756700123786924,-2.0553110660851,-4.979351424103975
1789690655437287400,11.683287353515626,-2.694334945809841,-1.2749252435147762,-3.6126574129521845
1789690655447275500,11.693275634765625,-1.4113012146413326,-1.5111498283594846,-2.1464678393036127
1789690655457262300,11.703262451171875,-0.49697687722444533,-1.5631617551475763,-0.7737241727240383
1789690655467250400,11.71325048828125,0.07450674025602638,-1.218204992905259,0.42135362709388136
1789690655477238500,11.723238525390625,1.2580008505903184,-1.2720844671308993,1.301282942955941
1789690655487225300,11.733225341796874,2.6807904045820234,-2.33066003909409,1.8976596672177313
1789690655497213400,11.74321337890625,3.0994857722520828,-4.647500227150321,2.755166138869524
1789690655507201500,11.753201416015624,1.536386560946703,-7.70976773712039,4.367277218364179
1789690655517188400,11.763188232421875,-2.460880410200357,-11.082523338019847,6.416182801321148
1789690655527176400,11.773176513671874,-3.1738942397654055,-10.868366208076477,6.893105901554226
1789690655537164500,11.78316455078125,-1.9336416657030582,-4.7736079022407525,4.255248045247793
1789690655547151400,11.7931513671875,0.42384741667099296,1.4708166489273309,2.99808086900264
1789690655557139500,11.803139404296875,4.053626571750641,4.054673450455069,3.1060660274252294
1789690655567127300,11.813127197265626,6.313216347843408,5.801242977017164,3.8915187779963016
1789690655577114400,11.8231142578125,5.458632485640049,7.096223751088976,4.389287097859382
1789690655587102500,11.8331025390625,4.347479754221439,7.496651056140661,4.566726900780201
1789690655597090300,11.84309033203125,3.8430829561293125,7.1237839581876985,4.409216663949191
1789690655607077400,11.853077392578125,3.195446730881929,6.166933899730443,4.083517852145433
1789690655617065500,11.8630654296875,2.879151414978504,4.4628181980162855,3.9174382321506735
1789690655627052300,11.87305224609375,3.1203274847507476,1.9445044205009936,3.7372514686092733
1789690655637040400,11.883040283203124,3.5660733564317226,-0.6392874990969896,3.7353053029775616
1789690655647028500,11.893028564453125,4.374693924361467,-2.9660639747560023,4.190430412900447
1789690655657015300,11.903015380859374,5.20360909230113,-4.528207492771744,4.4915772595107555
1789690655667003400,11.91300341796875,5.463552990907431,-4.657733451873064,4.422617120531201
1789690655676991200,11.9229912109375,5.114415728110075,-3.3041315620064733,3.817993523058295
1789690655686978300,11.932978271484375,4.779411035561561,-1.457929110303521,3.0710546275377273
1789690655696966400,11.94296630859375,3.9986990497767922,0.35855098783075806,2.4611034053012726
1789690655706954200,11.952954345703125,2.789009956282377,1.4940163227289913,1.6220231094390154
1789690655716941300,11.96294140625,1.8819646699577568,2.038103910696506,0.7269435707181692
1789690655726929400,11.972929443359375,1.1578683053642511,1.9540712902694939,-0.1727417447650805
1789690655736917200,11.982917236328126,0.4625263260900974,1.8376064727932213,-0.8736369377195835
1789690655746904300,11.992904296875,-0.7198276742983609,1.3455360723108052,-1.7257786674678324
1789690655756892400,12.002892333984375,-2.0124433997392654,0.23456512719988823,-2.91921016138345
1789690655766880300,12.01288037109375,-3.597385609540343,-0.42555531656742096,-3.7265927119508384
1789690655776867300,12.022867431640625,-4.1710307159036395,-0.5492728816509247,-3.637203240665793
1789690655786855700,12.032855712890624,-3.338095790928602,-0.5455564914762974,-3.051198711206019
1789690655796843800,12.04284375,-2.3512189891286193,-0.23161504522264004,-2.653636440196633
1789690655806830800,12.052830810546874,-1.9246314069040118,0.1644482194006443,-2.445647769755125
1789690655816818700,12.062818603515625,-1.7187544679194688,0.4482359349310398,-2.2409075797155498
1789690655826806800,12.072806884765624,-1.2389631187736987,0.8431786710917949,-1.897589524590969
1789690655836793900,12.0827939453125,-1.1745792016685008,1.1158084482699633,-1.7067328984752297
1789690655846781700,12.09278173828125,-1.4431876143760978,1.3449766848623752,-1.4301371402755378
1789690655856769800,12.102769775390625,-1.4711732072800396,1.4030974499195814,-1.1699570948258042
1789690655866756900,12.1127568359375,-0.850860457766056,1.0799304946810007,-1.1824913630325347
1789690655876744700,12.12274462890625,-0.051344110529124735,0.7467571092128753,-1.4736758377507329
1789690655886732800,12.13273291015625,0.49906303584873674,0.4733312132209539,-1.9225017013989387
1789690655896719600,12.1427197265625,0.6212020995691419,0.0919990692615509,-2.3382339814797044
1789690655906707700,12.152707763671875,0.05988865151256322,-0.48731180777847766,-2.9836633443325757
1789690655916695800,12.16269580078125,-0.8777205537714063,-0.793623489806056,-4.040407024693489
1789690655926682600,12.1726826171875,-1.7666918387450277,-1.0261194095164536,-5.082466346141696
1789690655936670700,12.182670654296874,-2.2014750023849308,-1.3139531855672597,-5.93840279199779
1789690655946657800,12.19265771484375,-2.4648756173163653,-1.6779940029859541,-6.373107629704475
1789690655956645600,12.202645751953124,-2.9843975038260218,-2.057179782566428,-6.042189914208651
1789690655966633700,12.2126337890625,-3.778291919527948,-2.271396533742547,-5.077160056427121
1789690655976620800,12.222620849609376,-4.2034202428549525,-2.4275690922290085,-4.213797552223503
1789690655986608600,12.232608642578125,-3.703777361291647,-2.6062901671320198,-3.6229932212665674
1789690655996596700,12.2425966796875,-2.6994144410312173,-2.787313089236617,-3.2642478799074888
1789690656006583800,12.252583740234375,-1.8911312883622944,-2.9921406652987,-3.0597540658444164
1789690656016571600,12.262571533203126,-1.227308336815238,-3.041575435075164,-2.9864123507797715
1789690656026559700,12.272559814453125,-0.7880000969663262,-2.858712438061833,-3.229278273335099
1789690656036546800,12.282546875,-0.6774626237124204,-2.585427996367216,-3.8727889430850744
1789690656046534700,12.29253466796875,-0.8515561849452554,-2.402267477712035,-4.728693824759126
1789690656056522800,12.302522705078125,-1.7053189400240778,-2.4733377407133577,-5.7099611161142585
1789690656066509800,12.312509765625,-2.8927929868400097,-2.3590391613602635,-6.3297448733180754
1789690656076498000,12.322497802734375,-4.261768971449136,-1.6016314787954091,-6.74807549932897
1789690656086485800,12.33248583984375,-6.324293622174858,-0.5131546895653009,-7.07721276114881
1789690656096472800,12.342472900390625,-8.19692640016377,0.10837386547923088,-7.122542433694004
1789690656106461000,12.3524609375,-6.8428791046172375,-0.14182429966032503,-6.248720202535391
1789690656116448800,12.36244873046875,-4.36221145940721,-0.6894365546226501,-5.450464376753568
1789690656126435800,12.372435791015626,-3.5112235758692023,-1.7005898656755685,-4.944284786897898
1789690656136424000,12.382423828125,-1.1368816314369439,-3.1145377954334017,-3.6271491719022393
1789690656146411800,12.392411865234376,2.112255188578367,-4.934214059260487,-2.3266575254544613
1789690656156398800,12.40239892578125,4.475387172210216,-5.748934113109112,-0.36288572909943756
1789690656166387000,12.412386962890626,6.047740534073114,-5.607672123506665,1.3180106442645192
1789690656176375000,12.422375,6.66985770266056,-5.404105945682526,1.6146106412254273
1789690656186361900,12.43236181640625,6.946398515802621,-5.936707678517699,1.8277816827408968
1789690656196350000,12.442349853515625,6.965486662632227,-6.571906446996331,2.8879198278456926
1789690656206337800,12.452337890625,6.725657331293821,-6.856580882233381,3.9309564698934554
1789690656216324900,12.462324951171874,3.6332618095636366,-6.283463599136471,6.018570553690195
1789690656226313000,12.47231298828125,-2.2150258272230623,-4.75115817002356,6.850842630842328
1789690656236300800,12.48230078125,-3.5888428221225737,-3.773682672166824,5.269992658790946
1789690656246288000,12.492287841796875,-2.083585705063492,-3.051996291324496,3.9064799080237744
1789690656256276000,12.50227587890625,0.39632337686419483,-2.0949118395894764,3.4250942754238842
1789690656266263800,12.512263916015625,3.322912250322103,-1.277515844529867,3.2628532106786965
1789690656276251000,12.5222509765625,4.7645244320750235,-0.44190205573439595,2.9739661261826753
1789690656286239000,12.532239013671875,5.001083947962522,0.24307167426049708,2.4876784007549286
1789690656296226800,12.542226806640626,3.8006373145878314,0.7366524793058633,2.309289626546204
1789690656306214000,12.5522138671875,2.5613386802494524,1.733923980000615,2.7032155868798493
1789690656316201700,12.56220166015625,3.0126679050207135,2.729745866408944,3.281781783032417
1789690656326188800,12.572188720703124,3.318547040849924,3.451369118887186,4.006896969279647
1789690656336177000,12.582177001953125,3.1829040601730343,3.8807022004276512,4.407382434259355
1789690656346164700,12.592164794921874,2.895783400827646,4.053259492003917,4.451242911034822
1789690656356151800,12.60215185546875,2.684893748247623,4.029805551180243,4.38740844450593
1789690656366140000,12.612139892578124,2.709937004089355,4.051121310931444,4.446271260102093
1789690656376127700,12.622127685546875,3.2554934955656525,4.106933214524388,4.7261447247982025
1789690656386114800,12.63211474609375,3.6627962393447753,4.267666212794184,5.388447773301601
1789690656396103000,12.64210302734375,3.8496880534827707,4.523357714653015,6.234514567050337
1789690656406090800,12.6520908203125,3.8804666381061077,5.036762579587101,6.905044761151075
1789690656416077800,12.662077880859375,3.6028771926939487,5.457637629383802,7.289113052076101
1789690656426065700,12.672065673828126,3.0561691930949686,5.825398344108462,7.369522221308946
1789690656436053800,12.6820537109375,2.5741011311888693,6.011145956647396,7.1863383217781776
1789690656446040800,12.692040771484375,2.2321270380191502,5.919519227829575,6.77912880924046
1789690656456028700,12.702028564453125,1.7738941713392733,5.372424859261512,6.063473525255918
1789690656466016800,12.712016845703126,1.1413317427136003,4.628099945631623,5.134368382814526
1789690656476003800,12.72200390625,0.6652632134832441,3.8280952303558586,3.991259839686751
1789690656485991700,12.73199169921875,-0.11706804406642914,2.7845868791431188,2.527582833380997
1789690656495979800,12.741979736328124,-1.5721733291208744,1.2434101613104342,0.8013381558366119
1789690656505966800,12.751966796875,-4.164324496263266,-0.5366717587530613,-0.7837674278326332
1789690656515954700,12.76195458984375,-6.064941844242811,-2.523667998024821,-2.8200387162744995
1789690656525942800,12.77194287109375,-6.867638867342472,-4.371382023334503,-5.330378446170688
1789690656535929900,12.781929931640626,-6.93004593141675,-5.854120580723881,-7.79391726192534
1789690656545917700,12.791917724609375,-6.039198331177234,-7.098221646907925,-9.1931901851207
1789690656555905800,12.80190576171875,-4.3354923793077464,-7.989224729970097,-9.049505936807394
1789690656565892600,12.811892578125,-3.2016695509195325,-8.058584097400308,-8.113041079252957
1789690656575880700,12.821880615234376,-3.047586073666811,-6.874482449626922,-6.759431006079912
1789690656585868800,12.831868896484375,-3.543003446489572,-4.654744791451097,-5.3413797326564785
1789690656595855600,12.841855712890625,-3.676003219181299,-2.9027935718506575,-3.9898365288853643
1789690656605843700,12.85184375,-3.1275884156644342,-1.4581787011504173,-2.211537108324468
1789690656615831800,12.861831787109375,-2.074897225564718,-0.17100363239347935,-0.479602110183984
1789690656625818600,12.871818603515624,-0.6979717432558536,0.44628480086326594,0.607189940829575
1789690656635806700,12.881806640625,0.5160778835356236,0.6328858153611421,1.4588260591432451
1789690656645793800,12.891793701171874,1.4341805704474448,0.3871066357076168,2.2620371692448855
1789690656655781600,12.90178173828125,2.000386758981645,-0.2151502326339483,2.5949364139467477
1789690656665769700,12.911769775390624,2.1442390573382375,-1.525194720324874,2.7261908042758702
1789690656675756800,12.9217568359375,1.8699965842664241,-3.328385128775239,3.34746216968894
1789690656685744600,12.93174462890625,0.2323439440190792,-5.348921818599105,4.815555531132221
1789690656695732700,12.941732666015625,-1.99859607617259,-6.867165404611826,6.539582971018552
1789690656705719800,12.9517197265625,-1.0933107852578163,-6.547195199587941,6.029370764645933
1789690656715708000,12.9617080078125,-0.28354919406678525,-3.6901802130937575,4.159393177340925
1789690656725695700,12.97169580078125,-0.2195171226065606,0.11222703377604484,2.902934149365127
1789690656735682800,12.981682861328125,0.3587970715463161,2.5934827080070972,2.3580983733788132
1789690656745671000,12.9916708984375,1.550474707531929,3.528067743164301,2.6915216419547794
1789690656755658800,13.00165869140625,2.8466344622552393,3.7268589616715904,3.246576321877539
1789690656765645800,13.011645751953125,3.9676632755219936,3.4767379534214733,3.6937303067907687
1789690656775634000,13.021634033203124,4.6943689458310605,2.9935125381737944,4.195917904400825
1789690656785621800,13.031621826171875,4.992238962727785,2.6733190457880496,4.729275131778419
1789690656795609000,13.041609130859374,5.246546901273727,2.5167630409419535,4.9601212384551765
1789690656805597200,13.05159716796875,4.9729918259441845,2.167224211606383,4.681746195623278
1789690656815585000,13.0615849609375,4.366607648539543,1.4964356588304042,4.0772365799188615
1789690656825572000,13.071572021484375,3.7276550804853437,0.7686731729447841,3.1875664990261194
1789690656835560200,13.081560302734376,3.4770939272522923,0.37846798669993875,2.528578566420078
1789690656845548000,13.091548095703125,3.4840918233156204,0.2099918269574642,2.2317659496217965
1789690656855535000,13.10153515625,3.3723435129672286,-0.11462298900187015,1.763252219685167
1789690656865523000,13.11152294921875,3.255345611527562,-0.27788229087889194,1.0758315349295735
1789690656875511000,13.121510986328126,2.90812207339704,-0.23427111268937587,0.3902787629377097
1789690656885498000,13.131498046875,2.408224340289831,-0.08656944542825222,-0.4039901851650327
1789690656895486000,13.14148583984375,1.7831430611997843,-0.035066637206077576,-1.1724281611144542
1789690656905474000,13.15147412109375,1.2099847885053605,-0.019920506000518798,-1.783396743699908
1789690656915461000,13.161461181640625,0.7625526442378759,-0.09614625206887721,-2.442071080312133
1789690656925449000,13.171448974609374,0.23814824638366697,-0.15801146435141564,-3.0896444694563745
1789690656935437000,13.18143701171875,-1.1137274042122065,0.0977981109291315,-3.799612063193321
1789690656945424100,13.191424072265624,-3.6160558232188222,0.6037544134229421,-4.621092404957116
1789690656955412000,13.201411865234375,-4.428311532780528,0.9089899906516075,-4.211091800396144
1789690656965400000,13.211400146484374,-3.662056526893377,0.8733937766134738,-2.9189743068009615
1789690656975387000,13.221386962890625,-2.670839503931999,0.6522983718395233,-1.9883112673930823
1789690656985375000,13.231375,-1.8879896293357012,0.6893634893864393,-1.4450563308574258
1789690656995363000,13.241363037109375,-1.3060061720855534,0.7845552172094583,-1.188761017886549
1789690657005350000,13.251349853515626,-0.7833288902848958,0.765851685783267,-1.1375782353989778
1789690657015338000,13.261337890625,-0.44569326471090315,0.6479705717682838,-1.23002753264606
1789690657025325000,13.271324951171875,-0.5162327818363904,0.6220920341461896,-1.2859370513945818
1789690657035313000,13.28131298828125,-0.5178117215909064,0.6690911012083292,-1.4395632863990961
1789690657045301000,13.291301025390625,-0.24020576343536376,0.696292411866784,-1.7177575658366082
1789690657055288000,13.3012880859375,-0.06840893483757972,0.7786018617630004,-2.0734344595357777
1789690657065276000,13.31127587890625,-0.11153875925093888,0.8383370762795209,-2.332068736848235
1789690657075264000,13.321263916015624,-0.45650428932160136,0.5402098697513341,-2.456832303853333
1789690657085250800,13.331250732421875,-1.1013254571482538,-0.22649171085953712,-2.7499191781267522
1789690657095239000,13.341239013671874,-2.315807337877154,-1.3786352088361977,-3.2586256561115383
1789690657105227000,13.35122705078125,-4.0503392206430435,-2.5098288577646017,-3.9322237133502957
1789690657115213800,13.3612138671875,-5.101386735188961,-3.2170711181908844,-4.280374303197861
1789690657125202000,13.371201904296875,-5.265970563668012,-3.1950229525119065,-4.1212002248078585
1789690657135190000,13.38118994140625,-4.545291898563504,-2.484698508161306,-3.826258078056574
1789690657145176800,13.3911767578125,-3.182002435158193,-2.046774708408117,-3.844327987754345
1789690657155165000,13.4011650390625,-1.9147920038044453,-1.8162831142574547,-3.867292683756351
1789690657165153000,13.411153076171875,-1.1259668541908263,-1.736921408250928,-4.0301688315346835
1789690657175139800,13.421139892578125,-1.0607612454392015,-1.872812810730934,-4.277562752908468
1789690657185128000,13.4311279296875,-1.4130094798639417,-2.13213068639338,-4.4877588702663775
1789690657195116000,13.441115966796875,-1.8567109862357376,-2.534987264418602,-4.7241415682822465
1789690657205102800,13.451102783203124,-2.4436300001919267,-3.0138837105512617,-5.0923003424137825
1789690657215091000,13.461091064453125,-3.19273133444339,-3.3198703984081743,-5.630979933857917
1789690657225079000,13.4710791015625,-4.683611989495158,-3.1144284898400305,-6.144706870353222
1789690657235065900,13.48106591796875,-6.601895342546701,-2.3029046016842125,-6.221466284906864
1789690657245054000,13.491053955078126,-8.00608058770299,-1.1471095954626798,-5.569619163966179
1789690657255040800,13.501040771484375,-8.80614784682095,-0.5124170229405164,-4.895300391237438
1789690657265028900,13.51102880859375,-7.072729478254914,-0.9281693228960036,-4.593466731406748
1789690657275017000,13.521016845703125,-3.294372384536266,-1.608632881990075,-4.109556256504357
1789690657285003800,13.531003662109375,0.23543898742496966,-3.238241916513443,-3.8732971848681568
1789690657294992000,13.540991943359375,2.941698764306307,-5.49391656498909,-3.3083056328207254
1789690657304980000,13.55097998046875,4.89297370185554,-6.808548964992165,-1.5483666293367742
1789690657314967000,13.560967041015624,6.1452154043972484,-5.727963805794715,0.25222499479204413
1789690657324955000,13.570954833984375,6.4839119372010225,-4.919827221989632,0.830123374685645
1789690657334943000,13.58094287109375,6.6751803589880465,-5.37421992598474,1.4018693694293498
1789690657344930000,13.590929931640625,6.372217987388372,-6.033525546237826,2.704735636053979
1789690657354918000,13.60091796875,5.037058932185173,-6.718921885558962,4.02156788418889
1789690657364906000,13.610906005859375,0.24731705674529075,-7.20884416809678,5.565991036596894
1789690657374893000,13.62089306640625,-3.663750471329689,-6.140936704164743,5.546244718119501
1789690657384881000,13.630880859375,-3.544527879577875,-4.642823467510938,4.660885778424143
1789690657394868700,13.64086865234375,-1.0138263296544552,-3.233284001845121,3.9478959142565726
1789690657404856000,13.65085595703125,1.6793207215450703,-2.030029325312376,3.308867942878604
1789690657414844200,13.66084423828125,3.4443665466487405,-1.044479826593399,2.5608202093333006
1789690657424831700,13.670831787109375,4.741317744010686,-0.18530629851222039,2.1571841713681814
1789690657434819000,13.680819091796875,5.19032875496745,0.39335575923025606,2.1303525708049533
1789690657444807200,13.69080712890625,4.056986403572559,1.3056436223834753,2.3132509313926097
1789690657454795000,13.700794921875,3.011917378914356,2.411491233131289,2.735135742753744
1789690657464782000,13.710781982421874,3.3320378060638904,3.3860195716202255,3.5837495906367898
1789690657474770200,13.720770263671875,3.441508234608173,4.206100275719166,4.750974045628309
1789690657484758000,13.730758056640624,3.369649451577663,4.583455917263031,5.211023752471804
1789690657494745000,13.7407451171875,3.3941572853684425,4.549062649273872,5.14590567587316
1789690657504733200,13.750733154296874,3.0850624023631212,4.469303468382359,4.928284669211506
1789690657514720000,13.760719970703125,2.9188322679817675,4.703176521664858,4.713031560724973
1789690657524708000,13.7707080078125,3.2412633101612327,4.856476739585399,4.608277054786682
1789690657534696000,13.780696044921875,3.6867780034348367,4.990059865123033,5.016137724709511
1789690657544683000,13.79068310546875,4.125928714634478,4.9095700318694115,5.758585154029727
1789690657554671000,13.800671142578125,4.422039905165136,5.32821045448184,6.5367667445540425
1789690657564659000,13.810658935546876,4.263344842463732,5.879861755701899,7.166438274043798
1789690657574646000,13.82064599609375,3.5601948197871445,6.282118029746413,7.4551634459763765
1789690657584634000,13.830634033203125,2.8697429506421086,6.404224652501941,7.422800807031988
1789690657594622000,13.8406220703125,2.443362581427395,6.181696584576368,7.061218488681316
1789690657604609000,13.850609130859375,1.7448178605891762,5.487177027601003,6.300306597387791
1789690657614597000,13.86059716796875,0.5083737388990819,4.497221402877569,5.250463197934627
1789690657624585000,13.8705849609375,-0.853413649380207,3.162180421096086,3.5691038101688024
1789690657634572000,13.880572021484374,-2.18062086879611,1.4957283873438834,1.5941095588579772
1789690657644560000,13.890559814453125,-4.6437107717394825,-0.3526403024822473,-0.368903747279942
1789690657654548000,13.9005478515625,-7.573267847353219,-2.647324188309908,-2.8727514848083255
1789690657664535000,13.91053515625,-8.651589153271914,-5.069912569516897,-6.444511070182919
1789690657674523000,13.92052294921875,-9.36717838628292,-7.100460950267315,-9.669439916136861
1789690657684511000,13.930510986328125,-8.05412010372877,-8.759930870047212,-11.068571969556809
1789690657694498000,13.940498046875,-5.3682712467134,-9.571254851716755,-10.145126752573251
1789690657704486000,13.95048583984375,-3.5492683521032333,-9.187129277646541,-8.231202179253101
1789690657714474000,13.960473876953126,-3.2888135813653467,-6.603675796222686,-6.484174387529492
1789690657724461000,13.9704609375,-3.803088507132232,-3.5727573642402883,-4.779866670374572
1789690657734449000,13.980448974609375,-3.5810979070842266,-1.8772277045637369,-3.272871331346035
1789690657744436000,13.99043603515625,-2.235896619685739,-0.5447586190968752,-1.8610113137781619
1789690657754423800,14.000423828125,-0.7188472118936479,0.8468605744749307,-0.6811015647366643
1789690657764412000,14.010411865234374,0.4976642749667167,1.940260791581869,0.43933556624725456
1789690657774399000,14.02039892578125,1.7389760026931762,2.2044453964978454,1.2852576908282936
1789690657784387000,14.030386962890624,2.772064666700363,1.8267536548674106,1.65295001649186
1789690657794375200,14.040375244140625,3.5330268268764016,0.8865887737512588,1.8200506500974296
1789690657804362200,14.0503623046875,3.409258992910385,-0.8219277932703495,2.112202581608295
1789690657814350000,14.06035009765625,3.042940293687582,-3.3931782112032174,2.7266394248262045
1789690657824338200,14.070338134765626,2.1225193929612636,-6.388856402978301,4.129014990212023
1789690657834325200,14.0803251953125,-0.7598398781478405,-9.197318663227557,6.347106342485547
1789690657844313000,14.09031298828125,-1.3139502629578113,-9.235158272278309,6.391066480243206
1789690657854301200,14.10030126953125,-0.6854197201967239,-5.045525731757283,3.6239930459588763
1789690657864288300,14.110288330078125,0.26723405561447144,-0.44556700798273086,1.9230846158534287
1789690657874276000,14.120276123046875,2.3628420607745646,2.2061223897993565,2.267877273575216
1789690657884264200,14.13026416015625,3.3464743276953697,3.621250469252467,3.0548005350902674
1789690657894251000,14.1402509765625,3.2450165252149104,4.3265170456916096,3.152128982681036
1789690657904239000,14.150239013671875,3.4396786810934543,4.913828273835778,3.1993723798930644
1789690657914226200,14.16022607421875,3.6049183431327343,5.124843598622084,3.5438273300930856
1789690657924214000,14.170214111328125,3.638046705752611,4.568532488897443,3.7224104578301307
1789690657934202000,14.1802021484375,3.9901778896689413,3.349786228722334,3.7397780644774437
1789690657944189200,14.190189208984375,4.337230747407674,2.100035758474469,3.758063662752509
1789690657954177000,14.200177001953126,4.825248073107004,0.4704430905640125,3.5623242330312728
1789690657964165000,14.2101650390625,5.396173983639478,-0.9980442386329174,3.399538101623952
1789690657974152400,14.22015234375,6.088929453551769,-2.0312334404051304,3.2643431569755075
1789690657984140000,14.23014013671875,6.056854399377107,-2.289677455842495,2.7530577684134245
1789690657994128100,14.240128173828126,5.275563736921549,-1.5147604200720786,1.983450529488921
1789690658004115200,14.250115234375,4.408094674181938,-0.35312253304123875,1.3874924690306185
1789690658014103300,14.260103271484375,3.4371962166279553,0.7482189984589814,0.8464435181066393
1789690658024091100,14.270091064453124,2.7988936369150874,1.6874427993327379,0.404274810792692
1789690658034078200,14.280078125,2.031628577202558,2.068614199772477,-0.1494954736090265
1789690658044066300,14.29006640625,0.9831955560039728,2.0548592306643725,-0.6752358875736594
1789690658054054100,14.30005419921875,0.19294117730483412,1.4692244112998247,-1.083832032164186
1789690658064041200,14.310041259765624,-2.789062563252449,0.291472424814105,-1.3086698383368551
1789690658074029300,14.320029296875,-7.29661188339889,-0.40088206308186053,-1.458976427399367
1789690658084016400,14.330016357421876,-7.715794742324948,-0.7798422172129154,-1.8146840084977447
1789690658094004200,14.340004150390625,-6.813452519124746,-0.851684633630514,-2.031132171987742
1789690658103992300,14.349992431640626,-5.498670481517911,-0.6572451805919408,-2.5278198570072647
1789690658113979100,14.359979248046875,-3.9265246249258516,-0.15420330424010753,-3.1319077401682733
1789690658123967200,14.36996728515625,-2.2153461452186107,0.20453063894212245,-3.517656531526148
1789690658133955300,14.379955322265625,-0.3658528352767229,0.1918804162055254,-3.60216641407609
1789690658143942100,14.389942138671875,0.9547247368663548,0.14820727869570255,-3.3359237075865265
1789690658153930200,14.39993017578125,1.5968858917035162,0.24895488708019256,-2.9534841869071125
1789690658163918300,14.40991845703125,1.478489083251357,0.20443360830843446,-2.506021866697073
1789690658173905200,14.4199052734375,0.9783516961693763,-0.20475392630398273,-1.9748741320624947
1789690658183893200,14.429893310546875,0.07575096816346048,-0.823745071825385,-1.3863719405680894
1789690658193881300,14.43988134765625,-1.3071728777773677,-1.4539946934640406,-1.051216806698218
1789690658203868200,14.4498681640625,-2.8563416172772644,-1.9003174882501364,-1.6635583581373095
1789690658213856300,14.459856201171876,-4.018661349092424,-1.8647715430945158,-2.960695141199231
1789690658223844400,14.46984423828125,-4.598783250254392,-1.6706810496240854,-4.071593897856772
1789690658233831200,14.4798310546875,-4.875731475153565,-1.5768074186623096,-5.134526203724741
1789690658243819300,14.4898193359375,-5.219688120442629,-1.5515736086845398,-5.8955614291369915
1789690658253806000,14.49980615234375,-5.272703086793422,-1.5915730261176824,-6.432612542596459
1789690658263794200,14.509794189453125,-4.471830356511473,-1.8310463836252688,-6.63712739944756
1789690658273782300,14.5197822265625,-3.008594079710543,-2.02267370185256,-6.479898025384545
1789690658283769000,14.52976904296875,-1.4952905804485082,-2.077445156481862,-6.093736561572551
1789690658293757200,14.539757080078125,-0.6587608458518982,-2.1606401570409535,-5.6086015133112666
1789690658303745300,14.549745361328124,-0.4514082813568413,-2.2599328904420135,-5.083982011401653
1789690658313732000,14.559732177734375,-0.9075826080717145,-2.292961299818754,-4.275983374762535
1789690658323720200,14.56972021484375,-2.051900673119724,-2.4216677592307327,-3.5922055765539405
1789690658333708300,14.579708251953125,-3.534168982648849,-2.685084302383661,-3.64358738874495
1789690658343695000,14.589695068359376,-4.822239538940787,-2.6028105083227158,-4.0780069797694685
1789690658353683200,14.59968310546875,-5.613067260548472,-2.071502906951308,-4.548366483703256
1789690658363671300,14.60967138671875,-5.928865148323774,-1.5095985072642564,-5.033965642344952
1789690658373658000,14.619658203125,-5.80069060383141,-1.3296043436855076,-5.373367108547687
1789690658383646200,14.629646240234376,-4.834606268560886,-1.946831402143836,-5.336106760689616
1789690658393634300,14.63963427734375,-2.556788761860132,-3.0656957308530806,-4.738425529700518
1789690658403621000,14.64962109375,0.3037637511104345,-4.0887177588760855,-4.245400312711298
1789690658413609200,14.659609130859375,3.390034652480483,-5.701665581455827,-4.3235874219805
1789690658423596000,14.669595947265625,5.027950912100076,-6.659318772989511,-3.790447929006815
1789690658433584000,14.679584228515624,6.935122504028677,-6.764415808755159,-2.1716562027044595
1789690658443572200,14.689572265625,8.072402779394388,-6.0861295937001705,-0.28614160344647244
1789690658453559000,14.69955908203125,8.492727794092893,-5.955455049085617,1.4103756242290137
1789690658463547100,14.709547119140625,8.102343159627914,-6.181652745434642,2.8341330003395675
1789690658473535200,14.71953515625,6.765718123525381,-5.87398555714488,4.432724380786716
1789690658483522300,14.729522216796875,1.354540632021427,-4.493077142679691,6.179609841430187
1789690658493510100,14.73951025390625,-3.4648107842624185,-3.410015948757529,6.386804731145501
1789690658503498200,14.749498291015625,-3.8289761048436164,-2.573413733446598,4.786057049447297
1789690658513485300,14.7594853515625,-2.055954186294228,-1.7461089233130216,3.4873344584986565
1789690658523473200,14.76947314453125,0.745141636840254,-1.2131196524649859,2.5255264853730797
1789690658533461200,14.779461181640626,3.267446968209743,-0.9142869280159472,1.8582038551419973
1789690658543448300,14.7894482421875,4.739710308814049,-0.34287995596826076,1.5818039117753504
1789690658553436200,14.799436279296875,5.257552279412746,0.12419628851115704,1.4235481172740458
1789690658563423200,14.80942333984375,5.006682498621941,0.7354425189942121,1.9806670362502334
1789690658573411300,14.819411376953125,4.940981069177389,1.5007289721101522,2.7419495144218207
1789690658583399200,14.829399169921874,5.382832856029272,2.2078040592759844,3.3807495222628114
1789690658593386200,14.83938623046875,5.558673407059907,2.7421692946523426,3.7193797118321057
1789690658603374300,14.849374267578124,4.671343459552526,3.0510160481154918,3.5112852429285644
1789690658613362400,14.859362548828125,3.386803999996185,3.4901153213888403,3.163769736114144
1789690658623349200,14.869349365234376,2.5788977178156376,3.674531977584958,2.888151883035898
1789690658633337300,14.87933740234375,2.432425738479942,3.5478935566186904,2.971863016423583
1789690658643325400,14.889325439453126,2.6352690088570117,3.598187573572993,3.396536289459467
1789690658653312300,14.899312255859375,3.0254584130108353,3.8270506897389884,3.9955806254953146
1789690658663300400,14.90930029296875,3.362314870905876,4.2531729925394055,4.892239834623038
1789690658673288200,14.9192880859375,3.4877427470386024,4.6923225346952675,5.8869812323182815
1789690658683275300,14.929275146484375,3.5360970281019806,5.11960978962183,6.8198962884366505
1789690658693263400,14.939263427734375,3.252876298804581,5.603385824489593,7.529036491438746
1789690658703250200,14.949250244140625,2.6615005977004764,6.261950855508446,7.942074856260418
1789690658713238300,14.95923828125,2.2467791020974515,6.763491679647564,7.985804692393541
1789690658723226400,14.969226318359375,1.9341044609092175,6.9274459780514235,7.830771367070079
1789690658733213200,14.979213134765626,1.5382523548185825,6.669124712210893,7.431864987975358
1789690658743201300,14.989201171875,0.7834953328929841,6.083121059533953,6.997318555700779
1789690658753189400,14.999189453125,-0.5624152718186378,4.726172781848907,5.673083045572042
1789690658763176200,15.00917626953125,-2.511144616538286,3.185767632910609,3.4907413443326947
1789690658773164300,15.019164306640626,-5.654278976380825,1.236383039152622,1.6637079957410692
1789690658783152000,15.029152099609375,-8.082593334019183,-1.7238094132214783,-0.3906820099763572
1789690658793139500,15.039139404296876,-8.456063074040413,-4.605440954577922,-3.749211663255095
1789690658803127600,15.04912744140625,-8.449261577332019,-6.892335501703619,-6.8560998207181685
1789690658813115400,15.059115478515626,-7.212637715160846,-8.43811006872058,-8.807894982749223
1789690658823102500,15.0691025390625,-4.290792821359634,-9.222336784628034,-8.797390539869665
1789690658833090600,15.079090576171875,-1.9000293189585207,-8.913893351268769,-8.015104436635971
1789690658843078400,15.089078369140625,-0.9137703567959368,-7.398301741069555,-7.683807366433739
1789690658853065500,15.0990654296875,-0.9397183063924313,-4.760257422280311,-7.213949966803193
1789690658863053300,15.10905322265625,-1.2435351028643549,-1.9849030663847922,-6.238920693054795
1789690658873040400,15.119040283203125,-0.9500736961901187,0.09302022900283335,-4.80460071413666
1789690658883028500,15.129028564453124,-0.01321136375069618,0.7975327722042799,-2.8461043009012936
1789690658893016300,15.139016357421875,0.8592683667577803,0.056009471991658205,-0.8534552965648472
1789690658903003400,15.14900341796875,1.6371803465604782,-1.1393757863402365,0.6965016707032918
1789690658912991500,15.158991455078125,2.2704173134468495,-1.817778321251273,1.5919076648995278
1789690658922979300,15.168979248046876,2.5935493435025214,-2.5165076048761605,2.2256142951242626
1789690658932966400,15.17896630859375,2.399346621829271,-3.935127618098259,2.884068997636437
1789690658942954500,15.18895458984375,1.617112394913286,-5.9373763715595,4.067782522875071
1789690658952942300,15.1989423828125,-3.6910102341771123,-8.616462894833088,6.514193093696236
1789690658962929400,15.208929443359375,-5.839231054627895,-9.629351066854596,6.7747992556035515
1789690658972917200,15.218917236328124,-3.0584266166329384,-6.090076285499334,3.9147175750151275
1789690658982905300,15.2289052734375,1.1608897720772773,-1.0515998877316712,3.5152871720463037
1789690658992892400,15.238892333984374,4.523084158408642,2.4770617296725512,4.250484484107792
1789690659002880300,15.24888037109375,4.813136779552698,4.562611866676807,3.683880820688605
1789690659012867300,15.258867431640626,4.581781846570968,5.950076278656721,3.376234967447817
1789690659022855400,15.26885546875,4.553508522766828,6.376117332914471,3.8315526773333546
1789690659032843300,15.27884326171875,4.755640868395567,5.194137499600648,4.300357937562465
1789690659042830600,15.28883056640625,4.84435258654952,3.6265737101018427,4.6604754440575835
1789690659052818400,15.298818359375,4.970416422498226,2.3194307890713213,4.851259297198057
1789690659062806300,15.30880615234375,5.307715947985649,0.9061977295845747,4.9623880143433805
1789690659072793600,15.318793701171876,5.434670595294237,-0.297009600675106,4.860351535192132
1789690659082781400,15.328781494140625,5.715760157781839,-1.2912176221460103,4.877373397141695
1789690659092769300,15.338769287109375,5.338589225155115,-1.891630908447504,4.68764548279494
1789690659102756600,15.348756591796874,4.778482814800739,-1.6082377451926468,4.052207937124371
1789690659112744400,15.358744384765625,3.946140010499954,-0.5136988794445991,3.24385186534971
1789690659122732300,15.368732177734374,3.2126141387820244,0.21463585337102412,2.4320336704224346
1789690659132719600,15.3787197265625,2.5078338845551014,0.6752759273231029,1.7388970922380684
1789690659142707500,15.38870751953125,1.7565046451210975,1.2078157008379697,1.1860600152995437
1789690659152694500,15.398694580078125,1.196086100077629,1.3758119681090115,0.6492524282723665
1789690659162682600,15.4086826171875,0.7023895596981048,1.157514085099101,0.019405213422141968
1789690659172670500,15.41867041015625,-0.46567923716306686,0.4952618900001049,-0.7681516332887113
1789690659182657500,15.428657470703126,-2.6120050376474855,-0.30540976475179193,-1.998150378231704
1789690659192645400,15.438645263671875,-4.70171697050631,-0.18720248752236365,-3.2641175315260886
1789690659202633500,15.448633544921876,-5.211173974597454,-0.28757074120044707,-4.028731199946999
1789690659212620500,15.45862060546875,-4.383261846220493,-0.5364525630444288,-4.23733128028512
1789690659222608400,15.4686083984375,-2.915945898890495,-0.43926293940246103,-4.026318585847318
1789690659232596500,15.478596435546875,-1.5964977691687643,-0.11736322762072085,-3.800020936255157
1789690659242583600,15.48858349609375,-1.3251345047950744,0.37185879769325253,-3.440109765987098
1789690659252571400,15.4985712890625,-0.8103338015884161,0.5288835890948772,-2.9990166885480285
1789690659262559500,15.5085595703125,-0.3436513787321746,0.7401601951658725,-2.4985528459906576
1789690659272546600,15.518546630859374,-0.2790460739612579,0.6345002648204565,-1.891111414618045
1789690659282534400,15.528534423828125,-0.1852186202287674,0.7402770995438098,-1.3636100736618042
1789690659292521500,15.538521484375,-0.2509827396459877,0.9462035767585039,-0.8931132070839405
1789690659302509300,15.54850927734375,-0.3518979596823454,0.9533119474589824,-0.464967435631901
1789690659312497400,15.558497314453126,-0.5752893664389849,0.6813672299355268,-0.25623291525915265
1789690659322484500,15.568484375,-0.8765972488299012,0.20119301895201205,-0.30706812641806897
1789690659332472300,15.578472412109376,-1.5288218247808516,-0.3461632154226303,-1.0452122325211763
1789690659342460400,15.58846044921875,-2.668535903164744,-0.8463251524239778,-2.537631933708489
1789690659352447500,15.598447509765625,-3.6413749733924865,-1.5035972210228443,-4.040670351804793
1789690659362435300,15.608435302734375,-4.055136976313591,-2.0895868451744315,-5.336333555182814
1789690659372423400,15.61842333984375,-3.8882770195961,-2.38457750724256,-6.106148299378156
1789690659382410500,15.628410400390624,-3.284222161921859,-2.3691326853513717,-6.4779077283501625
1789690659392398300,15.6383984375,-2.6100211703538894,-2.1103391258239745,-6.558139787450433
1789690659402386400,15.648386474609374,-1.9322845520056784,-1.9172732992261647,-6.5808923020064825
1789690659412373500,15.65837353515625,-1.2344243063002824,-1.90392866448462,-6.543100623750687
1789690659422361300,15.668361328125,-0.611066343871504,-2.098885419395566,-6.168479375606775
1789690659432348400,15.678348388671875,-0.34537381861060856,-2.478039634793997,-5.525276164370775
1789690659442336300,15.688336181640626,-0.24011750063002107,-2.7150954097658393,-4.954873985451459
1789690659452324400,15.698324462890625,-0.4063949812844395,-2.8386387873262167,-4.463811008445918
1789690659462311400,15.7083115234375,-0.7354514329530298,-2.8120214140355584,-4.1285289602607484
1789690659472299300,15.71829931640625,-1.5133762722373008,-2.7834686887681483,-3.9962817595019935
1789690659482287400,15.728287353515626,-2.6177625782608986,-2.524231477126479,-3.9778737038910386
1789690659492274400,15.7382744140625,-3.7942864842563866,-1.875229808744788,-4.013179995071888
1789690659502262300,15.74826220703125,-5.226102079138159,-1.2051046883136034,-4.009318058946729
1789690659512250400,15.75825048828125,-7.0614382689118385,-0.826003664407134,-4.103504409119487
1789690659522237400,15.768237548828125,-8.79344910876751,-1.1177034682363272,-4.458437498714029
1789690659532225300,15.778225341796874,-8.306128533160686,-2.032750274708867,-4.858738254776597
1789690659542213400,15.78821337890625,-5.250693499559164,-3.2953356766104696,-4.658441307881474
1789690659552200200,15.7982001953125,-1.7446842973373828,-4.739662378019094,-4.07485056156516
1789690659562188300,15.808188232421875,0.3339560602784157,-5.674100698181986,-3.821389595237374
1789690659572175600,15.818175537109376,2.788547599467635,-5.414888036459684,-3.649178632880747
1789690659582163500,15.82816357421875,5.047856805053353,-4.717846267530322,-1.8932655239120124
1789690659592151300,15.8381513671875,6.50254941765368,-4.876214290234446,0.11059798040264285
1789690659602138600,15.848138671875,7.798195377635955,-4.584380630892515,1.8193058230794965
1789690659612126500,15.85812646484375,7.828334495311975,-4.126301931861042,2.749524333590269
1789690659622114300,15.8681142578125,7.245933251041174,-3.9191251623243093,3.65320131252557
1789690659632101600,15.8781015625,5.118039763826132,-3.5961189506053923,4.827407881489396
1789690659642089500,15.88808935546875,-0.14373506518509238,-3.2513398830175397,5.382359393298626
1789690659652077300,15.898077392578125,-3.02757672033906,-3.175176680791378,4.083024223409593
1789690659662064400,15.908064453125,-1.7186906089030205,-2.9025340441316363,2.976195784930885
1789690659672052500,15.918052490234375,0.5972060877580195,-2.4499790769577023,2.587099436710775
1789690659682040600,15.92804052734375,2.296299065939337,-2.444495677110553,2.0078478886425493
1789690659692027400,15.93802734375,3.6576620913267135,-2.1602947046041487,1.9114511689439415
1789690659702015500,15.948015380859376,5.126571445327997,-1.624672162643075,2.2918825646713374
1789690659712002600,15.95800244140625,6.1957730407238,-0.611097177401185,2.627657364809513
1789690659721990400,15.967990478515626,6.617385172623395,0.9561392798393964,2.8703800795018672
1789690659731978500,15.977978515625,6.011456922292709,2.2708751402169463,3.108543523454666
1789690659741965600,15.987965576171876,4.591687154513597,3.343070072209835,3.3319752622216936
1789690659751953400,15.997953369140625,3.4148435150444505,4.170223491173982,3.546176523567736
1789690659761941500,16.00794140625,3.2929140024214982,4.175120615565777,3.564664658677578
1789690659771928300,16.01792822265625,3.2074691771090027,3.9731554431974887,3.6963103864118456
1789690659781916400,16.02791650390625,3.1430922742664813,3.7585306957423685,3.644934127178788
1789690659791904500,16.037904541015624,3.3425817041710015,3.547053014141321,3.703433662420511
1789690659801891300,16.047891357421875,3.669076342527568,3.4658699379265308,4.1164568296730515
1789690659811879400,16.05787939453125,4.189630786955356,3.6877123616755005,5.105846052685379
1789690659821866500,16.067866455078125,4.333037387371063,4.167171702387929,6.22647154584825
1789690659831854300,16.077854248046876,3.936335240322351,4.757516014617681,7.125100886005162
1789690659841842400,16.087842529296875,3.470998532986641,5.436762599137425,7.6907070628196
1789690659851829500,16.09782958984375,2.968736408835649,6.146826931247115,7.872392832747101
1789690659861817300,16.1078173828125,2.5073814646124837,6.450946071666479,7.329612235724926
1789690659871805400,16.117805419921876,2.18421129450351,6.216470376315713,6.523615586557984
1789690659881792300,16.127792236328126,1.5546239361658691,5.661908740606903,5.632148393115401
1789690659891780400,16.1377802734375,0.16598565810099244,4.845107204309105,4.398956843480468
1789690659901768400,16.1477685546875,-1.2569113017879425,3.946346931248903,3.1321307352691887
1789690659911755300,16.15775537109375,-3.156196085989475,2.8302251792460678,2.195072149605304
1789690659921743400,16.167743408203126,-5.1850119438588615,1.1779980702012776,1.0462491743534803
1789690659931731500,16.1777314453125,-6.032449441438913,-1.0516413887858391,-1.0117493041846901
1789690659941718300,16.18771826171875,-6.51625587144494,-3.490927222293615,-3.5478298437327145
1789690659951706400,16.197706298828123,-6.730895816469192,-5.441832742008566,-5.516264005875587
1789690659961693400,16.207693359375,-6.247987212085723,-7.128229247158766,-6.696231914845108
1789690659971681300,16.217681396484377,-4.96947651129961,-8.287701480588316,-6.865680134490132
1789690659981669400,16.22766943359375,-3.598185820007324,-8.329210133540629,-6.546690757197141
1789690659991656400,16.237656494140627,-3.329668154323101,-6.947271206983923,-6.030331134110689
1789690660001644300,16.247644287109374,-3.7979941066026686,-4.29680638256073,-5.496062929368019
1789690660011632400,16.25763232421875,-4.025301810020208,-1.8299404682099818,-4.537999403467774
1789690660021619200,16.267619140625,-3.533274664157629,-0.6791980692028999,-3.1871874365806576
1789690660031607300,16.277607177734374,-2.254881744532287,0.2726660175353289,-1.8935744437307118
1789690660041595400,16.287595458984374,-0.8717372415781021,0.3967214362710714,-0.690297409235686
1789690660051582500,16.29758251953125,0.31880883309431374,0.06274959390163422,0.456721804529801
1789690660061570300,16.3075703125,1.4464264501668511,-0.08224222987890244,1.2246209243621677
1789690660071557600,16.3175576171875,2.409604980993271,-0.34368192000091075,1.538031113283336
1789690660081545500,16.32754541015625,2.988474544006586,-1.0062859972774982,1.6290160370662807
1789690660091533300,16.337533203125,3.2182664654552933,-2.3775129756838083,1.9983337719745933
1789690660101520600,16.347520751953127,2.5849533645927902,-4.065250958570838,3.3789573781490323
1789690660111508500,16.357508544921874,0.7141559853374958,-6.009895664325356,5.242424852907657
1789690660121496300,16.367496337890625,0.8085865925949066,-6.89022654672563,5.9578282079577445
1789690660131483400,16.3774833984375,1.7316028435766695,-5.7295285708934065,4.807636428570747
1789690660141471500,16.387471435546875,2.07110835467577,-2.743958516156673,3.158894823554158
1789690660151459300,16.397459228515626,2.8498528397798535,0.1762023700803518,2.4517080927073955
1789690660161446400,16.4074462890625,3.509751165229082,2.10236566272676,2.6466701083153485
1789690660171434500,16.4174345703125,3.2715947355389594,3.358258288991451,2.850842435339093
1789690660181422600,16.427422607421875,3.3998914451062676,4.078130898410081,2.936071279813349
1789690660191409400,16.437409423828125,3.7994203400135036,4.117745115917921,3.148737586677074
1789690660201397500,16.4473974609375,3.92255572129488,3.5497798087567087,3.2346751639425753
1789690660211384600,16.457384521484375,3.4952234581828114,3.0203759951800104,3.085623251116276
1789690660221372400,16.467372314453126,3.424612044864893,2.3516122262299057,2.9947233752682805
1789690660231360500,16.477360595703125,3.529406298291683,1.1196569403916596,2.9068939929068085
1789690660241347300,16.487347412109376,3.7091058628380296,-0.25660920122563835,2.7374618476137518
1789690660251335400,16.49733544921875,3.9046354492008684,-0.9123562522143125,2.409212036152929
1789690660261323500,16.507323486328126,4.1712101641237735,-1.1968781272381543,2.0883242778927085
1789690660271310300,16.517310302734376,3.9205882206141944,-0.7773235123902559,1.9318099202312529
1789690660281298400,16.52729833984375,3.6086323952198027,-0.026865795093774795,1.5634467095687985
1789690660291286500,16.53728662109375,2.7457074056506157,0.7777998977303504,1.2982850763142109
1789690660301273300,16.5472734375,1.613243006134033,1.5947317824095486,0.6952892261736094
1789690660311261400,16.557261474609376,0.9687123456865548,1.9752847586899995,0.1744125275215134
1789690660321248500,16.56724853515625,0.8070844444036483,2.234711939945817,-0.027514888385962694
1789690660331236400,16.577236328125,0.30782793180942536,1.8201579098641871,-0.6196165839433669
1789690660341224400,16.587224365234373,-0.7838684039890765,1.1394506051421165,-1.322922527834028
1789690660351211300,16.597211181640624,-1.8300702320694922,0.6996838078707456,-1.8359426312342284
1789690660361199400,16.607199462890627,-3.6119565712064503,-0.07324936060607433,-2.5995821939259764
1789690660371187500,16.6171875,-4.968889066800475,-0.6858382378697395,-3.296138809686899
1789690660381174300,16.62717431640625,-4.525833164855838,-0.9321598538368939,-3.5734143668442964
1789690660391162400,16.637162353515624,-3.664331486088037,-0.4939852941930294,-3.5028055838748813
1789690660401150500,16.647150390625,-2.2908131818741557,-0.0018418284744024275,-3.2735011536821723
1789690660411137300,16.65713720703125,-0.9452614736028015,0.42876083461046216,-2.8703566986262796
1789690660421125400,16.66712548828125,0.05033537187799811,0.6941928092390298,-2.356606965777278
1789690660431112400,16.677112548828124,0.8293634962290525,0.6666536449283361,-2.0138982747226954
1789690660441100300,16.687100341796874,1.1504494074098766,0.5076011470913887,-1.8326903514400124
1789690660451088400,16.69708837890625,0.9954008845172821,0.3000824322491884,-1.6491050315015017
1789690660461075200,16.7070751953125,0.3905369024172425,-0.06239362007081508,-1.459038094458729
1789690660471063300,16.717063232421875,-0.730083768440038,-0.48636955849230284,-1.404284613877535
1789690660481051400,16.727051513671874,-2.5784754007503388,-0.8191577440351248,-1.9269727093331515
1789690660491038200,16.7370380859375,-4.093326713976264,-1.2090262456715106,-3.2765964893490076
1789690660501026300,16.7470263671875,-4.6557039918720715,-1.763390897503495,-4.545647287872433
1789690660511014400,16.757014404296875,-4.6881259597882625,-2.350458380019665,-5.471116704159975
1789690660521001200,16.767001220703126,-4.479725201414525,-2.7732272807389498,-6.113386433938145
1789690660530989300,16.7769892578125,-4.371242907124757,-2.919746460217237,-6.52496700116694
1789690660540976600,16.7869765625,-4.139484654039144,-2.634632464519143,-6.65765989986658
1789690660550964500,16.796964599609375,-3.3784590732380746,-2.1358803943157194,-6.439625051707029
1789690660560952300,16.806952392578125,-2.319576919543743,-1.9510773691505192,-5.7366965628266335
1789690660570939600,16.816939697265624,-1.4820207645088432,-2.201430432590842,-4.849516837444901
1789690660580927500,16.826927490234375,-1.1893465626895428,-2.52286837207973,-4.157856177031993
1789690660590915300,16.836915283203126,-1.2790019914343953,-2.7858441857278344,-3.6339801869660615
1789690660600902400,16.84690234375,-1.7008394565224647,-3.0390210744172332,-3.507110295331478
1789690660610890500,16.856890380859376,-2.5169682081252334,-3.400349710267782,-3.888793444685638
1789690660620878300,16.86687841796875,-3.665614511635899,-3.4655233164459465,-4.53069638697803
1789690660630865400,16.876865478515626,-4.946963650718331,-2.6913930471390484,-4.925680624192953
1789690660640853500,16.886853515625,-6.149001352676749,-1.523649828970432,-5.081882993295788
1789690660650840600,16.896840576171876,-6.85600454365015,-0.6935550958573817,-5.092032631388307
1789690660660828400,16.906828369140626,-6.72206018358469,-0.5742798971354961,-4.966818690267205
1789690660670816500,16.91681640625,-5.1630479493319985,-1.5992039593875407,-5.008751121589541
1789690660680803600,16.926803466796876,-2.8380250393420456,-3.097227179670334,-5.098436068689823
1789690660690791400,16.93679150390625,0.037563057131692765,-5.144490548378229,-5.581568544957041
1789690660700779500,16.946779541015626,2.904939351707697,-6.752654643812775,-4.661720767943561
1789690660710766300,16.956766357421873,6.8608712729036805,-6.954371394377946,-2.290174737840146
1789690660720754400,16.96675439453125,8.482994920107721,-6.302403277406096,-0.3928524128179997
1789690660730742500,16.976742431640623,8.582806124424934,-6.068807287499308,1.2532649081096052
1789690660740729300,16.986729248046874,8.36660433691144,-6.063047993320226,2.7243603739783167
1789690660750717400,16.996717529296873,7.977261320453882,-6.136656834888458,3.811824186773598
1789690660760704500,17.00670458984375,6.025446869200468,-5.669685804349184,5.219216995799541
1789690660770692400,17.0166923828125,-0.6937935807883739,-4.510271438586711,6.556235415133833
1789690660780680400,17.026680419921874,-4.775408229660988,-4.044523227840662,5.85203559114337
1789690660790666500,17.03666650390625,-3.613288696593046,-3.5658804642081257,4.687741344384849
1789690660800654600,17.046654541015624,-0.9248071529865264,-2.6762100910544393,3.9099376472622156
1789690660810642700,17.056642578125,1.8893128407634794,-1.9020891740977763,3.216695270615816
1789690660820629500,17.06662939453125,4.024861080515384,-1.0609604212731123,2.836733245965838
1789690660830617600,17.07661767578125,4.667510164999961,-0.5661696559160947,2.4515771598041054
1789690660840605700,17.086605712890623,5.158819517982006,0.6810305453270673,2.6934067250490186
1789690660850592500,17.096592529296874,6.023890871930122,1.9512340210169552,3.839501005989313
1789690660860580600,17.10658056640625,5.895866549563408,2.56341373295784,4.284312227168679
1789690660870567700,17.116567626953124,3.960791636186838,3.201061063632369,3.6954929325491186
1789690660880555500,17.126555419921875,2.3379110331356525,4.050115933281183,3.771206637442112
1789690660890543600,17.136543701171874,2.0059597368083892,4.798161328738928,3.876774797850847
1789690660900530700,17.14653076171875,2.2157342677533625,4.806653262752294,3.805151577141881
1789690660910518500,17.1565185546875,2.470773150922358,4.49774162735939,3.9793759251475334
1789690660920506600,17.166506591796875,3.1117338439285755,4.180307662814855,4.296455669426917
1789690660930493700,17.17649365234375,3.708543845041096,3.9984710862398147,4.750120935930312
1789690660940481500,17.1864814453125,3.951744114117324,3.8591947174966332,5.673603270053863
1789690660950469600,17.1964697265625,4.00392584451437,3.967826357129216,6.866724090585112
1789690660960456700,17.206456787109374,3.9426726266503334,4.341622844886779,7.946214440283179
1789690660970444800,17.21644482421875,3.57932885158509,5.168041519835591,8.57481278758347
1789690660980431600,17.226431640625,3.0472061344385146,6.073116382870078,8.734263344827294
1789690660990419700,17.236419677734375,2.3919011281289158,6.517637681192159,8.492989659899473
1789690661000407800,17.24640771484375,1.841799540568888,6.382579806926846,7.940883600649237
1789690661010394600,17.25639453125,1.3881683224655688,5.801877767789364,7.235995794394612
1789690661020382700,17.2663828125,0.45291941657215357,4.809464228519797,6.46129561624527
1789690661030370800,17.276370849609375,-0.5150581850990653,3.5744992394715545,4.583206910938024
1789690661040357600,17.286357666015626,-1.6310637633763252,1.955070822700858,2.588542328995466
1789690661050345700,17.296345703125,-4.260564856356382,0.038725159713625903,0.7930985160838813
1789690661060332800,17.306332763671875,-6.310488968706131,-2.266545002058148,-1.8943034886576233
1789690661070320600,17.316320556640626,-7.365296128046512,-4.8409185204476115,-5.202970209875702
1789690661080308700,17.326308837890625,-8.607659995174407,-6.666121438741683,-8.24797211226821
1789690661090295800,17.3362958984375,-7.851803049182891,-7.849819181889295,-9.722553666687011
1789690661100283600,17.34628369140625,-5.5228503985285755,-8.557195882350205,-9.165399091875553
1789690661110271700,17.356271728515626,-3.941660234737396,-8.440704761388897,-7.648166728731989
1789690661120258600,17.366258544921877,-3.2643770592451093,-6.913620866316556,-6.536126693084835
1789690661130246700,17.37624658203125,-3.2646821796715257,-3.820075005507469,-5.980524023890495
1789690661140234800,17.38623486328125,-2.8081588933885095,-0.8823311163067817,-5.0111435696840285
1789690661150221600,17.3962216796875,-1.6480933702409266,1.1688520561933518,-3.8586739084929227
1789690661160209700,17.406209716796877,-0.2688356455922127,2.3606787452608344,-2.4282594125807284
1789690661170197800,17.41619775390625,1.051008936101198,2.665955239021778,-1.2287605814501643
1789690661180184600,17.4261845703125,2.414499621167034,1.9945494311302898,-0.49655236820206045
1789690661190172700,17.436172607421874,3.734538410258293,1.1759849768131971,-0.13491875805556774
1789690661200159700,17.44615966796875,4.452629396957159,0.585097059226036,0.08271240467391908
1789690661210147600,17.456147705078124,4.38807947563529,-0.3887409589111805,0.4880911215879023
1789690661220135700,17.4661357421875,3.9198376945078373,-2.042612328031659,1.4078542890578507
1789690661230122500,17.47612255859375,3.8373721772670746,-4.418855137649178,2.746490080460906
1789690661240110600,17.486110595703124,3.477556868588924,-7.058433241876959,4.505320245920122
1789690661250098700,17.4960986328125,0.8505810563027858,-10.036135631978512,7.209475451737642
1789690661260085500,17.50608544921875,-0.8484276776611804,-10.45423712540865,8.843415793463587
1789690661270073600,17.516073486328125,-0.9550269346833229,-5.593166043770313,6.242095231437682
1789690661280060700,17.526060791015624,-2.5280256087124346,-0.3778998314231634,3.5649186334386465
1789690661290048500,17.536048583984375,-2.4989608422696588,2.5578023228168485,2.0904889085806904
1789690661300036600,17.54603662109375,-0.0841605941882357,3.6287241661339995,1.953180625040084
1789690661310023700,17.556023681640625,1.8037176471948622,4.0279660607934,1.8620326196499168
1789690661320011500,17.566011474609375,2.6721698757529255,4.4438276663422585,1.2646879271388054
1789690661329999600,17.57599951171875,3.4206489864528176,4.415504658177495,1.1947752366747706
1789690661339986700,17.585986572265625,4.105429239702224,4.355891024214029,1.803027911365032
1789690661349974500,17.595974609375,4.157190991121531,3.96222371481657,2.9701249405845997
1789690661359962600,17.605962646484375,4.362414288502931,2.597479668688774,4.034645100165903
1789690661369949700,17.61594970703125,4.3992730698227875,0.8512339672535657,4.096225942549109
1789690661379937500,17.6259375,4.198097002005577,-0.9998621017098426,3.6970047984167933
1789690661389924900,17.6359248046875,3.722039578691125,-1.5261632730960846,2.7208453515946864
1789690661399912700,17.64591259765625,2.9864596970528363,-0.25106793371140956,1.5130717363327741
1789690661409900500,17.655900634765626,2.2677491171509025,0.9839029005557298,0.8555226774234325
1789690661419887900,17.665887939453125,1.5487275716036557,1.8445622832804918,0.20557298760190604
1789690661429875700,17.675875732421876,1.2808628168702125,1.8986667984336614,-0.36631877228803933
1789690661439863800,17.68586376953125,1.119400919803977,1.57593005130589,-0.8571784087412059
1789690661449850600,17.6958505859375,0.9351466876279562,1.1505617817431688,-1.458494342970848
1789690661459838700,17.705838623046876,0.6978016473859548,0.361473597279191,-2.104864786066115
1789690661469826800,17.715826904296875,0.28504019980952144,-0.41525078017413614,-2.52976923750937
1789690661479813600,17.725813720703126,-0.10443944863975048,-0.5902905362159013,-2.542290573169291
1789690661489801700,17.7358017578125,-0.5532663352012634,-0.21674714643657206,-2.233638173234463
1789690661499788800,17.745788818359376,-0.9815601368218659,0.19321604872345924,-1.9092171262815594
1789690661509776600,17.755776611328123,-2.284882622781396,0.6089069738805294,-1.572419997358322
1789690661519764700,17.7657646484375,-5.189430929344892,0.8322089487880467,-0.9976770127557217
1789690661529751800,17.775751708984377,-5.5962137409031385,0.5892483336865901,0.06235770850721746
1789690661539739600,17.78573974609375,-4.167061227750778,0.24837036519050595,0.41316056642923504
1789690661549727700,17.795727783203127,-2.323770425710827,-0.25235505091249943,-0.10166596533842384
1789690661559714800,17.80571484375,-1.0466877119012177,-0.20474925012886522,-0.7374726365823299
1789690661569702700,17.81570263671875,-0.2967040418572724,-0.0005523731857538223,-1.1471086456146091
1789690661579689700,17.825689697265624,0.1310015846118331,-0.11937924361824989,-1.3105161968559027
1789690661589677600,17.835677490234374,0.12763736887574195,-0.400064316958189,-1.614558180385828
1789690661599665700,17.845665771484374,0.02194207495599985,-0.7937088300019502,-2.103467194227874
1789690661609652700,17.85565283203125,-0.2692477335244417,-1.2275140885204077,-2.585157654993236
1789690661619640600,17.865640625,-0.9320257060632109,-1.6303046155720948,-3.1343478267967697
1789690661629628700,17.875628662109374,-2.434086511299014,-1.9775778380632398,-3.805960555437207
1789690661639615700,17.88561572265625,-4.950833770149946,-2.2101666967540976,-4.399658269748091
1789690661649603600,17.895603515625,-7.183110007381439,-2.2561825979977845,-4.590398868268728
1789690661659591700,17.905591796875,-7.644580686938762,-2.1071587422221896,-4.422651022800803
1789690661669578800,17.915578857421874,-6.517357695206999,-1.8735744427531957,-4.657092815881967
1789690661679566600,17.925566650390625,-4.482779036027193,-2.158596668514609,-5.075583016368746
1789690661689553700,17.9355537109375,-2.2534540498167277,-2.785257910272479,-4.860031801718473
1789690661699541500,17.94554150390625,-0.42408232140541074,-3.045285980030894,-4.359236827510595
1789690661709529600,17.955529541015625,0.4965171507582068,-2.970478868588805,-3.7296956464022397
1789690661719516700,17.9655166015625,0.6512979626253247,-2.9281852027386424,-3.2549189105480907
1789690661729504500,17.97550439453125,0.13804390433877706,-2.934064908427,-3.085965488682687
1789690661739492600,17.98549267578125,-1.2725892017826437,-2.970318709591031,-3.189367703229189
1789690661749479700,17.995479736328125,-3.6606250327855347,-2.5849276456296444,-3.649393736936152
1789690661759467500,18.005467529296876,-5.870508820945024,-1.8247002294689416,-4.034652991211414
1789690661769455600,18.01545556640625,-7.2458034871816634,-1.3306424545615911,-3.939830096700787
1789690661779442700,18.025442626953126,-8.571471075940131,-1.4500444945335387,-3.5452597009837628
1789690661789430300,18.03543017578125,-9.287073752954601,-2.469303955152631,-3.1610441105425355
1789690661799417300,18.045417236328124,-7.97424401845932,-3.718040279921889,-2.5679256574243308
1789690661809405400,18.055405517578127,-5.432425446715951,-5.455611676514148,-2.245142733067274
1789690661819393300,18.065393310546874,-1.654303330796957,-6.862891965076327,-2.0684647082991896
1789690661829380400,18.07538037109375,2.644247849604487,-7.302332014611363,-1.2182488320469855
1789690661839368400,18.085368408203124,6.124144559317827,-6.171577341622114,0.3572513764742762
1789690661849356300,18.095356201171874,8.389671908766031,-4.598128001216054,2.0977895869828758
1789690661859343400,18.10534326171875,8.92067731232047,-3.879631940847635,3.076991031849384
1789690661869331500,18.11533154296875,8.405976562356948,-3.8504450093299147,3.63291927973628
1789690661879319300,18.1253193359375,7.709872366538644,-3.6833722866445777,4.168471971331536
1789690661889306400,18.135306396484374,5.636757348215579,-2.99352130600214,4.965983993008733
1789690661899294500,18.14529443359375,-0.6232090554773807,-2.350424477750063,4.664338841487467
1789690661909281300,18.15528125,-5.664784003782272,-2.423392098805308,3.105759153433144
1789690661919269400,18.165269287109375,-4.610513435536623,-2.2789544017761942,2.2717688741862774
1789690661929257500,18.175257568359374,-1.2164846719186753,-1.795761719754338,2.399404781757295
1789690661939244300,18.185244384765625,2.090084273302555,-1.3822487231582403,2.7619799105376
1789690661949232400,18.195232421875,4.521918621760607,-1.1666460705816746,2.839551810517907
1789690661959220500,18.205220458984375,5.132646965849399,-1.0151906037449836,2.9591987651616334
1789690661969207300,18.215207275390625,6.233287655603886,-0.30198095934689045,2.972994650802016
1789690661979195400,18.2251953125,6.838769331210851,1.423371007141471,2.713463716910779
1789690661989183200,18.235183349609375,6.348456003528833,2.8273890790373084,2.307526270135492
1789690661999170300,18.24517041015625,4.539361923992634,3.823644096165895,1.9960288560330866
1789690662009158400,18.255158447265625,2.093921074986458,4.452694863408803,1.4255183944337069
1789690662019145200,18.265145263671876,1.0939210261106491,4.617901207700371,0.8711565190806985
1789690662029133300,18.27513330078125,1.3764461743593215,4.312583212885261,1.2208221896663307
1789690662039121400,18.285121337890626,1.9167980829298494,3.816279120355844,2.2753132687948643
1789690662049108200,18.295108154296877,2.563348266506195,3.784643626642227,3.4457290671736
1789690662059096300,18.305096435546876,2.996165683031082,4.040372537901997,4.29796198233664
1789690662069084400,18.31508447265625,3.326254838748276,4.217493776392937,5.045087340340018
1789690662079071200,18.3250712890625,3.5693817503273486,4.406241155269742,5.764661843594908
1789690662089059300,18.335059326171876,3.5351439651608465,4.741384964028001,6.280723945039511
1789690662099046100,18.345046142578123,3.3858673036679625,5.150246919947862,6.887326733630895
1789690662109034200,18.3550341796875,3.2065280968666077,5.719117066994309,7.3619105772614475
1789690662119022300,18.365022216796874,2.9941666181683537,6.334692851114273,7.519492418023943
1789690662129009200,18.375009033203124,2.475437343341112,6.558628447750211,7.327492759352922
1789690662138997200,18.384997314453123,1.7428500676475465,5.9995724232316014,6.413275973963737
1789690662148985300,18.3949853515625,0.9363806864023209,5.013161339247226,5.059558348762989
1789690662158972200,18.40497216796875,-0.004879442604631185,4.087788369071483,3.366572528350353
1789690662168960300,18.414960205078124,-1.1209119088888169,2.944837062332034,1.942962013364583
1789690662178948400,18.4249482421875,-3.218343622344732,0.9559656768381595,0.617117460604012
1789690662188935200,18.43493505859375,-5.997737024497986,-1.2095821259886026,-1.004316012378782
1789690662198923300,18.44492333984375,-7.0243281431794165,-3.32252646587491,-3.4082056844651696
1789690662208910300,18.454910400390624,-7.132424945282936,-5.022877846619487,-6.141442900121212
1789690662218898200,18.464898193359375,-6.809615717440844,-6.426533514943719,-8.378627367660403
1789690662228886300,18.47488623046875,-5.232933386462927,-7.350103235089779,-9.09944047279954
1789690662238873300,18.484873291015624,-3.7209132050096985,-7.824618105137348,-8.366560497769713
1789690662248861400,18.494861328125,-3.148163586181402,-7.461960851031542,-7.130636892822384
1789690662258849300,18.504849365234374,-3.278296863526106,-5.731203810629248,-6.027626551327109
1789690662268836400,18.51483642578125,-3.783306240558624,-3.3221365897744892,-4.992570386639237
1789690662278824400,18.524824462890624,-3.519066106063127,-1.7291840919971464,-3.8391754272967575
1789690662288811300,18.534811279296875,-2.155114525487274,-0.6058399875253438,-2.3691662953600288
1789690662298799400,18.54479931640625,-0.4525835356812924,0.25393676714599134,-0.699347415523231
1789690662308787500,18.554787353515625,0.9402453990064561,0.41072774979174137,0.8287063474945724
1789690662318774300,18.564774169921876,2.0001251854360103,-0.26300211713314053,1.8525364770300685
1789690662328762400,18.574762451171875,2.745376566261053,-1.2235399241924285,2.1597651277720926
1789690662338750500,18.58475048828125,3.0419302398622032,-2.165596318143606,2.2329501909703016
1789690662348737300,18.5947373046875,2.9579391204893586,-3.5051375339537856,2.634434603859484
1789690662358725400,18.604725341796875,2.4955028107702732,-5.390350392052531,3.8570366626799104
1789690662368713500,18.61471337890625,-0.790003545743227,-7.26647451928854,6.847167157199978
1789690662378700300,18.6247001953125,-2.7498458206295964,-7.549235814380645,9.283501739686727
1789690662388688400,18.6346884765625,-0.7416016261458397,-4.952078217253089,7.268771105793118
1789690662398675200,18.64467529296875,0.24262922772262244,-1.4329144960343836,4.719976849818229
1789690662408663300,18.654663330078126,1.1538859577298164,1.458281577003002,2.9813898464426396
1789690662418651400,18.6646513671875,2.1748925542771813,3.3599610012561083,2.045712047612667
1789690662428638200,18.67463818359375,2.530034025925398,4.426372089150548,1.9578658602468668
1789690662438626300,18.684626220703127,2.677005040824413,4.7592970528155565,2.2523099943481384
1789690662448614400,18.694614501953126,3.0334616867244244,4.654181312349438,2.237762559688091
1789690662458601200,18.704601318359376,3.3440812950789924,4.237226650866866,2.585762342888117
1789690662468589300,18.71458935546875,3.715182552403211,3.4792782855540514,3.329068727125227
1789690662478577400,18.724577392578126,4.1402608991086485,2.7188287510752676,4.079285329142213
1789690662488564200,18.734564208984374,4.528051425427198,1.802916267684102,4.610963225130736
1789690662498552300,18.74455224609375,4.702669741186499,0.42765901084840297,4.484003609386086
1789690662508539100,18.7545390625,4.2836932184875005,-0.728491969203949,3.3507477672308683
1789690662518527200,18.76452734375,3.7756215312749144,-1.2677923228949308,1.9275791507937012
1789690662528515300,18.774515380859373,3.2606472250670193,-1.2158429399490356,1.1143217168435453
1789690662538502100,18.784502197265624,2.9730162781119347,-0.7800859628409147,0.8541166100177914
1789690662548490200,18.794490234375,2.4205396319836376,0.015542437046766281,0.1145862737206742
1789690662558478300,18.804478271484374,1.5656255149126053,0.4999012402385473,-0.8466848525818437
1789690662568465200,18.814465087890625,1.0726596268951891,0.6689274350792169,-1.571270388931781
1789690662578453200,18.824453369140624,0.5682552300184964,0.7648492307424545,-2.3487786102391777
1789690662588440300,18.8344404296875,-0.022773192017897962,0.8656465234875679,-2.864755809879303
1789690662598428200,18.84442822265625,-0.8252461240381002,1.0517845966488122,-3.2410733405470844
1789690662608416300,18.854416259765625,-3.043402650502324,1.0924965462654828,-3.657317807933688
1789690662618403000,18.864403076171875,-4.818009938547015,0.701277799063921,-3.286535699561238
1789690662628391200,18.87439111328125,-5.303164276030659,0.5950017826467752,-2.3209889782987534
1789690662638379300,18.884379150390625,-4.141668427819013,0.44782735413014885,-1.3192203123152255
1789690662648366300,18.894366455078124,-2.765770534992218,0.4406511788904667,-0.8519766023144125
1789690662658354200,18.904354248046875,-1.707172166675329,0.3616775954186916,-0.9351429613009095
1789690662668342300,18.91434228515625,-1.0722326336547732,0.651498745894432,-1.0439661779828369
1789690662678329300,18.924329345703125,-0.24267653746306894,1.0883347504109144,-1.1147657342839985
1789690662688317200,18.934317138671876,0.393354005664587,1.3354787886768578,-1.0868740302085875
1789690662698304500,18.944304443359375,0.6659706311002374,1.4013637579947709,-0.9193956493318081
1789690662708292400,18.954292236328126,0.9102987351626157,1.1355454143971204,-0.7247603814601897
1789690662718280200,18.9642802734375,0.9658727383464574,0.7453764685094356,-0.5845752273090183
1789690662728267300,18.974267333984375,0.7624652582153677,0.31993571823239325,-0.4882694738294929
1789690662738255400,18.98425537109375,0.33248218833357096,-0.16453765124976635,-0.39555699560157953
1789690662748242400,18.994242431640625,-0.24684710114598274,-0.7485533449798822,-0.5147862362898886
1789690662758230300,19.004230224609376,-1.656496164666116,-1.5490157408952712,-1.1144008464943618
1789690662768218400,19.01421826171875,-6.838111159563065,-2.6490555421471593,-2.9870202535450456
1789690662778205400,19.024205322265626,-8.901638849851489,-3.4935780290633436,-4.691187685446441
1789690662788193300,19.034193359375,-7.30466951764822,-3.338683819949627,-5.136085123604536
1789690662798181600,19.044181640625,-5.679598711076379,-3.054529024672508,-5.180058705365657
1789690662808168400,19.05416845703125,-4.344708535942435,-2.5979829420357943,-5.033219207891822
1789690662818156500,19.064156494140626,-3.309943170894682,-2.280339134132862,-4.908780342796445
1789690662828144400,19.074144287109377,-2.6354391047269106,-2.320686926612258,-4.55497859531939
1789690662838131500,19.08413134765625,-2.309522558519244,-2.618908241164684,-3.684304891319573
1789690662848119600,19.09411962890625,-2.2364047153383493,-2.942852610516548,-3.0039959382653234
1789690662858106400,19.1041064453125,-2.420932430693507,-3.053025634372234,-2.88923938601166
1789690662868094500,19.114094482421876,-2.666481016461551,-3.18238968091011,-3.4550402086153627
1789690662878082600,19.12408251953125,-3.27855902159363,-3.4911095931231975,-4.411880914722383
1789690662888069400,19.1340693359375,-4.596740638510883,-3.5100767439216374,-5.266636918622255
1789690662898057500,19.144057373046873,-6.501551054266095,-2.7801000891178846,-5.783740053552389
1789690662908045600,19.154045654296876,-8.38361217033565,-1.6944015324294566,-5.895540386348962
1789690662918032400,19.164032470703123,-9.8740488810122,-1.1385253069907426,-6.039709203308821
1789690662928020500,19.1740205078125,-8.72528041242659,-1.7688152606397867,-6.07799830969274
1789690662938007300,19.18400732421875,-5.213021648290753,-3.2076690835952757,-5.132725876304507
1789690662947995400,19.193995361328124,-1.546983358284831,-4.914957570126653,-4.050463139283657
1789690662957983500,19.2039833984375,2.9848966855198142,-6.83258041344285,-3.359802011302113
1789690662967970300,19.21397021484375,6.058470017880201,-8.463542616140842,-2.730892698356509
1789690662977958400,19.22395849609375,7.656146621569991,-8.164929087400436,-0.6681951752819121
1789690662987946500,19.233946533203124,7.743511016768217,-6.724936615803838,1.6805732058241962
1789690662997933300,19.243933349609375,7.534219447034597,-6.022974341607093,3.038241906738281
1789690663007921400,19.25392138671875,7.629196655324101,-5.187893636775017,3.992992654828727
1789690663017909500,19.263909423828125,7.3275675781548015,-4.836437575641274,4.74217845249325
1789690663027896300,19.273896240234375,6.307187589073181,-3.985954134494066,5.171061159917712
1789690663037884400,19.283884521484374,4.474729000562429,-2.7781378491342066,5.248054967749119
1789690663047871200,19.293871337890625,-1.1174655678272247,-1.5817197406232355,3.883757496345043
1789690663057859300,19.303859375,-4.072407260066271,-1.0236007046937943,2.569925891330838
1789690663067847400,19.313847412109375,-1.8395032463252543,-0.9254466199338436,2.715204423098266
1789690663077834200,19.323834228515626,1.418964442745596,-0.7027256597846746,2.554213358414173
1789690663087822300,19.333822265625,3.4951138603284955,-1.1515952164441345,2.595066762328148
1789690663097810400,19.343810546875,3.754102357906103,-1.2861597542345522,2.648325182045996
1789690663107797500,19.353797607421875,3.6144518951535223,-0.5895417636752128,2.913273757071793
1789690663117785300,19.363785400390626,4.883130937755108,0.5357809473931789,2.9746833345413206
1789690663127772400,19.3737724609375,5.420495939469337,1.64937405770123,3.084380557578802
1789690663137760500,19.383760498046875,4.769197100061178,2.6680677011311054,3.250431828261912
1789690663147748400,19.393748291015626,4.2804841933131215,3.8687130719482896,3.293602569207549
1789690663157735400,19.4037353515625,3.9285798038899897,4.8361634348750115,2.949727756983042
1789690663167723500,19.4137236328125,3.898654621225595,4.674005956760048,1.9515977397628128
1789690663177711400,19.42371142578125,3.870290112006664,4.266805796572566,1.314214612982422
1789690663187698400,19.433698486328126,3.386763083463907,3.6400574610531327,1.17245928690508
1789690663197686500,19.4436865234375,3.145946202392876,3.3414410097032783,2.1662268711321055
1789690663207674600,19.453674560546876,3.7720354894816874,3.377228946921229,4.280900372898579
1789690663217661400,19.463661376953127,4.459562995612621,3.6819945685505866,5.500527507561445
1789690663227649500,19.4736494140625,4.991018481022119,4.632658631849289,6.202832896107435
1789690663237636400,19.48363623046875,4.998772748410701,5.709623846983909,6.705265700650215
1789690663247624400,19.49362451171875,4.755875846195221,6.630691228920221,7.011206211277842
1789690663257612500,19.503612548828126,4.267558953027427,6.921256475761532,6.964013082948327
1789690663267599400,19.513599365234374,3.6464006926000114,6.590211919015646,6.307537717685103
1789690663277587500,19.52358740234375,2.672154385922849,6.05237462361455,5.381319528856873
1789690663287574500,19.533574462890623,0.7880196784496307,5.222739909228682,4.3412201093047855
1789690663297562400,19.543562255859374,-1.2403922747939824,3.9010079063534735,2.7203707198202607
1789690663307550500,19.553550537109373,-2.8947888368323444,2.4003011460751296,1.6683108133614062
1789690663317537300,19.563537353515624,-5.828916581362486,0.9535013325512408,0.7189674042072147
1789690663327525400,19.573525390625,-8.502897305929661,-0.6190460905790328,-1.4585506032027302
1789690663337513500,19.583513427734374,-8.640678467679024,-2.1038637923300265,-3.960460796797275
1789690663347500300,19.593500244140625,-7.708270192039013,-3.0884669501096007,-5.736397287619114
1789690663357488400,19.60348828125,-5.573580468812585,-4.441691823357344,-6.350851374232769
1789690663367476500,19.6134765625,-3.4881367147922515,-6.4450675350219,-6.237191092783212
1789690663377463300,19.62346337890625,-2.235291055008024,-8.074306567189097,-6.226573252657055
1789690663387451400,19.633451416015625,-1.7154254696272313,-8.06378108152151,-6.442692038062215
1789690663397438500,19.6434384765625,-2.501104868561029,-6.071468031141162,-6.113176006057858
1789690663407426300,19.65342626953125,-3.3283740228593346,-3.170584676826,-4.761527880607545
1789690663417414400,19.663414306640625,-2.687893514585495,-0.4550777636498213,-3.564281796839833
1789690663427401500,19.6734013671875,-1.3809810413099826,1.6304717888325453,-2.2109148847728965
1789690663437389300,19.683389404296875,0.14059168912544845,2.4017449151426553,-0.7895560942366718
1789690663447377400,19.69337744140625,1.6818601768948136,1.2940677508801222,-0.004371639212965965
1789690663457364200,19.7033642578125,2.6864427312552928,0.01564531289935112,0.3325556188959628
1789690663467352300,19.713352294921876,2.9767607253372668,-0.6537631836950779,0.6301455767422914
1789690663477339400,19.72333935546875,2.8096950169146058,-1.5696066935032604,0.9273063493911177
1789690663487327200,19.7333271484375,2.5323054779887197,-2.5837375590622425,1.2080755208179355
1789690663497315300,19.7433154296875,2.2325696672201154,-3.981252824935317,1.9077781795196234
1789690663507302400,19.753302490234375,-0.6237853209953754,-6.213177764511108,3.7415444896280765
1789690663517290200,19.763290283203126,-4.341917443919182,-8.436668637740611,6.181849729311466
1789690663527278300,19.7732783203125,-3.0881507237672805,-7.177807224798202,5.210190808779001
1789690663537265700,19.783265625,-2.0487270115196705,-4.550570131227373,3.76930752582252
1789690663547253200,19.793253173828123,-0.11129537894912063,-0.9178577722400426,3.09935045543462
1789690663557240600,19.803240478515626,2.2894413089990615,1.6406845552891491,2.6987238284185526
1789690663567228400,19.813228515625,3.659285893136263,1.5012410132855176,2.9547525994077324
1789690663577216500,19.823216552734376,4.338735306751728,2.2419886529505253,2.885225766456127
1789690663587203600,19.83320361328125,4.774349075996875,2.9637545287698503,2.4637550888538358
1789690663597191400,19.84319140625,5.06406968870759,2.152860755211115,2.206565749652684
1789690663607179500,19.853179443359377,5.038980840158462,2.0156565165668723,2.1059768389612437
1789690663617166600,19.86316650390625,4.756183304709196,2.123956732288003,2.204809845896065
1789690663627154400,19.873154541015627,5.002137256407737,1.4903028551638124,2.107276231122017
1789690663637141500,19.8831416015625,5.509398211759328,1.0683598838746546,1.3695046846583485
1789690663647129600,19.893129638671876,5.959545533269644,1.863497285374999,0.5369269025579094
1789690663657117400,19.903117431640624,5.97611322171092,0.946395299938321,0.4257708590142429
1789690663667104500,19.9131044921875,5.801788920462132,1.1934037291258572,0.660810398792848
1789690663677092400,19.92309228515625,5.6071676811158655,1.3443436476558446,1.07003293165341
1789690663687080400,19.93308056640625,4.708350709432363,1.58139474645257,1.1571944246906787
1789690663697067500,19.943067626953123,3.7003941485941407,1.6793787353426217,1.3315665836691855
1789690663707055400,19.953055419921874,3.0743267810761927,1.6847621819466352,1.2083085258562116
1789690663717042400,19.96304248046875,2.659254280078411,1.448324246612191,1.2668868984878063
1789690663727030500,19.973030517578124,2.3999042557120323,0.6445341675788164,1.2743345841452478
1789690663737018400,19.983018310546875,1.335593939489126,-0.42774142843484875,1.528372473578155
1789690663747005400,19.99300537109375,-0.9244131852328776,0.6739823803812265,1.184528641013801
1789690663756993500,20.00299365234375,-1.3587000897884367,0.9745090492665767,0.4646771109158173
1789690663766981400,20.0129814453125,-2.4146501355536283,0.6277127966374159,0.2954268980609253
1789690663776968400,20.022968505859374,-4.9642701748281715,0.35811610354483125,-0.562962238176912
1789690663786956300,20.032956298828125,-6.330860725605487,-0.3084779201507568,-1.5050352910019456
1789690663796943600,20.042943603515624,-5.848198789459467,-0.963745663189888,-2.2102855008281765
1789690663806931500,20.052931396484375,-4.85466705981493,-0.93886256634593,-2.468958794976771
1789690663816919600,20.06291943359375,-3.6178830386459824,-0.6599246289342642,-2.3687451473385095
1789690663826906600,20.07290673828125,-2.5598013876795767,-0.3018202158272266,-2.063796862618625
1789690663836894500,20.08289453125,-1.5998476641185582,-0.10508417628407478,-1.71533486873433
1789690663846882600,20.092882568359375,-0.6486421874195337,0.002379588612914085,-1.4152306630447506
1789690663856869600,20.10286962890625,0.01976619222164154,0.08877309295237064,-1.33623019156605
1789690663866857500,20.112857421875,0.2996025397777557,0.008821604359149932,-1.4007618465788663
1789690663876844500,20.122844482421876,0.06164587044343352,-0.28281331754028793,-1.5790731716372073
1789690663886832400,20.132832275390626,-0.7162567570090294,-0.7208464228868484,-1.7958970365718006
1789690663896820500,20.142820556640626,-1.700649633038789,-1.3752490735292433,-2.361766832758486
1789690663906807600,20.1528076171875,-2.68320272642076,-2.149154301908612,-2.9992139646857976
1789690663916795400,20.16279541015625,-3.5574782543048262,-2.5896587658047676,-3.581115150479972
1789690663926783500,20.172783447265626,-4.483556450140476,-2.7931331736922265,-3.87096026635319
1789690663936770600,20.1827705078125,-5.143721902093291,-2.731229967486858,-4.224410423913598
1789690663946758400,20.19275830078125,-5.340657263600826,-2.3492425744891166,-4.336496003392338
1789690663956746500,20.20274658203125,-4.555830828234553,-1.2128355748265982,-3.6633515351399777
1789690663966733600,20.212733642578126,-3.0931787810623645,-0.7604770070075988,-3.1393133402496574
1789690663976721400,20.222721435546877,-1.6951736858457327,-1.5844465352386234,-3.2105770799964666
1789690663986708700,20.232708740234376,-0.9829846166670322,-2.5877169840872285,-2.838676488988101
1789690663996696800,20.24269677734375,-0.6947668097347021,-3.285851224428415,-2.719982305024564
1789690664006684400,20.252684326171874,-1.0662433301120995,-3.6224861485272646,-2.566168000102043
1789690664016671700,20.262671630859376,-2.2315777335733173,-3.835056301540136,-2.4641323977336285
1789690664026659600,20.27265966796875,-4.364946437329054,-3.6696027044892308,-2.481356504257023
1789690664036646700,20.282646728515626,-7.13420715252459,-2.814687418374419,-2.6849790884435176
1789690664046634800,20.292634765625,-9.40787572285235,-2.2937509888917207,-3.08923325830698
1789690664056622600,20.30262255859375,-10.261084205049276,-2.725939459863305,-3.523661909420788
1789690664066609700,20.312609619140623,-9.109514707568287,-3.2081875545114276,-3.917956118544936
1789690664076597800,20.32259765625,-5.961740997487306,-3.852175194123387,-3.7651869387611745
1789690664086585600,20.332585693359373,-2.480764091321826,-4.74699988130033,-2.804448932954669
1789690664096572700,20.34257275390625,0.5979769990652799,-5.500108989888429,-2.5164251872897148
1789690664106560800,20.352560791015627,2.597073425975442,-6.151719379463792,-3.324005890777707
1789690664116548600,20.362548583984374,4.556634545832872,-5.386794745397568,-2.186566333197057
1789690664126535700,20.37253564453125,6.161442901098728,-3.8170506892502307,-0.631487712066248
1789690664136523500,20.3825234375,6.61620210031867,-3.2241151914834973,0.001444737181905657
1789690664146510600,20.392510498046875,6.6060092076063155,-2.4013772508740425,0.439519398381561
1789690664156498700,20.402498779296874,6.422676254993677,-1.129113920044899,0.7265875238221138
1789690664166486500,20.412486572265625,5.251581972831487,-0.9910913507550955,1.0964889769025146
1789690664176473600,20.4224736328125,3.8251930791735647,-1.8716542883455751,1.4177688032202422
1789690664186461700,20.432461669921874,1.997270380526781,-2.370825460743904,1.5397721117317675
1789690664196449500,20.442449462890625,0.013906944799423218,-2.3302198941111563,1.686483891172707
1789690664206436600,20.4524365234375,-0.8430510991893708,-2.214952177464962,2.0041990107461807
1789690664216424700,20.4624248046875,0.04088263000845909,-2.2707056288689373,2.5245126321554183
1789690664226411500,20.47241162109375,1.6406395471036432,-2.3893594808220864,3.0828409269213677
1789690664236399600,20.482399658203125,2.9055308878600594,-2.2218594726353884,3.4532834280759093
1789690664246387500,20.492387451171876,3.848163912655413,-1.7249276035964487,3.655916708964109
1789690664256374500,20.50237451171875,4.965124161309004,-0.8133797451555729,3.7772441640406846
1789690664266362600,20.512362548828126,6.0544964380741115,0.21940146033763885,3.8564255450442433
1789690664276350500,20.5223505859375,5.888909570032358,1.0972434485316276,3.3477982697755095
1789690664286337500,20.532337646484375,4.750292200843989,1.7525959472447632,2.741385743059218
1789690664296325600,20.54232568359375,3.243010738350451,2.2452532077044247,2.829150535751879
1789690664306312400,20.5523125,2.5337998081997037,2.3652257410407067,2.955978926332295
1789690664316300500,20.562300537109376,3.134378221935034,2.3453075731277466,2.951689120183885
1789690664326288600,20.57228857421875,3.1678701571702956,2.6983681468486784,3.4458757821679113
1789690664336275500,20.582275390625,2.8881229492023586,2.7524259002506732,4.282927787072956
1789690664346263600,20.592263671875,3.3450048396646976,3.4216005880892273,5.102895970708132
1789690664356250600,20.602250732421876,3.7626086127057667,3.9166491275995967,6.069951196837425
1789690664366238700,20.61223876953125,4.140644345468282,4.10758144930005,7.049336327707767
1789690664376226600,20.6222265625,4.0713188803076745,4.2462709580659865,7.510641587570309
1789690664386213600,20.632213623046876,3.630368426209688,4.2871033191919325,7.404472538658976
1789690664396201700,20.64220166015625,3.0002286946862933,4.1178561750769616,7.1088032466769215
1789690664406189600,20.652189453125,2.4079551679596305,3.850720319139957,6.651410191822052
1789690664416176600,20.6621767578125,1.912225952708721,3.577590191224217,6.16024463122487
1789690664426164700,20.672164794921876,1.1797558736540377,3.0881390333294867,5.510079764282703
1789690664436152600,20.682152587890624,0.15031944854408502,2.574862178689241,4.627269632287323
1789690664446139600,20.6921396484375,-1.1030031811021268,2.087844385421276,3.553427517609298
1789690664456127700,20.702127685546873,-3.055585840249061,1.4693758024692534,2.1654972416833043
1789690664466114600,20.712114501953124,-4.945845460343361,0.8026479232609272,0.6690696200288831
1789690664476102700,20.7221025390625,-5.696477949684858,-0.10036416202485561,-1.2658680768340824
1789690664486090800,20.7320908203125,-5.4967211010158055,-1.0818167468190192,-3.1410376798242328
1789690664496077600,20.74207763671875,-4.64429295554161,-2.141100174790621,-4.389062056931853
1789690664506065700,20.752065673828124,-3.6821699251174924,-3.11442907436192,-5.250931984490156
1789690664516053800,20.7620537109375,-2.9763807861089706,-3.8317566754728554,-6.198681037124991
1789690664526040600,20.77204052734375,-2.6893150718212127,-4.083396856114268,-7.092157816824317
1789690664536028700,20.782028564453125,-2.308749089928716,-3.580056289076805,-7.379134683784842
1789690664546015500,20.792015380859375,-2.1896960095249116,-2.9588404532432553,-7.047995434492826
1789690664556003600,20.802003662109374,-2.672188580453396,-2.2033529250860213,-5.779308793106675
1789690664565991700,20.81199169921875,-2.3233305729888376,-1.920842389884591,-3.9163235489070414
1789690664575978500,20.821978515625,-1.0837152739167213,-2.2237445557296276,-2.5612045324757693
1789690664585966600,20.831966552734375,0.20626140825748443,-2.245391154870391,-1.6352289202317594
1789690664595954700,20.84195458984375,1.0292259972296656,-1.7636264598250389,-0.6744684103325009
1789690664605941500,20.85194140625,1.3333761173091827,-1.0821335576832294,0.2051392723597586
1789690664615929600,20.8619296875,1.28606608460173,-1.2299193960964678,0.7697228281281888
1789690664625916400,20.87191650390625,1.124549973130226,-1.9586358217060564,0.6343968044459819
1789690664635904500,20.881904541015626,1.2055611999094487,-2.135252617806196,0.7225026656612753
1789690664645892600,20.891892578125,1.4046530087985099,-2.629150818237662,1.1864938036069272
1789690664655879400,20.90187939453125,1.4476209206484256,-2.987653875273466,1.9220437284983694
1789690664665867500,20.911867431640626,1.1897275248311459,-3.078908848169446,2.9073125105798243
1789690664675855600,20.921855712890626,1.620701505446434,-3.613624796679616,3.3949195019125935
1789690664685842400,20.931842529296876,1.9809049366593359,-3.218987765467167,4.075073848927021
1789690664695830500,20.94183056640625,1.7434850045502184,-1.2323778951644897,3.896001184107363
1789690664705817600,20.951817626953126,1.7481132488727569,0.9771259537667035,3.4686619067326188
1789690664715805400,20.961805419921873,1.2926070306777953,0.9571551788836717,3.7527842610448596
1789690664725793500,20.97179345703125,0.9541208526890724,0.5238257211834192,4.379210525003075
1789690664735780400,20.9817802734375,1.4262170442223547,0.6882400383144617,4.999114693716168
1789690664745768400,20.9917685546875,2.6828011598825454,0.39622809979617596,5.25144636375308
1789690664755756500,21.001756591796877,3.6712300134301183,-0.12634323741197584,5.463003540331125
1789690664765743600,21.01174365234375,4.397652775144577,-0.22402327491939067,5.208109910851717
1789690664775731500,21.0217314453125,4.628766885107756,0.9349602982103824,4.151853721746802
1789690664785718800,21.03171875,4.435962339794636,1.8763404003351927,3.076043521866202
1789690664795706600,21.04170654296875,3.862771991461515,1.9924691177248954,1.9587566716067493
1789690664805694500,21.051694580078124,3.1621617163956164,1.3649889607995749,1.008856432287395
1789690664815681500,21.061681640625,2.354247250908613,0.9849398423880338,0.7297599433131515
1789690664825669600,21.071669677734373,1.4108622387021779,0.5907119764983654,0.34209304337427016
1789690664835657500,21.081657470703124,1.0325053111612796,0.45912148608267306,-0.3671364453464746
1789690664845644500,21.09164453125,0.361434434312582,0.9080717067629098,-0.9285726429998874
1789690664855632600,21.101632568359374,-0.06952595616877079,0.9862725522965192,-1.1747544121049345
1789690664865619700,21.11161962890625,-0.0466769955009222,0.8347697391867637,-1.5302774304166435
1789690664875607600,21.121607666015624,-0.13620010310299693,0.8362889115780592,-1.7449742201946674
1789690664885595600,21.131595703125,-0.650436523490399,1.1629863790303467,-2.190503088124096
1789690664895582500,21.14158251953125,-0.8946610210478305,1.4038731104671953,-2.0334677753284573
1789690664905570600,21.151570556640625,-1.1672446209967136,1.5534224514216184,-1.1824274309508502
1789690664915558700,21.16155859375,-2.082172769525647,1.1427373717278242,-0.4052477109454572
1789690664925545500,21.17154541015625,-2.5374124457389113,0.7238046881705522,-0.6061291797302663
1789690664935533600,21.181533447265625,-2.3289637565702197,0.7775842091530561,-1.499878492760658
1789690664945520600,21.191520751953124,-2.5250533149033783,0.6414847168803215,-2.49347568885684
1789690664955508500,21.201508544921875,-2.0922906973056494,0.866647809484601,-3.257342922824621
1789690664965496600,21.21149658203125,-1.296913787961006,0.8680050693124532,-3.7773631142452357
1789690664975483600,21.221483642578125,-0.6400146443277597,-0.3037240036219358,-4.358744660079479
1789690664985471500,21.231471435546876,0.21214842046946286,-0.02241349186003208,-3.3205721169367433
1789690664995459600,21.24145947265625,0.42915889401733875,0.3880062148958444,-2.4562679479688403
1789690665005446400,21.2514462890625,0.10933306590020656,0.49607437542676924,-1.8753997584842144
1789690665015434500,21.2614345703125,-0.5217471613436937,0.5291518846422434,-1.5863756036050616
1789690665025421600,21.271421630859376,-1.1316881544470787,0.39918636507987976,-1.5641377605728803
1789690665035409400,21.281409423828126,-1.9751861206211148,0.21292788040935992,-1.9828972795203328
1789690665045397500,21.2913974609375,-2.7724676945433018,-0.2011778213828802,-3.2441309745520353
1789690665055384600,21.301384521484376,-3.2275261689707633,-0.5189256741821766,-4.103181460775435
1789690665065372400,21.311372314453124,-3.2697610903710124,-0.7092027468442916,-4.274149729594588
1789690665075360500,21.321360595703126,-3.1886499103486536,-0.48065410345494747,-4.033225296495854
1789690665085347600,21.33134765625,-3.2231299798384305,-0.38028818786442276,-3.8405180740773677
1789690665095335400,21.34133544921875,-3.435116780005395,0.06258592777252196,-3.1944469061896203
1789690665105322500,21.351322509765627,-3.5828903434589505,0.05991524725854396,-2.7455022384673353
1789690665115310600,21.361310546875,-2.436016310317814,-1.6181991672366856,-3.315600466004014
1789690665125298400,21.37129833984375,-1.693988275453448,-3.0059266140669583,-3.476631862698495
1789690665135285500,21.381285400390624,-1.554200742317736,-3.7124931671887635,-3.8056706325799223
1789690665145273300,21.3912734375,-1.8927131507262587,-3.906750833919644,-3.725190736198425
1789690665155261400,21.401261474609374,-2.2856296417564153,-3.1491660412222147,-3.152525873044133
1789690665165248500,21.41124853515625,-3.204224203838408,-2.9478140323162076,-3.3999224247664213
1789690665175236400,21.421236328125,-3.8102009694859382,-3.3920851552695033,-3.479541028143465
1789690665185223700,21.4312236328125,-4.532640506783127,-3.5003748495966196,-3.0540213674113152
1789690665195211800,21.441211669921874,-5.501590752878784,-2.823803621765971,-2.82799259788841
1789690665205199400,21.451199462890624,-6.325879430061578,-2.2015549357533453,-2.5348499017745256
1789690665215186700,21.461186767578123,-7.145809327512979,-1.8498913693487644,-2.344027616319805
1789690665225174800,21.4711748046875,-8.335729890698193,-1.9399714532464742,-2.8274045688673852
1789690665235162600,21.48116259765625,-7.9715020262748,-2.3972628012925385,-3.861112533816695
1789690665245149700,21.491149658203124,-6.401258203911781,-3.0740210761278868,-4.596041550330818
1789690665255137500,21.501137451171875,-3.4272692813754078,-3.978811277002096,-5.065284325194359
1789690665265124600,21.51112451171875,0.7081809295158833,-4.888528997406363,-4.575109529200196
1789690665275112700,21.52111279296875,4.648841704887151,-5.76967470332086,-4.138800178906322
1789690665285100500,21.5311005859375,7.17788613525331,-5.890652614307403,-2.8563100530952212
1789690665295087600,21.541087646484375,8.128761210954188,-5.494367815887927,-1.467118086670339
1789690665305075700,21.55107568359375,7.977682176214456,-5.043991946318745,0.30782047915533184
1789690665315063600,21.5610634765625,7.436956173634528,-4.652698964837193,1.7454817313253879
1789690665325050600,21.571050537109375,6.43339404836297,-4.481216024494171,2.7983029775455592
1789690665335038700,21.581038818359374,5.000556709218025,-4.19952849611342,3.4497301195085046
1789690665345025500,21.591025634765625,1.4133588778235018,-3.40865284371078,2.800360202336311
1789690665355013600,21.601013671875,-3.733156600511074,-2.4463281532347203,1.1739572703778742
1789690665365001500,21.61100146484375,-4.9681145752966405,-1.744891948738694,1.130451013867557
1789690665374988500,21.620988525390626,-2.6144132678329943,-2.187978830343485,1.6408514362886546
1789690665384976600,21.6309765625,0.48290977342724795,-2.1241367650300265,1.5206719822034238
1789690665394964500,21.640964599609376,3.7115924189567564,-2.1117729580193756,2.129526056852937
1789690665404951600,21.65095166015625,5.715091464740038,-1.8861305574655531,2.4692937260195613
1789690665414939600,21.660939697265626,5.3915258655726905,-1.1527660137891769,2.5846175567671654
1789690665424926500,21.670926513671876,3.376086206626892,-0.0811801536053419,3.277370980852842
1789690665434914600,21.68091455078125,2.987321866840124,0.8769605291843414,4.368962979494035
1789690665444902700,21.690902587890626,3.2371266487479207,1.4045534939467905,5.023116916072368
1789690665454889500,21.700889404296873,3.5343609980896113,1.47167648062706,4.927891870501637
1789690665464877600,21.710877685546876,3.4482886885285375,1.3263450496286153,4.806747955298423
1789690665474865400,21.720865478515623,2.9163576945617793,1.5276988121002912,4.620051371471583
1789690665484852500,21.7308525390625,2.4208713481560347,1.8475825078845023,4.527101285095513
1789690665494840600,21.740840576171873,2.6106784652188417,2.051435685956478,4.668163952733576
1789690665504827400,21.750827392578124,3.2928269086599347,2.098599588191509,5.279502245414257
1789690665514815500,21.7608154296875,3.963676543973386,2.040842395749688,6.458483481433987
1789690665524803600,21.770803466796874,4.385029440414906,2.2149036621481177,7.66866123522818
1789690665534790400,21.780790283203125,4.238974955838918,2.5458833369642493,8.532581081053614
1789690665544778500,21.790778564453124,3.8426220606192945,2.9329227526545525,9.069528734138608
1789690665554766600,21.8007666015625,3.363257120192051,3.197937378653884,9.137603322455286
1789690665564753400,21.81075341796875,2.819092667596042,3.216199011531472,8.792277726900577
1789690665574741500,21.820741455078124,2.364981118629873,3.1723832506805656,8.282645950764417
1789690665584728600,21.830728515625,1.8197227333173154,3.199278271868825,7.5621631004929535
1789690665594716700,21.840716552734374,0.9348376947440207,3.2278929564565417,6.8559110201478
1789690665604704500,21.85070458984375,-0.36318478511124846,3.0154473066061733,5.874658926361799
1789690665614691600,21.860691650390624,-1.8530466185092924,2.279570487847924,4.182684036557376
1789690665624679700,21.8706796875,-3.849748843759298,1.3703507800936698,2.0677555371165273
1789690665634667500,21.88066748046875,-5.555971746885776,0.7823124067187309,-0.16894114690572024
1789690665644654600,21.890654541015625,-6.323395212030411,-0.12240765152871608,-2.2900173553213476
1789690665654642700,21.900642578125,-6.503959868973493,-0.9349836790859699,-4.275375471997261
1789690665664629500,21.91062939453125,-5.901245319992303,-1.6457237185001372,-6.4624751814186565
1789690665674617600,21.92061767578125,-4.477034354895353,-2.359658170041442,-8.173895653188229
1789690665684605700,21.930605712890625,-2.52991829059124,-2.7722704184055327,-9.346108710247277
1789690665694592500,21.940592529296875,-1.14609764194116,-2.949015224799514,-10.296339058303833
1789690665704580600,21.95058056640625,-1.3640389665983617,-2.600959327498078,-10.982420457279682
1789690665714568700,21.960568603515625,-2.0108146294936535,-1.8473814323544502,-10.505761560940742
1789690665724555500,21.970555419921876,-1.927043582612276,-1.666632651016116,-8.121352980524302
1789690665734543600,21.980543701171875,-0.4683387386959046,-2.1565648704260587,-4.990466692358255
1789690665744530400,21.990530517578126,1.0471570099133998,-2.8181390201330183,-2.909601206038892
1789690665754518500,22.0005185546875,1.8383552453339098,-2.8764205287098883,-1.2297039997801185
1789690665764506600,22.010506591796876,1.893182229542732,-2.370249122160673,-0.036301731958985325
1789690665774493400,22.020493408203127,1.1456441990852355,-2.3707816216021773,0.5663663475319742
1789690665784481500,22.0304814453125,-0.8120728272754698,-3.0842139688402415,0.9500795414090156
1789690665794470100,22.04047021484375,-3.426533952838182,-3.215421597418189,1.9064812715768813
1789690665804457200,22.050457275390624,-2.623518949830532,-2.893971382969618,2.605085175256431
1789690665814445300,22.0604453125,-0.04933832366466522,-2.852491371589899,2.583743988803029
1789690665824433200,22.07043310546875,1.7052537658333777,-2.9733541317641734,2.6959704380571843
1789690665834420200,22.080420166015625,2.7795979848146435,-2.467111413544416,2.6669039180487393
1789690665844408300,22.090408203125,3.603183482164144,-1.2060147888958452,2.902991724771261
1789690665854395100,22.10039501953125,4.396943165570497,0.13378127845823765,3.4741771630227563
1789690665864383200,22.11038330078125,4.6811622582554815,0.07753449057936668,3.550425120922923
1789690665874371300,22.120371337890624,4.32746689376235,-0.3552086916655302,3.664747957934439
1789690665884358100,22.130358154296875,3.971035966825485,-0.14762392584979533,4.3672088293030855
1789690665894346200,22.14034619140625,3.869504514586925,-0.04226677784323692,5.028178875637054
1789690665904334000,22.150333984375,3.610977497041225,0.34368075095713135,5.300424037411808
1789690665914321200,22.160321044921876,3.0331156497657297,0.3516448617041111,5.443757572591305
1789690665924309200,22.170309326171875,2.6781132943272588,0.31179741996228694,5.321922167992591
1789690665934296000,22.180296142578126,2.3701684581398963,0.72985156711936,5.241442856132984
1789690665944284200,22.1902841796875,1.8979647876441477,1.1273200223654507,5.056138895708322
1789690665954272300,22.200272216796876,1.5395125840127468,1.0346703802406787,3.6846132266163822
1789690665964259000,22.210259033203126,0.7843266691505909,0.6502858629733324,2.415359598997235
1789690665974247200,22.2202470703125,-0.013494856867194175,0.39805356165766714,1.4706833779364823
1789690665984235300,22.2302353515625,-0.7583966936022043,0.6210445709198713,0.769130269062519
1789690665994222000,22.24022216796875,-1.2417542107969521,1.0470879632651806,0.30175153450518843
1789690666004210200,22.250210205078126,-1.4405588733077048,1.2949731752872466,-0.13442483705878258
1789690666014198000,22.260197998046873,-1.7746148868292568,1.118244150984287,-0.6866387405976653
1789690666024185000,22.27018505859375,-1.9359604640394448,0.772181473326683,-1.2450976760059593
1789690666034173200,22.280173095703127,-1.8508944089114665,0.62505672917068,-1.7708318611592053
1789690666044160000,22.290159912109374,-1.7107159767620264,0.5881318968772887,-2.1220542596675456
1789690666054148000,22.300148193359377,-1.0867664781808852,0.39453298631608485,-2.527602999386191
1789690666064136200,22.31013623046875,-0.5978774842135608,0.3599731295883655,-2.957226003783941
1789690666074123300,22.320123291015626,-0.13715031649991868,0.7432447171777486,-2.838872596082091
1789690666084111000,22.330111083984374,0.10352584092617034,0.9556517885833978,-2.4388144166037438
1789690666094099200,22.34009912109375,0.38601884047091006,1.1117413449615239,-2.370769054381549
1789690666104086300,22.350086181640624,0.6777614605285227,1.2518003885149955,-2.3105247212991116
1789690666114074000,22.36007421875,1.0108009904839097,1.4743857395857571,-2.227262354592234
1789690666124062000,22.37006201171875,1.1139200041748583,1.5634949326246976,-2.142489291061461
1789690666134049300,22.38004931640625,0.7356950324505567,1.431427472347021,-1.9771281945995984
1789690666144037000,22.390037109375,0.3350466319940984,1.273700085633993,-1.6834145667299627
1789690666154024200,22.400024169921874,-0.2779888199932873,0.9226444219946861,-1.2599059535592794
1789690666164012300,22.41001220703125,-1.0240326663702726,0.41372926969528195,-1.266212067966163
1789690666174000400,22.42000048828125,-1.7344291530437765,-0.0023065233767032623,-1.7813523783907292
1789690666183987200,22.4299873046875,-2.527896429374814,-0.26072014367580415,-2.4389190460219976
1789690666193975300,22.439975341796874,-3.334540436534583,-0.42572073626220225,-3.1322336111217735
1789690666203963400,22.44996337890625,-3.9566485450327393,-0.830610281419754,-3.642632279977202
1789690666213950200,22.4599501953125,-4.328829998809099,-1.2063000355780125,-4.2183632527038455
1789690666223938300,22.469938232421875,-4.619994380587339,-1.5111702866256236,-4.784556581756473
1789690666233925000,22.479925048828125,-4.820888708853722,-2.243883672916889,-5.124121714088321
1789690666243913200,22.489913330078124,-4.36743299344778,-2.7858985462635752,-5.579307029765844
1789690666253901300,22.4999013671875,-3.4475925229579207,-2.843600209125876,-5.467455259042978
1789690666263888100,22.50988818359375,-2.34051712398082,-2.6353695466220377,-4.812718846401572
1789690666273876200,22.519876220703125,-1.387137079721689,-2.67438112206161,-4.289324502372741
1789690666283864300,22.5298642578125,-0.8566147835090756,-2.7652865508675575,-3.891834712077677
1789690666293851100,22.53985107421875,-0.9530413138240575,-2.6221470769554376,-3.652311962470412
1789690666303839200,22.549839111328126,-1.5368110699690878,-2.4485616113752124,-3.7806849521443247
1789690666313827300,22.559827392578125,-2.414745412621647,-2.372003856873512,-4.180620966547727
1789690666323814100,22.569814208984376,-3.470791612237692,-2.065482916009426,-4.509970117552578
1789690666333802200,22.57980224609375,-4.56759579256922,-1.5708710143506526,-4.59363098205775
1789690666343789000,22.5897890625,-5.608060246041417,-0.99395492349267,-4.470843099039793
1789690666353777200,22.599777099609376,-6.7441644633650775,-0.7675590742230415,-4.556300783833861
1789690666363765200,22.60976513671875,-7.197492752999067,-1.1827110701978205,-4.979835992750525
1789690666373752000,22.619751953125,-5.715740284037589,-1.9216373396545647,-5.003578102865815
1789690666383740200,22.629740234375,-3.054230333986878,-3.0001036070019005,-4.822853579185903
1789690666393728300,22.639728271484376,0.5783289167979732,-4.027847402849793,-4.572017992925644
1789690666403715000,22.649715087890623,4.3782448948413135,-4.593504433068633,-3.5522441530436275
1789690666413703200,22.659703125,7.137110472750663,-4.308475193044543,-1.950438486725092
1789690666423691300,22.669691162109373,8.337605036920309,-3.4432682300180195,-0.23143764282912013
1789690666433678000,22.679677978515624,8.281530682998895,-2.661160405960679,0.9403723863869905
1789690666443666200,22.689666259765627,7.3694415572881695,-1.920969231134653,1.8773139215424657
1789690666453653000,22.699653076171874,5.608941120529175,-1.6900637954860924,2.884932336467504
1789690666463641000,22.70964111328125,2.043064163452387,-2.333752744412422,3.1455016734957693
1789690666473629200,22.719629150390624,-1.1625089707769454,-2.9356249973505735,2.439400984320044
1789690666483616000,22.729615966796874,-2.9182570984423157,-2.692488441160321,1.5026158087700605
1789690666493604000,22.73960400390625,-2.9726360466226933,-2.5040508588850496,1.057529277780652
1789690666503592200,22.74959228515625,-0.9681446288011968,-2.7709599203288553,1.1396698008507489
1789690666513579000,22.7595791015625,2.1415070020258424,-3.2325580256581303,1.4678449396401643
1789690666523567000,22.769567138671874,5.117664500772952,-3.544242632895708,1.8003493398055432
1789690666533554200,22.77955419921875,5.547821173655986,-3.334026349532604,2.2159248218894003
1789690666543542300,22.789542236328124,4.308700233972072,-2.282988771858811,2.8292279849022623
1789690666553530000,22.799530029296875,3.234043880301714,-0.931788682436943,3.6163466228589414
1789690666563517200,22.80951708984375,2.4328899949908256,0.29625147578418254,4.614262558937073
1789690666573505300,22.81950537109375,2.119152693007141,1.0328472564667464,5.3869911447525025
1789690666583493000,22.8294931640625,2.6888100449085233,1.1904828732430934,5.511385586184263
1789690666593480200,22.839480224609375,2.915008325779438,1.0903244629234075,5.101857859832048
1789690666603468300,22.84946826171875,2.630361363071203,1.3056184879422188,4.756159923833608
1789690666613456100,22.8594560546875,2.3992836395956574,1.669312683880329,4.328327309983968
1789690666623443200,22.869443115234375,2.606129423612356,1.9472242008537053,4.259683397346735
1789690666633431300,22.879431396484375,3.1091546410903335,2.0953332798719404,4.729408695030212
1789690666643419400,22.88941943359375,3.4112221096768973,2.150257294714451,5.975241699573397
1789690666653406200,22.89940625,3.5850142037451267,2.2281658793032166,7.320249364095925
1789690666663394300,22.909394287109375,3.6312776500090953,2.3075082960873843,8.1348589433074
1789690666673381000,22.919381103515626,3.2479964178085323,2.4169904150694608,8.594279704597591
1789690666683369200,22.929369140625,2.886387795972824,2.5401895092368125,8.557515615823865
1789690666693357300,22.939357421875,2.4239924027860162,2.681834945198893,8.146423124372959
1789690666703344000,22.94934423828125,1.79212613973096,2.853867336118221,7.600764926087856
1789690666713332200,22.959332275390626,1.04497228628546,3.032538726660609,7.030584280964732
1789690666723320300,22.9693203125,0.09720715929865836,3.0601322515070435,6.4635945408374065
1789690666733307100,22.97930712890625,-1.0343513774193822,2.7721307176738974,5.570737938863038
1789690666743295200,22.989295166015626,-2.455780748973787,1.9856021545648574,3.88274656573683
1789690666753282000,22.999281982421873,-4.281577249246835,1.1693541604965925,1.8702382840678096
1789690666763270100,23.009270263671876,-5.233834719216823,0.42033612061440945,-0.6328536666572093
1789690666773258200,23.01925830078125,-5.478496877539158,-0.7435159353345632,-3.226583335162699
1789690666783245000,23.0292451171875,-5.433208121526241,-1.6501637467741965,-5.652332518488168
1789690666793232600,23.039232666015625,-4.697623563712835,-2.3928368015438317,-7.572053210866451
1789690666803220500,23.049220458984376,-3.5591572934329507,-2.818076476290822,-9.292048618757724
1789690666813207600,23.05920751953125,-2.5652327650785445,-2.9750229417592284,-10.552671780675649
1789690666823195600,23.069195556640626,-2.1704044490776955,-2.6633617153972384,-11.102151583075523
1789690666833183500,23.07918359375,-2.2501367419622835,-2.017897573491931,-10.887603992509842
1789690666843170600,23.089170654296876,-2.4520728343665597,-1.5306266822457313,-9.548602290403842
1789690666853158400,23.099158447265626,-2.3028514101922513,-1.309898357218504,-6.9549711138367645
1789690666863146500,23.109146484375,-0.7822796734929084,-1.6828613167613744,-4.328656103546917
1789690666873133600,23.119133544921876,0.6623111587446182,-1.8600947834551333,-2.3398145286694167
1789690666883121400,23.129121337890624,1.6311889971911906,-1.5395610993295907,-0.6650231211170554
1789690666893108500,23.1391083984375,2.353639348143339,-1.346782272979617,0.6006760288909078
1789690666903096600,23.1490966796875,2.544138539123535,-1.5179133311450481,1.459160113403201
1789690666913084400,23.15908447265625,1.5906664326667785,-1.8021920450627802,1.9956857416838407
1789690666923071700,23.16907177734375,0.06873981075976043,-2.3271441399276256,2.632060568204522
1789690666933059600,23.1790595703125,-1.423855575788021,-2.695450798097253,3.2257752336502072
1789690666943047400,23.18904736328125,-1.1668810483813286,-2.926295443469286,3.351816857767105
1789690666953034800,23.19903466796875,0.372179188754037,-3.5938843234211206,3.0429718578696248
1789690666963022600,23.209022705078127,1.7349486468732356,-3.589829495072365,2.800045437298715
1789690666973009700,23.219009765625,2.3491993198692795,-2.83025791247189,3.0106434134557842
1789690666982997800,23.228997802734376,2.404251929527521,-2.050128695011139,3.4085692570805546
1789690666992985600,23.238985595703124,2.6261528054654595,-0.9396136769741773,4.081318004013598
1789690667002972700,23.24897265625,2.6922154694378375,-0.6165718094199896,4.946393157353997
1789690667012960800,23.258960693359374,2.7984441395819184,-1.208128420048952,5.728774537655711
1789690667022948600,23.268948486328124,3.0919127066493033,-1.7350573679447172,6.072417879211902
1789690667032935700,23.278935791015623,2.974233252686262,-1.6318004070878027,6.211993523162603
1789690667042923800,23.288923828125,2.901335189735889,-1.1552782888710498,6.213228033393621
1789690667052911600,23.29891162109375,2.7879554787933825,-0.7364093181997537,5.528813690847158
1789690667062898700,23.308898681640624,2.330904953765869,-0.30456629966497417,4.72641798878163
1789690667072886800,23.31888671875,1.7236428244829176,0.34549335333704945,3.714273036342859
1789690667082874600,23.32887451171875,1.0861959848165512,0.6220026022970676,2.4241972777083514
1789690667092861700,23.33886181640625,0.566541996359825,0.7888239805698394,1.464809225206077
1789690667102849500,23.348849609375,0.4313263011842966,1.021635542100668,0.8617883867546916
1789690667112836600,23.358836669921875,0.46146366529464716,1.1787182011693715,0.7017153136983514
1789690667122824700,23.36882470703125,0.8150725205481052,1.5264274769902229,0.4974778124839067
1789690667132812500,23.3788125,1.1774176399648189,1.6975626268088817,-0.018921265830099582
1789690667142799600,23.388799560546875,0.7927233260959387,1.455411574524641,-0.49001025308221574
1789690667152787700,23.39878759765625,0.14682488442659378,1.2652040599673986,-0.956889805945754
1789690667162775600,23.408775634765625,-0.682976418697834,1.1704250045984983,-1.678363713081181
1789690667172762600,23.4187626953125,-1.1540098763704298,1.1352490617990494,-2.6969816609263417
1789690667182750700,23.428750732421875,-1.811827303892374,0.8725964887559413,-3.893382818302512
1789690667192738600,23.438738525390626,-3.5477146929204464,1.22553255931437,-4.607269046787917
1789690667202725600,23.4487255859375,-4.016727458420395,1.761197771373391,-3.8295182488963007
1789690667212713500,23.45871337890625,-2.6181863566309214,1.672669593092799,-2.953773817503452
1789690667222700500,23.468700439453126,-0.9197789495609701,1.5796645616590976,-2.4922698201984166
1789690667232688600,23.478688720703126,0.8971089987218379,1.287640932703018,-2.1784574071519076
1789690667242676500,23.488676513671876,1.6482289793193339,0.8566688517838716,-1.9534692327231167
1789690667252663600,23.49866357421875,1.9193910220324992,0.7916098118960857,-1.7179942972019313
1789690667262651600,23.508651611328126,1.9355337630599736,1.0645680903762578,-1.9274916186407207
1789690667272639500,23.518639404296874,1.423084445285052,1.4937041880398987,-2.1226510565169154
1789690667282626600,23.52862646484375,0.7335913381695747,1.8293588689297438,-2.465161448520422
1789690667292614700,23.53861474609375,-0.15092720517888664,1.8103057934135198,-2.5581287782922386
1789690667302602500,23.5486025390625,-1.264050798279047,1.5922019716709852,-2.230243270099163
1789690667312589600,23.558589599609373,-2.500174894234538,1.2178677237749098,-2.190751802188158
1789690667322577400,23.568577392578124,-3.5880075403422116,0.7086234856516123,-2.638726748095453
1789690667332564500,23.578564453125,-4.188077712294459,0.05329904398918152,-3.1504660179048773
1789690667342552600,23.588552490234374,-4.461240573436021,-0.7918190707325935,-3.356458838354051
1789690667352540400,23.59854052734375,-4.501654709149896,-1.501820274478197,-3.6371348516046997
1789690667362527500,23.608527587890624,-4.216768384727835,-2.088105666705966,-3.8318870238542555
1789690667372515600,23.618515625,-3.653320847252011,-2.7124305744707584,-4.1393759329676625
1789690667382503400,23.62850341796875,-2.872616460251808,-3.0959768873482942,-4.376281193552911
1789690667392490800,23.63849072265625,-2.178223160004616,-3.0751515414625405,-4.520878172796964
1789690667402478600,23.648478515625,-1.7291034279763697,-3.0017051969796418,-4.581889690859615
1789690667412465700,23.658465576171874,-1.3698681111432611,-3.025409313172102,-4.708623096632957
1789690667422453800,23.668453857421873,-1.3209031508356333,-3.183082923871279,-4.929733698976039
1789690667432441600,23.678441650390624,-1.563799030137807,-3.3791865107297894,-5.227746339213848
1789690667442428700,23.6884287109375,-2.0219436340123416,-3.493075924760103,-5.51101792191565
1789690667452416800,23.698416748046874,-2.528385089674592,-3.457309030330181,-5.531005647933482
1789690667462404600,23.708404541015625,-3.1494021880656478,-3.454472345599532,-5.054910815218091
1789690667472391700,23.7183916015625,-3.5413293757975097,-3.699709088939428,-4.506243498244881
1789690667482379800,23.7283798828125,-4.250521016725897,-3.9593507897287603,-4.15788189599514
1789690667492367600,23.73836767578125,-4.6356168971329925,-4.5695273451536895,-4.130927838096023
1789690667502354700,23.748354736328125,-4.1862107493788,-4.943525492963195,-3.750928404045105
1789690667512342800,23.7583427734375,-2.967287379071116,-5.160297773841023,-2.945588172960281
1789690667522329600,23.76832958984375,-0.259239549729228,-5.864861170446872,-2.5270897891670465
1789690667532317700,23.778317626953125,2.4058581956803797,-6.413263114482164,-1.4281836681202054
1789690667542305800,23.788305908203125,3.786756088751554,-6.258069630160928,-0.48387774167656894
1789690667552292600,23.798292724609375,5.523567022365332,-6.110735042646527,-0.13757862491458653
1789690667562280700,23.80828076171875,6.675843206810951,-6.23816432172954,0.10503566096723078
1789690667572268500,23.8182685546875,6.62769029353857,-6.117578040409088,0.8967758212447166
1789690667582255600,23.828255615234376,3.622261107599735,-5.820280854964256,2.485847385935485
1789690667592243700,23.83824365234375,0.04325820003338158,-5.4298839455395935,4.647609532743692
1789690667602231600,23.8482314453125,-3.6181484115839004,-4.619455451405048,5.833771035656333
1789690667612218600,23.858218505859377,-3.7233307875454424,-4.474553059473633,6.281829860454797
1789690667622206700,23.868206787109376,-0.7111234857738018,-4.712697798725962,6.7502411529302595
1789690667632193500,23.878193603515626,2.9720412955999373,-5.231162285137176,6.954274948266148
1789690667642181600,23.888181640625,3.1599265046894547,-5.03741724410355,6.605707009789347
1789690667652169700,23.898169677734376,4.851902271276712,-4.558424351859093,6.311084596511721
1789690667662156500,23.908156494140623,5.418116935378313,-3.9625019472360608,6.031619420355558
1789690667672144600,23.91814453125,4.818397184298933,-2.805792748779058,5.962744621571898
1789690667682132500,23.928132568359374,3.822713829578459,-1.5910416957199573,5.458177727609873
1789690667692119600,23.93811962890625,2.444347939202934,-0.5168295786857605,4.734312249162793
1789690667702107600,23.948107666015623,1.0972060391306877,0.613338818848133,4.056445720824599
1789690667712095500,23.958095458984374,0.4625789330601692,1.5474340246617793,3.678224986883998
1789690667722082600,23.96808251953125,0.43522535444945093,2.248825805494189,4.056077472034096
1789690667732070700,23.978070556640624,1.2986124085724353,2.8984646027356384,4.402683755049109
1789690667742056700,23.988056640625,2.0861633004665374,3.5005256562441587,4.414445504513383
1789690667752044800,23.998044921875,2.5426433321297166,3.509189439693093,4.540014250421524
1789690667762032400,24.008032470703125,3.007178075432777,2.954853429433703,5.032940390950441
1789690667772019700,24.018019775390623,3.3867230437144635,2.5051965217888355,5.482901249977946
1789690667782007800,24.0280078125,2.9635549145445226,2.552154672318697,5.628772194680571
1789690667791995600,24.03799560546875,2.1770953250184655,2.8761498950749633,5.373566430512071
1789690667801983200,24.047983154296876,1.9886406454779206,2.909394577550888,5.515991034153103
1789690667811971000,24.05797119140625,1.8048318920470774,2.5401538534015415,5.194500487694144
1789690667821959000,24.067958984375,1.5668790221050382,1.634890189796686,4.643634783893823
1789690667831946200,24.0779462890625,1.3525323609389364,1.0371978528916834,4.617562185004354
1789690667841934000,24.08793408203125,0.9619174248494208,0.44762335599064823,4.591804058891535
1789690667851921200,24.097921142578127,0.2943433040753007,-0.3492079899460077,4.777354687553644
1789690667861909200,24.1079091796875,-2.179884371215105,-0.6205453892260789,4.96731319578588
1789690667871897000,24.11789697265625,-4.462448195660114,-0.61970426222682,3.9174294643223284
1789690667881884200,24.12788427734375,-5.409545506387949,-1.8316063555955886,2.8996079275518656
1789690667891872300,24.137872314453126,-6.150898126208782,-3.6286499318540093,1.1538643304198979
1789690667901860000,24.147860107421874,-6.180985805958509,-2.6677164034754037,-0.9272855257987975
1789690667911848200,24.15784814453125,-5.332516042721271,-2.8590543833672997,-2.443517771989107
1789690667921836000,24.1678359375,-1.048561104557663,-3.5371173110604284,-2.8027982431381937
1789690667931823000,24.177822998046874,1.2852829714000225,-2.8881974757432936,-1.8184727332562207
1789690667941811200,24.187811279296874,0.24545944617986679,-1.642128324356675,-3.098113899376988
1789690667951799000,24.197799072265624,-0.015550638619530946,-1.0446148511499165,-5.3096472083091735
1789690667961786000,24.2077861328125,-0.258861437131837,-1.6058955659806728,-6.482572213029861
1789690667971774200,24.217774169921874,-1.0171669453192502,-2.8021301346182823,-4.163789658734202
1789690667981762000,24.227761962890625,-1.6885520757488905,-3.4331092395752667,-4.337915514801442
1789690667991749000,24.2377490234375,-2.4023861356556413,-3.971626918455958,-5.229993825879693
1789690668001737200,24.2477373046875,-3.4534345269843936,-4.293853377974033,-6.6943772268891335
1789690668011724000,24.25772412109375,-4.585772377511859,-4.381276809883118,-8.564902218943834
1789690668021712100,24.267712158203125,-5.760732687452435,-4.3684523996233935,-10.015020363235474
1789690668031700200,24.2777001953125,-6.989962932240963,-3.773660460335016,-10.427827257388829
1789690668041687000,24.28768701171875,-7.5537991767734285,-2.241414652454853,-10.137063857626915
1789690668051675100,24.297675048828125,-7.066621809029579,-0.7279325817555189,-10.112392357707023
1789690668061663200,24.307663330078125,-6.375322967666388,0.4758680382221937,-9.270154182335734
1789690668071650000,24.317650146484375,-5.367061286401748,1.4503250650405883,-8.055067613711953
1789690668081638100,24.32763818359375,-4.300810357505083,2.4999896007955074,-7.333494630116224
1789690668091625000,24.337625,-3.2906104016542432,3.215738408282399,-6.8362050336807965
1789690668101613000,24.347613037109376,-2.3830378765851257,3.121208943760395,-6.606476825118064
1789690668111601200,24.35760107421875,-1.525992592704296,2.8556758468449113,-6.188458918318152
1789690668121588000,24.367587890625,-0.6206640471696854,2.7868910644322633,-5.410134119930863
1789690668131576000,24.377576171875,0.011409867286682128,2.562148827588558,-4.666177455091476
1789690668141564200,24.387564208984376,0.40556466794013973,1.9432026902526616,-3.76205302464962
1789690668151551000,24.397551025390626,0.7866974899351596,1.2737608759105206,-2.665703310087323
1789690668161539000,24.4075390625,1.2115759301543234,0.542802516593039,-1.6057862603873014
1789690668171526000,24.41752587890625,1.8087737615406512,-0.154793671348691,-0.45245442940890784
1789690668181514000,24.427513916015624,2.25049373870641,-0.8979322978034615,0.8315981234133243
1789690668191502000,24.437502197265626,5.0185091300159685,-1.2971791608989238,2.978047258016467
1789690668201489000,24.447489013671873,9.085551648178695,0.7037427278727293,5.581787156143784
1789690668211477000,24.45747705078125,5.0605830156356095,-0.7553660937346518,3.3548259764552113
1789690668221465000,24.467465087890623,2.249732398945093,-2.090526756373048,3.1491964363604783
1789690668231452000,24.477451904296874,0.5536018507659435,-1.2097685884714127,3.2370038991510866
1789690668241440000,24.48743994140625,-0.03396072179079056,-1.3560060283988713,3.962134282967448
1789690668251428000,24.497427978515624,4.645765950703621,-2.6897850274205206,5.627231394979358
1789690668261415000,24.507414794921875,23.924345335793493,-4.584823698484898,8.467195877951383
1789690668271403000,24.517403076171874,-4.890040571013093,-7.04647743114531,-0.6929527460500597
1789690668281389800,24.527389892578125,-4.4983875240474935,-6.245636849567294,-1.3358780171275138
1789690668291378000,24.5373779296875,-1.7285522238343953,-5.087092836898565,0.4152396742582321
1789690668301366000,24.547365966796875,-1.8105092070311306,-5.496310766649246,0.11458791768848896
1789690668311353000,24.55735302734375,-2.7651579560518265,-5.751554524740577,0.28979104759842156
1789690668321341000,24.5673408203125,-3.049447775885463,-5.068826527845859,0.870797330379486
1789690668331329000,24.5773291015625,-2.038272837522626,-3.5732585917606947,2.6918703092619776
1789690668341316000,24.587316162109374,-2.29487093283236,-2.2314731041550635,3.938616629257798
1789690668351304000,24.597303955078125,-3.515849482104182,-2.1633760117456315,3.590978957368433
1789690668361291000,24.607291015625,-4.005267322251201,-2.918349745161831,1.8256790113732217
1789690668371279000,24.617279052734375,-3.340086087962985,-2.606398303681612,0.3395502270236611
1789690668381267000,24.627266845703126,-2.9631331820011138,-2.8569886830091473,0.05557254187911748
1789690668391254000,24.63725390625,-2.5638696600317954,-3.011460867318511,0.007799129443615675
1789690668401242000,24.6472421875,-2.476440382903814,-3.2200013264238834,0.24557269729599354
1789690668411230200,24.657230224609375,-2.047680717337131,-3.4298265646427866,0.5910616667188704
1789690668421217000,24.667217041015626,-0.7139198384940624,-3.016542116105556,-0.7120156123079359
1789690668431205000,24.677205078125,1.0390975490331649,-3.378846026729047,-1.0002291083913295
1789690668441192200,24.687192138671875,1.3239391575306654,-4.015467229226231,-0.2951475331302732
1789690668451180000,24.697179931640626,0.42251930987238884,-4.324952865114808,0.5371297316536306
1789690668461168000,24.707168212890625,-1.7916981235772371,-4.295832861353457,1.9919524003744125
1789690668471155200,24.7171552734375,-2.500534959718585,-3.1569547954022883,2.4781086083769797
1789690668481143000,24.72714306640625,-2.254693236222863,-2.7499466506555676,2.185630513651669
1789690668491131100,24.737131103515626,-0.3690776425421238,-2.4092776487350465,1.850621144928038
1789690668501118000,24.747117919921877,0.5955851354926824,-2.045040431961417,1.0599398460537195
1789690668511106000,24.75710595703125,0.8738725000411272,-2.1033768855959174,-0.4118136453323066
1789690668521094100,24.76709423828125,1.0715583876550197,-2.1129539844974876,-1.7794217025890946
1789690668531081000,24.7770810546875,1.015741807886958,-1.8119105982616543,-2.6378333063870665
1789690668541069000,24.787069091796877,0.83651102989614,-1.5475436225160955,-2.8268761610791087
1789690668551056100,24.79705615234375,0.515388732227683,-1.3076926638677715,-2.718446181498468
1789690668561044000,24.8070439453125,0.3106546796679497,-1.260059682816267,-2.643103063483536
1789690668571032000,24.817031982421874,0.30153496914505956,-1.3007362688586115,-2.6004516702368856
1789690668581019100,24.82701904296875,0.14154197558760642,-1.171136075477302,-2.457541036644578
1789690668591007000,24.837007080078124,0.3428074752539396,-1.199161562000215,-1.9090050909660756
1789690668600995000,24.8469951171875,0.5339934794545174,-1.3172215397134424,-1.5074571113213895
1789690668610982000,24.85698193359375,0.8060849119722843,-1.288484397789836,-1.6209934741303325
1789690668620970000,24.866969970703124,0.8825590798437595,-1.200793254855275,-1.613554848562181
1789690668630957000,24.87695703125,0.8622241478234529,-1.116054824246466,-1.602074400257319
1789690668640945000,24.88694482421875,0.7459288416951895,-0.8729510012820363,-1.6494452232412993
1789690668650933000,24.89693310546875,0.5105027137517929,-0.6107365273952484,-1.647582644239813
1789690668660920000,24.906920166015624,0.08489479021430014,-0.41700259227752684,-1.5957099797919392
1789690668670908000,24.916907958984375,-0.21258827319145202,-0.30930326505899425,-1.4118646937429904
1789690668680896000,24.92689599609375,-0.36537878802418705,-0.34532384198904037,-1.0304426064778118
1789690668690883000,24.936883056640625,-0.4076005576819181,-0.6309960560917854,-0.5416946284163743
1789690668700871000,24.946870849609375,-0.4553098188400268,-1.0050465186104178,-0.33144396785963326
1789690668710859000,24.95685888671875,-0.3167529965430498,-1.2117124160155652,-0.4838537762790918
1789690668720845800,24.966845703125,-0.27312778982818126,-1.2561650134652853,-1.0283797556638716
1789690668730834000,24.976833984375,-0.26676760714650155,-1.1021388193577528,-1.8906551952831445
1789690668740821200,24.9868212890625,-0.10263327600061893,-0.8111249519661068,-2.5678382714018224
1789690668750808800,24.996808837890626,-0.03438099302947521,-0.5702464038357138,-2.693923150138557
1789690668760797000,25.006796875,-0.2454927639275789,-0.5056573195472359,-2.1577102410688993
1789690668770784300,25.0167841796875,-0.6881868468225002,-0.6035273266687989,-1.5485998535707592
1789690668780772000,25.026772216796875,-1.0444897634655237,-0.6687742903441191,-1.2186892692908644
1789690668790760000,25.036760009765626,-1.316516898575425,-0.6921420141890645,-0.902033084185794
1789690668800746800,25.046746826171876,-1.3275772217720747,-0.6488683973908423,-0.49377906756382434
1789690668810734600,25.056734619140624,-1.168474455052614,-0.45889586063325405,-0.19497156888758763
1789690668820721700,25.0667216796875,-1.0702888061106204,-0.3527636366009712,-0.0846281934336759
1789690668830709800,25.076709716796874,-1.031704516172409,-0.43324207167774437,-0.10363532918263225
1789690668840697600,25.086697509765624,-1.0800742870658635,-0.4476283244267106,-0.1814084142908454
1789690668850684700,25.0966845703125,-1.097615788975358,-0.30763153245449065,-0.16443382554911076
1789690668860672500,25.106672607421874,-1.2032535074889659,-0.12420914799273014,-0.21451562452483922
1789690668870660600,25.11666064453125,-1.4720628495961428,-0.007029167984426021,-0.3261268279574811
1789690668880647700,25.126647705078124,-1.7639292421638963,0.08581833480000495,-0.3662638272304088
1789690668890635500,25.136635498046875,-1.9528449633449314,0.2587245859444141,-0.3435169752301648
1789690668900623600,25.14662353515625,-2.0695348217487335,0.33326544766575095,-0.23830378400525076
1789690668910610700,25.156610595703125,-2.0292285303235054,0.303449570594728,0.005358275630138814
1789690668920598500,25.1665986328125,-1.995268977576494,0.2878323147460818,0.21368947589900344
1789690668930585600,25.176585693359375,-1.883119100689888,0.2101923179656267,0.3424367422454059
1789690668940573700,25.18657373046875,-1.6025135223269462,0.11330576892346143,0.49916635009273885
1789690668950561500,25.1965615234375,-1.377060506865382,0.03520546115487814,0.47713016711249945
1789690668960548600,25.206548583984375,-1.0927923143416642,0.02493570381402969,0.08487606724752113
1789690668970536700,25.21653662109375,-0.9035866703033447,0.19021745142936705,-0.48156508082002397
1789690668980524500,25.226524658203125,-0.8326596151649951,0.3567474455401301,-0.834786471125856
1789690668990511600,25.23651171875,-0.8436123863339423,0.5256432919993996,-0.8202600792538374
1789690669000499500,25.24649951171875,-0.9876800810068845,0.6909191943958402,-0.5191227311242371
1789690669010486500,25.256486572265626,-1.1198936717569827,0.8089847250670195,-0.21511238484159112
1789690669020474600,25.266474609375,-1.0583429322510958,0.8966834667861461,0.04652403342891484
1789690669030462500,25.27646240234375,-0.7464666018337011,0.9471005255982279,0.29704532957561314
1789690669040449500,25.286449462890626,-0.2981266220062971,0.8739972954645753,0.4450074744038284
1789690669050437600,25.296437744140626,-0.1207639759749174,0.6783905522122978,0.47253027210161086
1789690669060425500,25.306425537109376,0.0799082339733839,0.5138794967085123,0.561008254564926
1789690669070412500,25.31641259765625,0.26013562178611754,0.5903530800580978,0.6635507835421711
1789690669080400600,25.326400634765626,0.6860901668041944,0.9447630225613712,0.4388065374044701
1789690669090388500,25.336388427734374,1.0131167200803757,1.1480308019608259,-0.0641348011823371
1789690669100375600,25.34637548828125,1.0927888072103262,1.1322151009306312,-0.4459530481582507
1789690669110363400,25.35636328125,1.2710077778100968,1.0464917509377003,-0.4788674757665023
1789690669120350700,25.366350830078126,1.422712250971794,0.8464186759263277,-0.1685919316092506
1789690669130338600,25.376338623046873,1.4677350495249033,0.5770139982745051,0.2234315561039373
1789690669140326400,25.386326416015624,1.221442659652233,0.4372200353980064,0.48323074900992213
1789690669150313700,25.396313720703127,0.9434873035371303,0.4609042778462171,0.6149927966002374
1789690669160301600,25.406301513671874,0.7384504686385392,0.6174345637291669,0.594113455504924
1789690669170289400,25.416289306640625,0.6532452973008156,0.8419336394667625,0.48177561829816545
1789690669180276700,25.42627685546875,0.8012064922809601,0.9654436992794275,0.4856564783195033
1789690669190264600,25.4362646484375,1.1401479397565126,0.8794999845340847,0.6611972061533481
1789690669200252400,25.44625244140625,1.3299492116004228,0.6376654508531093,0.8252399865582585
1789690669210239700,25.45623974609375,1.3664075954258441,0.32928777620643374,0.9263071822859347
1789690669220227600,25.4662275390625,1.3993652776539325,0.06330664326250553,0.951177273517847
1789690669230214700,25.476214599609374,1.326263216564059,-0.07880933282077313,0.8787482893839478
1789690669240202800,25.48620263671875,1.2393518258303402,-0.15448504379093647,0.8715100086934864
1789690669250190600,25.496190673828124,0.9913590617805719,-0.2679278830975294,1.0601426751494407
1789690669260177700,25.506177734375,0.6586632306963205,-0.31248101831227537,1.1345132218051701
1789690669270165800,25.516165771484374,0.506524457770586,-0.2611599963977933,0.9644257544085383
1789690669280153600,25.526153564453125,0.5139245048940182,-0.27424305759370327,0.7983174197759478
1789690669290140700,25.536140625,0.36828035468459125,-0.4049211093395948,0.8113886444035917
1789690669300128800,25.546128662109375,0.10425240163505077,-0.6382195776045322,0.9357349358446896
1789690669310115600,25.556115478515625,-0.09861527253091334,-0.8897390544757247,0.9150945911370217
1789690669320103700,25.566103759765625,-0.2667459798365831,-1.0115645222023129,0.7329486563518643
1789690669330091500,25.576091552734376,-0.4652496135741472,-1.0071382301926612,0.47366829968821256
1789690669340078600,25.58607861328125,-0.5133329687416553,-1.0539084569349884,0.37107988574262707
1789690669350066700,25.596066650390625,-0.6196253517717123,-1.106726147148013,0.2831227853482589
1789690669360054500,25.606054443359376,-0.687243428492546,-1.1069804141700268,-0.021002200290001927
1789690669370041600,25.61604150390625,-0.7286638186395168,-1.0580524248719214,-0.08950352611877023
1789690669380029700,25.62602978515625,-0.9190642254203557,-0.8943573619261384,0.07357548728790134
1789690669390016500,25.6360166015625,-1.0859610070168972,-0.6658548957660794,0.15561390169039369
1789690669400004600,25.646004638671876,-1.3114613687515257,-0.5168108739852905,0.21161113525498657
1789690669409992700,25.65599267578125,-1.5637006843298673,-0.45720162393599745,0.2421016236519441
1789690669419979500,25.6659794921875,-1.654103424310684,-0.39444326220601794,0.18696020319908857
1789690669429967600,25.675967529296877,-1.673164098611474,-0.35798955455571413,0.13150801803031936
1789690669439955500,25.68595556640625,-1.7246224831700323,-0.3495049270659685,0.035591921455506235
1789690669449942500,25.695942626953126,-1.7310037086397407,-0.23840894314646718,-0.14384970454070717
1789690669459930600,25.7059306640625,-1.768702447915077,-0.09690905313491821,-0.2567503267293796
1789690669469917400,25.71591748046875,-1.7295155159085989,0.06291033742129802,-0.28866582469446583
1789690669479905500,25.725905517578123,-1.5800135212272404,0.165627492313087,-0.19687793223187328
1789690669489893600,25.7358935546875,-1.4984078356862067,0.06783347303718328,0.0162416165583767
1789690669499880400,25.74588037109375,-1.5706436353355646,-0.038766660767793656,0.12998798712249846
1789690669509868500,25.75586865234375,-1.5291513489961623,-0.015525778172910213,0.13081238218266517
1789690669519856600,25.765856689453123,-1.532880014130473,0.026115853509306907,0.02344990396937355
1789690669529843500,25.775843505859374,-0.5886895307600498,0.23333821575343608,0.0821120093616657
1789690669539831600,25.78583154296875,-0.06795943750441073,0.6631228404536843,-0.06311011604340747
1789690669549819600,25.795819580078124,0.1808785451978445,0.3493868536442518,-0.533372972935997
1789690669559806500,25.805806396484375,0.09827391174733638,0.06816548147052526,-0.8668556800816207
1789690669569794600,25.815794677734374,-0.15945172628760337,0.05745148749351501,-0.938962373458594
1789690669579781600,25.82578173828125,-0.3560030569136143,0.2304354800492525,-0.6972351726096123
1789690669589769700,25.835769775390624,-0.6758890907853842,0.4581222459122538,-0.3210436794742942
